1.110000000000000000e+04 3.062587799999999874e-02
1.110029999999999927e+04 3.275328200000000162e-02
1.110060000000000036e+04 3.519270800000000310e-02
1.110089999999999964e+04 3.856852699999999828e-02
1.110120000000000073e+04 3.788774500000000045e-02
1.110150000000000000e+04 4.032717000000000246e-02
1.110179999999999927e+04 4.463872099999999926e-02
1.110210000000000036e+04 4.739016699999999693e-02
1.110239999999999964e+04 4.967391300000000010e-02
1.110260000000000036e+04 5.301642100000000107e-02
1.110300000000000000e+04 5.580084700000000064e-02
1.110329999999999927e+04 5.870863500000000207e-02
1.110360000000000036e+04 6.364389600000000535e-02
1.110389999999999964e+04 6.545961100000000088e-02
1.110420000000000073e+04 7.398344099999999701e-02
1.110450000000000000e+04 7.564281500000000213e-02
1.110479999999999927e+04 8.432265499999999636e-02
1.110510000000000036e+04 8.863420599999999316e-02
1.110539999999999964e+04 1.026187300000000052e-01
1.110570000000000073e+04 1.119226100000000057e-01
1.110589999999999964e+04 1.157331500000000069e-01
1.110629999999999927e+04 1.306863900000000134e-01
1.110660000000000036e+04 1.477911199999999980e-01
1.110689999999999964e+04 1.606829100000000121e-01
1.110720000000000073e+04 1.796597699999999964e-01
1.110750000000000000e+04 1.995723500000000095e-01
1.110779999999999927e+04 2.243212599999999945e-01
1.110810000000000036e+04 2.501625800000000233e-01
1.110839999999999964e+04 2.872359800000000019e-01
1.110870000000000073e+04 3.204097799999999774e-01
1.110900000000000000e+04 3.646599899999999894e-01
1.110929999999999927e+04 4.218590600000000079e-01
1.110960000000000036e+04 4.740661199999999798e-01
1.110989999999999964e+04 5.407814899999999758e-01
1.111020000000000073e+04 6.084335899999999686e-01
1.111050000000000000e+04 6.974587799999999449e-01
1.111079999999999927e+04 7.855478999999999656e-01
1.111110000000000036e+04 8.781613299999999622e-01
1.111139999999999964e+04 9.781075700000000372e-01
1.111170000000000073e+04 1.116276000000000046e+00
1.111200000000000000e+04 1.227298699999999965e+00
1.111229999999999927e+04 1.345341799999999921e+00
1.111260000000000036e+04 1.454336300000000026e+00
1.111289999999999964e+04 1.568947499999999939e+00
1.111320000000000073e+04 1.666396900000000070e+00
1.111350000000000000e+04 1.734048999999999952e+00
1.111379999999999927e+04 1.782667900000000083e+00
1.111410000000000036e+04 1.805232299999999901e+00
1.111439999999999964e+04 1.798155399999999959e+00
1.111470000000000073e+04 1.770796500000000107e+00
1.111500000000000000e+04 1.719100700000000037e+00
1.111529999999999927e+04 1.663348599999999955e+00
1.111560000000000036e+04 1.602135400000000098e+00
1.111589999999999964e+04 1.519237500000000018e+00
1.111620000000000073e+04 1.450536199999999942e+00
1.111650000000000000e+04 1.357653299999999952e+00
1.111679999999999927e+04 1.322182200000000085e+00
1.111710000000000036e+04 1.243808199999999919e+00
1.111739999999999964e+04 1.198352800000000107e+00
1.111770000000000073e+04 1.163817799999999902e+00
1.111800000000000000e+04 1.128814699999999949e+00
1.111829999999999927e+04 1.113312899999999939e+00
1.111860000000000036e+04 1.090322999999999931e+00
1.111889999999999964e+04 1.076381000000000032e+00
1.111920000000000073e+04 1.066651999999999934e+00
1.111950000000000000e+04 1.059886799999999907e+00
1.111979999999999927e+04 1.054837699999999989e+00
1.112010000000000036e+04 1.052285099999999973e+00
1.112039999999999964e+04 1.049107800000000035e+00
1.112070000000000073e+04 1.048115399999999919e+00
1.112100000000000000e+04 1.046342499999999953e+00
1.112129999999999927e+04 1.046909799999999890e+00
1.112160000000000036e+04 1.044045200000000007e+00
1.112189999999999964e+04 1.042428399999999922e+00
1.112220000000000073e+04 1.049392099999999939e+00
1.112250000000000000e+04 1.051987500000000075e+00
1.112279999999999927e+04 1.056923099999999893e+00
1.112310000000000036e+04 1.062482799999999949e+00
1.112339999999999964e+04 1.071318999999999910e+00
1.112370000000000073e+04 1.079686799999999947e+00
1.112400000000000000e+04 1.085402399999999989e+00
1.112429999999999927e+04 1.095954700000000059e+00
1.112450000000000000e+04 1.102885099999999952e+00
1.112489999999999964e+04 1.109570100000000004e+00
1.112520000000000073e+04 1.113101300000000071e+00
1.112550000000000000e+04 1.118505300000000036e+00
1.112579999999999927e+04 1.120789000000000035e+00
1.112610000000000036e+04 1.119639899999999910e+00
1.112639999999999964e+04 1.119427399999999961e+00
1.112670000000000073e+04 1.116406500000000079e+00
1.112700000000000000e+04 1.112761499999999959e+00
1.112729999999999927e+04 1.102564099999999936e+00
1.112760000000000036e+04 1.094550799999999935e+00
1.112789999999999964e+04 1.088254000000000055e+00
1.112820000000000073e+04 1.081176799999999938e+00
1.112850000000000000e+04 1.070511400000000002e+00
1.112879999999999927e+04 1.062966099999999914e+00
1.112910000000000036e+04 1.055421200000000059e+00
1.112939999999999964e+04 1.051463899999999896e+00
1.112970000000000073e+04 1.043294900000000025e+00
1.113000000000000000e+04 1.037309800000000060e+00
1.113029999999999927e+04 1.032416699999999965e+00
1.113060000000000036e+04 1.029552100000000081e+00
1.113089999999999964e+04 1.025594799999999918e+00
1.113120000000000073e+04 1.020858100000000102e+00
1.113150000000000000e+04 1.020489299999999933e+00
1.113179999999999927e+04 1.016688299999999989e+00
1.113210000000000036e+04 1.016475900000000099e+00
1.113229999999999927e+04 1.015293800000000024e+00
1.113270000000000073e+04 1.014646299999999890e+00
1.113300000000000000e+04 1.013497499999999940e+00
1.113329999999999927e+04 1.011100600000000016e+00
1.113360000000000036e+04 1.011355900000000085e+00
1.113389999999999964e+04 1.012391599999999947e+00
1.113420000000000073e+04 1.014362999999999904e+00
1.113450000000000000e+04 1.012434099999999892e+00
1.113479999999999927e+04 1.017525699999999977e+00
1.113510000000000036e+04 1.014972800000000008e+00
1.113539999999999964e+04 1.016944499999999918e+00
1.113570000000000073e+04 1.019227600000000011e+00
1.113600000000000000e+04 1.017923099999999970e+00
1.113629999999999927e+04 1.019894800000000101e+00
1.113660000000000036e+04 1.016873600000000044e+00
1.113689999999999964e+04 1.020561400000000063e+00
1.113720000000000073e+04 1.020192299999999941e+00
1.113750000000000000e+04 1.019199799999999989e+00
1.113770000000000073e+04 1.021762300000000012e+00
1.113810000000000036e+04 1.019866399999999951e+00
1.113839999999999964e+04 1.022462200000000099e+00
1.113870000000000073e+04 1.018661199999999933e+00
1.113900000000000000e+04 1.018292399999999986e+00
1.113920000000000073e+04 1.016798300000000044e+00
1.113960000000000036e+04 1.016151100000000085e+00
1.113989999999999964e+04 1.014065900000000076e+00
1.114020000000000073e+04 1.011825399999999986e+00
1.114050000000000000e+04 1.009272500000000017e+00
1.114070000000000073e+04 1.009494399999999903e+00
1.114110000000000036e+04 1.005259099999999961e+00
1.114139999999999964e+04 1.000365699999999913e+00
1.114170000000000073e+04 9.973450600000000055e-01
1.114200000000000000e+04 9.943241200000000335e-01
1.114220000000000073e+04 9.903341399999999739e-01
1.114260000000000036e+04 9.868784800000000024e-01
1.114289999999999964e+04 9.821410999999999891e-01
1.114320000000000073e+04 9.808366099999999976e-01
1.114350000000000000e+04 9.746954599999999580e-01
1.114379999999999927e+04 9.676182500000000131e-01
1.114410000000000036e+04 9.664694400000000130e-01
1.114439999999999964e+04 9.592365499999999656e-01
1.114470000000000073e+04 9.557475899999999802e-01
1.114500000000000000e+04 9.455501699999999676e-01
1.114520000000000073e+04 9.437443399999999594e-01
1.114560000000000036e+04 9.393522800000000395e-01
1.114589999999999964e+04 9.341475299999999482e-01
1.114620000000000073e+04 9.292541399999999507e-01
1.114650000000000000e+04 9.223332699999999829e-01
1.114670000000000073e+04 9.183432900000000343e-01
1.114710000000000036e+04 9.130151800000000373e-01
1.114739999999999964e+04 9.060943099999999584e-01
1.114770000000000073e+04 9.015129400000000404e-01
1.114800000000000000e+04 8.967762200000000128e-01
1.114820000000000073e+04 8.915381599999999684e-01
1.114860000000000036e+04 8.855859999999999843e-01
1.114889999999999964e+04 8.806932699999999725e-01
1.114920000000000073e+04 8.793884499999999882e-01
1.114950000000000000e+04 8.726232600000000117e-01
1.114979999999999927e+04 8.685102500000000392e-01
1.115010000000000036e+04 8.617450599999999516e-01
1.115039999999999964e+04 8.588804700000000070e-01
1.115070000000000073e+04 8.530513400000000468e-01
1.115100000000000000e+04 8.512784899999999988e-01
1.115129999999999927e+04 8.456053700000000228e-01
1.115160000000000036e+04 8.447689099999999840e-01
1.115189999999999964e+04 8.397195100000000023e-01
1.115220000000000073e+04 8.359188499999999911e-01
1.115250000000000000e+04 8.341459900000000038e-01
1.115279999999999927e+04 8.331531899999999879e-01
1.115310000000000036e+04 8.268563700000000072e-01
1.115339999999999964e+04 8.264872699999999961e-01
1.115370000000000073e+04 8.237786900000000356e-01
1.115400000000000000e+04 8.227858900000000197e-01
1.115429999999999927e+04 8.199209600000000320e-01
1.115460000000000036e+04 8.189284900000000089e-01
1.115479999999999927e+04 8.171223199999999576e-01
1.115520000000000073e+04 8.178789400000000542e-01
1.115550000000000000e+04 8.178222000000000547e-01
1.115579999999999927e+04 8.182334900000000077e-01
1.115610000000000036e+04 8.155245800000000544e-01
1.115639999999999964e+04 8.151561499999999683e-01
1.115670000000000073e+04 8.166595100000000329e-01
1.115700000000000000e+04 8.176948400000000339e-01
1.115729999999999927e+04 8.177944400000000114e-01
1.115760000000000036e+04 8.186734300000000353e-01
1.115789999999999964e+04 8.218932399999999694e-01
1.115820000000000073e+04 8.223042000000000407e-01
1.115850000000000000e+04 8.264600699999999911e-01
1.115879999999999927e+04 8.257796200000000475e-01
1.115910000000000036e+04 8.272826500000000083e-01
1.115939999999999964e+04 8.290983699999999734e-01
1.115970000000000073e+04 8.313817799999999592e-01
1.116000000000000000e+04 8.338212099999999793e-01
1.116029999999999927e+04 8.376647299999999685e-01
1.116060000000000036e+04 8.399481399999999542e-01
1.116089999999999964e+04 8.422318899999999831e-01
1.116120000000000073e+04 8.457633900000000038e-01
1.116150000000000000e+04 8.474227600000000526e-01
1.116179999999999927e+04 8.512662800000000418e-01
1.116210000000000036e+04 8.546420999999999601e-01
1.116239999999999964e+04 8.567691699999999688e-01
1.116270000000000073e+04 8.584288799999999497e-01
1.116300000000000000e+04 8.628964399999999868e-01
1.116329999999999927e+04 8.662719300000000233e-01
1.116360000000000036e+04 8.694917300000000182e-01
1.116389999999999964e+04 8.741149700000000466e-01
1.116420000000000073e+04 8.778028100000000444e-01
1.116450000000000000e+04 8.807102700000000173e-01
1.116479999999999927e+04 8.843977800000000222e-01
1.116510000000000036e+04 8.890216800000000363e-01
1.116539999999999964e+04 8.939569400000000332e-01
1.116560000000000036e+04 8.949596300000000060e-01
1.116600000000000000e+04 9.002402200000000354e-01
1.116629999999999927e+04 9.053318200000000093e-01
1.116660000000000036e+04 9.083952899999999664e-01
1.116689999999999964e+04 9.155153499999999500e-01
1.116700000000000000e+04 9.130521700000000518e-01
1.116839999999999964e+04 9.325491399999999986e-01
1.117000000000000000e+04 9.493038700000000496e-01
1.117150000000000000e+04 9.650895699999999522e-01
1.117300000000000000e+04 9.829033999999999827e-01
1.117450000000000000e+04 9.985330900000000121e-01
1.117600000000000000e+04 1.013538700000000015e+00
1.117750000000000000e+04 1.026672299999999982e+00
1.117900000000000000e+04 1.036997600000000075e+00
1.118050000000000000e+04 1.045606800000000058e+00
1.118200000000000000e+04 1.051407800000000003e+00
1.118350000000000000e+04 1.056740800000000036e+00
1.118500000000000000e+04 1.057861600000000069e+00
1.118650000000000000e+04 1.061478499999999991e+00
1.118800000000000000e+04 1.059166999999999970e+00
1.118950000000000000e+04 1.056699400000000066e+00
1.119100000000000000e+04 1.052047799999999977e+00
1.119239999999999964e+04 1.048611200000000077e+00
1.119400000000000000e+04 1.041028300000000018e+00
1.119550000000000000e+04 1.032944400000000096e+00
1.119700000000000000e+04 1.020648299999999953e+00
1.119850000000000000e+04 1.010068200000000083e+00
1.120000000000000000e+04 9.990201300000000062e-01

1.110000000000000000e+04 5.250079952880866430e-02
1.110029999999999927e+04 5.418004488660459889e-02
1.110060000000000036e+04 5.593906254520511490e-02
1.110089999999999964e+04 5.779255594060062062e-02
1.110120000000000073e+04 5.976221020753155061e-02
1.110150000000000000e+04 6.187747969305323198e-02
1.110179999999999927e+04 6.413513922261213085e-02
1.110210000000000036e+04 6.654947576458244973e-02
1.110239999999999964e+04 6.913671972818453970e-02
1.110260000000000036e+04 7.096664527239369968e-02
1.110300000000000000e+04 7.490667916659653203e-02
1.110329999999999927e+04 7.813501434334893525e-02
1.110360000000000036e+04 8.162862478372820418e-02
1.110389999999999964e+04 8.542034303112416849e-02
1.110420000000000073e+04 8.954856719805509568e-02
1.110450000000000000e+04 9.405848205178181376e-02
1.110479999999999927e+04 9.900361338596108673e-02
1.110510000000000036e+04 1.044478254833601238e-01
1.110539999999999964e+04 1.104679141341850801e-01
1.110570000000000073e+04 1.171570093658767936e-01
1.110589999999999964e+04 1.220433353458947601e-01
1.110629999999999927e+04 1.330250684937312744e-01
1.110660000000000036e+04 1.425210307535371979e-01
1.110689999999999964e+04 1.533396779044595704e-01
1.110720000000000073e+04 1.657663028006803874e-01
1.110750000000000000e+04 1.801715320568464951e-01
1.110779999999999927e+04 1.970441577127205468e-01
1.110810000000000036e+04 2.170392426168115119e-01
1.110839999999999964e+04 2.410495311998292478e-01
1.110870000000000073e+04 2.703124325352566082e-01
1.110900000000000000e+04 3.065704396933409126e-01
1.110929999999999927e+04 3.523077162626657155e-01
1.110960000000000036e+04 4.110801079784865419e-01
1.110989999999999964e+04 4.879087699287086299e-01
1.111020000000000073e+04 5.895513097663759305e-01
1.111050000000000000e+04 7.242449240391319876e-01
1.111079999999999927e+04 9.022609829197610898e-01
1.111110000000000036e+04 1.049531810975081969e+00
1.111139999999999964e+04 1.085830286928733068e+00
1.111170000000000073e+04 1.124646498728432142e+00
1.111200000000000000e+04 1.164477935624047555e+00
1.111229999999999927e+04 1.207065666750698263e+00
1.111260000000000036e+04 1.256469974014086999e+00
1.111289999999999964e+04 1.320016075271476463e+00
1.111320000000000073e+04 1.434855162587275412e+00
1.111350000000000000e+04 1.573241825719117637e+00
1.111379999999999927e+04 1.720238586510944634e+00
1.111410000000000036e+04 1.872634752525584201e+00
1.111439999999999964e+04 2.024674862781306039e+00
1.111470000000000073e+04 2.168863014105566478e+00
1.111500000000000000e+04 2.296779409919128323e+00
1.111529999999999927e+04 2.400212265040025716e+00
1.111560000000000036e+04 2.472851510965541344e+00
1.111589999999999964e+04 2.511299049628632485e+00
1.111620000000000073e+04 2.515706904073574002e+00
1.111650000000000000e+04 2.489422401753130121e+00
1.111679999999999927e+04 2.438007771006190261e+00
1.111710000000000036e+04 2.367959464548341053e+00
1.111739999999999964e+04 2.285728437307938510e+00
1.111770000000000073e+04 2.196913933413016995e+00
1.111800000000000000e+04 2.106000489345531523e+00
1.111829999999999927e+04 2.016240630029366265e+00
1.111860000000000036e+04 1.929891192238347930e+00
1.111889999999999964e+04 1.848309501532397148e+00
1.111920000000000073e+04 1.772249560529670864e+00
1.111950000000000000e+04 1.702048777936226109e+00
1.111979999999999927e+04 1.637650979299252185e+00
1.112010000000000036e+04 1.578907944021054721e+00
1.112039999999999964e+04 1.525491775227505675e+00
1.112070000000000073e+04 1.477016829181861501e+00
1.112100000000000000e+04 1.433498520392107567e+00
1.112129999999999927e+04 1.395642117214141109e+00
1.112160000000000036e+04 1.358043347748158380e+00
1.112189999999999964e+04 1.327501202962221960e+00
1.112220000000000073e+04 1.296959058176100354e+00
1.112250000000000000e+04 1.271947439577346683e+00
1.112279999999999927e+04 1.247672381501897743e+00
1.112310000000000036e+04 1.226893411044516213e+00
1.112339999999999964e+04 1.207866000131049278e+00
1.112370000000000073e+04 1.190532258174549218e+00
1.112400000000000000e+04 1.175887269428719906e+00
1.112429999999999927e+04 1.161397977481234634e+00
1.112450000000000000e+04 1.154036400195659340e+00
1.112489999999999964e+04 1.139313245624575810e+00
1.112520000000000073e+04 1.130158051618289416e+00
1.112550000000000000e+04 1.122080760929959675e+00
1.112579999999999927e+04 1.114399362031983642e+00
1.112610000000000036e+04 1.108703859239078326e+00
1.112639999999999964e+04 1.103008356446207427e+00
1.112670000000000073e+04 1.098475633768649207e+00
1.112700000000000000e+04 1.094618617655460424e+00
1.112729999999999927e+04 1.090809298694882967e+00
1.112760000000000036e+04 1.088306703887319316e+00
1.112789999999999964e+04 1.085804109079770763e+00
1.112820000000000073e+04 1.083651216661471794e+00
1.112850000000000000e+04 1.082082490830212462e+00
1.112879999999999927e+04 1.080513764998953130e+00
1.112910000000000036e+04 1.079330672533775681e+00
1.112939999999999964e+04 1.078355030905071565e+00
1.112970000000000073e+04 1.077379389276361676e+00
1.113000000000000000e+04 1.076711990081786974e+00
1.113029999999999927e+04 1.076093744428743282e+00
1.113060000000000036e+04 1.075477274288736185e+00
1.113089999999999964e+04 1.075017294354503328e+00
1.113120000000000073e+04 1.074557314420267806e+00
1.113150000000000000e+04 1.074094344151698133e+00
1.113179999999999927e+04 1.073603366625200506e+00
1.113210000000000036e+04 1.073112389098699992e+00
1.113229999999999927e+04 1.072785070747702463e+00
1.113270000000000073e+04 1.071887974573990432e+00
1.113300000000000000e+04 1.071180171079400889e+00
1.113329999999999927e+04 1.070443329376452146e+00
1.113360000000000036e+04 1.069355808552828080e+00
1.113389999999999964e+04 1.068268287729210675e+00
1.113420000000000073e+04 1.067180766905586609e+00
1.113450000000000000e+04 1.065776445901925218e+00
1.113479999999999927e+04 1.064362739077896913e+00
1.113510000000000036e+04 1.062949032253859727e+00
1.113539999999999964e+04 1.061489953423322197e+00
1.113570000000000073e+04 1.060019706715710885e+00
1.113600000000000000e+04 1.058549460008108456e+00
1.113629999999999927e+04 1.057250974509422514e+00
1.113660000000000036e+04 1.056081941419195980e+00
1.113689999999999964e+04 1.054912908328976329e+00
1.113720000000000073e+04 1.053893632735352304e+00
1.113750000000000000e+04 1.053270196977280859e+00
1.113770000000000073e+04 1.052854573138564120e+00
1.113810000000000036e+04 1.052023325461134418e+00
1.113839999999999964e+04 1.051537558984785958e+00
1.113870000000000073e+04 1.051064542569797977e+00
1.113900000000000000e+04 1.050591526154813105e+00
1.113920000000000073e+04 1.050360006036920035e+00
1.113960000000000036e+04 1.050431552520678657e+00
1.113989999999999964e+04 1.050485212383497569e+00
1.114020000000000073e+04 1.050539766038293354e+00
1.114050000000000000e+04 1.050736572542194658e+00
1.114070000000000073e+04 1.050867776878129822e+00
1.114110000000000036e+04 1.051130185549998597e+00
1.114139999999999964e+04 1.051255726403675483e+00
1.114170000000000073e+04 1.051296419042251573e+00
1.114200000000000000e+04 1.051337111680827663e+00
1.114220000000000073e+04 1.051364240106545056e+00
1.114260000000000036e+04 1.051082156915856158e+00
1.114289999999999964e+04 1.050723989008857773e+00
1.114320000000000073e+04 1.050365821101857167e+00
1.114350000000000000e+04 1.049910642595917265e+00
1.114379999999999927e+04 1.048969851394700337e+00
1.114410000000000036e+04 1.048029060193477635e+00
1.114439999999999964e+04 1.047088268992260707e+00
1.114470000000000073e+04 1.045823396602816535e+00
1.114500000000000000e+04 1.044122317648520815e+00
1.114520000000000073e+04 1.042988265012317006e+00
1.114560000000000036e+04 1.040720159739919382e+00
1.114589999999999964e+04 1.038498151099288336e+00
1.114620000000000073e+04 1.035960259565133601e+00
1.114650000000000000e+04 1.033422368030994187e+00
1.114670000000000073e+04 1.031730440341557475e+00
1.114710000000000036e+04 1.027695078430115316e+00
1.114739999999999964e+04 1.024294574980142425e+00
1.114770000000000073e+04 1.020894071530148661e+00
1.114800000000000000e+04 1.017493568080175770e+00
1.114820000000000073e+04 1.014836202252203501e+00
1.114860000000000036e+04 1.009242565775984479e+00
1.114889999999999964e+04 1.005047338418826541e+00
1.114920000000000073e+04 1.000852111061643068e+00
1.114950000000000000e+04 9.961508701734225202e-01
1.114979999999999927e+04 9.913461959234022292e-01
1.115010000000000036e+04 9.865415216733527393e-01
1.115039999999999964e+04 9.817368474233324482e-01
1.115070000000000073e+04 9.766858284624632125e-01
1.115100000000000000e+04 9.715622775739958250e-01
1.115129999999999927e+04 9.664387266855284375e-01
1.115160000000000036e+04 9.613151757970300748e-01
1.115189999999999964e+04 9.562323570347378565e-01
1.115220000000000073e+04 9.511713463028805826e-01
1.115250000000000000e+04 9.461103355710539509e-01
1.115279999999999927e+04 9.410493248392273191e-01
1.115310000000000036e+04 9.361650204314491130e-01
1.115339999999999964e+04 9.314827589906738980e-01
1.115370000000000073e+04 9.268004975498702613e-01
1.115400000000000000e+04 9.221182361090950463e-01
1.115429999999999927e+04 9.175753811254661052e-01
1.115460000000000036e+04 9.135316930559369553e-01
1.115479999999999927e+04 9.108359010096085395e-01
1.115520000000000073e+04 9.054443169169029693e-01
1.115550000000000000e+04 9.014006288473982442e-01
1.115579999999999927e+04 8.981554442724789533e-01
1.115610000000000036e+04 8.949925558399206560e-01
1.115639999999999964e+04 8.918296674073814545e-01
1.115670000000000073e+04 8.886667789748230462e-01
1.115700000000000000e+04 8.860490480682406966e-01
1.115729999999999927e+04 8.839121957984543698e-01
1.115760000000000036e+04 8.817753435286550534e-01
1.115789999999999964e+04 8.796384912588687266e-01
1.115820000000000073e+04 8.776052956036348718e-01
1.115850000000000000e+04 8.765880682089300935e-01
1.115879999999999927e+04 8.755708408142254262e-01
1.115910000000000036e+04 8.745536134195145417e-01
1.115939999999999964e+04 8.735363860248097634e-01
1.115970000000000073e+04 8.731454987495541609e-01
1.116000000000000000e+04 8.731892541598652580e-01
1.116029999999999927e+04 8.732330095701763550e-01
1.116060000000000036e+04 8.732767649804877852e-01
1.116089999999999964e+04 8.733448146152082980e-01
1.116120000000000073e+04 8.743762248101861756e-01
1.116150000000000000e+04 8.754076350051576139e-01
1.116179999999999927e+04 8.764390452001291631e-01
1.116210000000000036e+04 8.774704553951070407e-01
1.116239999999999964e+04 8.788619560883864645e-01
1.116270000000000073e+04 8.808041664085458633e-01
1.116300000000000000e+04 8.827463767286934937e-01
1.116329999999999927e+04 8.846885870488411241e-01
1.116360000000000036e+04 8.866307973690005229e-01
1.116389999999999964e+04 8.891148351874256228e-01
1.116420000000000073e+04 8.918282037173302923e-01
1.116450000000000000e+04 8.945415722472186415e-01
1.116479999999999927e+04 8.972549407771069907e-01
1.116510000000000036e+04 8.999683093070117712e-01
1.116539999999999964e+04 9.033131883939170548e-01
1.116560000000000036e+04 9.055669639179464436e-01
1.116600000000000000e+04 9.100745149659847932e-01
1.116629999999999927e+04 9.134551782520082819e-01
1.116660000000000036e+04 9.168992044416329756e-01
1.116689999999999964e+04 9.207802319669254887e-01
1.116700000000000000e+04 9.220739078086974683e-01
1.116839999999999964e+04 9.406728375163588840e-01
1.117000000000000000e+04 9.638767379134706159e-01
1.117150000000000000e+04 9.867258185534513171e-01
1.117300000000000000e+04 1.010066870391097993e+00
1.117450000000000000e+04 1.033417371270866969e+00
1.117600000000000000e+04 1.056339491544293629e+00
1.117750000000000000e+04 1.078445307577824197e+00
1.117900000000000000e+04 1.099350330874098169e+00
1.118050000000000000e+04 1.118835589563215827e+00
1.118200000000000000e+04 1.136501728248515031e+00
1.118350000000000000e+04 1.152098028636952654e+00
1.118500000000000000e+04 1.165507063330259774e+00
1.118650000000000000e+04 1.176572095244264426e+00
1.118800000000000000e+04 1.185178795975533106e+00
1.118950000000000000e+04 1.191271141879427731e+00
1.119100000000000000e+04 1.194842543424913694e+00
1.119239999999999964e+04 1.196027336226197280e+00
1.119400000000000000e+04 1.194569617241214576e+00
1.119550000000000000e+04 1.190597133100218308e+00
1.119700000000000000e+04 1.184742809415405773e+00
1.119850000000000000e+04 1.177254878913422287e+00
1.120000000000000000e+04 1.168408872071706295e+00

1.110000000000000000e+04 5.250079952880866430e-02
1.110029999999999927e+04 5.418004488660459889e-02
1.110060000000000036e+04 5.593906254520511490e-02
1.110089999999999964e+04 5.779255594060062062e-02
1.110120000000000073e+04 5.976221020753155061e-02
1.110150000000000000e+04 6.187747969305323198e-02
1.110179999999999927e+04 6.413513922261213085e-02
1.110210000000000036e+04 6.654947576458244973e-02
1.110239999999999964e+04 6.913671972818453970e-02
1.110260000000000036e+04 7.096664527239369968e-02
1.110300000000000000e+04 7.490667916659653203e-02
1.110329999999999927e+04 7.813501434334893525e-02
1.110360000000000036e+04 8.162862478372820418e-02
1.110389999999999964e+04 8.542034303112416849e-02
1.110420000000000073e+04 8.954856719805509568e-02
1.110450000000000000e+04 9.405848205178181376e-02
1.110479999999999927e+04 9.900361338596108673e-02
1.110510000000000036e+04 1.044478254833601238e-01
1.110539999999999964e+04 1.104679141341850801e-01
1.110570000000000073e+04 1.171570093658767936e-01
1.110589999999999964e+04 1.220433353458947601e-01
1.110629999999999927e+04 1.330250684937312744e-01
1.110660000000000036e+04 1.425210307535371979e-01
1.110689999999999964e+04 1.533396779044595704e-01
1.110720000000000073e+04 1.657663028006803874e-01
1.110750000000000000e+04 1.801715320568464951e-01
1.110779999999999927e+04 1.970441577127205468e-01
1.110810000000000036e+04 2.170392426168115119e-01
1.110839999999999964e+04 2.410495311998292478e-01
1.110870000000000073e+04 2.703124325352566082e-01
1.110900000000000000e+04 3.065704396933409126e-01
1.110929999999999927e+04 3.523077162626657155e-01
1.110960000000000036e+04 4.110801079784865419e-01
1.110989999999999964e+04 4.879087699287086299e-01
1.111020000000000073e+04 5.895513097663759305e-01
1.111050000000000000e+04 7.242449240391319876e-01
1.111079999999999927e+04 9.022609829197610898e-01
1.111110000000000036e+04 1.049531810975081969e+00
1.111139999999999964e+04 1.085830286928733068e+00
1.111170000000000073e+04 1.124646498728432142e+00
1.111200000000000000e+04 1.164477935624047555e+00
1.111229999999999927e+04 1.207065666750698263e+00
1.111260000000000036e+04 1.256469974014086999e+00
1.111289999999999964e+04 1.320016075271476463e+00
1.111320000000000073e+04 1.434855162587275412e+00
1.111350000000000000e+04 1.573241825719117637e+00
1.111379999999999927e+04 1.720238586510944634e+00
1.111410000000000036e+04 1.872634752525584201e+00
1.111439999999999964e+04 2.024674862781306039e+00
1.111470000000000073e+04 2.168863014105566478e+00
1.111500000000000000e+04 2.296779409919128323e+00
1.111529999999999927e+04 2.400212265040025716e+00
1.111560000000000036e+04 2.472851510965541344e+00
1.111589999999999964e+04 2.511299049628632485e+00
1.111620000000000073e+04 2.515706904073574002e+00
1.111650000000000000e+04 2.489422401753130121e+00
1.111679999999999927e+04 2.438007771006190261e+00
1.111710000000000036e+04 2.367959464548341053e+00
1.111739999999999964e+04 2.285728437307938510e+00
1.111770000000000073e+04 2.196913933413016995e+00
1.111800000000000000e+04 2.106000489345531523e+00
1.111829999999999927e+04 2.016240630029366265e+00
1.111860000000000036e+04 1.929891192238347930e+00
1.111889999999999964e+04 1.848309501532397148e+00
1.111920000000000073e+04 1.772249560529670864e+00
1.111950000000000000e+04 1.702048777936226109e+00
1.111979999999999927e+04 1.637650979299252185e+00
1.112010000000000036e+04 1.578907944021054721e+00
1.112039999999999964e+04 1.525491775227505675e+00
1.112070000000000073e+04 1.477016829181861501e+00
1.112100000000000000e+04 1.433498520392107567e+00
1.112129999999999927e+04 1.395642117214141109e+00
1.112160000000000036e+04 1.358043347748158380e+00
1.112189999999999964e+04 1.327501202962221960e+00
1.112220000000000073e+04 1.296959058176100354e+00
1.112250000000000000e+04 1.271947439577346683e+00
1.112279999999999927e+04 1.247672381501897743e+00
1.112310000000000036e+04 1.226893411044516213e+00
1.112339999999999964e+04 1.207866000131049278e+00
1.112370000000000073e+04 1.190532258174549218e+00
1.112400000000000000e+04 1.175887269428719906e+00
1.112429999999999927e+04 1.161397977481234634e+00
1.112450000000000000e+04 1.154036400195659340e+00
1.112489999999999964e+04 1.139313245624575810e+00
1.112520000000000073e+04 1.130158051618289416e+00
1.112550000000000000e+04 1.122080760929959675e+00
1.112579999999999927e+04 1.114399362031983642e+00
1.112610000000000036e+04 1.108703859239078326e+00
1.112639999999999964e+04 1.103008356446207427e+00
1.112670000000000073e+04 1.098475633768649207e+00
1.112700000000000000e+04 1.094618617655460424e+00
1.112729999999999927e+04 1.090809298694882967e+00
1.112760000000000036e+04 1.088306703887319316e+00
1.112789999999999964e+04 1.085804109079770763e+00
1.112820000000000073e+04 1.083651216661471794e+00
1.112850000000000000e+04 1.082082490830212462e+00
1.112879999999999927e+04 1.080513764998953130e+00
1.112910000000000036e+04 1.079330672533775681e+00
1.112939999999999964e+04 1.078355030905071565e+00
1.112970000000000073e+04 1.077379389276361676e+00
1.113000000000000000e+04 1.076711990081786974e+00
1.113029999999999927e+04 1.076093744428743282e+00
1.113060000000000036e+04 1.075477274288736185e+00
1.113089999999999964e+04 1.075017294354503328e+00
1.113120000000000073e+04 1.074557314420267806e+00
1.113150000000000000e+04 1.074094344151698133e+00
1.113179999999999927e+04 1.073603366625200506e+00
1.113210000000000036e+04 1.073112389098699992e+00
1.113229999999999927e+04 1.072785070747702463e+00
1.113270000000000073e+04 1.071887974573990432e+00
1.113300000000000000e+04 1.071180171079400889e+00
1.113329999999999927e+04 1.070443329376452146e+00
1.113360000000000036e+04 1.069355808552828080e+00
1.113389999999999964e+04 1.068268287729210675e+00
1.113420000000000073e+04 1.067180766905586609e+00
1.113450000000000000e+04 1.065776445901925218e+00
1.113479999999999927e+04 1.064362739077896913e+00
1.113510000000000036e+04 1.062949032253859727e+00
1.113539999999999964e+04 1.061489953423322197e+00
1.113570000000000073e+04 1.060019706715710885e+00
1.113600000000000000e+04 1.058549460008108456e+00
1.113629999999999927e+04 1.057250974509422514e+00
1.113660000000000036e+04 1.056081941419195980e+00
1.113689999999999964e+04 1.054912908328976329e+00
1.113720000000000073e+04 1.053893632735352304e+00
1.113750000000000000e+04 1.053270196977280859e+00
1.113770000000000073e+04 1.052854573138564120e+00
1.113810000000000036e+04 1.052023325461134418e+00
1.113839999999999964e+04 1.051537558984785958e+00
1.113870000000000073e+04 1.051064542569797977e+00
1.113900000000000000e+04 1.050591526154813105e+00
1.113920000000000073e+04 1.050360006036920035e+00
1.113960000000000036e+04 1.050431552520678657e+00
1.113989999999999964e+04 1.050485212383497569e+00
1.114020000000000073e+04 1.050539766038293354e+00
1.114050000000000000e+04 1.050736572542194658e+00
1.114070000000000073e+04 1.050867776878129822e+00
1.114110000000000036e+04 1.051130185549998597e+00
1.114139999999999964e+04 1.051255726403675483e+00
1.114170000000000073e+04 1.051296419042251573e+00
1.114200000000000000e+04 1.051337111680827663e+00
1.114220000000000073e+04 1.051364240106545056e+00
1.114260000000000036e+04 1.051082156915856158e+00
1.114289999999999964e+04 1.050723989008857773e+00
1.114320000000000073e+04 1.050365821101857167e+00
1.114350000000000000e+04 1.049910642595917265e+00
1.114379999999999927e+04 1.048969851394700337e+00
1.114410000000000036e+04 1.048029060193477635e+00
1.114439999999999964e+04 1.047088268992260707e+00
1.114470000000000073e+04 1.045823396602816535e+00
1.114500000000000000e+04 1.044122317648520815e+00
1.114520000000000073e+04 1.042988265012317006e+00
1.114560000000000036e+04 1.040720159739919382e+00
1.114589999999999964e+04 1.038498151099288336e+00
1.114620000000000073e+04 1.035960259565133601e+00
1.114650000000000000e+04 1.033422368030994187e+00
1.114670000000000073e+04 1.031730440341557475e+00
1.114710000000000036e+04 1.027695078430115316e+00
1.114739999999999964e+04 1.024294574980142425e+00
1.114770000000000073e+04 1.020894071530148661e+00
1.114800000000000000e+04 1.017493568080175770e+00
1.114820000000000073e+04 1.014836202252203501e+00
1.114860000000000036e+04 1.009242565775984479e+00
1.114889999999999964e+04 1.005047338418826541e+00
1.114920000000000073e+04 1.000852111061643068e+00
1.114950000000000000e+04 9.961508701734225202e-01
1.114979999999999927e+04 9.913461959234022292e-01
1.115010000000000036e+04 9.865415216733527393e-01
1.115039999999999964e+04 9.817368474233324482e-01
1.115070000000000073e+04 9.766858284624632125e-01
1.115100000000000000e+04 9.715622775739958250e-01
1.115129999999999927e+04 9.664387266855284375e-01
1.115160000000000036e+04 9.613151757970300748e-01
1.115189999999999964e+04 9.562323570347378565e-01
1.115220000000000073e+04 9.511713463028805826e-01
1.115250000000000000e+04 9.461103355710539509e-01
1.115279999999999927e+04 9.410493248392273191e-01
1.115310000000000036e+04 9.361650204314491130e-01
1.115339999999999964e+04 9.314827589906738980e-01
1.115370000000000073e+04 9.268004975498702613e-01
1.115400000000000000e+04 9.221182361090950463e-01
1.115429999999999927e+04 9.175753811254661052e-01
1.115460000000000036e+04 9.135316930559369553e-01
1.115479999999999927e+04 9.108359010096085395e-01
1.115520000000000073e+04 9.054443169169029693e-01
1.115550000000000000e+04 9.014006288473982442e-01
1.115579999999999927e+04 8.981554442724789533e-01
1.115610000000000036e+04 8.949925558399206560e-01
1.115639999999999964e+04 8.918296674073814545e-01
1.115670000000000073e+04 8.886667789748230462e-01
1.115700000000000000e+04 8.860490480682406966e-01
1.115729999999999927e+04 8.839121957984543698e-01
1.115760000000000036e+04 8.817753435286550534e-01
1.115789999999999964e+04 8.796384912588687266e-01
1.115820000000000073e+04 8.776052956036348718e-01
1.115850000000000000e+04 8.765880682089300935e-01
1.115879999999999927e+04 8.755708408142254262e-01
1.115910000000000036e+04 8.745536134195145417e-01
1.115939999999999964e+04 8.735363860248097634e-01
1.115970000000000073e+04 8.731454987495541609e-01
1.116000000000000000e+04 8.731892541598652580e-01
1.116029999999999927e+04 8.732330095701763550e-01
1.116060000000000036e+04 8.732767649804877852e-01
1.116089999999999964e+04 8.733448146152082980e-01
1.116120000000000073e+04 8.743762248101861756e-01
1.116150000000000000e+04 8.754076350051576139e-01
1.116179999999999927e+04 8.764390452001291631e-01
1.116210000000000036e+04 8.774704553951070407e-01
1.116239999999999964e+04 8.788619560883864645e-01
1.116270000000000073e+04 8.808041664085458633e-01
1.116300000000000000e+04 8.827463767286934937e-01
1.116329999999999927e+04 8.846885870488411241e-01
1.116360000000000036e+04 8.866307973690005229e-01
1.116389999999999964e+04 8.891148351874256228e-01
1.116420000000000073e+04 8.918282037173302923e-01
1.116450000000000000e+04 8.945415722472186415e-01
1.116479999999999927e+04 8.972549407771069907e-01
1.116510000000000036e+04 8.999683093070117712e-01
1.116539999999999964e+04 9.033131883939170548e-01
1.116560000000000036e+04 9.055669639179464436e-01
1.116600000000000000e+04 9.100745149659847932e-01
1.116629999999999927e+04 9.134551782520082819e-01
1.116660000000000036e+04 9.168992044416329756e-01
1.116689999999999964e+04 9.207802319669254887e-01
1.116700000000000000e+04 9.220739078086974683e-01
1.116839999999999964e+04 9.406728375163588840e-01
1.117000000000000000e+04 9.638767379134706159e-01
1.117150000000000000e+04 9.867258185534513171e-01
1.117300000000000000e+04 1.010066870391097993e+00
1.117450000000000000e+04 1.033417371270866969e+00
1.117600000000000000e+04 1.056339491544293629e+00
1.117750000000000000e+04 1.078445307577824197e+00
1.117900000000000000e+04 1.099350330874098169e+00
1.118050000000000000e+04 1.118835589563215827e+00
1.118200000000000000e+04 1.136501728248515031e+00
1.118350000000000000e+04 1.152098028636952654e+00
1.118500000000000000e+04 1.165507063330259774e+00
1.118650000000000000e+04 1.176572095244264426e+00
1.118800000000000000e+04 1.185178795975533106e+00
1.118950000000000000e+04 1.191271141879427731e+00
1.119100000000000000e+04 1.194842543424913694e+00
1.119239999999999964e+04 1.196027336226197280e+00
1.119400000000000000e+04 1.194569617241214576e+00
1.119550000000000000e+04 1.190597133100218308e+00
1.119700000000000000e+04 1.184742809415405773e+00
1.119850000000000000e+04 1.177254878913422287e+00
1.120000000000000000e+04 1.168408872071706295e+00

1.110000000000000000e+04 5.250079952880866430e-02
1.110029999999999927e+04 5.418004488660459889e-02
1.110060000000000036e+04 5.593906254520511490e-02
1.110089999999999964e+04 5.779255594060062062e-02
1.110120000000000073e+04 5.976221020753155061e-02
1.110150000000000000e+04 6.187747969305323198e-02
1.110179999999999927e+04 6.413513922261213085e-02
1.110210000000000036e+04 6.654947576458244973e-02
1.110239999999999964e+04 6.913671972818453970e-02
1.110260000000000036e+04 7.096664527239369968e-02
1.110300000000000000e+04 7.490667916659653203e-02
1.110329999999999927e+04 7.813501434334893525e-02
1.110360000000000036e+04 8.162862478372820418e-02
1.110389999999999964e+04 8.542034303112416849e-02
1.110420000000000073e+04 8.954856719805509568e-02
1.110450000000000000e+04 9.405848205178181376e-02
1.110479999999999927e+04 9.900361338596108673e-02
1.110510000000000036e+04 1.044478254833601238e-01
1.110539999999999964e+04 1.104679141341850801e-01
1.110570000000000073e+04 1.171570093658767936e-01
1.110589999999999964e+04 1.220433353458947601e-01
1.110629999999999927e+04 1.330250684937312744e-01
1.110660000000000036e+04 1.425210307535371979e-01
1.110689999999999964e+04 1.533396779044595704e-01
1.110720000000000073e+04 1.657663028006803874e-01
1.110750000000000000e+04 1.801715320568464951e-01
1.110779999999999927e+04 1.970441577127205468e-01
1.110810000000000036e+04 2.170392426168115119e-01
1.110839999999999964e+04 2.410495311998292478e-01
1.110870000000000073e+04 2.703124325352566082e-01
1.110900000000000000e+04 3.065704396933409126e-01
1.110929999999999927e+04 3.523077162626657155e-01
1.110960000000000036e+04 4.110801079784865419e-01
1.110989999999999964e+04 4.879087699287086299e-01
1.111020000000000073e+04 5.895513097663759305e-01
1.111050000000000000e+04 7.242449240391319876e-01
1.111079999999999927e+04 9.022609829197610898e-01
1.111110000000000036e+04 1.049531810975081969e+00
1.111139999999999964e+04 1.085830286928733068e+00
1.111170000000000073e+04 1.124646498728432142e+00
1.111200000000000000e+04 1.164477935624047555e+00
1.111229999999999927e+04 1.207065666750698263e+00
1.111260000000000036e+04 1.256469974014086999e+00
1.111289999999999964e+04 1.320016075271476463e+00
1.111320000000000073e+04 1.434855162587275412e+00
1.111350000000000000e+04 1.573241825719117637e+00
1.111379999999999927e+04 1.720238586510944634e+00
1.111410000000000036e+04 1.872634752525584201e+00
1.111439999999999964e+04 2.024674862781306039e+00
1.111470000000000073e+04 2.168863014105566478e+00
1.111500000000000000e+04 2.296779409919128323e+00
1.111529999999999927e+04 2.400212265040025716e+00
1.111560000000000036e+04 2.472851510965541344e+00
1.111589999999999964e+04 2.511299049628632485e+00
1.111620000000000073e+04 2.515706904073574002e+00
1.111650000000000000e+04 2.489422401753130121e+00
1.111679999999999927e+04 2.438007771006190261e+00
1.111710000000000036e+04 2.367959464548341053e+00
1.111739999999999964e+04 2.285728437307938510e+00
1.111770000000000073e+04 2.196913933413016995e+00
1.111800000000000000e+04 2.106000489345531523e+00
1.111829999999999927e+04 2.016240630029366265e+00
1.111860000000000036e+04 1.929891192238347930e+00
1.111889999999999964e+04 1.848309501532397148e+00
1.111920000000000073e+04 1.772249560529670864e+00
1.111950000000000000e+04 1.702048777936226109e+00
1.111979999999999927e+04 1.637650979299252185e+00
1.112010000000000036e+04 1.578907944021054721e+00
1.112039999999999964e+04 1.525491775227505675e+00
1.112070000000000073e+04 1.477016829181861501e+00
1.112100000000000000e+04 1.433498520392107567e+00
1.112129999999999927e+04 1.395642117214141109e+00
1.112160000000000036e+04 1.358043347748158380e+00
1.112189999999999964e+04 1.327501202962221960e+00
1.112220000000000073e+04 1.296959058176100354e+00
1.112250000000000000e+04 1.271947439577346683e+00
1.112279999999999927e+04 1.247672381501897743e+00
1.112310000000000036e+04 1.226893411044516213e+00
1.112339999999999964e+04 1.207866000131049278e+00
1.112370000000000073e+04 1.190532258174549218e+00
1.112400000000000000e+04 1.175887269428719906e+00
1.112429999999999927e+04 1.161397977481234634e+00
1.112450000000000000e+04 1.154036400195659340e+00
1.112489999999999964e+04 1.139313245624575810e+00
1.112520000000000073e+04 1.130158051618289416e+00
1.112550000000000000e+04 1.122080760929959675e+00
1.112579999999999927e+04 1.114399362031983642e+00
1.112610000000000036e+04 1.108703859239078326e+00
1.112639999999999964e+04 1.103008356446207427e+00
1.112670000000000073e+04 1.098475633768649207e+00
1.112700000000000000e+04 1.094618617655460424e+00
1.112729999999999927e+04 1.090809298694882967e+00
1.112760000000000036e+04 1.088306703887319316e+00
1.112789999999999964e+04 1.085804109079770763e+00
1.112820000000000073e+04 1.083651216661471794e+00
1.112850000000000000e+04 1.082082490830212462e+00
1.112879999999999927e+04 1.080513764998953130e+00
1.112910000000000036e+04 1.079330672533775681e+00
1.112939999999999964e+04 1.078355030905071565e+00
1.112970000000000073e+04 1.077379389276361676e+00
1.113000000000000000e+04 1.076711990081786974e+00
1.113029999999999927e+04 1.076093744428743282e+00
1.113060000000000036e+04 1.075477274288736185e+00
1.113089999999999964e+04 1.075017294354503328e+00
1.113120000000000073e+04 1.074557314420267806e+00
1.113150000000000000e+04 1.074094344151698133e+00
1.113179999999999927e+04 1.073603366625200506e+00
1.113210000000000036e+04 1.073112389098699992e+00
1.113229999999999927e+04 1.072785070747702463e+00
1.113270000000000073e+04 1.071887974573990432e+00
1.113300000000000000e+04 1.071180171079400889e+00
1.113329999999999927e+04 1.070443329376452146e+00
1.113360000000000036e+04 1.069355808552828080e+00
1.113389999999999964e+04 1.068268287729210675e+00
1.113420000000000073e+04 1.067180766905586609e+00
1.113450000000000000e+04 1.065776445901925218e+00
1.113479999999999927e+04 1.064362739077896913e+00
1.113510000000000036e+04 1.062949032253859727e+00
1.113539999999999964e+04 1.061489953423322197e+00
1.113570000000000073e+04 1.060019706715710885e+00
1.113600000000000000e+04 1.058549460008108456e+00
1.113629999999999927e+04 1.057250974509422514e+00
1.113660000000000036e+04 1.056081941419195980e+00
1.113689999999999964e+04 1.054912908328976329e+00
1.113720000000000073e+04 1.053893632735352304e+00
1.113750000000000000e+04 1.053270196977280859e+00
1.113770000000000073e+04 1.052854573138564120e+00
1.113810000000000036e+04 1.052023325461134418e+00
1.113839999999999964e+04 1.051537558984785958e+00
1.113870000000000073e+04 1.051064542569797977e+00
1.113900000000000000e+04 1.050591526154813105e+00
1.113920000000000073e+04 1.050360006036920035e+00
1.113960000000000036e+04 1.050431552520678657e+00
1.113989999999999964e+04 1.050485212383497569e+00
1.114020000000000073e+04 1.050539766038293354e+00
1.114050000000000000e+04 1.050736572542194658e+00
1.114070000000000073e+04 1.050867776878129822e+00
1.114110000000000036e+04 1.051130185549998597e+00
1.114139999999999964e+04 1.051255726403675483e+00
1.114170000000000073e+04 1.051296419042251573e+00
1.114200000000000000e+04 1.051337111680827663e+00
1.114220000000000073e+04 1.051364240106545056e+00
1.114260000000000036e+04 1.051082156915856158e+00
1.114289999999999964e+04 1.050723989008857773e+00
1.114320000000000073e+04 1.050365821101857167e+00
1.114350000000000000e+04 1.049910642595917265e+00
1.114379999999999927e+04 1.048969851394700337e+00
1.114410000000000036e+04 1.048029060193477635e+00
1.114439999999999964e+04 1.047088268992260707e+00
1.114470000000000073e+04 1.045823396602816535e+00
1.114500000000000000e+04 1.044122317648520815e+00
1.114520000000000073e+04 1.042988265012317006e+00
1.114560000000000036e+04 1.040720159739919382e+00
1.114589999999999964e+04 1.038498151099288336e+00
1.114620000000000073e+04 1.035960259565133601e+00
1.114650000000000000e+04 1.033422368030994187e+00
1.114670000000000073e+04 1.031730440341557475e+00
1.114710000000000036e+04 1.027695078430115316e+00
1.114739999999999964e+04 1.024294574980142425e+00
1.114770000000000073e+04 1.020894071530148661e+00
1.114800000000000000e+04 1.017493568080175770e+00
1.114820000000000073e+04 1.014836202252203501e+00
1.114860000000000036e+04 1.009242565775984479e+00
1.114889999999999964e+04 1.005047338418826541e+00
1.114920000000000073e+04 1.000852111061643068e+00
1.114950000000000000e+04 9.961508701734225202e-01
1.114979999999999927e+04 9.913461959234022292e-01
1.115010000000000036e+04 9.865415216733527393e-01
1.115039999999999964e+04 9.817368474233324482e-01
1.115070000000000073e+04 9.766858284624632125e-01
1.115100000000000000e+04 9.715622775739958250e-01
1.115129999999999927e+04 9.664387266855284375e-01
1.115160000000000036e+04 9.613151757970300748e-01
1.115189999999999964e+04 9.562323570347378565e-01
1.115220000000000073e+04 9.511713463028805826e-01
1.115250000000000000e+04 9.461103355710539509e-01
1.115279999999999927e+04 9.410493248392273191e-01
1.115310000000000036e+04 9.361650204314491130e-01
1.115339999999999964e+04 9.314827589906738980e-01
1.115370000000000073e+04 9.268004975498702613e-01
1.115400000000000000e+04 9.221182361090950463e-01
1.115429999999999927e+04 9.175753811254661052e-01
1.115460000000000036e+04 9.135316930559369553e-01
1.115479999999999927e+04 9.108359010096085395e-01
1.115520000000000073e+04 9.054443169169029693e-01
1.115550000000000000e+04 9.014006288473982442e-01
1.115579999999999927e+04 8.981554442724789533e-01
1.115610000000000036e+04 8.949925558399206560e-01
1.115639999999999964e+04 8.918296674073814545e-01
1.115670000000000073e+04 8.886667789748230462e-01
1.115700000000000000e+04 8.860490480682406966e-01
1.115729999999999927e+04 8.839121957984543698e-01
1.115760000000000036e+04 8.817753435286550534e-01
1.115789999999999964e+04 8.796384912588687266e-01
1.115820000000000073e+04 8.776052956036348718e-01
1.115850000000000000e+04 8.765880682089300935e-01
1.115879999999999927e+04 8.755708408142254262e-01
1.115910000000000036e+04 8.745536134195145417e-01
1.115939999999999964e+04 8.735363860248097634e-01
1.115970000000000073e+04 8.731454987495541609e-01
1.116000000000000000e+04 8.731892541598652580e-01
1.116029999999999927e+04 8.732330095701763550e-01
1.116060000000000036e+04 8.732767649804877852e-01
1.116089999999999964e+04 8.733448146152082980e-01
1.116120000000000073e+04 8.743762248101861756e-01
1.116150000000000000e+04 8.754076350051576139e-01
1.116179999999999927e+04 8.764390452001291631e-01
1.116210000000000036e+04 8.774704553951070407e-01
1.116239999999999964e+04 8.788619560883864645e-01
1.116270000000000073e+04 8.808041664085458633e-01
1.116300000000000000e+04 8.827463767286934937e-01
1.116329999999999927e+04 8.846885870488411241e-01
1.116360000000000036e+04 8.866307973690005229e-01
1.116389999999999964e+04 8.891148351874256228e-01
1.116420000000000073e+04 8.918282037173302923e-01
1.116450000000000000e+04 8.945415722472186415e-01
1.116479999999999927e+04 8.972549407771069907e-01
1.116510000000000036e+04 8.999683093070117712e-01
1.116539999999999964e+04 9.033131883939170548e-01
1.116560000000000036e+04 9.055669639179464436e-01
1.116600000000000000e+04 9.100745149659847932e-01
1.116629999999999927e+04 9.134551782520082819e-01
1.116660000000000036e+04 9.168992044416329756e-01
1.116689999999999964e+04 9.207802319669254887e-01
1.116700000000000000e+04 9.220739078086974683e-01
1.116839999999999964e+04 9.406728375163588840e-01
1.117000000000000000e+04 9.638767379134706159e-01
1.117150000000000000e+04 9.867258185534513171e-01
1.117300000000000000e+04 1.010066870391097993e+00
1.117450000000000000e+04 1.033417371270866969e+00
1.117600000000000000e+04 1.056339491544293629e+00
1.117750000000000000e+04 1.078445307577824197e+00
1.117900000000000000e+04 1.099350330874098169e+00
1.118050000000000000e+04 1.118835589563215827e+00
1.118200000000000000e+04 1.136501728248515031e+00
1.118350000000000000e+04 1.152098028636952654e+00
1.118500000000000000e+04 1.165507063330259774e+00
1.118650000000000000e+04 1.176572095244264426e+00
1.118800000000000000e+04 1.185178795975533106e+00
1.118950000000000000e+04 1.191271141879427731e+00
1.119100000000000000e+04 1.194842543424913694e+00
1.119239999999999964e+04 1.196027336226197280e+00
1.119400000000000000e+04 1.194569617241214576e+00
1.119550000000000000e+04 1.190597133100218308e+00
1.119700000000000000e+04 1.184742809415405773e+00
1.119850000000000000e+04 1.177254878913422287e+00
1.120000000000000000e+04 1.168408872071706295e+00

1.110000000000000000e+04 5.302580752409676024e-02
1.110029999999999927e+04 5.472184533547064939e-02
1.110060000000000036e+04 5.649845317065717298e-02
1.110089999999999964e+04 5.837048150000662128e-02
1.110120000000000073e+04 6.035983230960686313e-02
1.110150000000000000e+04 6.249625448998376992e-02
1.110179999999999927e+04 6.477649061483825577e-02
1.110210000000000036e+04 6.721497052222827340e-02
1.110239999999999964e+04 6.982808692546638163e-02
1.110260000000000036e+04 7.167631172511763904e-02
1.110300000000000000e+04 7.565574595826250748e-02
1.110329999999999927e+04 7.891636448678242266e-02
1.110360000000000036e+04 8.244491103156549594e-02
1.110389999999999964e+04 8.627454646143541128e-02
1.110420000000000073e+04 9.044405287003565164e-02
1.110450000000000000e+04 9.499906687229964231e-02
1.110479999999999927e+04 9.999364951982069039e-02
1.110510000000000036e+04 1.054923037381937240e-01
1.110539999999999964e+04 1.115725932755269323e-01
1.110570000000000073e+04 1.183285794595355517e-01
1.110589999999999964e+04 1.232637686993537096e-01
1.110629999999999927e+04 1.343553191786685808e-01
1.110660000000000036e+04 1.439462410610725662e-01
1.110689999999999964e+04 1.548730746835041694e-01
1.110720000000000073e+04 1.674239658286871824e-01
1.110750000000000000e+04 1.819732473774149650e-01
1.110779999999999927e+04 1.990145992898477711e-01
1.110810000000000036e+04 2.192096350429796336e-01
1.110839999999999964e+04 2.434600265118275486e-01
1.110870000000000073e+04 2.730155568606091876e-01
1.110900000000000000e+04 3.096361440902743456e-01
1.110929999999999927e+04 3.558307934252923910e-01
1.110960000000000036e+04 4.151909090582713846e-01
1.110989999999999964e+04 4.927878576279957623e-01
1.111020000000000073e+04 5.954468228640397154e-01
1.111050000000000000e+04 7.314873732795232897e-01
1.111079999999999927e+04 9.112835927489586485e-01
1.111110000000000036e+04 1.060027129084832653e+00
1.111139999999999964e+04 1.096688589798020530e+00
1.111170000000000073e+04 1.135892963715716464e+00
1.111200000000000000e+04 1.176122714980287975e+00
1.111229999999999927e+04 1.219136323418205325e+00
1.111260000000000036e+04 1.269034673754227738e+00
1.111289999999999964e+04 1.333216236024191259e+00
1.111320000000000073e+04 1.449203714213148197e+00
1.111350000000000000e+04 1.588974243976308820e+00
1.111379999999999927e+04 1.737440972376054216e+00
1.111410000000000036e+04 1.891361100050840127e+00
1.111439999999999964e+04 2.044921611409119322e+00
1.111470000000000073e+04 2.190551644246622409e+00
1.111500000000000000e+04 2.319747204018319575e+00
1.111529999999999927e+04 2.424214387690426076e+00
1.111560000000000036e+04 2.497580026075196802e+00
1.111589999999999964e+04 2.536412040124918832e+00
1.111620000000000073e+04 2.540863973114309893e+00
1.111650000000000000e+04 2.514316625770661506e+00
1.111679999999999927e+04 2.462387848716252048e+00
1.111710000000000036e+04 2.391639059193824579e+00
1.111739999999999964e+04 2.308585721681017944e+00
1.111770000000000073e+04 2.218883072747146912e+00
1.111800000000000000e+04 2.127060494238986799e+00
1.111829999999999927e+04 2.036403036329660132e+00
1.111860000000000036e+04 1.949190104160731352e+00
1.111889999999999964e+04 1.866792596547721228e+00
1.111920000000000073e+04 1.789972056134967682e+00
1.111950000000000000e+04 1.719069265715588379e+00
1.111979999999999927e+04 1.654027489092244618e+00
1.112010000000000036e+04 1.594697023461265184e+00
1.112039999999999964e+04 1.540746692979780619e+00
1.112070000000000073e+04 1.491786997473680154e+00
1.112100000000000000e+04 1.447833505596028747e+00
1.112129999999999927e+04 1.409598538386282351e+00
1.112160000000000036e+04 1.371623781225639771e+00
1.112189999999999964e+04 1.340776214991844073e+00
1.112220000000000073e+04 1.309928648757861414e+00
1.112250000000000000e+04 1.284666913973120383e+00
1.112279999999999927e+04 1.260149105316916485e+00
1.112310000000000036e+04 1.239162345154961153e+00
1.112339999999999964e+04 1.219944660132359804e+00
1.112370000000000073e+04 1.202437580756294588e+00
1.112400000000000000e+04 1.187646142123007120e+00
1.112429999999999927e+04 1.173011957256046900e+00
1.112450000000000000e+04 1.165576764197615800e+00
1.112489999999999964e+04 1.150706378080821546e+00
1.112520000000000073e+04 1.141459632134472324e+00
1.112550000000000000e+04 1.133301568539259341e+00
1.112579999999999927e+04 1.125543355652303568e+00
1.112610000000000036e+04 1.119790897831469234e+00
1.112639999999999964e+04 1.114038440010669540e+00
1.112670000000000073e+04 1.109460390106335792e+00
1.112700000000000000e+04 1.105564803832014942e+00
1.112729999999999927e+04 1.101717391681831693e+00
1.112760000000000036e+04 1.099189770926192411e+00
1.112789999999999964e+04 1.096662150170568450e+00
1.112820000000000073e+04 1.094487728828086537e+00
1.112850000000000000e+04 1.092903315738514625e+00
1.112879999999999927e+04 1.091318902648942712e+00
1.112910000000000036e+04 1.090123979259113307e+00
1.112939999999999964e+04 1.089138581214122325e+00
1.112970000000000073e+04 1.088153183169125349e+00
1.113000000000000000e+04 1.087479109982604664e+00
1.113029999999999927e+04 1.086854681873030914e+00
1.113060000000000036e+04 1.086232047031623793e+00
1.113089999999999964e+04 1.085767467298048405e+00
1.113120000000000073e+04 1.085302887564470353e+00
1.113150000000000000e+04 1.084835287593215014e+00
1.113179999999999927e+04 1.084339400291452593e+00
1.113210000000000036e+04 1.083843512989686841e+00
1.113229999999999927e+04 1.083512921455179523e+00
1.113270000000000073e+04 1.082606854319730472e+00
1.113300000000000000e+04 1.081891972790194778e+00
1.113329999999999927e+04 1.081147762670216617e+00
1.113360000000000036e+04 1.080049366638356378e+00
1.113389999999999964e+04 1.078950970606502802e+00
1.113420000000000073e+04 1.077852574574642563e+00
1.113450000000000000e+04 1.076434210360944554e+00
1.113479999999999927e+04 1.075006366468675756e+00
1.113510000000000036e+04 1.073578522576398298e+00
1.113539999999999964e+04 1.072104852957555421e+00
1.113570000000000073e+04 1.070619903782867866e+00
1.113600000000000000e+04 1.069134954608189414e+00
1.113629999999999927e+04 1.067823484254516675e+00
1.113660000000000036e+04 1.066642760833387937e+00
1.113689999999999964e+04 1.065462037412266083e+00
1.113720000000000073e+04 1.064432569062705891e+00
1.113750000000000000e+04 1.063802898947053599e+00
1.113770000000000073e+04 1.063383118869949850e+00
1.113810000000000036e+04 1.062543558715745684e+00
1.113839999999999964e+04 1.062052934574633900e+00
1.113870000000000073e+04 1.061575187995495995e+00
1.113900000000000000e+04 1.061097441416361198e+00
1.113920000000000073e+04 1.060863606097289358e+00
1.113960000000000036e+04 1.060935868045885577e+00
1.113989999999999964e+04 1.060990064507332686e+00
1.114020000000000073e+04 1.061045163698676408e+00
1.114050000000000000e+04 1.061243938267616649e+00
1.114070000000000073e+04 1.061376454646911105e+00
1.114110000000000036e+04 1.061641487405498685e+00
1.114139999999999964e+04 1.061768283667712254e+00
1.114170000000000073e+04 1.061809383232674264e+00
1.114200000000000000e+04 1.061850482797635831e+00
1.114220000000000073e+04 1.061877882507610504e+00
1.114260000000000036e+04 1.061592978485014660e+00
1.114289999999999964e+04 1.061231228898946277e+00
1.114320000000000073e+04 1.060869479312875896e+00
1.114350000000000000e+04 1.060409749021876680e+00
1.114379999999999927e+04 1.059459549908647436e+00
1.114410000000000036e+04 1.058509350795412640e+00
1.114439999999999964e+04 1.057559151682183396e+00
1.114470000000000073e+04 1.056281630568844498e+00
1.114500000000000000e+04 1.054563540825006029e+00
1.114520000000000073e+04 1.053418147662440241e+00
1.114560000000000036e+04 1.051127361337318655e+00
1.114589999999999964e+04 1.048883132610281210e+00
1.114620000000000073e+04 1.046319862160784986e+00
1.114650000000000000e+04 1.043756591711304083e+00
1.114670000000000073e+04 1.042047744744973192e+00
1.114710000000000036e+04 1.037972029214416558e+00
1.114739999999999964e+04 1.034537520729943649e+00
1.114770000000000073e+04 1.031103012245450090e+00
1.114800000000000000e+04 1.027668503760977403e+00
1.114820000000000073e+04 1.024984564274725507e+00
1.114860000000000036e+04 1.019334991433744397e+00
1.114889999999999964e+04 1.015097811803014949e+00
1.114920000000000073e+04 1.010860632172259743e+00
1.114950000000000000e+04 1.006112378875156921e+00
1.114979999999999927e+04 1.001259657882636267e+00
1.115010000000000036e+04 9.964069368900863033e-01
1.115039999999999964e+04 9.915542158975657605e-01
1.115070000000000073e+04 9.864526867470878591e-01
1.115100000000000000e+04 9.812779003497357211e-01
1.115129999999999927e+04 9.761031139523836941e-01
1.115160000000000036e+04 9.709283275550003589e-01
1.115189999999999964e+04 9.657946806050852206e-01
1.115220000000000073e+04 9.606830597659093973e-01
1.115250000000000000e+04 9.555714389267645492e-01
1.115279999999999927e+04 9.504598180876195901e-01
1.115310000000000036e+04 9.455266706357636775e-01
1.115339999999999964e+04 9.407975865805806581e-01
1.115370000000000073e+04 9.360685025253689950e-01
1.115400000000000000e+04 9.313394184701859757e-01
1.115429999999999927e+04 9.267511349367207885e-01
1.115460000000000036e+04 9.226670099864963115e-01
1.115479999999999927e+04 9.199442600197046405e-01
1.115520000000000073e+04 9.144987600860720045e-01
1.115550000000000000e+04 9.104146351358721745e-01
1.115579999999999927e+04 9.071369987152038128e-01
1.115610000000000036e+04 9.039424813983197859e-01
1.115639999999999964e+04 9.007479640814551880e-01
1.115670000000000073e+04 8.975534467645712722e-01
1.115700000000000000e+04 8.949095385489230781e-01
1.115729999999999927e+04 8.927513177564389002e-01
1.115760000000000036e+04 8.905930969639416217e-01
1.115789999999999964e+04 8.884348761714573328e-01
1.115820000000000073e+04 8.863813485596712116e-01
1.115850000000000000e+04 8.853539488910194821e-01
1.115879999999999927e+04 8.843265492223676416e-01
1.115910000000000036e+04 8.832991495537095838e-01
1.115939999999999964e+04 8.822717498850578544e-01
1.115970000000000073e+04 8.818769537370496625e-01
1.116000000000000000e+04 8.819211467014638206e-01
1.116029999999999927e+04 8.819653396658780897e-01
1.116060000000000036e+04 8.820095326302925809e-01
1.116089999999999964e+04 8.820782627613603655e-01
1.116120000000000073e+04 8.831199870582879807e-01
1.116150000000000000e+04 8.841617113552092677e-01
1.116179999999999927e+04 8.852034356521305547e-01
1.116210000000000036e+04 8.862451599490581700e-01
1.116239999999999964e+04 8.876505756492704124e-01
1.116270000000000073e+04 8.896122080726313053e-01
1.116300000000000000e+04 8.915738404959804297e-01
1.116329999999999927e+04 8.935354729193295542e-01
1.116360000000000036e+04 8.954971053426905581e-01
1.116389999999999964e+04 8.980059835392998346e-01
1.116420000000000073e+04 9.007464857545035564e-01
1.116450000000000000e+04 9.034869879696908468e-01
1.116479999999999927e+04 9.062274901848780262e-01
1.116510000000000036e+04 9.089679924000817479e-01
1.116539999999999964e+04 9.123463202778562264e-01
1.116560000000000036e+04 9.146226335571259192e-01
1.116600000000000000e+04 9.191752601156446545e-01
1.116629999999999927e+04 9.225897300345284879e-01
1.116660000000000036e+04 9.260681964860494331e-01
1.116689999999999964e+04 9.299880342865948224e-01
1.116700000000000000e+04 9.312946468867845384e-01
1.116839999999999964e+04 9.500795658915225372e-01
1.117000000000000000e+04 9.735155052926053321e-01
1.117150000000000000e+04 9.965930767389857836e-01
1.117300000000000000e+04 1.020167539095008902e+00
1.117450000000000000e+04 1.043751544983575696e+00
1.117600000000000000e+04 1.066902886459736521e+00
1.117750000000000000e+04 1.089229760653602330e+00
1.117900000000000000e+04 1.110343834182839107e+00
1.118050000000000000e+04 1.130023945458847878e+00
1.118200000000000000e+04 1.147866745531000099e+00
1.118350000000000000e+04 1.163619008923322262e+00
1.118500000000000000e+04 1.177162133963562507e+00
1.118650000000000000e+04 1.188337816196707086e+00
1.118800000000000000e+04 1.197030583935288606e+00
1.118950000000000000e+04 1.203183853298222195e+00
1.119100000000000000e+04 1.206790968859162927e+00
1.119239999999999964e+04 1.207987609588459410e+00
1.119400000000000000e+04 1.206515313413626833e+00
1.119550000000000000e+04 1.202503104431220438e+00
1.119700000000000000e+04 1.196590237509559840e+00
1.119850000000000000e+04 1.189027427702556539e+00
1.120000000000000000e+04 1.180092960792423318e+00

1.110000000000000000e+04 5.252060884863272994e-02
1.110029999999999927e+04 5.420175284282865297e-02
1.110060000000000036e+04 5.596280164026609660e-02
1.110089999999999964e+04 5.781848309946159559e-02
1.110120000000000073e+04 5.979052566658969031e-02
1.110150000000000000e+04 6.190844093553482530e-02
1.110179999999999927e+04 6.416900661450006260e-02
1.110210000000000036e+04 6.658654456235071906e-02
1.110239999999999964e+04 6.917732609168773805e-02
1.110260000000000036e+04 7.100982022540924810e-02
1.110300000000000000e+04 7.495557084705203876e-02
1.110329999999999927e+04 7.818877892403093555e-02
1.110360000000000036e+04 8.168785334578514135e-02
1.110389999999999964e+04 8.548572508873579501e-02
1.110420000000000073e+04 8.962091187370699319e-02
1.110450000000000000e+04 9.413874489809463675e-02
1.110479999999999927e+04 9.909293066277367890e-02
1.110510000000000036e+04 1.045475583863591934e-01
1.110539999999999964e+04 1.105797064499013521e-01
1.110570000000000073e+04 1.172828634624350913e-01
1.110589999999999964e+04 1.221798983574124559e-01
1.110629999999999927e+04 1.331870297346551546e-01
1.110660000000000036e+04 1.427064180418597117e-01
1.110689999999999964e+04 1.535533779068752325e-01
1.110720000000000073e+04 1.660146115545295398e-01
1.110750000000000000e+04 1.804626774350702179e-01
1.110779999999999927e+04 1.973890566613312747e-01
1.110810000000000036e+04 2.174526128268669534e-01
1.110839999999999964e+04 2.415515375086849381e-01
1.110870000000000073e+04 2.709311250116440140e-01
1.110900000000000000e+04 3.073452936241029554e-01
1.110929999999999927e+04 3.532944379510561395e-01
1.110960000000000036e+04 4.123559087952037849e-01
1.110989999999999964e+04 4.895737458359789573e-01
1.111020000000000073e+04 5.917118626564655814e-01
1.111050000000000000e+04 7.269503395443603910e-01
1.111079999999999927e+04 9.053769189316029919e-01
1.111110000000000036e+04 1.052433370357297671e+00
1.111139999999999964e+04 1.088339378841352234e+00
1.111170000000000073e+04 1.126670986598839574e+00
1.111200000000000000e+04 1.166060332348067163e+00
1.111229999999999927e+04 1.208298780702437014e+00
1.111260000000000036e+04 1.257442830115933718e+00
1.111289999999999964e+04 1.320798357353591079e+00
1.111320000000000073e+04 1.435499038728438315e+00
1.111350000000000000e+04 1.573783926928010057e+00
1.111379999999999927e+04 1.720704723302393102e+00
1.111410000000000036e+04 1.873043512723191029e+00
1.111439999999999964e+04 2.025039690320729502e+00
1.111470000000000073e+04 2.169193617987130729e+00
1.111500000000000000e+04 2.297082728233326598e+00
1.111529999999999927e+04 2.400493156474502676e+00
1.111560000000000036e+04 2.473113301103113226e+00
1.111589999999999964e+04 2.511543975612813728e+00
1.111620000000000073e+04 2.515936488452713338e+00
1.111650000000000000e+04 2.489637746902336080e+00
1.111679999999999927e+04 2.438209770107983232e+00
1.111710000000000036e+04 2.368148930619024650e+00
1.111739999999999964e+04 2.285906171418422339e+00
1.111770000000000073e+04 2.197080744632952776e+00
1.111800000000000000e+04 2.106157192301492564e+00
1.111829999999999927e+04 2.016388028857993397e+00
1.111860000000000036e+04 1.930030067030687135e+00
1.111889999999999964e+04 1.848440592961730911e+00
1.111920000000000073e+04 1.772373561934455388e+00
1.111950000000000000e+04 1.702166332220092615e+00
1.111979999999999927e+04 1.637762673591146134e+00
1.112010000000000036e+04 1.579014314420831511e+00
1.112039999999999964e+04 1.525593306912223168e+00
1.112070000000000073e+04 1.477113959162144496e+00
1.112100000000000000e+04 1.433591678092272614e+00
1.112129999999999927e+04 1.395731768204951484e+00
1.112160000000000036e+04 1.358129513602604588e+00
1.112189999999999964e+04 1.327584474567639061e+00
1.112220000000000073e+04 1.297039435532488350e+00
1.112250000000000000e+04 1.272025374455714841e+00
1.112279999999999927e+04 1.247747934069521003e+00
1.112310000000000036e+04 1.226966864176570082e+00
1.112339999999999964e+04 1.207937495549586515e+00
1.112370000000000073e+04 1.190601932162277388e+00
1.112400000000000000e+04 1.175955338338761980e+00
1.112429999999999927e+04 1.161464453907113947e+00
1.112450000000000000e+04 1.154102000834992481e+00
1.112489999999999964e+04 1.139377094690816605e+00
1.112520000000000073e+04 1.130220740673516078e+00
1.112550000000000000e+04 1.122142377745780406e+00
1.112579999999999927e+04 1.114459939585099368e+00
1.112610000000000036e+04 1.108763562949190984e+00
1.112639999999999964e+04 1.103067186313317238e+00
1.112670000000000073e+04 1.098533691286513347e+00
1.112700000000000000e+04 1.094675961803414088e+00
1.112729999999999927e+04 1.090865933974244140e+00
1.112760000000000036e+04 1.088362753617419854e+00
1.112789999999999964e+04 1.085859573260610667e+00
1.112820000000000073e+04 1.083706132788780030e+00
1.112850000000000000e+04 1.082136921539396779e+00
1.112879999999999927e+04 1.080567710290013750e+00
1.112910000000000036e+04 1.079384182675714898e+00
1.112939999999999964e+04 1.078408132940017028e+00
1.112970000000000073e+04 1.077432083204313384e+00
1.113000000000000000e+04 1.076764327965299861e+00
1.113029999999999927e+04 1.076145734569916135e+00
1.113060000000000036e+04 1.075528917202479784e+00
1.113089999999999964e+04 1.075068635424039742e+00
1.113120000000000073e+04 1.074608353645597258e+00
1.113150000000000000e+04 1.074145084722313293e+00
1.113179999999999927e+04 1.073653838413662465e+00
1.113210000000000036e+04 1.073162592105008528e+00
1.113229999999999927e+04 1.072835094565909086e+00
1.113270000000000073e+04 1.071937663568843790e+00
1.113300000000000000e+04 1.071229612354877903e+00
1.113329999999999927e+04 1.070492523763225012e+00
1.113360000000000036e+04 1.069404766082487246e+00
1.113389999999999964e+04 1.068317008401755919e+00
1.113420000000000073e+04 1.067229250721018152e+00
1.113450000000000000e+04 1.065824702098325583e+00
1.113479999999999927e+04 1.064410767928962054e+00
1.113510000000000036e+04 1.062996833759589865e+00
1.113539999999999964e+04 1.061537541272553398e+00
1.113570000000000073e+04 1.060067084277816818e+00
1.113600000000000000e+04 1.058596627283089120e+00
1.113629999999999927e+04 1.057297947770367896e+00
1.113660000000000036e+04 1.056128732930753378e+00
1.113689999999999964e+04 1.054959518091145743e+00
1.113720000000000073e+04 1.053940070573014420e+00
1.113750000000000000e+04 1.053316488859614486e+00
1.113770000000000073e+04 1.052900767717345198e+00
1.113810000000000036e+04 1.052069325432810620e+00
1.113839999999999964e+04 1.051583430132825514e+00
1.113870000000000073e+04 1.051110286480830380e+00
1.113900000000000000e+04 1.050637142828838133e+00
1.113920000000000073e+04 1.050405542934539138e+00
1.113960000000000036e+04 1.050476962060687969e+00
1.113989999999999964e+04 1.050530526405299536e+00
1.114020000000000073e+04 1.050584984639098218e+00
1.114050000000000000e+04 1.050781711193617296e+00
1.114070000000000073e+04 1.050912862229964162e+00
1.114110000000000036e+04 1.051175164302656562e+00
1.114139999999999964e+04 1.051300626454782172e+00
1.114170000000000073e+04 1.051341241877462807e+00
1.114200000000000000e+04 1.051381857300142997e+00
1.114220000000000073e+04 1.051408934248596827e+00
1.114260000000000036e+04 1.051126741636518647e+00
1.114289999999999964e+04 1.050768488844671555e+00
1.114320000000000073e+04 1.050410236052822022e+00
1.114350000000000000e+04 1.049954970057318748e+00
1.114379999999999927e+04 1.049014078327936694e+00
1.114410000000000036e+04 1.048073186598549089e+00
1.114439999999999964e+04 1.047132294869167035e+00
1.114470000000000073e+04 1.045867312009666428e+00
1.114500000000000000e+04 1.044166109203734871e+00
1.114520000000000073e+04 1.043031973999773765e+00
1.114560000000000036e+04 1.040763703591861544e+00
1.114589999999999964e+04 1.038541554320651983e+00
1.114620000000000073e+04 1.036003511981453684e+00
1.114650000000000000e+04 1.033465469642270707e+00
1.114670000000000073e+04 1.031773441416138581e+00
1.114710000000000036e+04 1.027737856848863096e+00
1.114739999999999964e+04 1.024337174018121299e+00
1.114770000000000073e+04 1.020936491187358852e+00
1.114800000000000000e+04 1.017535808356617277e+00
1.114820000000000073e+04 1.014878309978693993e+00
1.114860000000000036e+04 1.009284399141002098e+00
1.114889999999999964e+04 1.005088966012739560e+00
1.114920000000000073e+04 1.000893532884451709e+00
1.114950000000000000e+04 9.961920698304925770e-01
1.114979999999999927e+04 9.913871700635348283e-01
1.115010000000000036e+04 9.865822702965478808e-01
1.115039999999999964e+04 9.817773705295900211e-01
1.115070000000000073e+04 9.767261192097980160e-01
1.115100000000000000e+04 9.716023339479040732e-01
1.115129999999999927e+04 9.664785486860101305e-01
1.115160000000000036e+04 9.613547634240852124e-01
1.115189999999999964e+04 9.562717139104196518e-01
1.115220000000000073e+04 9.512104743664409057e-01
1.115250000000000000e+04 9.461492348224928017e-01
1.115279999999999927e+04 9.410879952785445868e-01
1.115310000000000036e+04 9.362034702227861604e-01
1.115339999999999964e+04 9.315209974687692629e-01
1.115370000000000073e+04 9.268385247147239436e-01
1.115400000000000000e+04 9.221560519607070461e-01
1.115429999999999927e+04 9.176129916195135960e-01
1.115460000000000036e+04 9.135691195176657287e-01
1.115479999999999927e+04 9.108732047831250567e-01
1.115520000000000073e+04 9.054813753139946408e-01
1.115550000000000000e+04 9.014375032121713094e-01
1.115579999999999927e+04 8.981921676178842295e-01
1.115610000000000036e+04 8.950291315683708282e-01
1.115639999999999964e+04 8.918660955188766337e-01
1.115670000000000073e+04 8.887030594693631214e-01
1.115700000000000000e+04 8.860852031700311437e-01
1.115729999999999927e+04 8.839482451112701256e-01
1.115760000000000036e+04 8.818112870524962288e-01
1.115789999999999964e+04 8.796743289937352106e-01
1.115820000000000073e+04 8.776410317390708204e-01
1.115850000000000000e+04 8.766237438078601230e-01
1.115879999999999927e+04 8.756064558766493144e-01
1.115910000000000036e+04 8.745891679454323997e-01
1.115939999999999964e+04 8.735718800142215912e-01
1.115970000000000073e+04 8.731809574716183908e-01
1.116000000000000000e+04 8.732246951498705556e-01
1.116029999999999927e+04 8.732684328281228314e-01
1.116060000000000036e+04 8.733121705063754403e-01
1.116089999999999964e+04 8.733802033882041016e-01
1.116120000000000073e+04 8.744116356580717841e-01
1.116150000000000000e+04 8.754430679279331384e-01
1.116179999999999927e+04 8.764745001977946037e-01
1.116210000000000036e+04 8.775059324676621753e-01
1.116239999999999964e+04 8.788974697415854465e-01
1.116270000000000073e+04 8.808397388269739725e-01
1.116300000000000000e+04 8.827820079123507302e-01
1.116329999999999927e+04 8.847242769977274879e-01
1.116360000000000036e+04 8.866665460831160139e-01
1.116389999999999964e+04 8.891506645534561493e-01
1.116420000000000073e+04 8.918641229989054953e-01
1.116450000000000000e+04 8.945775814443385210e-01
1.116479999999999927e+04 8.972910398897714357e-01
1.116510000000000036e+04 9.000044983352208927e-01
1.116539999999999964e+04 9.033494929049716848e-01
1.116560000000000036e+04 9.056033463834027852e-01
1.116600000000000000e+04 9.101110533402444469e-01
1.116629999999999927e+04 9.134918335578705584e-01
1.116660000000000036e+04 9.169359792680427113e-01
1.116689999999999964e+04 9.208171441693209225e-01
1.116700000000000000e+04 9.221108658030882088e-01
1.116839999999999964e+04 9.407104566862308781e-01
1.117000000000000000e+04 9.639151934043499459e-01
1.117150000000000000e+04 9.867651049385625095e-01
1.117300000000000000e+04 1.010107010623047863e+00
1.117450000000000000e+04 1.033458369171055047e+00
1.117600000000000000e+04 1.056381333762549835e+00
1.117750000000000000e+04 1.078487965356123457e+00
1.117900000000000000e+04 1.099393760378146734e+00
1.118050000000000000e+04 1.118879738233526933e+00
1.118200000000000000e+04 1.136546527912512872e+00
1.118350000000000000e+04 1.152143401265512956e+00
1.118500000000000000e+04 1.165552925995447131e+00
1.118650000000000000e+04 1.176618358831202471e+00
1.118800000000000000e+04 1.185225366823961179e+00
1.118950000000000000e+04 1.191317924036876752e+00
1.119100000000000000e+04 1.194889440583420281e+00
1.119239999999999964e+04 1.196074258585789085e+00
1.119400000000000000e+04 1.194616460765743460e+00
1.119550000000000000e+04 1.190643803065260187e+00
1.119700000000000000e+04 1.184789233859738999e+00
1.119850000000000000e+04 1.177300995472916334e+00
1.120000000000000000e+04 1.168454629021232982e+00

1.110000000000000000e+04 5.293047818365564927e-02
1.110029999999999927e+04 5.462440904185154184e-02
1.110060000000000036e+04 5.639801938440294066e-02
1.110089999999999964e+04 5.826599553959840860e-02
1.110120000000000073e+04 6.024968633139370783e-02
1.110150000000000000e+04 6.238278601823844111e-02
1.110179999999999927e+04 6.465956974385247968e-02
1.110210000000000036e+04 6.709435909544014809e-02
1.110239999999999964e+04 6.970349024958685802e-02
1.110260000000000036e+04 7.154887441553814398e-02
1.110300000000000000e+04 7.552211900201452610e-02
1.110329999999999927e+04 7.877758672917944960e-02
1.110360000000000036e+04 8.230047634601668494e-02
1.110389999999999964e+04 8.612386671316599185e-02
1.110420000000000073e+04 9.028644334766357249e-02
1.110450000000000000e+04 9.483372397636838369e-02
1.110479999999999927e+04 9.981962183473695738e-02
1.110510000000000036e+04 1.053084539611248427e-01
1.110539999999999964e+04 1.113775473802301602e-01
1.110570000000000073e+04 1.181206577792693752e-01
1.110589999999999964e+04 1.230461371117163860e-01
1.110629999999999927e+04 1.341148709620329504e-01
1.110660000000000036e+04 1.436848835137692348e-01
1.110689999999999964e+04 1.545864656980964758e-01
1.110720000000000073e+04 1.671063438901154441e-01
1.110750000000000000e+04 1.816167940209251763e-01
1.110779999999999927e+04 1.986084362336588971e-01
1.110810000000000036e+04 2.187382009248022563e-01
1.110839999999999964e+04 2.429003679997494836e-01
1.110870000000000073e+04 2.723326619884421373e-01
1.110900000000000000e+04 3.087746415627716789e-01
1.110929999999999927e+04 3.546997472786764805e-01
1.110960000000000036e+04 4.136353785662782445e-01
1.110989999999999964e+04 4.905356955416088627e-01
1.111020000000000073e+04 5.920129293264084769e-01
1.111050000000000000e+04 7.260087680391477116e-01
1.111079999999999927e+04 9.020880656185583657e-01
1.111110000000000036e+04 1.046225938094982322e+00
1.111139999999999964e+04 1.084569794500027662e+00
1.111170000000000073e+04 1.124005037340989333e+00
1.111200000000000000e+04 1.164309556724935302e+00
1.111229999999999927e+04 1.207383388133025814e+00
1.111260000000000036e+04 1.257353773285833753e+00
1.111289999999999964e+04 1.321996264681901012e+00
1.111320000000000073e+04 1.435537439096337575e+00
1.111350000000000000e+04 1.573006987293160908e+00
1.111379999999999927e+04 1.719130731554194824e+00
1.111410000000000036e+04 1.870558459616738611e+00
1.111439999999999964e+04 2.021556054067132013e+00
1.111470000000000073e+04 2.164699505831034987e+00
1.111500000000000000e+04 2.291664719249261406e+00
1.111529999999999927e+04 2.394359645099755518e+00
1.111560000000000036e+04 2.466558611254044298e+00
1.111589999999999964e+04 2.504907724947698977e+00
1.111620000000000073e+04 2.509541269317348888e+00
1.111650000000000000e+04 2.483744282471550324e+00
1.111679999999999927e+04 2.432984504344357202e+00
1.111710000000000036e+04 2.363673724600327208e+00
1.111739999999999964e+04 2.282184321887446465e+00
1.111770000000000073e+04 2.194064838830986464e+00
1.111800000000000000e+04 2.103770142338166949e+00
1.111829999999999927e+04 2.014541685757978762e+00
1.111860000000000036e+04 1.928633242009867521e+00
1.111889999999999964e+04 1.847415246614573014e+00
1.111920000000000073e+04 1.771648510979598523e+00
1.111950000000000000e+04 1.701677605196790344e+00
1.111979999999999927e+04 1.637462220176780781e+00
1.112010000000000036e+04 1.578860944241455622e+00
1.112039999999999964e+04 1.525555942179747770e+00
1.112070000000000073e+04 1.477172241868213609e+00
1.112100000000000000e+04 1.433857595802127349e+00
1.112129999999999927e+04 1.396077674345754138e+00
1.112160000000000036e+04 1.358552891051425293e+00
1.112189999999999964e+04 1.328016378962961985e+00
1.112220000000000073e+04 1.297479866874313714e+00
1.112250000000000000e+04 1.272460295289967735e+00
1.112279999999999927e+04 1.248175474875260926e+00
1.112310000000000036e+04 1.227382080310930323e+00
1.112339999999999964e+04 1.208337909718703029e+00
1.112370000000000073e+04 1.190985525216942120e+00
1.112400000000000000e+04 1.176318904815537802e+00
1.112429999999999927e+04 1.161807928897129916e+00
1.112450000000000000e+04 1.154431123501457268e+00
1.112489999999999964e+04 1.139677512710179252e+00
1.112520000000000073e+04 1.130498519145380465e+00
1.112550000000000000e+04 1.122396882060449519e+00
1.112579999999999927e+04 1.114691038239304266e+00
1.112610000000000036e+04 1.108970596288357813e+00
1.112639999999999964e+04 1.103250154337445776e+00
1.112670000000000073e+04 1.098693059262444427e+00
1.112700000000000000e+04 1.094812000103726701e+00
1.112729999999999927e+04 1.090978704557824752e+00
1.112760000000000036e+04 1.088453953926758144e+00
1.112789999999999964e+04 1.085929203295706857e+00
1.112820000000000073e+04 1.083755232080115594e+00
1.112850000000000000e+04 1.082167226589187514e+00
1.112879999999999927e+04 1.080579221098259213e+00
1.112910000000000036e+04 1.079379238818938047e+00
1.112939999999999964e+04 1.078387992989569666e+00
1.112970000000000073e+04 1.077396747160195067e+00
1.113000000000000000e+04 1.076715772235380175e+00
1.113029999999999927e+04 1.076084274319907053e+00
1.113060000000000036e+04 1.075454572284715082e+00
1.113089999999999964e+04 1.074983155583950412e+00
1.113120000000000073e+04 1.074511738883182632e+00
1.113150000000000000e+04 1.074037513707842617e+00
1.113179999999999927e+04 1.073536984560118146e+00
1.113210000000000036e+04 1.073036455412390566e+00
1.113229999999999927e+04 1.072702769313908400e+00
1.113270000000000073e+04 1.071795995557041747e+00
1.113300000000000000e+04 1.071081375061922136e+00
1.113329999999999927e+04 1.070338216007072685e+00
1.113360000000000036e+04 1.069250411824407943e+00
1.113389999999999964e+04 1.068162607641749862e+00
1.113420000000000073e+04 1.067074803459085119e+00
1.113450000000000000e+04 1.065676000429996328e+00
1.113479999999999927e+04 1.064267983456311573e+00
1.113510000000000036e+04 1.062859966482618157e+00
1.113539999999999964e+04 1.061408324818045701e+00
1.113570000000000073e+04 1.059945945361104647e+00
1.113600000000000000e+04 1.058483565904172474e+00
1.113629999999999927e+04 1.057191124912016056e+00
1.113660000000000036e+04 1.056026762568664124e+00
1.113689999999999964e+04 1.054862400225319297e+00
1.113720000000000073e+04 1.053844466838703253e+00
1.113750000000000000e+04 1.053213575272827329e+00
1.113770000000000073e+04 1.052792980895574271e+00
1.113810000000000036e+04 1.051951792141071707e+00
1.113839999999999964e+04 1.051468980431908395e+00
1.113870000000000073e+04 1.050999882945959918e+00
1.113900000000000000e+04 1.050530785460014105e+00
1.113920000000000073e+04 1.050299700243155332e+00
1.113960000000000036e+04 1.050358228178501996e+00
1.113989999999999964e+04 1.050402124130011883e+00
1.114020000000000073e+04 1.050446916224192950e+00
1.114050000000000000e+04 1.050634335295866695e+00
1.114070000000000073e+04 1.050759281343650153e+00
1.114110000000000036e+04 1.051009173439215738e+00
1.114139999999999964e+04 1.051125906218403294e+00
1.114170000000000073e+04 1.051158480560382413e+00
1.114200000000000000e+04 1.051191054902361310e+00
1.114220000000000073e+04 1.051212771130347390e+00
1.114260000000000036e+04 1.050921483336173745e+00
1.114289999999999964e+04 1.050557118019273872e+00
1.114320000000000073e+04 1.050192752702371779e+00
1.114350000000000000e+04 1.049731633974807954e+00
1.114379999999999927e+04 1.048786189977196859e+00
1.114410000000000036e+04 1.047840745979579991e+00
1.114439999999999964e+04 1.046895301981968895e+00
1.114470000000000073e+04 1.045627192209446221e+00
1.114500000000000000e+04 1.043924780989069712e+00
1.114520000000000073e+04 1.042789840175478489e+00
1.114560000000000036e+04 1.040519958548306478e+00
1.114589999999999964e+04 1.038298340938965891e+00
1.114620000000000073e+04 1.035761885414290262e+00
1.114650000000000000e+04 1.033225429889629954e+00
1.114670000000000073e+04 1.031534459539846127e+00
1.114710000000000036e+04 1.027503618446176992e+00
1.114739999999999964e+04 1.024108001602083595e+00
1.114770000000000073e+04 1.020712384757969993e+00
1.114800000000000000e+04 1.017316767913876596e+00
1.114820000000000073e+04 1.014664455418683220e+00
1.114860000000000036e+04 1.009082208515392987e+00
1.114889999999999964e+04 1.004895523337931751e+00
1.114920000000000073e+04 1.000708838160444980e+00
1.114950000000000000e+04 9.960186609469903196e-01
1.114979999999999927e+04 9.912255657862373281e-01
1.115010000000000036e+04 9.864324706254552488e-01
1.115039999999999964e+04 9.816393754647023684e-01
1.115070000000000073e+04 9.766015155086189559e-01
1.115100000000000000e+04 9.714915888036604885e-01
1.115129999999999927e+04 9.663816620987021322e-01
1.115160000000000036e+04 9.612717353937128006e-01
1.115189999999999964e+04 9.562018753584234920e-01
1.115220000000000073e+04 9.511534670673372771e-01
1.115250000000000000e+04 9.461050587762815933e-01
1.115279999999999927e+04 9.410566504852257985e-01
1.115310000000000036e+04 9.361842229610993771e-01
1.115339999999999964e+04 9.315130088144643050e-01
1.115370000000000073e+04 9.268417946678009223e-01
1.115400000000000000e+04 9.221705805211658502e-01
1.115429999999999927e+04 9.176384516868579810e-01
1.115460000000000036e+04 9.136043398567270657e-01
1.115479999999999927e+04 9.109149319699976211e-01
1.115520000000000073e+04 9.055361161964898820e-01
1.115550000000000000e+04 9.015020043663833915e-01
1.115579999999999927e+04 8.982637864095754932e-01
1.115610000000000036e+04 8.951075956398057976e-01
1.115639999999999964e+04 8.919514048700551978e-01
1.115670000000000073e+04 8.887952141002856132e-01
1.115700000000000000e+04 8.861828562032230128e-01
1.115729999999999927e+04 8.840502084780123004e-01
1.115760000000000036e+04 8.819175607527885985e-01
1.115789999999999964e+04 8.797849130275777751e-01
1.115820000000000073e+04 8.777555727381429751e-01
1.115850000000000000e+04 8.767387783077257302e-01
1.115879999999999927e+04 8.757219838773085963e-01
1.115910000000000036e+04 8.747051894468852451e-01
1.115939999999999964e+04 8.736883950164681112e-01
1.115970000000000073e+04 8.732969354626076708e-01
1.116000000000000000e+04 8.733394210157031656e-01
1.116029999999999927e+04 8.733819065687986605e-01
1.116060000000000036e+04 8.734243921218944884e-01
1.116089999999999964e+04 8.734911407400629546e-01
1.116120000000000073e+04 8.745200143295132067e-01
1.116150000000000000e+04 8.755488879189571305e-01
1.116179999999999927e+04 8.765777615084011654e-01
1.116210000000000036e+04 8.776066350978514174e-01
1.116239999999999964e+04 8.789948949773522813e-01
1.116270000000000073e+04 8.809327874926297097e-01
1.116300000000000000e+04 8.828706800078952588e-01
1.116329999999999927e+04 8.848085725231609189e-01
1.116360000000000036e+04 8.867464650384382363e-01
1.116389999999999964e+04 8.892259616728189764e-01
1.116420000000000073e+04 8.919346944725325965e-01
1.116450000000000000e+04 8.946434272722296743e-01
1.116479999999999927e+04 8.973521600719268632e-01
1.116510000000000036e+04 9.000608928716404833e-01
1.116539999999999964e+04 9.033998989458159601e-01
1.116560000000000036e+04 9.056497123880680178e-01
1.116600000000000000e+04 9.101493392725517051e-01
1.116629999999999927e+04 9.135240594359094191e-01
1.116660000000000036e+04 9.169621920181758590e-01
1.116689999999999964e+04 9.208376674333327294e-01
1.116700000000000000e+04 9.221294925717261615e-01
1.116839999999999964e+04 9.407018679339546052e-01
1.117000000000000000e+04 9.638736511218014558e-01
1.117150000000000000e+04 9.866937390189564061e-01
1.117300000000000000e+04 1.010007296678941957e+00
1.117450000000000000e+04 1.033331521941004416e+00
1.117600000000000000e+04 1.056228848297667389e+00
1.117750000000000000e+04 1.078311183362115955e+00
1.117900000000000000e+04 1.099196041074764540e+00
1.118050000000000000e+04 1.118661702249230894e+00
1.118200000000000000e+04 1.136311257919910389e+00
1.118350000000000000e+04 1.151892677080825100e+00
1.118500000000000000e+04 1.165289197453254433e+00
1.118650000000000000e+04 1.176344285016271751e+00
1.118800000000000000e+04 1.184943983578571780e+00
1.118950000000000000e+04 1.191032299893809210e+00
1.119100000000000000e+04 1.194602800809023702e+00
1.119239999999999964e+04 1.195789710515181126e+00
1.119400000000000000e+04 1.194337126658140624e+00
1.119550000000000000e+04 1.190373959086506117e+00
1.119700000000000000e+04 1.184530158190052029e+00
1.119850000000000000e+04 1.177054405138240334e+00
1.120000000000000000e+04 1.168221797385184724e+00

1.110000000000000000e+04 5.244482468354744881e-02
1.110029999999999927e+04 5.412407004134337646e-02
1.110060000000000036e+04 5.587727943202376590e-02
1.110089999999999964e+04 5.773077282741927163e-02
1.110120000000000073e+04 5.969375057283030084e-02
1.110150000000000000e+04 6.180447533115190212e-02
1.110179999999999927e+04 6.405714076121070411e-02
1.110210000000000036e+04 6.646597364087940274e-02
1.110239999999999964e+04 6.904713384338291571e-02
1.110260000000000036e+04 7.087264083679029048e-02
1.110300000000000000e+04 7.480283782539465243e-02
1.110329999999999927e+04 7.802278571754689418e-02
1.110360000000000036e+04 8.150698964012377534e-02
1.110389999999999964e+04 8.528811267342176206e-02
1.110420000000000073e+04 8.940434702675247036e-02
1.110450000000000000e+04 9.390062538057894481e-02
1.110479999999999927e+04 9.883016236985792125e-02
1.110510000000000036e+04 1.042564348203531555e-01
1.110539999999999964e+04 1.102557514731812155e-01
1.110570000000000073e+04 1.169206238558724853e-01
1.110589999999999964e+04 1.217885009278901198e-01
1.110629999999999927e+04 1.327264708117258385e-01
1.110660000000000036e+04 1.421820547455310280e-01
1.110689999999999964e+04 1.529518792474525157e-01
1.110720000000000073e+04 1.653187873656722373e-01
1.110750000000000000e+04 1.796500395658275073e-01
1.110779999999999927e+04 1.964297286277093824e-01
1.110810000000000036e+04 2.163062511177981651e-01
1.110839999999999964e+04 2.401627489358131307e-01
1.110870000000000073e+04 2.692226188902367978e-01
1.110900000000000000e+04 3.052077561332913191e-01
1.110929999999999927e+04 3.505721891196341145e-01
1.110960000000000036e+04 4.088290098174455767e-01
1.110989999999999964e+04 4.849438551356547444e-01
1.111020000000000073e+04 5.856168145123042956e-01
1.111050000000000000e+04 7.190478196379428422e-01
1.111079999999999927e+04 8.953035069776345001e-01
1.111110000000000036e+04 1.048409829005061411e+00
1.111139999999999964e+04 1.084554137838710020e+00
1.111170000000000073e+04 1.123338441838408475e+00
1.111200000000000000e+04 1.163124032703998223e+00
1.111229999999999927e+04 1.205554123400670807e+00
1.111260000000000036e+04 1.254627952984053385e+00
1.111289999999999964e+04 1.317538953841431271e+00
1.111320000000000073e+04 1.430382379657194170e+00
1.111350000000000000e+04 1.568462486828943847e+00
1.111379999999999927e+04 1.715213977030853210e+00
1.111410000000000036e+04 1.867522074955491274e+00
1.111439999999999964e+04 2.019702902091215613e+00
1.111470000000000073e+04 2.164300036245400349e+00
1.111500000000000000e+04 2.292913675279057983e+00
1.111529999999999927e+04 2.397291941229972689e+00
1.111560000000000036e+04 2.471039523858256981e+00
1.111589999999999964e+04 2.510642200488620190e+00
1.111620000000000073e+04 2.516141565813589942e+00
1.111650000000000000e+04 2.490786084405894218e+00
1.111679999999999927e+04 2.440097289056228469e+00
1.111710000000000036e+04 2.370551866348388437e+00
1.111739999999999964e+04 2.288617936457991053e+00
1.111770000000000073e+04 2.199932851823072077e+00
1.111800000000000000e+04 2.109022639035641244e+00
1.111829999999999927e+04 2.019180476889419928e+00
1.111860000000000036e+04 1.932688686378398746e+00
1.111889999999999964e+04 1.850931291982444771e+00
1.111920000000000073e+04 1.774678883979714961e+00
1.111950000000000000e+04 1.704283286106307527e+00
1.111979999999999927e+04 1.639695649159289337e+00
1.112010000000000036e+04 1.580768408251088442e+00
1.112039999999999964e+04 1.527182021657536470e+00
1.112070000000000073e+04 1.478549040451889285e+00
1.112100000000000000e+04 1.434760400498070521e+00
1.112129999999999927e+04 1.396903997320103841e+00
1.112160000000000036e+04 1.359061419241047508e+00
1.112189999999999964e+04 1.328519274455111088e+00
1.112220000000000073e+04 1.297977129668989704e+00
1.112250000000000000e+04 1.272756608179881344e+00
1.112279999999999927e+04 1.248481550104432181e+00
1.112310000000000036e+04 1.227527658074980321e+00
1.112339999999999964e+04 1.208500247161513608e+00
1.112370000000000073e+04 1.191020424466088690e+00
1.112400000000000000e+04 1.176375435720259377e+00
1.112429999999999927e+04 1.161766056345520104e+00
1.112450000000000000e+04 1.154404479059944810e+00
1.112489999999999964e+04 1.139681324488861280e+00
1.112520000000000073e+04 1.130427294641240366e+00
1.112550000000000000e+04 1.122350003952910624e+00
1.112579999999999927e+04 1.114589212125083995e+00
1.112610000000000036e+04 1.108893709332178679e+00
1.112639999999999964e+04 1.103198206539307780e+00
1.112670000000000073e+04 1.098604200972425282e+00
1.112700000000000000e+04 1.094747184859236500e+00
1.112729999999999927e+04 1.090892718521803140e+00
1.112760000000000036e+04 1.088390123714239488e+00
1.112789999999999964e+04 1.085887528906690935e+00
1.112820000000000073e+04 1.083703507522515208e+00
1.112850000000000000e+04 1.082134781691255876e+00
1.112879999999999927e+04 1.080566055859996544e+00
1.112910000000000036e+04 1.079363193921399899e+00
1.112939999999999964e+04 1.078387552292695784e+00
1.112970000000000073e+04 1.077411910663985894e+00
1.113000000000000000e+04 1.076732598270222052e+00
1.113029999999999927e+04 1.076114352617178582e+00
1.113060000000000036e+04 1.075496106964131338e+00
1.113089999999999964e+04 1.075032627018978282e+00
1.113120000000000073e+04 1.074572647084742538e+00
1.113150000000000000e+04 1.074110710069248409e+00
1.113179999999999927e+04 1.073619732542750782e+00
1.113210000000000036e+04 1.073128755016250269e+00
1.113229999999999927e+04 1.072801436665252739e+00
1.113270000000000073e+04 1.071911568023810712e+00
1.113300000000000000e+04 1.071203764529220948e+00
1.113329999999999927e+04 1.070479580070573533e+00
1.113360000000000036e+04 1.069392059246949689e+00
1.113389999999999964e+04 1.068304538423332062e+00
1.113420000000000073e+04 1.067217017599708218e+00
1.113450000000000000e+04 1.065823569462727383e+00
1.113479999999999927e+04 1.064409862638698856e+00
1.113510000000000036e+04 1.062996155814661892e+00
1.113539999999999964e+04 1.061538961646910195e+00
1.113570000000000073e+04 1.060068714939298884e+00
1.113600000000000000e+04 1.058598468231696232e+00
1.113629999999999927e+04 1.057289942279097561e+00
1.113660000000000036e+04 1.056120909188870804e+00
1.113689999999999964e+04 1.054951876098651375e+00
1.113720000000000073e+04 1.053914413927288463e+00
1.113750000000000000e+04 1.053290978169217240e+00
1.113770000000000073e+04 1.052875354330500279e+00
1.113810000000000036e+04 1.052044106653070576e+00
1.113839999999999964e+04 1.051553326198619187e+00
1.113870000000000073e+04 1.051080309783631206e+00
1.113900000000000000e+04 1.050607293368646333e+00
1.113920000000000073e+04 1.050358217374826042e+00
1.113960000000000036e+04 1.050429763858584664e+00
1.113989999999999964e+04 1.050483423721403575e+00
1.114020000000000073e+04 1.050537083584222708e+00
1.114050000000000000e+04 1.050730012325397977e+00
1.114070000000000073e+04 1.050861216661332920e+00
1.114110000000000036e+04 1.051123625333201916e+00
1.114139999999999964e+04 1.051254369982389525e+00
1.114170000000000073e+04 1.051295062620965837e+00
1.114200000000000000e+04 1.051335755259541704e+00
1.114220000000000073e+04 1.051362883685259098e+00
1.114260000000000036e+04 1.051094095846089704e+00
1.114289999999999964e+04 1.050735927939091319e+00
1.114320000000000073e+04 1.050377760032090935e+00
1.114350000000000000e+04 1.049942002302625355e+00
1.114379999999999927e+04 1.049001211101408426e+00
1.114410000000000036e+04 1.048060419900185725e+00
1.114439999999999964e+04 1.047119628698968796e+00
1.114470000000000073e+04 1.045880099234627769e+00
1.114500000000000000e+04 1.044179020280332049e+00
1.114520000000000073e+04 1.043044967644128240e+00
1.114560000000000036e+04 1.040776862371730616e+00
1.114589999999999964e+04 1.038582747483761670e+00
1.114620000000000073e+04 1.036044855949606935e+00
1.114650000000000000e+04 1.033506964415467522e+00
1.114670000000000073e+04 1.031815036726031032e+00
1.114710000000000036e+04 1.027808428545117225e+00
1.114739999999999964e+04 1.024407925095144112e+00
1.114770000000000073e+04 1.021007421645150570e+00
1.114800000000000000e+04 1.017606918195177457e+00
1.114820000000000073e+04 1.014976043164112163e+00
1.114860000000000036e+04 1.009382406687893141e+00
1.114889999999999964e+04 1.005187179330735203e+00
1.114920000000000073e+04 1.000991951973551730e+00
1.114950000000000000e+04 9.963110259817604675e-01
1.114979999999999927e+04 9.915063517317400654e-01
1.115010000000000036e+04 9.867016774816906866e-01
1.115039999999999964e+04 9.818970032316702845e-01
1.115070000000000073e+04 9.768566134920828592e-01
1.115100000000000000e+04 9.717330626036155827e-01
1.115129999999999927e+04 9.666095117151481952e-01
1.115160000000000036e+04 9.614859608266497215e-01
1.115189999999999964e+04 9.564010573924695002e-01
1.115220000000000073e+04 9.513400466606122263e-01
1.115250000000000000e+04 9.462790359287855946e-01
1.115279999999999927e+04 9.412180251969589628e-01
1.115310000000000036e+04 9.363210958128120875e-01
1.115339999999999964e+04 9.316388343720368725e-01
1.115370000000000073e+04 9.269565729312332358e-01
1.115400000000000000e+04 9.222743114904580208e-01
1.115429999999999927e+04 9.177101707277862674e-01
1.115460000000000036e+04 9.136664826582570065e-01
1.115479999999999927e+04 9.109706906119287018e-01
1.115520000000000073e+04 9.055791065192230205e-01
1.115550000000000000e+04 9.015354184497182954e-01
1.115579999999999927e+04 8.982608738868995690e-01
1.115610000000000036e+04 8.950979854543411607e-01
1.115639999999999964e+04 8.919350970218019592e-01
1.115670000000000073e+04 8.887722085892435508e-01
1.115700000000000000e+04 8.861202764772353468e-01
1.115729999999999927e+04 8.839834242074489090e-01
1.115760000000000036e+04 8.818465719376495926e-01
1.115789999999999964e+04 8.797097196678632658e-01
1.115820000000000073e+04 8.776392031834592267e-01
1.115850000000000000e+04 8.766219757887544484e-01
1.115879999999999927e+04 8.756047483940496701e-01
1.115910000000000036e+04 8.745875209993387855e-01
1.115939999999999964e+04 8.735702936046341183e-01
1.115970000000000073e+04 8.731440402358771058e-01
1.116000000000000000e+04 8.731877956461882029e-01
1.116029999999999927e+04 8.732315510564993000e-01
1.116060000000000036e+04 8.732753064668106191e-01
1.116089999999999964e+04 8.733190618771218272e-01
1.116120000000000073e+04 8.743418444703529024e-01
1.116150000000000000e+04 8.753732546653244517e-01
1.116179999999999927e+04 8.764046648602960010e-01
1.116210000000000036e+04 8.774360750552737676e-01
1.116239999999999964e+04 8.787972157443799670e-01
1.116270000000000073e+04 8.807394260645393658e-01
1.116300000000000000e+04 8.826816363846869962e-01
1.116329999999999927e+04 8.846238467048346266e-01
1.116360000000000036e+04 8.865660570249940253e-01
1.116389999999999964e+04 8.890243895697604870e-01
1.116420000000000073e+04 8.917377580996651565e-01
1.116450000000000000e+04 8.944511266295535057e-01
1.116479999999999927e+04 8.971644951594418549e-01
1.116510000000000036e+04 8.998778636893466354e-01
1.116539999999999964e+04 9.032004996177135370e-01
1.116560000000000036e+04 9.054542751417429258e-01
1.116600000000000000e+04 9.099618261897812754e-01
1.116629999999999927e+04 9.133424894758047641e-01
1.116660000000000036e+04 9.167698368574533907e-01
1.116689999999999964e+04 9.206508643827459037e-01
1.116700000000000000e+04 9.219445402245178833e-01
1.116839999999999964e+04 9.405304017130455829e-01
1.117000000000000000e+04 9.637258322662328736e-01
1.117150000000000000e+04 9.865705246970885023e-01
1.117300000000000000e+04 1.009910563745073597e+00
1.117450000000000000e+04 1.033263324189606092e+00
1.117600000000000000e+04 1.056190547597533058e+00
1.117750000000000000e+04 1.078304690913401753e+00
1.117900000000000000e+04 1.099219858196667676e+00
1.118050000000000000e+04 1.118717815305311225e+00
1.118200000000000000e+04 1.136383953990610429e+00
1.118350000000000000e+04 1.151994718431772480e+00
1.118500000000000000e+04 1.165420118571362185e+00
1.118650000000000000e+04 1.176503103514242810e+00
1.118800000000000000e+04 1.185129001361884038e+00
1.118950000000000000e+04 1.191241162635679363e+00
1.119100000000000000e+04 1.194832545874190188e+00
1.119239999999999964e+04 1.196036446969853673e+00
1.119400000000000000e+04 1.194578727984870969e+00
1.119550000000000000e+04 1.190624306631361540e+00
1.119700000000000000e+04 1.184785394723637086e+00
1.119850000000000000e+04 1.177310468430012191e+00
1.120000000000000000e+04 1.168474240356554672e+00

1.110000000000000000e+04 8.644589016267154036e-02
1.110029999999999927e+04 8.915501529780295309e-02
1.110060000000000036e+04 9.202672183561269592e-02
1.110089999999999964e+04 9.506670375997651468e-02
1.110120000000000073e+04 9.828910534287958745e-02
1.110150000000000000e+04 1.017097846531353073e-01
1.110179999999999927e+04 1.053463796482543569e-01
1.110210000000000036e+04 1.092184964970574768e-01
1.110239999999999964e+04 1.133483115181975615e-01
1.110260000000000036e+04 1.162567701128844749e-01
1.110300000000000000e+04 1.224831734950917461e-01
1.110329999999999927e+04 1.275477609819852809e-01
1.110360000000000036e+04 1.329901329778026275e-01
1.110389999999999964e+04 1.388510316688220114e-01
1.110420000000000073e+04 1.451769620689535301e-01
1.110450000000000000e+04 1.520211978119365426e-01
1.110479999999999927e+04 1.594449936793433664e-01
1.110510000000000036e+04 1.675190523382183716e-01
1.110539999999999964e+04 1.763253042758298195e-01
1.110570000000000073e+04 1.859590735864509459e-01
1.110589999999999964e+04 1.928955574305617482e-01
1.110629999999999927e+04 2.081738538087445356e-01
1.110660000000000036e+04 2.210392795848548364e-01
1.110689999999999964e+04 2.353097574312690288e-01
1.110720000000000073e+04 2.512007751002964251e-01
1.110750000000000000e+04 2.689684159248973416e-01
1.110779999999999927e+04 2.889173606993400423e-01
1.110810000000000036e+04 3.114098412672300364e-01
1.110839999999999964e+04 3.368749301812755115e-01
1.110870000000000073e+04 3.658167113716782604e-01
1.110900000000000000e+04 3.988183594288873812e-01
1.110929999999999927e+04 4.365366055059969885e-01
1.110960000000000036e+04 4.796772259101546587e-01
1.110989999999999964e+04 5.289375023905239503e-01
1.111020000000000073e+04 5.848988399450876230e-01
1.111050000000000000e+04 6.478603324282187215e-01
1.111079999999999927e+04 7.176405455842770342e-01
1.111110000000000036e+04 7.934616809304031460e-01
1.111139999999999964e+04 8.741195113949816742e-01
1.111170000000000073e+04 9.584775564102934187e-01
1.111200000000000000e+04 1.045801525337769711e+00
1.111229999999999927e+04 1.135454803074328112e+00
1.111260000000000036e+04 1.226360292319239598e+00
1.111289999999999964e+04 1.316853213389369559e+00
1.111320000000000073e+04 1.404860000613311399e+00
1.111350000000000000e+04 1.488094002274348959e+00
1.111379999999999927e+04 1.564208338621909666e+00
1.111410000000000036e+04 1.630963362010880768e+00
1.111439999999999964e+04 1.686425951037622939e+00
1.111470000000000073e+04 1.729170014690538659e+00
1.111500000000000000e+04 1.758430948443919117e+00
1.111529999999999927e+04 1.774175333091117635e+00
1.111560000000000036e+04 1.777070239953624675e+00
1.111589999999999964e+04 1.768363564005142052e+00
1.111620000000000073e+04 1.749707349967433379e+00
1.111650000000000000e+04 1.722963563717422097e+00
1.111679999999999927e+04 1.690026761607070549e+00
1.111710000000000036e+04 1.652685724857603011e+00
1.111739999999999964e+04 1.612533860450911627e+00
1.111770000000000073e+04 1.570917550680563046e+00
1.111800000000000000e+04 1.528931333926513592e+00
1.111829999999999927e+04 1.487424236595825233e+00
1.111860000000000036e+04 1.447033129959873987e+00
1.111889999999999964e+04 1.408207901748408819e+00
1.111920000000000073e+04 1.371256179837439637e+00
1.111950000000000000e+04 1.336361829641320220e+00
1.111979999999999927e+04 1.303622144716797493e+00
1.112010000000000036e+04 1.273519477154116730e+00
1.112039999999999964e+04 1.245686441917385867e+00
1.112070000000000073e+04 1.218545035687149447e+00
1.112100000000000000e+04 1.194937997371152028e+00
1.112129999999999927e+04 1.171373731089372594e+00
1.112160000000000036e+04 1.151687606828864396e+00
1.112189999999999964e+04 1.132001482568475437e+00
1.112220000000000073e+04 1.115127560005544138e+00
1.112250000000000000e+04 1.098980322812940225e+00
1.112279999999999927e+04 1.084439811636114470e+00
1.112310000000000036e+04 1.071413001815554322e+00
1.112339999999999964e+04 1.058849633671530066e+00
1.112370000000000073e+04 1.048522672469420991e+00
1.112400000000000000e+04 1.038195711267374532e+00
1.112429999999999927e+04 1.029623050163299025e+00
1.112450000000000000e+04 1.024267403351318384e+00
1.112489999999999964e+04 1.014118276343355385e+00
1.112520000000000073e+04 1.007992697996511033e+00
1.112550000000000000e+04 1.001867119649703541e+00
1.112579999999999927e+04 9.969174851465850695e-01
1.112610000000000036e+04 9.923373651713763843e-01
1.112639999999999964e+04 9.879555593689967052e-01
1.112670000000000073e+04 9.845872364635105400e-01
1.112700000000000000e+04 9.812189135580446919e-01
1.112729999999999927e+04 9.783105127806883683e-01
1.112760000000000036e+04 9.758567238177370262e-01
1.112789999999999964e+04 9.734029348548006721e-01
1.112820000000000073e+04 9.714618235779411970e-01
1.112850000000000000e+04 9.696664499251562708e-01
1.112879999999999927e+04 9.678710762723712335e-01
1.112910000000000036e+04 9.665186031401681310e-01
1.112939999999999964e+04 9.651701953308758908e-01
1.112970000000000073e+04 9.638595244632358616e-01
1.113000000000000000e+04 9.627813309201438408e-01
1.113029999999999927e+04 9.617031373770517089e-01
1.113060000000000036e+04 9.606521222559453177e-01
1.113089999999999964e+04 9.596947716714171461e-01
1.113120000000000073e+04 9.587374210868830904e-01
1.113150000000000000e+04 9.577804253129262868e-01
1.113179999999999927e+04 9.568245131965416039e-01
1.113210000000000036e+04 9.558686010801512589e-01
1.113229999999999927e+04 9.552313263358966910e-01
1.113270000000000073e+04 9.538749654602785011e-01
1.113300000000000000e+04 9.528511550216650638e-01
1.113329999999999927e+04 9.518215819290531954e-01
1.113360000000000036e+04 9.507399498735485954e-01
1.113389999999999964e+04 9.496583178180505458e-01
1.113420000000000073e+04 9.485766857625459458e-01
1.113450000000000000e+04 9.475229326661357421e-01
1.113479999999999927e+04 9.464712485225295069e-01
1.113510000000000036e+04 9.454195643789169434e-01
1.113539999999999964e+04 9.444694718508741538e-01
1.113570000000000073e+04 9.435631953549543649e-01
1.113600000000000000e+04 9.426569188590400161e-01
1.113629999999999927e+04 9.418346144526855701e-01
1.113660000000000036e+04 9.411367464739508470e-01
1.113689999999999964e+04 9.404388784952204539e-01
1.113720000000000073e+04 9.397495630286909485e-01
1.113750000000000000e+04 9.392475229121417524e-01
1.113770000000000073e+04 9.389128295011069936e-01
1.113810000000000036e+04 9.382434426790403625e-01
1.113839999999999964e+04 9.378463096723100856e-01
1.113870000000000073e+04 9.375132218817118224e-01
1.113900000000000000e+04 9.371801340911156686e-01
1.113920000000000073e+04 9.369580755640503078e-01
1.113960000000000036e+04 9.365787872809970827e-01
1.113989999999999964e+04 9.363028334104863681e-01
1.114020000000000073e+04 9.360268795399739883e-01
1.114050000000000000e+04 9.356897696551421673e-01
1.114070000000000073e+04 9.354360991947245907e-01
1.114110000000000036e+04 9.349287582738918800e-01
1.114139999999999964e+04 9.345482525832679022e-01
1.114170000000000073e+04 9.339140503251820435e-01
1.114200000000000000e+04 9.332724564758390073e-01
1.114220000000000073e+04 9.328447272429410964e-01
1.114260000000000036e+04 9.318727891626712445e-01
1.114289999999999964e+04 9.308362736895411382e-01
1.114320000000000073e+04 9.297997582164048147e-01
1.114350000000000000e+04 9.287632427432748194e-01
1.114379999999999927e+04 9.274501878859933157e-01
1.114410000000000036e+04 9.259151322346022006e-01
1.114439999999999964e+04 9.243800765832203004e-01
1.114470000000000073e+04 9.228450209318291853e-01
1.114500000000000000e+04 9.208917385274286715e-01
1.114520000000000073e+04 9.194970830672375417e-01
1.114560000000000036e+04 9.167077721468678275e-01
1.114589999999999964e+04 9.146157889565937893e-01
1.114620000000000073e+04 9.120264250952161422e-01
1.114650000000000000e+04 9.093716087825826078e-01
1.114670000000000073e+04 9.076017312408161120e-01
1.114710000000000036e+04 9.040619761572993296e-01
1.114739999999999964e+04 9.009248582471430788e-01
1.114770000000000073e+04 8.977639352494779512e-01
1.114800000000000000e+04 8.946030122518319194e-01
1.114820000000000073e+04 8.924957302533885750e-01
1.114860000000000036e+04 8.879171691615257433e-01
1.114889999999999964e+04 8.843765764114410732e-01
1.114920000000000073e+04 8.808359836613349758e-01
1.114950000000000000e+04 8.772953909112504167e-01
1.114979999999999927e+04 8.735836881038312463e-01
1.115010000000000036e+04 8.698531790825444476e-01
1.115039999999999964e+04 8.661226700612802976e-01
1.115070000000000073e+04 8.623921610399934989e-01
1.115100000000000000e+04 8.586911173028243249e-01
1.115129999999999927e+04 8.549983972405312826e-01
1.115160000000000036e+04 8.513056771782158139e-01
1.115189999999999964e+04 8.476129571159227716e-01
1.115220000000000073e+04 8.440755619455725389e-01
1.115250000000000000e+04 8.406438968210580009e-01
1.115279999999999927e+04 8.372122316965434630e-01
1.115310000000000036e+04 8.337805665720080528e-01
1.115339999999999964e+04 8.305082509009797942e-01
1.115370000000000073e+04 8.275361421099574066e-01
1.115400000000000000e+04 8.245640333189531157e-01
1.115429999999999927e+04 8.215919245279487138e-01
1.115460000000000036e+04 8.186417200185147625e-01
1.115479999999999927e+04 8.170774953860989731e-01
1.115520000000000073e+04 8.139490461212387507e-01
1.115550000000000000e+04 8.116027091726077947e-01
1.115579999999999927e+04 8.092563722239769497e-01
1.115610000000000036e+04 8.074009804264060675e-01
1.115639999999999964e+04 8.057987692803741941e-01
1.115670000000000073e+04 8.041965581343326619e-01
1.115700000000000000e+04 8.025943469883008996e-01
1.115729999999999927e+04 8.011704070223837348e-01
1.115760000000000036e+04 8.003747848315455604e-01
1.115789999999999964e+04 7.995791626407121599e-01
1.115820000000000073e+04 7.987835404498739855e-01
1.115850000000000000e+04 7.979879182590405851e-01
1.115879999999999927e+04 7.977723503752742751e-01
1.115910000000000036e+04 7.977837303720387574e-01
1.115939999999999964e+04 7.977951103688032397e-01
1.115970000000000073e+04 7.978064903655678330e-01
1.116000000000000000e+04 7.979357048261466190e-01
1.116029999999999927e+04 7.987170687972916516e-01
1.116060000000000036e+04 7.994984327684414582e-01
1.116089999999999964e+04 8.002797967395863799e-01
1.116120000000000073e+04 8.010611607107361865e-01
1.116150000000000000e+04 8.022142001729423155e-01
1.116179999999999927e+04 8.037051484371084964e-01
1.116210000000000036e+04 8.051960967012836701e-01
1.116239999999999964e+04 8.066870449654499620e-01
1.116270000000000073e+04 8.081779932296251356e-01
1.116300000000000000e+04 8.101898398413752700e-01
1.116329999999999927e+04 8.123075818153079330e-01
1.116360000000000036e+04 8.144253237892534747e-01
1.116389999999999964e+04 8.165430657631861378e-01
1.116420000000000073e+04 8.187007485930760664e-01
1.116450000000000000e+04 8.213523786496668144e-01
1.116479999999999927e+04 8.240040087062575624e-01
1.116510000000000036e+04 8.266556387628644087e-01
1.116539999999999964e+04 8.293072688194551567e-01
1.116560000000000036e+04 8.310750221905263135e-01
1.116600000000000000e+04 8.351498057950212939e-01
1.116629999999999927e+04 8.382311143513970775e-01
1.116660000000000036e+04 8.413124229077915128e-01
1.116689999999999964e+04 8.443937314641672964e-01
1.116700000000000000e+04 8.454208343162987749e-01
1.116839999999999964e+04 8.612387965342230833e-01
1.117000000000000000e+04 8.805105285768023426e-01
1.117150000000000000e+04 8.993218103728413126e-01
1.117300000000000000e+04 9.183666066272235806e-01
1.117450000000000000e+04 9.372504597171728014e-01
1.117600000000000000e+04 9.556202653866558983e-01
1.117750000000000000e+04 9.731589875972074255e-01
1.117900000000000000e+04 9.896058122508271104e-01
1.118050000000000000e+04 1.004729338098408142e+00
1.118200000000000000e+04 1.018331917100296691e+00
1.118350000000000000e+04 1.030245794726450725e+00
1.118500000000000000e+04 1.040332349342683260e+00
1.118650000000000000e+04 1.048486051708998668e+00
1.118800000000000000e+04 1.054638153451899152e+00
1.118950000000000000e+04 1.058601387485958112e+00
1.119100000000000000e+04 1.060314021194843193e+00
1.119239999999999964e+04 1.060134106795847408e+00
1.119400000000000000e+04 1.058034729928128970e+00
1.119550000000000000e+04 1.054336257047643333e+00
1.119700000000000000e+04 1.049175225411104417e+00
1.119850000000000000e+04 1.042711170253998398e+00
1.120000000000000000e+04 1.035027582067325147e+00

1.110000000000000000e+04 8.731034906429825659e-02
1.110029999999999927e+04 9.004656545078097707e-02
1.110060000000000036e+04 9.294698905396882316e-02
1.110089999999999964e+04 9.601737079757627358e-02
1.110120000000000073e+04 9.927199639630837624e-02
1.110150000000000000e+04 1.027268824996666469e-01
1.110179999999999927e+04 1.063998434447369079e-01
1.110210000000000036e+04 1.103106814620280623e-01
1.110239999999999964e+04 1.144817946333795272e-01
1.110260000000000036e+04 1.174193378140133137e-01
1.110300000000000000e+04 1.237080052300426614e-01
1.110329999999999927e+04 1.288232385918051393e-01
1.110360000000000036e+04 1.343200343075806602e-01
1.110389999999999964e+04 1.402395419855102243e-01
1.110420000000000073e+04 1.466287316896430770e-01
1.110450000000000000e+04 1.535414097900558994e-01
1.110479999999999927e+04 1.610394436161367848e-01
1.110510000000000036e+04 1.691942428616005634e-01
1.110539999999999964e+04 1.780885573185880810e-01
1.110570000000000073e+04 1.878186643223154206e-01
1.110589999999999964e+04 1.948245130048673612e-01
1.110629999999999927e+04 2.102555923468319710e-01
1.110660000000000036e+04 2.232496723807033956e-01
1.110689999999999964e+04 2.376628550055817080e-01
1.110720000000000073e+04 2.537127828512993344e-01
1.110750000000000000e+04 2.716581000841463700e-01
1.110779999999999927e+04 2.918065343063334094e-01
1.110810000000000036e+04 3.145239396799022757e-01
1.110839999999999964e+04 3.402436794830883127e-01
1.110870000000000073e+04 3.694748784853950085e-01
1.110900000000000000e+04 4.028065430231763111e-01
1.110929999999999927e+04 4.409019715610569823e-01
1.110960000000000036e+04 4.844739981692561814e-01
1.110989999999999964e+04 5.342268774144290910e-01
1.111020000000000073e+04 5.907478283445385392e-01
1.111050000000000000e+04 6.543389357525009054e-01
1.111079999999999927e+04 7.248169510401197835e-01
1.111110000000000036e+04 8.013962977397072196e-01
1.111139999999999964e+04 8.828607065089315586e-01
1.111170000000000073e+04 9.680623319743963950e-01
1.111200000000000000e+04 1.056259540591147461e+00
1.111229999999999927e+04 1.146809351105071428e+00
1.111260000000000036e+04 1.238623895242431994e+00
1.111289999999999964e+04 1.330021745523263244e+00
1.111320000000000073e+04 1.418908600619444682e+00
1.111350000000000000e+04 1.502974942297092387e+00
1.111379999999999927e+04 1.579850422008128863e+00
1.111410000000000036e+04 1.647272995630989723e+00
1.111439999999999964e+04 1.703290210547999006e+00
1.111470000000000073e+04 1.746461714837443946e+00
1.111500000000000000e+04 1.776015257928358348e+00
1.111529999999999927e+04 1.791917086422028849e+00
1.111560000000000036e+04 1.794840942353160829e+00
1.111589999999999964e+04 1.786047199645193428e+00
1.111620000000000073e+04 1.767204423467107599e+00
1.111650000000000000e+04 1.740193199354596487e+00
1.111679999999999927e+04 1.706927029223141323e+00
1.111710000000000036e+04 1.669212582106178733e+00
1.111739999999999964e+04 1.628659199055420670e+00
1.111770000000000073e+04 1.586626726187368552e+00
1.111800000000000000e+04 1.544220647265778679e+00
1.111829999999999927e+04 1.502298478961783701e+00
1.111860000000000036e+04 1.461503461259472614e+00
1.111889999999999964e+04 1.422289980765892858e+00
1.111920000000000073e+04 1.384968741635813849e+00
1.111950000000000000e+04 1.349725447937733636e+00
1.111979999999999927e+04 1.316658366163965255e+00
1.112010000000000036e+04 1.286254671925657789e+00
1.112039999999999964e+04 1.258143306336559908e+00
1.112070000000000073e+04 1.230730486044020910e+00
1.112100000000000000e+04 1.206887377344863621e+00
1.112129999999999927e+04 1.183087468400266573e+00
1.112160000000000036e+04 1.163204482897153058e+00
1.112189999999999964e+04 1.143321497394160113e+00
1.112220000000000073e+04 1.126278835605599493e+00
1.112250000000000000e+04 1.109970126041069483e+00
1.112279999999999927e+04 1.095284209752475535e+00
1.112310000000000036e+04 1.082127131833709788e+00
1.112339999999999964e+04 1.069438130008245613e+00
1.112370000000000073e+04 1.059007899194115421e+00
1.112400000000000000e+04 1.048577668380048289e+00
1.112429999999999927e+04 1.039919280664932000e+00
1.112450000000000000e+04 1.034510077384831472e+00
1.112489999999999964e+04 1.024259459106788839e+00
1.112520000000000073e+04 1.018072624976475993e+00
1.112550000000000000e+04 1.011885790846200672e+00
1.112579999999999927e+04 1.006886659998050826e+00
1.112610000000000036e+04 1.002260738823090191e+00
1.112639999999999964e+04 9.978351149626866201e-01
1.112670000000000073e+04 9.944331088281455067e-01
1.112700000000000000e+04 9.910311026936250434e-01
1.112729999999999927e+04 9.880936179084951476e-01
1.112760000000000036e+04 9.856152910559143887e-01
1.112789999999999964e+04 9.831369642033486178e-01
1.112820000000000073e+04 9.811764418137205457e-01
1.112850000000000000e+04 9.793631144244077102e-01
1.112879999999999927e+04 9.775497870350948748e-01
1.112910000000000036e+04 9.761837891715697824e-01
1.112939999999999964e+04 9.748218972841846686e-01
1.112970000000000073e+04 9.734981197078682591e-01
1.113000000000000000e+04 9.724091442293452126e-01
1.113029999999999927e+04 9.713201687508222770e-01
1.113060000000000036e+04 9.702586434785047675e-01
1.113089999999999964e+04 9.692917193881313009e-01
1.113120000000000073e+04 9.683247952977519502e-01
1.113150000000000000e+04 9.673582295660555497e-01
1.113179999999999927e+04 9.663927583285070178e-01
1.113210000000000036e+04 9.654272870909527127e-01
1.113229999999999927e+04 9.647836395992557268e-01
1.113270000000000073e+04 9.634137151148812750e-01
1.113300000000000000e+04 9.623796665718816756e-01
1.113329999999999927e+04 9.613397977483436607e-01
1.113360000000000036e+04 9.602473493722840647e-01
1.113389999999999964e+04 9.591549009962311301e-01
1.113420000000000073e+04 9.580624526201714231e-01
1.113450000000000000e+04 9.569981619927971916e-01
1.113479999999999927e+04 9.559359610077549085e-01
1.113510000000000036e+04 9.548737600227060751e-01
1.113539999999999964e+04 9.539141665693828820e-01
1.113570000000000073e+04 9.529988273085038264e-01
1.113600000000000000e+04 9.520834880476304329e-01
1.113629999999999927e+04 9.512529605972124269e-01
1.113660000000000036e+04 9.505481139386904310e-01
1.113689999999999964e+04 9.498432672801726540e-01
1.113720000000000073e+04 9.491470586589779712e-01
1.113750000000000000e+04 9.486399981412632076e-01
1.113770000000000073e+04 9.483019577961180335e-01
1.113810000000000036e+04 9.476258771058307939e-01
1.113839999999999964e+04 9.472247727690331631e-01
1.113870000000000073e+04 9.468883541005290727e-01
1.113900000000000000e+04 9.465519354320268697e-01
1.113920000000000073e+04 9.463276563196907354e-01
1.113960000000000036e+04 9.459445751538070324e-01
1.113989999999999964e+04 9.456658617445912185e-01
1.114020000000000073e+04 9.453871483353736282e-01
1.114050000000000000e+04 9.450466673516935145e-01
1.114070000000000073e+04 9.447904601866717877e-01
1.114110000000000036e+04 9.442780458566307766e-01
1.114139999999999964e+04 9.438937351091006844e-01
1.114170000000000073e+04 9.432531908284338407e-01
1.114200000000000000e+04 9.426051810405974285e-01
1.114220000000000073e+04 9.421731745153705262e-01
1.114260000000000036e+04 9.411915170542979325e-01
1.114289999999999964e+04 9.401446364264365307e-01
1.114320000000000073e+04 9.390977557985689117e-01
1.114350000000000000e+04 9.380508751707075099e-01
1.114379999999999927e+04 9.367246897648531245e-01
1.114410000000000036e+04 9.351742835569480938e-01
1.114439999999999964e+04 9.336238773490525000e-01
1.114470000000000073e+04 9.320734711411474693e-01
1.114500000000000000e+04 9.301006559127029671e-01
1.114520000000000073e+04 9.286920538979098749e-01
1.114560000000000036e+04 9.258748498683364581e-01
1.114589999999999964e+04 9.237619468461596428e-01
1.114620000000000073e+04 9.211466893461682792e-01
1.114650000000000000e+04 9.184653248704083284e-01
1.114670000000000073e+04 9.166777485532241476e-01
1.114710000000000036e+04 9.131025959188722174e-01
1.114739999999999964e+04 9.099341068296145085e-01
1.114770000000000073e+04 9.067415746019726885e-01
1.114800000000000000e+04 9.035490423743501864e-01
1.114820000000000073e+04 9.014206875559224175e-01
1.114860000000000036e+04 8.967963408531409719e-01
1.114889999999999964e+04 8.932203421755554595e-01
1.114920000000000073e+04 8.896443434979482978e-01
1.114950000000000000e+04 8.860683448203628965e-01
1.114979999999999927e+04 8.823195249848695410e-01
1.115010000000000036e+04 8.785517108733699176e-01
1.115039999999999964e+04 8.747838967618930539e-01
1.115070000000000073e+04 8.710160826503934306e-01
1.115100000000000000e+04 8.672780284758525582e-01
1.115129999999999927e+04 8.635483812129365333e-01
1.115160000000000036e+04 8.598187339499978599e-01
1.115189999999999964e+04 8.560890866870818350e-01
1.115220000000000073e+04 8.525163175650282144e-01
1.115250000000000000e+04 8.490503357892685843e-01
1.115279999999999927e+04 8.455843540135088432e-01
1.115310000000000036e+04 8.421183722377281189e-01
1.115339999999999964e+04 8.388133334099895366e-01
1.115370000000000073e+04 8.358115035310570429e-01
1.115400000000000000e+04 8.328096736521426458e-01
1.115429999999999927e+04 8.298078437732282486e-01
1.115460000000000036e+04 8.268281372186999656e-01
1.115479999999999927e+04 8.252482703399599551e-01
1.115520000000000073e+04 8.220885365824511792e-01
1.115550000000000000e+04 8.197187362643338915e-01
1.115579999999999927e+04 8.173489359462167148e-01
1.115610000000000036e+04 8.154749902306701603e-01
1.115639999999999964e+04 8.138567569731779416e-01
1.115670000000000073e+04 8.122385237156759530e-01
1.115700000000000000e+04 8.106202904581838453e-01
1.115729999999999927e+04 8.091821110926076255e-01
1.115760000000000036e+04 8.083785326798610393e-01
1.115789999999999964e+04 8.075749542671193382e-01
1.115820000000000073e+04 8.067713758543727520e-01
1.115850000000000000e+04 8.059677974416310509e-01
1.115879999999999927e+04 8.057500738790269734e-01
1.115910000000000036e+04 8.057615676757592382e-01
1.115939999999999964e+04 8.057730614724912810e-01
1.115970000000000073e+04 8.057845552692235458e-01
1.116000000000000000e+04 8.059150618744080896e-01
1.116029999999999927e+04 8.067042394852645959e-01
1.116060000000000036e+04 8.074934170961257651e-01
1.116089999999999964e+04 8.082825947069822714e-01
1.116120000000000073e+04 8.090717723178435516e-01
1.116150000000000000e+04 8.102363421746717753e-01
1.116179999999999927e+04 8.117421999214795569e-01
1.116210000000000036e+04 8.132480576682965534e-01
1.116239999999999964e+04 8.147539154151044460e-01
1.116270000000000073e+04 8.162597731619214425e-01
1.116300000000000000e+04 8.182917382397890682e-01
1.116329999999999927e+04 8.204306576334610135e-01
1.116360000000000036e+04 8.225695770271460594e-01
1.116389999999999964e+04 8.247084964208181157e-01
1.116420000000000073e+04 8.268877560790068859e-01
1.116450000000000000e+04 8.295659024361635714e-01
1.116479999999999927e+04 8.322440487933201458e-01
1.116510000000000036e+04 8.349221951504930406e-01
1.116539999999999964e+04 8.376003415076497260e-01
1.116560000000000036e+04 8.393857724124316189e-01
1.116600000000000000e+04 8.435013038529715068e-01
1.116629999999999927e+04 8.466134254949110316e-01
1.116660000000000036e+04 8.497255471368694302e-01
1.116689999999999964e+04 8.528376687788089550e-01
1.116700000000000000e+04 8.538750426594616805e-01
1.116839999999999964e+04 8.698511844995653330e-01
1.117000000000000000e+04 8.893156338625703983e-01
1.117150000000000000e+04 9.083150284765697524e-01
1.117300000000000000e+04 9.275502726934957698e-01
1.117450000000000000e+04 9.466229643143444505e-01
1.117600000000000000e+04 9.651764680405224839e-01
1.117750000000000000e+04 9.828905774731795386e-01
1.117900000000000000e+04 9.995018703733352661e-01
1.118050000000000000e+04 1.014776631479392233e+00
1.118200000000000000e+04 1.028515236271299704e+00
1.118350000000000000e+04 1.040548252673715313e+00
1.118500000000000000e+04 1.050735672836110135e+00
1.118650000000000000e+04 1.058970912226088634e+00
1.118800000000000000e+04 1.065184534986418186e+00
1.118950000000000000e+04 1.069187401360817580e+00
1.119100000000000000e+04 1.070917161406791607e+00
1.119239999999999964e+04 1.070735447863805812e+00
1.119400000000000000e+04 1.068615077227410115e+00
1.119550000000000000e+04 1.064879619618119611e+00
1.119700000000000000e+04 1.059666977665215448e+00
1.119850000000000000e+04 1.053138281956538469e+00
1.120000000000000000e+04 1.045377857887998418e+00

1.110000000000000000e+04 8.653224074799113763e-02
1.110029999999999927e+04 8.924596418866129199e-02
1.110060000000000036e+04 9.212265997089849612e-02
1.110089999999999964e+04 9.516804619039172242e-02
1.110120000000000073e+04 9.839631349691282947e-02
1.110150000000000000e+04 1.018233729570283408e-01
1.110179999999999927e+04 1.054669231872659707e-01
1.110210000000000036e+04 1.093466399382031079e-01
1.110239999999999964e+04 1.134847799813449021e-01
1.110260000000000036e+04 1.163992366901945297e-01
1.110300000000000000e+04 1.226388538138953738e-01
1.110329999999999927e+04 1.277145617533846089e-01
1.110360000000000036e+04 1.331692528223225591e-01
1.110389999999999964e+04 1.390438418712637292e-01
1.110420000000000073e+04 1.453850374602738416e-01
1.110450000000000000e+04 1.522463541745892324e-01
1.110479999999999927e+04 1.596893331246614367e-01
1.110510000000000036e+04 1.677850186754029638e-01
1.110539999999999964e+04 1.766157505824302587e-01
1.110570000000000073e+04 1.862773449507432455e-01
1.110589999999999964e+04 1.932345253931021245e-01
1.110629999999999927e+04 2.085603078772536867e-01
1.110660000000000036e+04 2.214676770762609437e-01
1.110689999999999964e+04 2.357866738677022733e-01
1.110720000000000073e+04 2.517340555541408009e-01
1.110750000000000000e+04 2.695674291944267775e-01
1.110779999999999927e+04 2.895932828458688824e-01
1.110810000000000036e+04 3.121759469750755023e-01
1.110839999999999964e+04 3.377468409420710249e-01
1.110870000000000073e+04 3.668124954578132479e-01
1.110900000000000000e+04 3.999582843155038980e-01
1.110929999999999927e+04 4.378421913488971806e-01
1.110960000000000036e+04 4.811690342751850924e-01
1.110989999999999964e+04 5.306308694191458342e-01
1.111020000000000073e+04 5.867967490637642225e-01
1.111050000000000000e+04 6.499434211676439199e-01
1.111079999999999927e+04 7.198570562073757229e-01
1.111110000000000036e+04 7.957258226695913539e-01
1.111139999999999964e+04 8.763296255417879488e-01
1.111170000000000073e+04 9.605496313630443872e-01
1.111200000000000000e+04 1.047689738863185394e+00
1.111229999999999927e+04 1.137146516785059847e+00
1.111260000000000036e+04 1.227862214029308729e+00
1.111289999999999964e+04 1.318181327418029403e+00
1.111320000000000073e+04 1.406033898915690639e+00
1.111350000000000000e+04 1.489133726459792362e+00
1.111379999999999927e+04 1.565132658639958319e+00
1.111410000000000036e+04 1.631788963056747477e+00
1.111439999999999964e+04 1.687167187153164383e+00
1.111470000000000073e+04 1.729838986049129446e+00
1.111500000000000000e+04 1.759037737475793728e+00
1.111529999999999927e+04 1.774728299491751926e+00
1.111560000000000036e+04 1.777576316871839479e+00
1.111589999999999964e+04 1.768828525866723789e+00
1.111620000000000073e+04 1.750136040759077583e+00
1.111650000000000000e+04 1.723360083010184063e+00
1.111679999999999927e+04 1.690394611748914588e+00
1.111710000000000036e+04 1.653027925214796801e+00
1.111739999999999964e+04 1.612853035399684831e+00
1.111770000000000073e+04 1.571215997059749236e+00
1.111800000000000000e+04 1.529211073608967686e+00
1.111829999999999927e+04 1.487687057369316834e+00
1.111860000000000036e+04 1.447280618947389241e+00
1.111889999999999964e+04 1.408441471807805767e+00
1.111920000000000073e+04 1.371477092529211905e+00
1.111950000000000000e+04 1.336571213213980425e+00
1.111979999999999927e+04 1.303821010663786861e+00
1.112010000000000036e+04 1.273708901573346264e+00
1.112039999999999964e+04 1.245867278055049931e+00
1.112070000000000073e+04 1.218717515995212608e+00
1.112100000000000000e+04 1.195103309727448382e+00
1.112129999999999927e+04 1.171531888354993889e+00
1.112160000000000036e+04 1.151839775119475551e+00
1.112189999999999964e+04 1.132147661884076673e+00
1.112220000000000073e+04 1.115268529598496761e+00
1.112250000000000000e+04 1.099116284045504655e+00
1.112279999999999927e+04 1.084571184402123745e+00
1.112310000000000036e+04 1.071540181698236394e+00
1.112339999999999964e+04 1.058972737147381160e+00
1.112370000000000073e+04 1.048642261613145887e+00
1.112400000000000000e+04 1.038311786078973009e+00
1.112429999999999927e+04 1.029736042385714700e+00
1.112450000000000000e+04 1.024378428979515698e+00
1.112489999999999964e+04 1.014225507038329477e+00
1.112520000000000073e+04 1.008097448013360431e+00
1.112550000000000000e+04 1.001969388988428467e+00
1.112579999999999927e+04 9.970175697963834516e-01
1.112610000000000036e+04 9.924353581403536628e-01
1.112639999999999964e+04 9.880515133231615454e-01
1.112670000000000073e+04 9.846814205520529883e-01
1.112700000000000000e+04 9.813113277809647483e-01
1.112729999999999927e+04 9.784012905014769501e-01
1.112760000000000036e+04 9.759459968600547874e-01
1.112789999999999964e+04 9.734907032186475018e-01
1.112820000000000073e+04 9.715482571026902159e-01
1.112850000000000000e+04 9.697515968906280648e-01
1.112879999999999927e+04 9.679549366785659137e-01
1.112910000000000036e+04 9.666013544812633862e-01
1.112939999999999964e+04 9.652518392360661670e-01
1.112970000000000073e+04 9.639400814270349116e-01
1.113000000000000000e+04 9.628609271984035489e-01
1.113029999999999927e+04 9.617817729697721862e-01
1.113060000000000036e+04 9.607298240513229004e-01
1.113089999999999964e+04 9.597716323337885935e-01
1.113120000000000073e+04 9.588134406162485135e-01
1.113150000000000000e+04 9.578556276739985664e-01
1.113179999999999927e+04 9.568989715820178654e-01
1.113210000000000036e+04 9.559423154900312802e-01
1.113229999999999927e+04 9.553045447620460706e-01
1.113270000000000073e+04 9.539472882284165678e-01
1.113300000000000000e+04 9.529228137450126424e-01
1.113329999999999927e+04 9.518925834818493525e-01
1.113360000000000036e+04 9.508103563566497884e-01
1.113389999999999964e+04 9.497281292314567747e-01
1.113420000000000073e+04 9.486459021062572106e-01
1.113450000000000000e+04 9.475916133558383025e-01
1.113479999999999927e+04 9.465393979675791325e-01
1.113510000000000036e+04 9.454871825793135232e-01
1.113539999999999964e+04 9.445366018537130204e-01
1.113570000000000073e+04 9.436298557262647879e-01
1.113600000000000000e+04 9.427231095988221066e-01
1.113629999999999927e+04 9.419003588822471018e-01
1.113660000000000036e+04 9.412020791526347629e-01
1.113689999999999964e+04 9.405037994230267540e-01
1.113720000000000073e+04 9.398140744430516502e-01
1.113750000000000000e+04 9.393116738063641558e-01
1.113770000000000073e+04 9.389767400485704574e-01
1.113810000000000036e+04 9.383068725329861692e-01
1.113839999999999964e+04 9.379094067679858426e-01
1.113870000000000073e+04 9.375760031675860473e-01
1.113900000000000000e+04 9.372425995671883614e-01
1.113920000000000073e+04 9.370203305002552385e-01
1.113960000000000036e+04 9.366406602027793626e-01
1.113989999999999964e+04 9.363644249509224249e-01
1.114020000000000073e+04 9.360881896990639328e-01
1.114050000000000000e+04 9.357508114067248917e-01
1.114070000000000073e+04 9.354969681453889629e-01
1.114110000000000036e+04 9.349892816227193260e-01
1.114139999999999964e+04 9.346085167307177644e-01
1.114170000000000073e+04 9.339740657538448954e-01
1.114200000000000000e+04 9.333322234911309856e-01
1.114220000000000073e+04 9.329043286493191589e-01
1.114260000000000036e+04 9.319320596158343628e-01
1.114289999999999964e+04 9.308952966264976148e-01
1.114320000000000073e+04 9.298585336371546495e-01
1.114350000000000000e+04 9.288217706478179014e-01
1.114379999999999927e+04 9.275084644063338324e-01
1.114410000000000036e+04 9.259731542655833536e-01
1.114439999999999964e+04 9.244378441248422007e-01
1.114470000000000073e+04 9.229025339840917219e-01
1.114500000000000000e+04 9.209489879949596114e-01
1.114520000000000073e+04 9.195541548006869181e-01
1.114560000000000036e+04 9.167644884121542992e-01
1.114589999999999964e+04 9.146722386207578603e-01
1.114620000000000073e+04 9.120825954470160868e-01
1.114650000000000000e+04 9.094274981492915799e-01
1.114670000000000073e+04 9.076574332841311765e-01
1.114710000000000036e+04 9.041173035538264680e-01
1.114739999999999964e+04 9.009798922541961685e-01
1.114770000000000073e+04 8.978186752548105165e-01
1.114800000000000000e+04 8.946574582554440713e-01
1.114820000000000073e+04 8.925499802558536366e-01
1.114860000000000036e+04 8.879710196112660103e-01
1.114889999999999964e+04 8.844301249839304768e-01
1.114920000000000073e+04 8.808892303565735160e-01
1.114950000000000000e+04 8.773483357292380935e-01
1.114979999999999927e+04 8.736363317197551881e-01
1.115010000000000036e+04 8.699055215706125166e-01
1.115039999999999964e+04 8.661747114214924936e-01
1.115070000000000073e+04 8.624439012723498221e-01
1.115100000000000000e+04 8.587425653867822861e-01
1.115129999999999927e+04 8.550495557127059110e-01
1.115160000000000036e+04 8.513565460386071093e-01
1.115189999999999964e+04 8.476635363645307342e-01
1.115220000000000073e+04 8.441258647727680753e-01
1.115250000000000000e+04 8.406939322055595465e-01
1.115279999999999927e+04 8.372619996383510177e-01
1.115310000000000036e+04 8.338300670711216167e-01
1.115339999999999964e+04 8.305574949345814195e-01
1.115370000000000073e+04 8.275851503585418545e-01
1.115400000000000000e+04 8.246128057825202751e-01
1.115429999999999927e+04 8.216404612064986956e-01
1.115460000000000036e+04 8.186900222965184382e-01
1.115479999999999927e+04 8.171256668422356428e-01
1.115520000000000073e+04 8.139969559336414084e-01
1.115550000000000000e+04 8.116504227522101100e-01
1.115579999999999927e+04 8.093038895707787006e-01
1.115610000000000036e+04 8.074483312609022079e-01
1.115639999999999964e+04 8.058459689294383832e-01
1.115670000000000073e+04 8.042436065979647886e-01
1.115700000000000000e+04 8.026412442665008529e-01
1.115729999999999927e+04 8.012171636556723042e-01
1.115760000000000036e+04 8.004214379700462789e-01
1.115789999999999964e+04 7.996257122844251386e-01
1.115820000000000073e+04 7.988299865987992243e-01
1.115850000000000000e+04 7.980342609131780840e-01
1.115879999999999927e+04 7.978186234451339898e-01
1.115910000000000036e+04 7.978299471252032760e-01
1.115939999999999964e+04 7.978412708052724511e-01
1.115970000000000073e+04 7.978525944853417373e-01
1.116000000000000000e+04 7.979817594796444480e-01
1.116029999999999927e+04 7.987631118978484324e-01
1.116060000000000036e+04 7.995444643160571907e-01
1.116089999999999964e+04 8.003258167342611751e-01
1.116120000000000073e+04 8.011071691524699334e-01
1.116150000000000000e+04 8.022602186337093322e-01
1.116179999999999927e+04 8.037511965290708993e-01
1.116210000000000036e+04 8.052421744244415702e-01
1.116239999999999964e+04 8.067331523198031373e-01
1.116270000000000073e+04 8.082241302151738083e-01
1.116300000000000000e+04 8.102360367784940953e-01
1.116329999999999927e+04 8.123538448679387125e-01
1.116360000000000036e+04 8.144716529573962083e-01
1.116389999999999964e+04 8.165894610468408255e-01
1.116420000000000073e+04 8.187472123329051499e-01
1.116450000000000000e+04 8.213989397925642866e-01
1.116479999999999927e+04 8.240506672522234233e-01
1.116510000000000036e+04 8.267023947118986582e-01
1.116539999999999964e+04 8.293541221715577949e-01
1.116560000000000036e+04 8.311219404780080255e-01
1.116600000000000000e+04 8.351968860192477973e-01
1.116629999999999927e+04 8.382783175278414323e-01
1.116660000000000036e+04 8.413597490364538301e-01
1.116689999999999964e+04 8.444411805450474651e-01
1.116700000000000000e+04 8.454683243812516347e-01
1.116839999999999964e+04 8.612869479035454301e-01
1.117000000000000000e+04 8.805595113792383799e-01
1.117150000000000000e+04 8.993716241875404638e-01
1.117300000000000000e+04 9.184172744554992551e-01
1.117450000000000000e+04 9.373019829082673837e-01
1.117600000000000000e+04 9.556726260222905278e-01
1.117750000000000000e+04 9.732121503769298743e-01
1.117900000000000000e+04 9.896597274896045127e-01
1.118050000000000000e+04 1.004783943565870086e+00
1.118200000000000000e+04 1.018387139658972318e+00
1.118350000000000000e+04 1.030301551904021062e+00
1.118500000000000000e+04 1.040388550976883097e+00
1.118650000000000000e+04 1.048542601734792967e+00
1.118800000000000000e+04 1.054694951817539916e+00
1.118950000000000000e+04 1.058658324359597502e+00
1.119100000000000000e+04 1.060370983257274746e+00
1.119239999999999964e+04 1.060191002836933016e+00
1.119400000000000000e+04 1.058091455049524621e+00
1.119550000000000000e+04 1.054392734691492084e+00
1.119700000000000000e+04 1.049231381975476829e+00
1.119850000000000000e+04 1.042766940475400972e+00
1.120000000000000000e+04 1.035082905330826364e+00

1.110000000000000000e+04 8.685117795770429250e-02
1.110029999999999927e+04 8.957249536578246185e-02
1.110060000000000036e+04 9.245706084029572946e-02
1.110089999999999964e+04 9.551058024167537186e-02
1.110120000000000073e+04 9.874725213265155011e-02
1.110150000000000000e+04 1.021829897360300998e-01
1.110179999999999927e+04 1.058354905964807302e-01
1.110210000000000036e+04 1.097244283656334252e-01
1.110239999999999964e+04 1.138720474611388811e-01
1.110260000000000036e+04 1.167929603439253200e-01
1.110300000000000000e+04 1.230457860376286544e-01
1.110329999999999927e+04 1.281316191798585191e-01
1.110360000000000036e+04 1.335965690902073122e-01
1.110389999999999964e+04 1.394814825727053176e-01
1.110420000000000073e+04 1.458329763809987356e-01
1.110450000000000000e+04 1.527044422897182729e-01
1.110479999999999927e+04 1.601572583107011005e-01
1.110510000000000036e+04 1.682622530640782432e-01
1.110539999999999964e+04 1.771014817044877510e-01
1.110570000000000073e+04 1.867703854680705100e-01
1.110589999999999964e+04 1.937315414448898265e-01
1.110629999999999927e+04 2.090622748425222666e-01
1.110660000000000036e+04 2.219697555735100358e-01
1.110689999999999964e+04 2.362845502218534899e-01
1.110720000000000073e+04 2.522219314173851368e-01
1.110750000000000000e+04 2.700375536080386052e-01
1.110779999999999927e+04 2.900353454603422088e-01
1.110810000000000036e+04 3.125763050107162044e-01
1.110839999999999964e+04 3.380875645346889113e-01
1.110870000000000073e+04 3.670702532479692692e-01
1.110900000000000000e+04 4.001031794888250115e-01
1.110929999999999927e+04 4.378368416858942069e-01
1.110960000000000036e+04 4.809685277579551221e-01
1.110989999999999964e+04 5.301847660435591303e-01
1.111020000000000073e+04 5.860549448267569073e-01
1.111050000000000000e+04 6.488678556575246947e-01
1.111079999999999927e+04 7.184390967614947554e-01
1.111110000000000036e+04 7.940013202491028599e-01
1.111139999999999964e+04 8.743719048242279968e-01
1.111170000000000073e+04 9.584290992419479682e-01
1.111200000000000000e+04 1.045431471067452600e+00
1.111229999999999927e+04 1.134726727709404415e+00
1.111260000000000036e+04 1.225235286733119766e+00
1.111289999999999964e+04 1.315304731614570732e+00
1.111320000000000073e+04 1.402879913520071797e+00
1.111350000000000000e+04 1.485694629731376226e+00
1.111379999999999927e+04 1.561424054484145563e+00
1.111410000000000036e+04 1.627851107925434526e+00
1.111439999999999964e+04 1.683063143838441800e+00
1.111470000000000073e+04 1.725649253524507376e+00
1.111500000000000000e+04 1.754852124085040321e+00
1.111529999999999927e+04 1.770636618592794864e+00
1.111560000000000036e+04 1.773659745087297290e+00
1.111589999999999964e+04 1.765153134433334436e+00
1.111620000000000073e+04 1.746749270427758294e+00
1.111650000000000000e+04 1.720290134415098704e+00
1.111679999999999927e+04 1.687652134857495323e+00
1.111710000000000036e+04 1.650609126519567260e+00
1.111739999999999964e+04 1.610743330142864638e+00
1.111770000000000073e+04 1.569393597765491588e+00
1.111800000000000000e+04 1.527650054582496697e+00
1.111829999999999927e+04 1.486359794831527248e+00
1.111860000000000036e+04 1.446159530334894638e+00
1.111889999999999964e+04 1.407500196633990397e+00
1.111920000000000073e+04 1.370691122318714372e+00
1.111950000000000000e+04 1.335918219872297197e+00
1.111979999999999927e+04 1.303280916617095553e+00
1.112010000000000036e+04 1.273261060345688422e+00
1.112039999999999964e+04 1.245496123422947132e+00
1.112070000000000073e+04 1.218419174602235255e+00
1.112100000000000000e+04 1.194857987917525177e+00
1.112129999999999927e+04 1.171339390661518154e+00
1.112160000000000036e+04 1.151682378577566057e+00
1.112189999999999964e+04 1.132025366493733198e+00
1.112220000000000073e+04 1.115170697734936711e+00
1.112250000000000000e+04 1.099040166899384108e+00
1.112279999999999927e+04 1.084511740716691097e+00
1.112310000000000036e+04 1.071492662090518522e+00
1.112339999999999964e+04 1.058935930937242587e+00
1.112370000000000073e+04 1.048610326482994681e+00
1.112400000000000000e+04 1.038284722028809393e+00
1.112429999999999927e+04 1.029710030152478195e+00
1.112450000000000000e+04 1.024352335380764201e+00
1.112489999999999964e+04 1.014198251516535088e+00
1.112520000000000073e+04 1.008066679366224960e+00
1.112550000000000000e+04 1.001935107215952137e+00
1.112579999999999927e+04 9.969781954159796511e-01
1.112610000000000036e+04 9.923903948343064663e-01
1.112639999999999964e+04 9.880007967540582747e-01
1.112670000000000073e+04 9.846241108749407278e-01
1.112700000000000000e+04 9.812474249958434980e-01
1.112729999999999927e+04 9.783307061650123870e-01
1.112760000000000036e+04 9.758686435500893985e-01
1.112789999999999964e+04 9.734065809351812870e-01
1.112820000000000073e+04 9.714576710075926158e-01
1.112850000000000000e+04 9.696546337315126163e-01
1.112879999999999927e+04 9.678515964554326168e-01
1.112910000000000036e+04 9.664923329385508577e-01
1.112939999999999964e+04 9.651371427599169106e-01
1.112970000000000073e+04 9.638198385729758177e-01
1.113000000000000000e+04 9.627359299289944827e-01
1.113029999999999927e+04 9.616520212850131477e-01
1.113060000000000036e+04 9.605955838059452301e-01
1.113089999999999964e+04 9.596338197384621793e-01
1.113120000000000073e+04 9.586720556709733554e-01
1.113150000000000000e+04 9.577110453078362395e-01
1.113179999999999927e+04 9.567523368981566412e-01
1.113210000000000036e+04 9.557936284884711586e-01
1.113229999999999927e+04 9.551544895486867581e-01
1.113270000000000073e+04 9.537966074149365481e-01
1.113300000000000000e+04 9.527718324649848691e-01
1.113329999999999927e+04 9.517414449502239471e-01
1.113360000000000036e+04 9.506603543560782077e-01
1.113389999999999964e+04 9.495792637619391297e-01
1.113420000000000073e+04 9.484981731677933903e-01
1.113450000000000000e+04 9.474454738994072533e-01
1.113479999999999927e+04 9.463948816075707926e-01
1.113510000000000036e+04 9.453442893157277815e-01
1.113539999999999964e+04 9.443948482839759073e-01
1.113570000000000073e+04 9.434890333609000646e-01
1.113600000000000000e+04 9.425832184378297729e-01
1.113629999999999927e+04 9.417609047468136207e-01
1.113660000000000036e+04 9.410623297298396084e-01
1.113689999999999964e+04 9.403637547128697038e-01
1.113720000000000073e+04 9.396736974921534591e-01
1.113750000000000000e+04 9.391701554422989817e-01
1.113770000000000073e+04 9.388344607423939614e-01
1.113810000000000036e+04 9.381630713425869184e-01
1.113839999999999964e+04 9.377636720769929601e-01
1.113870000000000073e+04 9.374278514109627425e-01
1.113900000000000000e+04 9.370920307449345232e-01
1.113920000000000073e+04 9.368681503009144151e-01
1.113960000000000036e+04 9.364844823416581532e-01
1.113989999999999964e+04 9.362051470942228670e-01
1.114020000000000073e+04 9.359258118467858045e-01
1.114050000000000000e+04 9.355854272345642819e-01
1.114070000000000073e+04 9.353296240743099732e-01
1.114110000000000036e+04 9.348180177538039093e-01
1.114139999999999964e+04 9.344343130134248332e-01
1.114170000000000073e+04 9.337976466039659140e-01
1.114200000000000000e+04 9.331536100149251389e-01
1.114220000000000073e+04 9.327242522888952170e-01
1.114260000000000036e+04 9.317493996166845704e-01
1.114289999999999964e+04 9.307116022844335035e-01
1.114320000000000073e+04 9.296738049521762193e-01
1.114350000000000000e+04 9.286360076199251523e-01
1.114379999999999927e+04 9.273225115204067892e-01
1.114410000000000036e+04 9.257876894587432348e-01
1.114439999999999964e+04 9.242528673970890063e-01
1.114470000000000073e+04 9.227180453354254519e-01
1.114500000000000000e+04 9.207662771778394317e-01
1.114520000000000073e+04 9.193729143604025822e-01
1.114560000000000036e+04 9.165861887255413176e-01
1.114589999999999964e+04 9.144961444993986444e-01
1.114620000000000073e+04 9.119103002678367043e-01
1.114650000000000000e+04 9.092592115915812956e-01
1.114670000000000073e+04 9.074918191407336243e-01
1.114710000000000036e+04 9.039570342390544910e-01
1.114739999999999964e+04 9.008252625205257491e-01
1.114770000000000073e+04 8.976697656019474447e-01
1.114800000000000000e+04 8.945142686833883472e-01
1.114820000000000073e+04 8.924106040710028109e-01
1.114860000000000036e+04 8.878405756078382449e-01
1.114889999999999964e+04 8.843067626753567945e-01
1.114920000000000073e+04 8.807729497428539167e-01
1.114950000000000000e+04 8.772391368103724663e-01
1.114979999999999927e+04 8.735348913896355816e-01
1.115010000000000036e+04 8.698119142246981683e-01
1.115039999999999964e+04 8.660889370597832926e-01
1.115070000000000073e+04 8.623659598948457683e-01
1.115100000000000000e+04 8.586724398271129433e-01
1.115129999999999927e+04 8.549872411215277968e-01
1.115160000000000036e+04 8.513020424159202237e-01
1.115189999999999964e+04 8.476168437103350772e-01
1.115220000000000073e+04 8.440866157139296222e-01
1.115250000000000000e+04 8.406618766702593781e-01
1.115279999999999927e+04 8.372371376265890230e-01
1.115310000000000036e+04 8.338123985828979068e-01
1.115339999999999964e+04 8.305466581078586596e-01
1.115370000000000073e+04 8.275804634622515588e-01
1.115400000000000000e+04 8.246142688166624435e-01
1.115429999999999927e+04 8.216480741710734392e-01
1.115460000000000036e+04 8.187037357169171248e-01
1.115479999999999927e+04 8.171425379402963429e-01
1.115520000000000073e+04 8.140201423870265796e-01
1.115550000000000000e+04 8.116783457220884124e-01
1.115579999999999927e+04 8.093365490571502452e-01
1.115610000000000036e+04 8.074846630389075353e-01
1.115639999999999964e+04 8.058854241778031779e-01
1.115670000000000073e+04 8.042861853166892727e-01
1.115700000000000000e+04 8.026869464555850264e-01
1.115729999999999927e+04 8.012656199489837094e-01
1.115760000000000036e+04 8.004713465345784096e-01
1.115789999999999964e+04 7.996770731201779947e-01
1.115820000000000073e+04 7.988827997057726948e-01
1.115850000000000000e+04 7.980885262913721689e-01
1.115879999999999927e+04 7.978733099607688839e-01
1.115910000000000036e+04 7.978846513442849897e-01
1.115939999999999964e+04 7.978959927278009845e-01
1.115970000000000073e+04 7.979073341113170903e-01
1.116000000000000000e+04 7.980363333756680388e-01
1.116029999999999927e+04 7.988165048600723850e-01
1.116060000000000036e+04 7.995966763444813941e-01
1.116089999999999964e+04 8.003768478288856292e-01
1.116120000000000073e+04 8.011570193132947493e-01
1.116150000000000000e+04 8.023083551600711516e-01
1.116179999999999927e+04 8.037971351161198319e-01
1.116210000000000036e+04 8.052859150721775050e-01
1.116239999999999964e+04 8.067746950282261853e-01
1.116270000000000073e+04 8.082634749842838584e-01
1.116300000000000000e+04 8.102725471497611576e-01
1.116329999999999927e+04 8.123873914533413787e-01
1.116360000000000036e+04 8.145022357569344784e-01
1.116389999999999964e+04 8.166170800605146995e-01
1.116420000000000073e+04 8.187718228886199379e-01
1.116450000000000000e+04 8.214199894320235451e-01
1.116479999999999927e+04 8.240681559754271523e-01
1.116510000000000036e+04 8.267163225188468578e-01
1.116539999999999964e+04 8.293644890622504651e-01
1.116560000000000036e+04 8.311299334245302317e-01
1.116600000000000000e+04 8.351996949216947685e-01
1.116629999999999927e+04 8.382772179991390127e-01
1.116660000000000036e+04 8.413547410766017975e-01
1.116689999999999964e+04 8.444322641540459307e-01
1.116700000000000000e+04 8.454581051798669700e-01
1.116839999999999964e+04 8.612575025538491413e-01
1.117000000000000000e+04 8.805076917382932411e-01
1.117150000000000000e+04 8.992990691897045918e-01
1.117300000000000000e+04 9.183246074972716277e-01
1.117450000000000000e+04 9.371901258473405161e-01
1.117600000000000000e+04 9.555427380782601787e-01
1.117750000000000000e+04 9.730657210555413439e-01
1.117900000000000000e+04 9.894982771829551327e-01
1.118050000000000000e+04 1.004609150180853616e+00
1.118200000000000000e+04 1.018200789921642313e+00
1.118350000000000000e+04 1.030105548753654121e+00
1.118500000000000000e+04 1.040184941058262202e+00
1.118650000000000000e+04 1.048333561695872218e+00
1.118800000000000000e+04 1.054482756530151555e+00
1.118950000000000000e+04 1.058445462993210739e+00
1.119100000000000000e+04 1.060160043283592479e+00
1.119239999999999964e+04 1.059983838820109270e+00
1.119400000000000000e+04 1.057890727472471371e+00
1.119550000000000000e+04 1.054199867758768061e+00
1.119700000000000000e+04 1.049047764802005789e+00
1.119850000000000000e+04 1.042593724345337147e+00
1.120000000000000000e+04 1.034920848708816177e+00

1.110000000000000000e+04 8.636645642804513523e-02
1.110029999999999927e+04 8.906808704631516416e-02
1.110060000000000036e+04 9.193477409697864422e-02
1.110089999999999964e+04 9.496931658738574922e-02
1.110120000000000073e+04 9.818581376200315181e-02
1.110150000000000000e+04 1.016000778396336512e-01
1.110179999999999927e+04 1.052296706276551058e-01
1.110210000000000036e+04 1.090941452195020589e-01
1.110239999999999964e+04 1.132155948569396886e-01
1.110260000000000036e+04 1.161180302853861146e-01
1.110300000000000000e+04 1.223311787744880835e-01
1.110329999999999927e+04 1.273846282107975458e-01
1.110360000000000036e+04 1.328146818852085076e-01
1.110389999999999964e+04 1.386619178447863754e-01
1.110420000000000073e+04 1.449726487697060584e-01
1.110450000000000000e+04 1.517999220382569014e-01
1.110479999999999927e+04 1.592047252310639371e-01
1.110510000000000036e+04 1.672574442073310186e-01
1.110539999999999964e+04 1.760396323967858556e-01
1.110570000000000073e+04 1.856461634373128555e-01
1.110589999999999964e+04 1.925624624085657266e-01
1.110629999999999927e+04 2.077946743793667450e-01
1.110660000000000036e+04 2.206196375527086917e-01
1.110689999999999964e+04 2.348435628654138574e-01
1.110720000000000073e+04 2.506808000758362631e-01
1.110750000000000000e+04 2.683860647701403757e-01
1.110779999999999927e+04 2.882624056678184110e-01
1.110810000000000036e+04 3.106701333722325375e-01
1.110839999999999964e+04 3.360361126549937238e-01
1.110870000000000073e+04 3.648619965446575630e-01
1.110900000000000000e+04 3.977284887085144049e-01
1.110929999999999927e+04 4.352902079371567257e-01
1.110960000000000036e+04 4.782519274539629439e-01
1.110989999999999964e+04 5.273122832970529306e-01
1.111020000000000073e+04 5.830581540301519317e-01
1.111050000000000000e+04 6.458000159456185330e-01
1.111079999999999927e+04 7.153738307879596858e-01
1.111110000000000036e+04 7.910202585732969416e-01
1.111139999999999964e+04 8.715431822790965510e-01
1.111170000000000073e+04 9.557970677475610133e-01
1.111200000000000000e+04 1.043035548343931085e+00
1.111229999999999927e+04 1.132626678711946777e+00
1.111260000000000036e+04 1.223511719542063503e+00
1.111289999999999964e+04 1.314042769834225632e+00
1.111320000000000073e+04 1.402156189347078863e+00
1.111350000000000000e+04 1.485569925709133043e+00
1.111379999999999927e+04 1.561937000066565107e+00
1.111410000000000036e+04 1.629011960613563570e+00
1.111439999999999964e+04 1.684849397684308414e+00
1.111470000000000073e+04 1.728005005485650170e+00
1.111500000000000000e+04 1.757692070336053458e+00
1.111529999999999927e+04 1.773854166097086793e+00
1.111560000000000036e+04 1.777137589809713925e+00
1.111589999999999964e+04 1.768774145158157785e+00
1.111620000000000073e+04 1.750405747174728743e+00
1.111650000000000000e+04 1.723890246542626903e+00
1.111679999999999927e+04 1.691123209906765235e+00
1.111710000000000036e+04 1.653898159397425571e+00
1.111739999999999964e+04 1.613815290672653946e+00
1.111770000000000073e+04 1.572229468202522851e+00
1.111800000000000000e+04 1.530242430854498625e+00
1.111829999999999927e+04 1.488711224381631837e+00
1.111860000000000036e+04 1.448278493921136834e+00
1.111889999999999964e+04 1.409399593498904979e+00
1.111920000000000073e+04 1.372386326656992894e+00
1.111950000000000000e+04 1.337425912869350197e+00
1.111979999999999927e+04 1.304618250306117444e+00
1.112010000000000036e+04 1.274390216145015575e+00
1.112039999999999964e+04 1.246557180908284712e+00
1.112070000000000073e+04 1.219283567023978110e+00
1.112100000000000000e+04 1.195676528707980690e+00
1.112129999999999927e+04 1.172069490391983271e+00
1.112160000000000036e+04 1.152303474837057085e+00
1.112189999999999964e+04 1.132617350576667903e+00
1.112220000000000073e+04 1.115632716158989401e+00
1.112250000000000000e+04 1.099485478966385488e+00
1.112279999999999927e+04 1.084847347183037103e+00
1.112310000000000036e+04 1.071820537362476955e+00
1.112339999999999964e+04 1.059172706153551635e+00
1.112370000000000073e+04 1.048845744951442560e+00
1.112400000000000000e+04 1.038518783749396102e+00
1.112429999999999927e+04 1.029874372223271051e+00
1.112450000000000000e+04 1.024518725411290410e+00
1.112489999999999964e+04 1.014309911206854986e+00
1.112520000000000073e+04 1.008184332860010635e+00
1.112550000000000000e+04 1.002058754513203143e+00
1.112579999999999927e+04 9.970607713175493325e-01
1.112610000000000036e+04 9.924806513423406473e-01
1.112639999999999964e+04 9.880609352312690330e-01
1.112670000000000073e+04 9.846926123257828678e-01
1.112700000000000000e+04 9.813242894203170197e-01
1.112729999999999927e+04 9.783872780241228417e-01
1.112760000000000036e+04 9.759334890611714997e-01
1.112789999999999964e+04 9.734797000982350346e-01
1.112820000000000073e+04 9.715179907127655667e-01
1.112850000000000000e+04 9.697226170599805295e-01
1.112879999999999927e+04 9.679272434071956033e-01
1.112910000000000036e+04 9.665607872298729308e-01
1.112939999999999964e+04 9.652123794205806906e-01
1.112970000000000073e+04 9.638932550696795998e-01
1.113000000000000000e+04 9.628150615265875789e-01
1.113029999999999927e+04 9.617368679834955580e-01
1.113060000000000036e+04 9.606820723664819539e-01
1.113089999999999964e+04 9.597247217819536713e-01
1.113120000000000073e+04 9.587673711974197266e-01
1.113150000000000000e+04 9.578103304218922309e-01
1.113179999999999927e+04 9.568544183055076591e-01
1.113210000000000036e+04 9.558985061891172030e-01
1.113229999999999927e+04 9.552612314448627462e-01
1.113270000000000073e+04 9.539069947255242043e-01
1.113300000000000000e+04 9.528831842869107671e-01
1.113329999999999927e+04 9.518554201071935950e-01
1.113360000000000036e+04 9.507737880516889950e-01
1.113389999999999964e+04 9.496921559961909454e-01
1.113420000000000073e+04 9.486105239406863454e-01
1.113450000000000000e+04 9.475558339427001542e-01
1.113479999999999927e+04 9.465041497990939190e-01
1.113510000000000036e+04 9.454524656554812445e-01
1.113539999999999964e+04 9.444978241406914998e-01
1.113570000000000073e+04 9.435915476447717110e-01
1.113600000000000000e+04 9.426852711488573622e-01
1.113629999999999927e+04 9.418564468132029077e-01
1.113660000000000036e+04 9.411585788344681847e-01
1.113689999999999964e+04 9.404607108557377915e-01
1.113720000000000073e+04 9.397652690377825691e-01
1.113750000000000000e+04 9.392632289212333729e-01
1.113770000000000073e+04 9.389285355101985031e-01
1.113810000000000036e+04 9.382591486881318721e-01
1.113839999999999964e+04 9.378567301142128887e-01
1.113870000000000073e+04 9.375236423236147365e-01
1.113900000000000000e+04 9.371905545330185827e-01
1.113920000000000073e+04 9.369684960059531109e-01
1.113960000000000036e+04 9.365874203241667528e-01
1.113989999999999964e+04 9.363114664536560383e-01
1.114020000000000073e+04 9.360355125831437695e-01
1.114050000000000000e+04 9.357016735362053694e-01
1.114070000000000073e+04 9.354480030757877929e-01
1.114110000000000036e+04 9.349406621549550822e-01
1.114139999999999964e+04 9.345601564643311043e-01
1.114170000000000073e+04 9.339341221849771779e-01
1.114200000000000000e+04 9.332925283356341417e-01
1.114220000000000073e+04 9.328647991027362307e-01
1.114260000000000036e+04 9.319052158969259869e-01
1.114289999999999964e+04 9.308687004237958806e-01
1.114320000000000073e+04 9.298321849506595571e-01
1.114350000000000000e+04 9.287956694775295619e-01
1.114379999999999927e+04 9.274982111359726389e-01
1.114410000000000036e+04 9.259631554845815238e-01
1.114439999999999964e+04 9.244280998331997345e-01
1.114470000000000073e+04 9.228930441818085084e-01
1.114500000000000000e+04 9.209571849049646985e-01
1.114520000000000073e+04 9.195625294447735687e-01
1.114560000000000036e+04 9.167732185244038545e-01
1.114589999999999964e+04 9.146812353341298163e-01
1.114620000000000073e+04 9.121094793527709799e-01
1.114650000000000000e+04 9.094546630401374454e-01
1.114670000000000073e+04 9.076847854983709496e-01
1.114710000000000036e+04 9.041450304148541672e-01
1.114739999999999964e+04 9.010237457338247102e-01
1.114770000000000073e+04 8.978628227361594716e-01
1.114800000000000000e+04 8.947018997385135508e-01
1.114820000000000073e+04 8.925946177400700954e-01
1.114860000000000036e+04 8.880279343774704071e-01
1.114889999999999964e+04 8.844873416273858480e-01
1.114920000000000073e+04 8.809467488772797505e-01
1.114950000000000000e+04 8.774061561271950804e-01
1.114979999999999927e+04 8.737003947307976359e-01
1.115010000000000036e+04 8.699698857095108373e-01
1.115039999999999964e+04 8.662393766882466872e-01
1.115070000000000073e+04 8.625088676669598886e-01
1.115100000000000000e+04 8.588066417259914154e-01
1.115129999999999927e+04 8.551139216636983731e-01
1.115160000000000036e+04 8.514212016013829043e-01
1.115189999999999964e+04 8.477284815390898620e-01
1.115220000000000073e+04 8.441829194293040128e-01
1.115250000000000000e+04 8.407512543047893638e-01
1.115279999999999927e+04 8.373195891802748259e-01
1.115310000000000036e+04 8.338879240557394157e-01
1.115339999999999964e+04 8.306012314540351937e-01
1.115370000000000073e+04 8.276291226630128062e-01
1.115400000000000000e+04 8.246570138720085152e-01
1.115429999999999927e+04 8.216849050810041133e-01
1.115460000000000036e+04 8.187151236933056797e-01
1.115479999999999927e+04 8.171508990608897793e-01
1.115520000000000073e+04 8.140224497960295569e-01
1.115550000000000000e+04 8.116761128473987119e-01
1.115579999999999927e+04 8.093297758987677559e-01
1.115610000000000036e+04 8.074511045937717846e-01
1.115639999999999964e+04 8.058488934477400223e-01
1.115670000000000073e+04 8.042466823016983790e-01
1.115700000000000000e+04 8.026444711556666167e-01
1.115729999999999927e+04 8.011952975619059947e-01
1.115760000000000036e+04 8.003996753710678203e-01
1.115789999999999964e+04 7.996040531802344198e-01
1.115820000000000073e+04 7.988084309893962454e-01
1.115850000000000000e+04 7.980128087985628449e-01
1.115879999999999927e+04 7.977719943592374019e-01
1.115910000000000036e+04 7.977833743560018842e-01
1.115939999999999964e+04 7.977947543527663665e-01
1.115970000000000073e+04 7.978061343495309599e-01
1.116000000000000000e+04 7.979112603460540853e-01
1.116029999999999927e+04 7.986926243171991180e-01
1.116060000000000036e+04 7.994739882883488136e-01
1.116089999999999964e+04 8.002553522594938462e-01
1.116120000000000073e+04 8.010367162306436528e-01
1.116150000000000000e+04 8.021675567948133301e-01
1.116179999999999927e+04 8.036585050589796220e-01
1.116210000000000036e+04 8.051494533231547956e-01
1.116239999999999964e+04 8.066404015873209765e-01
1.116270000000000073e+04 8.081313498514962612e-01
1.116300000000000000e+04 8.101235876165034933e-01
1.116329999999999927e+04 8.122413295904361563e-01
1.116360000000000036e+04 8.143590715643816980e-01
1.116389999999999964e+04 8.164768135383144720e-01
1.116420000000000073e+04 8.186177940155362487e-01
1.116450000000000000e+04 8.212694240721269967e-01
1.116479999999999927e+04 8.239210541287177447e-01
1.116510000000000036e+04 8.265726841853245910e-01
1.116539999999999964e+04 8.292243142419153390e-01
1.116560000000000036e+04 8.309920676129864958e-01
1.116600000000000000e+04 8.350534089960301998e-01
1.116629999999999927e+04 8.381347175524059834e-01
1.116660000000000036e+04 8.412160261088004187e-01
1.116689999999999964e+04 8.442973346651762023e-01
1.116700000000000000e+04 8.453244375173076808e-01
1.116839999999999964e+04 8.611321058160006370e-01
1.117000000000000000e+04 8.803967164146612179e-01
1.117150000000000000e+04 8.992039043709350032e-01
1.117300000000000000e+04 9.182473583360284408e-01
1.117450000000000000e+04 9.371324174542056129e-01
1.117600000000000000e+04 9.555058028837722928e-01
1.117750000000000000e+04 9.730503264978379585e-01
1.117900000000000000e+04 9.895048362978821066e-01
1.118050000000000000e+04 1.004637830506013962e+00
1.118200000000000000e+04 1.018251446151092754e+00
1.118350000000000000e+04 1.030177774691334092e+00
1.118500000000000000e+04 1.040277978552480054e+00
1.118650000000000000e+04 1.048446222251603555e+00
1.118800000000000000e+04 1.054613355995393631e+00
1.118950000000000000e+04 1.058576590029452591e+00
1.119100000000000000e+04 1.060304293026200551e+00
1.119239999999999964e+04 1.060138944115587734e+00
1.119400000000000000e+04 1.058053143638104432e+00
1.119550000000000000e+04 1.054366640596382521e+00
1.119700000000000000e+04 1.049215670190602800e+00
1.119850000000000000e+04 1.042751615033496781e+00
1.120000000000000000e+04 1.035075879306885493e+00

1.110000000000000000e+04 8.839858356118694693e-02
1.110029999999999927e+04 9.081374763286230445e-02
1.110060000000000036e+04 9.335550758243214842e-02
1.110089999999999964e+04 9.603355084825389298e-02
1.110120000000000073e+04 9.885853860879553756e-02
1.110150000000000000e+04 1.018422252457956700e-01
1.110179999999999927e+04 1.049975958688884325e-01
1.110210000000000036e+04 1.083390247389201949e-01
1.110239999999999964e+04 1.118824579370486239e-01
1.110260000000000036e+04 1.143656459458209929e-01
1.110300000000000000e+04 1.196482811571531468e-01
1.110329999999999927e+04 1.239124962729867968e-01
1.110360000000000036e+04 1.284629810143094741e-01
1.110389999999999964e+04 1.333274756225768243e-01
1.110420000000000073e+04 1.385372018012160367e-01
1.110450000000000000e+04 1.441273935881341728e-01
1.110479999999999927e+04 1.501379219293670075e-01
1.110510000000000036e+04 1.566140312175500482e-01
1.110539999999999964e+04 1.636072096157561440e-01
1.110570000000000073e+04 1.711762193380197139e-01
1.110589999999999964e+04 1.765749541750792351e-01
1.110629999999999927e+04 1.883207081411625849e-01
1.110660000000000036e+04 1.980622554999581786e-01
1.110689999999999964e+04 2.087155276162997175e-01
1.110720000000000073e+04 2.203992018926423380e-01
1.110750000000000000e+04 2.332508990830010343e-01
1.110779999999999927e+04 2.474304899100687460e-01
1.110810000000000036e+04 2.631239049266498320e-01
1.110839999999999964e+04 2.805474359785689598e-01
1.110870000000000073e+04 2.999524353894802431e-01
1.110900000000000000e+04 3.216301676939957721e-01
1.110929999999999927e+04 3.459163042873130145e-01
1.110960000000000036e+04 3.731941052109494783e-01
1.110989999999999964e+04 4.038946097722099227e-01
1.111020000000000073e+04 4.384910367600853287e-01
1.111050000000000000e+04 4.774829646663694138e-01
1.111079999999999927e+04 5.213637203059584557e-01
1.111110000000000036e+04 5.705621109358354204e-01
1.111139999999999964e+04 6.253484111946955304e-01
1.111170000000000073e+04 6.856972144537603064e-01
1.111200000000000000e+04 7.511115184148623447e-01
1.111229999999999927e+04 8.204395551112764196e-01
1.111260000000000036e+04 8.917591380119429534e-01
1.111289999999999964e+04 9.624421956652207122e-01
1.111320000000000073e+04 1.029486144056835917e+00
1.111350000000000000e+04 1.090056488603760254e+00
1.111379999999999927e+04 1.142009193360597141e+00
1.111410000000000036e+04 1.184159408975071104e+00
1.111439999999999964e+04 1.216256396765064141e+00
1.111470000000000073e+04 1.238782434409011257e+00
1.111500000000000000e+04 1.252702313006905044e+00
1.111529999999999927e+04 1.259235573661291685e+00
1.111560000000000036e+04 1.259678744307199283e+00
1.111589999999999964e+04 1.255282869934182699e+00
1.111620000000000073e+04 1.247185063260678684e+00
1.111650000000000000e+04 1.236370783552067421e+00
1.111679999999999927e+04 1.223665402219002107e+00
1.111710000000000036e+04 1.209746088290577726e+00
1.111739999999999964e+04 1.195148145455426913e+00
1.111770000000000073e+04 1.180292371430841536e+00
1.111800000000000000e+04 1.165660019781225687e+00
1.111829999999999927e+04 1.151100859854192304e+00
1.111860000000000036e+04 1.137263681122335557e+00
1.111889999999999964e+04 1.123774256019373308e+00
1.111920000000000073e+04 1.111084175107728722e+00
1.111950000000000000e+04 1.099125579246908346e+00
1.111979999999999927e+04 1.087696108212712343e+00
1.112010000000000036e+04 1.077467172608925550e+00
1.112039999999999964e+04 1.067284103193528955e+00
1.112070000000000073e+04 1.058808378900070402e+00
1.112100000000000000e+04 1.050332654606663363e+00
1.112129999999999927e+04 1.042994330265769376e+00
1.112160000000000036e+04 1.036184125085630514e+00
1.112189999999999964e+04 1.029790775884250165e+00
1.112220000000000073e+04 1.024490046983813629e+00
1.112250000000000000e+04 1.019189318083409290e+00
1.112279999999999927e+04 1.014947104814175383e+00
1.112310000000000036e+04 1.010959819396859638e+00
1.112339999999999964e+04 1.007271037049973561e+00
1.112370000000000073e+04 1.004380550491296598e+00
1.112400000000000000e+04 1.001490063932637176e+00
1.112429999999999927e+04 9.991904907067110653e-01
1.112450000000000000e+04 9.978471969461017999e-01
1.112489999999999964e+04 9.951700041365866278e-01
1.112520000000000073e+04 9.938185891430462160e-01
1.112550000000000000e+04 9.924671741495139088e-01
1.112579999999999927e+04 9.912524527487376336e-01
1.112610000000000036e+04 9.903725422050567717e-01
1.112639999999999964e+04 9.894926316613813500e-01
1.112670000000000073e+04 9.887657539433799547e-01
1.112700000000000000e+04 9.881905924678237030e-01
1.112729999999999927e+04 9.876154309922674512e-01
1.112760000000000036e+04 9.871459368169784865e-01
1.112789999999999964e+04 9.867331128689111885e-01
1.112820000000000073e+04 9.863202889208413371e-01
1.112850000000000000e+04 9.859389665769030531e-01
1.112879999999999927e+04 9.855689342767918193e-01
1.112910000000000036e+04 9.851989019766782540e-01
1.112939999999999964e+04 9.847918611794581611e-01
1.112970000000000073e+04 9.843729994716277076e-01
1.113000000000000000e+04 9.839541377637999187e-01
1.113029999999999927e+04 9.834657282588674665e-01
1.113060000000000036e+04 9.829497552405891403e-01
1.113089999999999964e+04 9.824337822223138117e-01
1.113120000000000073e+04 9.818661600630651520e-01
1.113150000000000000e+04 9.812656435681860190e-01
1.113179999999999927e+04 9.806651270733067749e-01
1.113210000000000036e+04 9.800579265531145223e-01
1.113229999999999927e+04 9.796475046231746253e-01
1.113270000000000073e+04 9.788266607632873928e-01
1.113300000000000000e+04 9.782265439422399567e-01
1.113329999999999927e+04 9.776848241759857894e-01
1.113360000000000036e+04 9.771431044097282914e-01
1.113389999999999964e+04 9.766013846434740131e-01
1.113420000000000073e+04 9.761773193063557619e-01
1.113450000000000000e+04 9.757642995004321973e-01
1.113479999999999927e+04 9.753512796945085217e-01
1.113510000000000036e+04 9.750100975542965731e-01
1.113539999999999964e+04 9.747265315189044266e-01
1.113570000000000073e+04 9.744429654835106147e-01
1.113600000000000000e+04 9.741722277981716971e-01
1.113629999999999927e+04 9.739857118501026312e-01
1.113660000000000036e+04 9.737991959020324551e-01
1.113689999999999964e+04 9.736126799539635002e-01
1.113720000000000073e+04 9.734289184005617823e-01
1.113750000000000000e+04 9.732466666408590150e-01
1.113770000000000073e+04 9.731251654677230967e-01
1.113810000000000036e+04 9.728695830653919518e-01
1.113839999999999964e+04 9.725565485004786792e-01
1.113870000000000073e+04 9.722435139355635192e-01
1.113900000000000000e+04 9.719304793706503576e-01
1.113920000000000073e+04 9.716815627900626806e-01
1.113960000000000036e+04 9.709056825349460240e-01
1.113989999999999964e+04 9.703237723436094475e-01
1.114020000000000073e+04 9.697418621522693183e-01
1.114050000000000000e+04 9.688456503525761931e-01
1.114070000000000073e+04 9.681978061853315776e-01
1.114110000000000036e+04 9.669021178508483416e-01
1.114139999999999964e+04 9.658985400065189797e-01
1.114170000000000073e+04 9.644444421151617819e-01
1.114200000000000000e+04 9.629903442238133549e-01
1.114220000000000073e+04 9.620209456295751860e-01
1.114260000000000036e+04 9.599422307815095312e-01
1.114289999999999964e+04 9.579545219130017886e-01
1.114320000000000073e+04 9.559668130444820555e-01
1.114350000000000000e+04 9.539791041759743129e-01
1.114379999999999927e+04 9.517801737725868350e-01
1.114410000000000036e+04 9.492576787017746875e-01
1.114439999999999964e+04 9.467351836309778612e-01
1.114470000000000073e+04 9.442126885601657138e-01
1.114500000000000000e+04 9.414685972818030990e-01
1.114520000000000073e+04 9.394686992797385283e-01
1.114560000000000036e+04 9.354689032756274836e-01
1.114589999999999964e+04 9.324690562725487242e-01
1.114620000000000073e+04 9.293015914260086552e-01
1.114650000000000000e+04 9.259450923322553040e-01
1.114670000000000073e+04 9.237074262697394511e-01
1.114710000000000036e+04 9.192320941447282845e-01
1.114739999999999964e+04 9.158016380075899576e-01
1.114770000000000073e+04 9.122657324548609781e-01
1.114800000000000000e+04 9.087298269021535368e-01
1.114820000000000073e+04 9.063725565336675505e-01
1.114860000000000036e+04 9.016673085543530641e-01
1.114889999999999964e+04 8.981633381814866368e-01
1.114920000000000073e+04 8.946593678085990042e-01
1.114950000000000000e+04 8.911553974357324659e-01
1.114979999999999927e+04 8.876773772280464048e-01
1.115010000000000036e+04 8.844176557105629666e-01
1.115039999999999964e+04 8.811579341930992904e-01
1.115070000000000073e+04 8.778982126756159632e-01
1.115100000000000000e+04 8.746384911581522870e-01
1.115129999999999927e+04 8.717534415937810977e-01
1.115160000000000036e+04 8.689303997698931692e-01
1.115189999999999964e+04 8.661073579460224492e-01
1.115220000000000073e+04 8.632843161221346318e-01
1.115250000000000000e+04 8.607879395088284813e-01
1.115279999999999927e+04 8.585629018268898793e-01
1.115310000000000036e+04 8.563378641449378437e-01
1.115339999999999964e+04 8.541128264629993527e-01
1.115370000000000073e+04 8.520100950869743395e-01
1.115400000000000000e+04 8.505002301877604420e-01
1.115429999999999927e+04 8.489903652885465446e-01
1.115460000000000036e+04 8.474805003893234323e-01
1.115479999999999927e+04 8.464739237898505353e-01
1.115520000000000073e+04 8.450316540434215096e-01
1.115550000000000000e+04 8.443013926348365006e-01
1.115579999999999927e+04 8.435711312262514916e-01
1.115610000000000036e+04 8.428408698176620417e-01
1.115639999999999964e+04 8.422920915388728558e-01
1.115670000000000073e+04 8.423507770712754805e-01
1.115700000000000000e+04 8.424094626036775502e-01
1.115729999999999927e+04 8.424681481360797308e-01
1.115760000000000036e+04 8.425268336684822446e-01
1.115789999999999964e+04 8.430901082199058205e-01
1.115820000000000073e+04 8.439083847170959496e-01
1.115850000000000000e+04 8.447266612142809716e-01
1.115879999999999927e+04 8.455449377114659937e-01
1.115910000000000036e+04 8.463878884045757944e-01
1.115939999999999964e+04 8.479101608186809802e-01
1.115970000000000073e+04 8.494324332327953808e-01
1.116000000000000000e+04 8.509547056469005666e-01
1.116029999999999927e+04 8.524769780610057524e-01
1.116060000000000036e+04 8.542137836877907731e-01
1.116089999999999964e+04 8.563627821860448908e-01
1.116120000000000073e+04 8.585117806843118871e-01
1.116150000000000000e+04 8.606607791825658937e-01
1.116179999999999927e+04 8.628097776808199004e-01
1.116210000000000036e+04 8.652731531761094219e-01
1.116239999999999964e+04 8.679585700644605328e-01
1.116270000000000073e+04 8.706439869528278530e-01
1.116300000000000000e+04 8.733294038411789639e-01
1.116329999999999927e+04 8.760148207295300748e-01
1.116360000000000036e+04 8.790345564116374133e-01
1.116389999999999964e+04 8.821562350809986075e-01
1.116420000000000073e+04 8.852779137503786755e-01
1.116450000000000000e+04 8.883995924197398697e-01
1.116479999999999927e+04 8.915212710891009529e-01
1.116510000000000036e+04 8.949395180712442777e-01
1.116539999999999964e+04 8.983970286976155073e-01
1.116560000000000036e+04 9.007020357818769085e-01
1.116600000000000000e+04 9.053120499503789498e-01
1.116629999999999927e+04 9.087695605767500684e-01
1.116660000000000036e+04 9.124473698027040225e-01
1.116689999999999964e+04 9.161401553492936056e-01
1.116700000000000000e+04 9.173710838648310162e-01
1.116839999999999964e+04 9.348707933234499112e-01
1.117000000000000000e+04 9.554111049422011614e-01
1.117150000000000000e+04 9.747418268955474474e-01
1.117300000000000000e+04 9.937645680430826634e-01
1.117450000000000000e+04 1.012143322961419845e+00
1.117600000000000000e+04 1.029583888133484004e+00
1.117750000000000000e+04 1.045836261143179957e+00
1.117900000000000000e+04 1.060680948513595290e+00
1.118050000000000000e+04 1.073887914816407330e+00
1.118200000000000000e+04 1.085125042455211020e+00
1.118350000000000000e+04 1.094416678431228140e+00
1.118500000000000000e+04 1.101682169375144626e+00
1.118650000000000000e+04 1.106885145873178766e+00
1.118800000000000000e+04 1.110033210289104399e+00
1.118950000000000000e+04 1.111176337452526974e+00
1.119100000000000000e+04 1.110402941644538455e+00
1.119239999999999964e+04 1.107816576143461074e+00
1.119400000000000000e+04 1.103114919059873023e+00
1.119550000000000000e+04 1.097261545037190089e+00
1.119700000000000000e+04 1.090288352889677403e+00
1.119850000000000000e+04 1.082405668860485948e+00
1.120000000000000000e+04 1.073813278028552309e+00

1.110000000000000000e+04 9.965123357117126879e-02
1.110029999999999927e+04 1.028056117387725760e-01
1.110060000000000036e+04 1.061423310789447738e-01
1.110089999999999964e+04 1.096765229602491426e-01
1.110120000000000073e+04 1.134250324057618636e-01
1.110150000000000000e+04 1.174065096738387548e-01
1.110179999999999927e+04 1.216417536801136373e-01
1.110210000000000036e+04 1.261539895806502165e-01
1.110239999999999964e+04 1.309692126237405607e-01
1.110260000000000036e+04 1.343619477174486376e-01
1.110300000000000000e+04 1.416289462591170945e-01
1.110329999999999927e+04 1.475433002343398137e-01
1.110360000000000036e+04 1.539015458805562953e-01
1.110389999999999964e+04 1.607512216035817398e-01
1.110420000000000073e+04 1.681464383717880262e-01
1.110450000000000000e+04 1.761489817718190909e-01
1.110479999999999927e+04 1.848296271315957306e-01
1.110510000000000036e+04 1.942697124831450628e-01
1.110539999999999964e+04 2.045630234886369192e-01
1.110570000000000073e+04 2.158180551665005442e-01
1.110589999999999964e+04 2.239170700034219530e-01
1.110629999999999927e+04 2.417376384736002748e-01
1.110660000000000036e+04 2.567199662106752767e-01
1.110689999999999964e+04 2.733080985979842725e-01
1.110720000000000073e+04 2.917371044225860466e-01
1.110750000000000000e+04 3.122830854577307580e-01
1.110779999999999927e+04 3.352703767664810819e-01
1.110810000000000036e+04 3.610793739429029037e-01
1.110839999999999964e+04 3.901544202674441797e-01
1.110870000000000073e+04 4.230105724717920790e-01
1.110900000000000000e+04 4.602370250460305345e-01
1.110929999999999927e+04 5.024933199529789674e-01
1.110960000000000036e+04 5.504920403855515509e-01
1.110989999999999964e+04 6.049585741576877229e-01
1.111020000000000073e+04 6.665555542505043896e-01
1.111050000000000000e+04 7.357591398048978215e-01
1.111079999999999927e+04 8.126813100812534385e-01
1.111110000000000036e+04 8.968540009702204996e-01
1.111139999999999964e+04 9.870317082156671029e-01
1.111170000000000073e+04 1.081114681240850750e+00
1.111200000000000000e+04 1.176289908708053833e+00
1.111229999999999927e+04 1.269376090321562511e+00
1.111260000000000036e+04 1.357223182288854746e+00
1.111289999999999964e+04 1.437023566954934273e+00
1.111320000000000073e+04 1.506504802765981976e+00
1.111350000000000000e+04 1.564036965534850276e+00
1.111379999999999927e+04 1.608681488167979845e+00
1.111410000000000036e+04 1.640188879678497136e+00
1.111439999999999964e+04 1.658944995882402740e+00
1.111470000000000073e+04 1.665869575227052035e+00
1.111500000000000000e+04 1.662279768094143684e+00
1.111529999999999927e+04 1.649738414883938464e+00
1.111560000000000036e+04 1.629908082240593359e+00
1.111589999999999964e+04 1.604427550269274860e+00
1.111620000000000073e+04 1.574820093011291444e+00
1.111650000000000000e+04 1.542437287794044432e+00
1.111679999999999927e+04 1.508424067914837297e+00
1.111710000000000036e+04 1.473725428705663587e+00
1.111739999999999964e+04 1.439084801337872310e+00
1.111770000000000073e+04 1.405077843757457812e+00
1.111800000000000000e+04 1.372124220525412497e+00
1.111829999999999927e+04 1.340525870487850213e+00
1.111860000000000036e+04 1.310476734209083061e+00
1.111889999999999964e+04 1.282095228231046047e+00
1.111920000000000073e+04 1.256326421119824399e+00
1.111950000000000000e+04 1.230790012963143942e+00
1.111979999999999927e+04 1.208109145364109738e+00
1.112010000000000036e+04 1.186144758975559821e+00
1.112039999999999964e+04 1.166398841535516429e+00
1.112070000000000073e+04 1.147865077002434120e+00
1.112100000000000000e+04 1.130697663947274778e+00
1.112129999999999927e+04 1.115338396420110234e+00
1.112160000000000036e+04 1.100409104798990123e+00
1.112189999999999964e+04 1.087903714399946153e+00
1.112220000000000073e+04 1.075398324000826245e+00
1.112250000000000000e+04 1.064917093876363463e+00
1.112279999999999927e+04 1.054918674509123910e+00
1.112310000000000036e+04 1.045783926334208136e+00
1.112339999999999964e+04 1.037941118076420866e+00
1.112370000000000073e+04 1.030098309818586300e+00
1.112400000000000000e+04 1.023941208064782504e+00
1.112429999999999927e+04 1.017910186149161733e+00
1.112450000000000000e+04 1.013983375692678379e+00
1.112489999999999964e+04 1.007918418506938973e+00
1.112520000000000073e+04 1.003369700617613880e+00
1.112550000000000000e+04 9.997599257143676699e-01
1.112579999999999927e+04 9.963857513496259255e-01
1.112610000000000036e+04 9.931358683387281339e-01
1.112639999999999964e+04 9.906580604795600653e-01
1.112670000000000073e+04 9.881802526203771198e-01
1.112700000000000000e+04 9.859736041848101706e-01
1.112729999999999927e+04 9.841501196533848361e-01
1.112760000000000036e+04 9.823266351219485104e-01
1.112789999999999964e+04 9.807851894764936240e-01
1.112820000000000073e+04 9.794117698866854349e-01
1.112850000000000000e+04 9.780383502968855725e-01
1.112879999999999927e+04 9.768809680424341835e-01
1.112910000000000036e+04 9.757861576017176075e-01
1.112939999999999964e+04 9.746913471610075819e-01
1.112970000000000073e+04 9.737128127429593993e-01
1.113000000000000000e+04 9.727531025164164458e-01
1.113029999999999927e+04 9.717933922898734922e-01
1.113060000000000036e+04 9.708542561415386407e-01
1.113089999999999964e+04 9.699178615203509768e-01
1.113120000000000073e+04 9.689814668991575397e-01
1.113150000000000000e+04 9.680099127626651256e-01
1.113179999999999927e+04 9.670316948505452981e-01
1.113210000000000036e+04 9.660534769384194753e-01
1.113229999999999927e+04 9.653865593474598716e-01
1.113270000000000073e+04 9.640332833633713516e-01
1.113300000000000000e+04 9.630183263753111511e-01
1.113329999999999927e+04 9.620223313653121222e-01
1.113360000000000036e+04 9.610408363188657210e-01
1.113389999999999964e+04 9.600593412724253151e-01
1.113420000000000073e+04 9.591203381235303693e-01
1.113450000000000000e+04 9.582659024052354590e-01
1.113479999999999927e+04 9.574114666869405488e-01
1.113510000000000036e+04 9.565640138368161072e-01
1.113539999999999964e+04 9.558901136177339053e-01
1.113570000000000073e+04 9.552162133986475956e-01
1.113600000000000000e+04 9.545423131795653937e-01
1.113629999999999927e+04 9.539869953349773279e-01
1.113660000000000036e+04 9.534876268376117903e-01
1.113689999999999964e+04 9.529882583402492502e-01
1.113720000000000073e+04 9.525249721946845716e-01
1.113750000000000000e+04 9.521661740782544348e-01
1.113770000000000073e+04 9.519269753339661966e-01
1.113810000000000036e+04 9.514485778453918297e-01
1.113839999999999964e+04 9.511200841932154759e-01
1.113870000000000073e+04 9.508006200995590129e-01
1.113900000000000000e+04 9.504811560059045483e-01
1.113920000000000073e+04 9.502681799434669063e-01
1.113960000000000036e+04 9.497119953214355759e-01
1.113989999999999964e+04 9.492858438791587083e-01
1.114020000000000073e+04 9.488596924368791763e-01
1.114050000000000000e+04 9.482801168116321566e-01
1.114070000000000073e+04 9.478276345156816385e-01
1.114110000000000036e+04 9.469226699237848210e-01
1.114139999999999964e+04 9.462439464798632072e-01
1.114170000000000073e+04 9.452124145284471757e-01
1.114200000000000000e+04 9.441546130953188953e-01
1.114220000000000073e+04 9.434494121398957489e-01
1.114260000000000036e+04 9.419482958625654545e-01
1.114289999999999964e+04 9.404141942926179665e-01
1.114320000000000073e+04 9.388800927226611526e-01
1.114350000000000000e+04 9.373459911527136645e-01
1.114379999999999927e+04 9.356065347776789665e-01
1.114410000000000036e+04 9.335414049631511890e-01
1.114439999999999964e+04 9.314762751486359571e-01
1.114470000000000073e+04 9.294111453341081797e-01
1.114500000000000000e+04 9.270681288946508447e-01
1.114520000000000073e+04 9.253347452189303324e-01
1.114560000000000036e+04 9.218679778675052949e-01
1.114589999999999964e+04 9.192679023539405136e-01
1.114620000000000073e+04 9.163857911297984549e-01
1.114650000000000000e+04 9.133066515383285733e-01
1.114670000000000073e+04 9.112538918106695141e-01
1.114710000000000036e+04 9.071483723553700473e-01
1.114739999999999964e+04 9.038564845701698713e-01
1.114770000000000073e+04 9.004194712090763941e-01
1.114800000000000000e+04 8.969824578480037891e-01
1.114820000000000073e+04 8.946911156072747673e-01
1.114860000000000036e+04 8.900129329615399376e-01
1.114889999999999964e+04 8.863979951366767196e-01
1.114920000000000073e+04 8.827830573117916302e-01
1.114950000000000000e+04 8.791681194869284122e-01
1.114979999999999927e+04 8.755686699578293375e-01
1.115010000000000036e+04 8.719910092558214032e-01
1.115039999999999964e+04 8.684133485538351183e-01
1.115070000000000073e+04 8.648356878518271840e-01
1.115100000000000000e+04 8.613160654723951426e-01
1.115129999999999927e+04 8.579899280603896505e-01
1.115160000000000036e+04 8.546637906483639524e-01
1.115189999999999964e+04 8.513376532363583493e-01
1.115220000000000073e+04 8.480115158243326512e-01
1.115250000000000000e+04 8.451218117464347479e-01
1.115279999999999927e+04 8.422398793416596696e-01
1.115310000000000036e+04 8.393579469368670498e-01
1.115339999999999964e+04 8.364760145320918605e-01
1.115370000000000073e+04 8.340002264886694494e-01
1.115400000000000000e+04 8.317237913800357152e-01
1.115429999999999927e+04 8.294473562714018700e-01
1.115460000000000036e+04 8.271709211627543690e-01
1.115479999999999927e+04 8.256532977570031351e-01
1.115520000000000073e+04 8.235529958674921991e-01
1.115550000000000000e+04 8.219982367349640828e-01
1.115579999999999927e+04 8.204434776024360776e-01
1.115610000000000036e+04 8.188887184698985244e-01
1.115639999999999964e+04 8.180059089275630857e-01
1.115670000000000073e+04 8.172354260652303637e-01
1.115700000000000000e+04 8.164649432029021936e-01
1.115729999999999927e+04 8.156944603405741345e-01
1.115760000000000036e+04 8.152039870856901960e-01
1.115789999999999964e+04 8.152232989944733221e-01
1.115820000000000073e+04 8.152426109032565593e-01
1.115850000000000000e+04 8.152619228120395745e-01
1.115879999999999927e+04 8.152812347208227006e-01
1.115910000000000036e+04 8.158979822076537491e-01
1.115939999999999964e+04 8.166746989054641803e-01
1.115970000000000073e+04 8.174514156032792744e-01
1.116000000000000000e+04 8.182281323010897056e-01
1.116029999999999927e+04 8.191165568859414270e-01
1.116060000000000036e+04 8.205934112828754401e-01
1.116089999999999964e+04 8.220702656798004604e-01
1.116120000000000073e+04 8.235471200767344735e-01
1.116150000000000000e+04 8.250239744736594938e-01
1.116179999999999927e+04 8.267908674035077121e-01
1.116210000000000036e+04 8.288890416957818141e-01
1.116239999999999964e+04 8.309872159880431486e-01
1.116270000000000073e+04 8.330853902803172506e-01
1.116300000000000000e+04 8.351835645725785851e-01
1.116329999999999927e+04 8.376587999707871823e-01
1.116360000000000036e+04 8.402876207470388881e-01
1.116389999999999964e+04 8.429164415232747176e-01
1.116420000000000073e+04 8.455452622995264234e-01
1.116450000000000000e+04 8.481740830757621419e-01
1.116479999999999927e+04 8.511858502459652698e-01
1.116510000000000036e+04 8.542445476285158712e-01
1.116539999999999964e+04 8.573032450110478209e-01
1.116560000000000036e+04 8.593423765994148145e-01
1.116600000000000000e+04 8.634231455467613614e-01
1.116629999999999927e+04 8.668120720214378405e-01
1.116660000000000036e+04 8.702009984961349698e-01
1.116689999999999964e+04 8.735899249708115599e-01
1.116700000000000000e+04 8.747195671290438623e-01
1.116839999999999964e+04 8.912396171802210443e-01
1.117000000000000000e+04 9.109976765835894330e-01
1.117150000000000000e+04 9.299207566937884861e-01
1.117300000000000000e+04 9.488111175464253311e-01
1.117450000000000000e+04 9.673067467247385975e-01
1.117600000000000000e+04 9.850840454744089758e-01
1.117750000000000000e+04 1.001865246566123968e+00
1.117900000000000000e+04 1.017411927446117081e+00
1.118050000000000000e+04 1.031516233305430186e+00
1.118200000000000000e+04 1.044002339938055801e+00
1.118350000000000000e+04 1.054722437018625891e+00
1.118500000000000000e+04 1.063460899465783038e+00
1.118650000000000000e+04 1.069985650460802518e+00
1.118800000000000000e+04 1.074463259190523878e+00
1.118950000000000000e+04 1.076917220730462033e+00
1.119100000000000000e+04 1.077415647829216061e+00
1.119239999999999964e+04 1.076252719383713252e+00
1.119400000000000000e+04 1.072999590815483462e+00
1.119550000000000000e+04 1.068258593235418275e+00
1.119700000000000000e+04 1.062042684957238192e+00
1.119850000000000000e+04 1.054810280518457155e+00
1.120000000000000000e+04 1.046772469307997611e+00

1.110000000000000000e+04 1.006477459068829822e-01
1.110029999999999927e+04 1.038336678561603138e-01
1.110060000000000036e+04 1.072037543897342154e-01
1.110089999999999964e+04 1.107732881898516458e-01
1.110120000000000073e+04 1.145592827298194810e-01
1.110150000000000000e+04 1.185805747705771518e-01
1.110179999999999927e+04 1.228581712169147661e-01
1.110210000000000036e+04 1.274155294764567070e-01
1.110239999999999964e+04 1.322789047499779713e-01
1.110260000000000036e+04 1.357055671946231223e-01
1.110300000000000000e+04 1.430452357217082693e-01
1.110329999999999927e+04 1.490187332366832151e-01
1.110360000000000036e+04 1.554405613393618768e-01
1.110389999999999964e+04 1.623587338196175733e-01
1.110420000000000073e+04 1.698279027555059106e-01
1.110450000000000000e+04 1.779104715895372946e-01
1.110479999999999927e+04 1.866779234029117274e-01
1.110510000000000036e+04 1.962124096079765068e-01
1.110539999999999964e+04 2.066086537235233000e-01
1.110570000000000073e+04 2.179762357181655452e-01
1.110589999999999964e+04 2.261562407034561628e-01
1.110629999999999927e+04 2.441550148583362667e-01
1.110660000000000036e+04 2.592871658727819995e-01
1.110689999999999964e+04 2.760411795839641802e-01
1.110720000000000073e+04 2.946544754668118937e-01
1.110750000000000000e+04 3.154059163123080767e-01
1.110779999999999927e+04 3.386230805341459704e-01
1.110810000000000036e+04 3.646901676823319227e-01
1.110839999999999964e+04 3.940559644701186470e-01
1.110870000000000073e+04 4.272406781965100153e-01
1.110900000000000000e+04 4.648393952964908205e-01
1.110929999999999927e+04 5.075182531525088692e-01
1.110960000000000036e+04 5.559969607894070798e-01
1.110989999999999964e+04 6.110081598992646024e-01
1.111020000000000073e+04 6.732211097930094201e-01
1.111050000000000000e+04 7.431167312029467453e-01
1.111079999999999927e+04 8.208081231820659740e-01
1.111110000000000036e+04 9.058225409799227634e-01
1.111139999999999964e+04 9.969020252978237906e-01
1.111170000000000073e+04 1.091925828053259329e+00
1.111200000000000000e+04 1.188052807795134447e+00
1.111229999999999927e+04 1.282069851224778123e+00
1.111260000000000036e+04 1.370795414111743327e+00
1.111289999999999964e+04 1.451393802624483698e+00
1.111320000000000073e+04 1.521569850793641931e+00
1.111350000000000000e+04 1.579677335190198706e+00
1.111379999999999927e+04 1.624768303049659801e+00
1.111410000000000036e+04 1.656590768475282305e+00
1.111439999999999964e+04 1.675534445841226683e+00
1.111470000000000073e+04 1.682528270979322782e+00
1.111500000000000000e+04 1.678902565775084899e+00
1.111529999999999927e+04 1.666235799032777853e+00
1.111560000000000036e+04 1.646207163062999523e+00
1.111589999999999964e+04 1.620471825771967467e+00
1.111620000000000073e+04 1.590568293941404532e+00
1.111650000000000000e+04 1.557861660671985060e+00
1.111679999999999927e+04 1.523508308593985561e+00
1.111710000000000036e+04 1.488462682992720110e+00
1.111739999999999964e+04 1.453475649351251064e+00
1.111770000000000073e+04 1.419128622195032330e+00
1.111800000000000000e+04 1.385845462730666666e+00
1.111829999999999927e+04 1.353931129192728733e+00
1.111860000000000036e+04 1.323581501551174044e+00
1.111889999999999964e+04 1.294916180513356663e+00
1.111920000000000073e+04 1.268889685331022976e+00
1.111950000000000000e+04 1.243097913092775508e+00
1.111979999999999927e+04 1.220190236817750851e+00
1.112010000000000036e+04 1.198006206565315646e+00
1.112039999999999964e+04 1.178062829950871970e+00
1.112070000000000073e+04 1.159343727772458532e+00
1.112100000000000000e+04 1.142004640586747666e+00
1.112129999999999927e+04 1.126491780384311525e+00
1.112160000000000036e+04 1.111413195846980173e+00
1.112189999999999964e+04 1.098782751543945668e+00
1.112220000000000073e+04 1.086152307240834558e+00
1.112250000000000000e+04 1.075566264815127182e+00
1.112279999999999927e+04 1.065467861254215443e+00
1.112310000000000036e+04 1.056241765597550453e+00
1.112339999999999964e+04 1.048320529257185330e+00
1.112370000000000073e+04 1.040399292916772245e+00
1.112400000000000000e+04 1.034180620145430440e+00
1.112429999999999927e+04 1.028089288010653579e+00
1.112450000000000000e+04 1.024123209449605332e+00
1.112489999999999964e+04 1.017997602692008563e+00
1.112520000000000073e+04 1.013403397623789948e+00
1.112550000000000000e+04 1.009757524971511389e+00
1.112579999999999927e+04 1.006349608863122302e+00
1.112610000000000036e+04 1.003067227022115482e+00
1.112639999999999964e+04 1.000564641084355832e+00
1.112670000000000073e+04 9.980620551465809731e-01
1.112700000000000000e+04 9.958333402266583700e-01
1.112729999999999927e+04 9.939916208499187666e-01
1.112760000000000036e+04 9.921499014731679500e-01
1.112789999999999964e+04 9.905930413712584759e-01
1.112820000000000073e+04 9.892058875855522793e-01
1.112850000000000000e+04 9.878187337998544093e-01
1.112879999999999927e+04 9.866497777228585564e-01
1.112910000000000036e+04 9.855440191777347092e-01
1.112939999999999964e+04 9.844382606326176344e-01
1.112970000000000073e+04 9.834499408703890611e-01
1.113000000000000000e+04 9.824806335415806613e-01
1.113029999999999927e+04 9.815113262127722615e-01
1.113060000000000036e+04 9.805627987029540416e-01
1.113089999999999964e+04 9.796170401355545065e-01
1.113120000000000073e+04 9.786712815681490873e-01
1.113150000000000000e+04 9.776900118902916992e-01
1.113179999999999927e+04 9.767020117990506956e-01
1.113210000000000036e+04 9.757140117078038077e-01
1.113229999999999927e+04 9.750404249409345692e-01
1.113270000000000073e+04 9.736736161970050984e-01
1.113300000000000000e+04 9.726485096390643514e-01
1.113329999999999927e+04 9.716425546789653200e-01
1.113360000000000036e+04 9.706512446820544371e-01
1.113389999999999964e+04 9.696599346851495493e-01
1.113420000000000073e+04 9.687115415047656830e-01
1.113450000000000000e+04 9.678485614292878791e-01
1.113479999999999927e+04 9.669855813538099643e-01
1.113510000000000036e+04 9.661296539751842438e-01
1.113539999999999964e+04 9.654490147539112055e-01
1.113570000000000073e+04 9.647683755326341704e-01
1.113600000000000000e+04 9.640877363113611320e-01
1.113629999999999927e+04 9.635268652883270946e-01
1.113660000000000036e+04 9.630225031059879148e-01
1.113689999999999964e+04 9.625181409236518437e-01
1.113720000000000073e+04 9.620502219166314761e-01
1.113750000000000000e+04 9.616878358190370513e-01
1.113770000000000073e+04 9.614462450873059174e-01
1.113810000000000036e+04 9.609630636238458701e-01
1.113839999999999964e+04 9.606312850351477195e-01
1.113870000000000073e+04 9.603086263005546908e-01
1.113900000000000000e+04 9.599859675659636604e-01
1.113920000000000073e+04 9.597708617429016043e-01
1.113960000000000036e+04 9.592091152746499150e-01
1.113989999999999964e+04 9.587787023179502599e-01
1.114020000000000073e+04 9.583482893612480513e-01
1.114050000000000000e+04 9.577629179797485515e-01
1.114070000000000073e+04 9.573059108608384937e-01
1.114110000000000036e+04 9.563918966230227081e-01
1.114139999999999964e+04 9.557063859446618403e-01
1.114170000000000073e+04 9.546645386737316885e-01
1.114200000000000000e+04 9.535961592262720554e-01
1.114220000000000073e+04 9.528839062612947108e-01
1.114260000000000036e+04 9.513677788211910569e-01
1.114289999999999964e+04 9.498183362355441250e-01
1.114320000000000073e+04 9.482688936498877563e-01
1.114350000000000000e+04 9.467194510642408245e-01
1.114379999999999927e+04 9.449626001254557428e-01
1.114410000000000036e+04 9.428768190127827520e-01
1.114439999999999964e+04 9.407910379001223067e-01
1.114470000000000073e+04 9.387052567874493159e-01
1.114500000000000000e+04 9.363388101835973254e-01
1.114520000000000073e+04 9.345880926711197523e-01
1.114560000000000036e+04 9.310866576461804822e-01
1.114589999999999964e+04 9.284605813774798877e-01
1.114620000000000073e+04 9.255496490410964894e-01
1.114650000000000000e+04 9.224397180537118324e-01
1.114670000000000073e+04 9.203664307287762192e-01
1.114710000000000036e+04 9.162198560789237556e-01
1.114739999999999964e+04 9.128950494158716289e-01
1.114770000000000073e+04 9.094236659211671903e-01
1.114800000000000000e+04 9.059522824264838459e-01
1.114820000000000073e+04 9.036380267633475905e-01
1.114860000000000036e+04 8.989130622911553070e-01
1.114889999999999964e+04 8.952619750880435046e-01
1.114920000000000073e+04 8.916108878849094976e-01
1.114950000000000000e+04 8.879598006817976952e-01
1.114979999999999927e+04 8.843243566574076064e-01
1.115010000000000036e+04 8.807109193483796394e-01
1.115039999999999964e+04 8.770974820393735438e-01
1.115070000000000073e+04 8.734840447303455768e-01
1.115100000000000000e+04 8.699292261271192039e-01
1.115129999999999927e+04 8.665698273409935259e-01
1.115160000000000036e+04 8.632104285548475309e-01
1.115189999999999964e+04 8.598510297687219639e-01
1.115220000000000073e+04 8.564916309825759688e-01
1.115250000000000000e+04 8.535730298638991576e-01
1.115279999999999927e+04 8.506622781350762219e-01
1.115310000000000036e+04 8.477515264062357447e-01
1.115339999999999964e+04 8.448407746774129201e-01
1.115370000000000073e+04 8.423402287535561861e-01
1.115400000000000000e+04 8.400410292938361723e-01
1.115429999999999927e+04 8.377418298341160474e-01
1.115460000000000036e+04 8.354426303743819338e-01
1.115479999999999927e+04 8.339098307345732541e-01
1.115520000000000073e+04 8.317885258261671355e-01
1.115550000000000000e+04 8.302182191023138591e-01
1.115579999999999927e+04 8.286479123784604717e-01
1.115610000000000036e+04 8.270776056545975363e-01
1.115639999999999964e+04 8.261859680168387454e-01
1.115670000000000073e+04 8.254077803258826895e-01
1.115700000000000000e+04 8.246295926349312966e-01
1.115729999999999927e+04 8.238514049439800147e-01
1.115760000000000036e+04 8.233560269565471934e-01
1.115789999999999964e+04 8.233755319844181519e-01
1.115820000000000073e+04 8.233950370122891105e-01
1.115850000000000000e+04 8.234145420401600690e-01
1.115879999999999927e+04 8.234340470680309165e-01
1.115910000000000036e+04 8.240569620297304443e-01
1.115939999999999964e+04 8.248414458945189098e-01
1.115970000000000073e+04 8.256259297593121493e-01
1.116000000000000000e+04 8.264104136241007259e-01
1.116029999999999927e+04 8.273077224548009978e-01
1.116060000000000036e+04 8.287993453957043233e-01
1.116089999999999964e+04 8.302909683365985449e-01
1.116120000000000073e+04 8.317825912775018704e-01
1.116150000000000000e+04 8.332742142183962031e-01
1.116179999999999927e+04 8.350587760775428636e-01
1.116210000000000036e+04 8.371779321127397200e-01
1.116239999999999964e+04 8.392970881479236978e-01
1.116270000000000073e+04 8.414162441831205541e-01
1.116300000000000000e+04 8.435354002183045319e-01
1.116329999999999927e+04 8.460353879704951563e-01
1.116360000000000036e+04 8.486904969545093769e-01
1.116389999999999964e+04 8.513456059385074992e-01
1.116420000000000073e+04 8.540007149225217198e-01
1.116450000000000000e+04 8.566558239065198421e-01
1.116479999999999927e+04 8.596977087484249935e-01
1.116510000000000036e+04 8.627869931048010033e-01
1.116539999999999964e+04 8.658762774611583612e-01
1.116560000000000036e+04 8.679358003654089604e-01
1.116600000000000000e+04 8.720573770022288507e-01
1.116629999999999927e+04 8.754801927416522300e-01
1.116660000000000036e+04 8.789030084810962595e-01
1.116689999999999964e+04 8.823258242205196389e-01
1.116700000000000000e+04 8.834667628003343154e-01
1.116839999999999964e+04 9.001520133520233280e-01
1.117000000000000000e+04 9.201076533494253473e-01
1.117150000000000000e+04 9.392199642607265142e-01
1.117300000000000000e+04 9.582992287218895511e-01
1.117450000000000000e+04 9.769798141919860957e-01
1.117600000000000000e+04 9.949348859291531344e-01
1.117750000000000000e+04 1.011883899031785328e+00
1.117900000000000000e+04 1.027586046720578405e+00
1.118050000000000000e+04 1.041831395638484814e+00
1.118200000000000000e+04 1.054442363337436461e+00
1.118350000000000000e+04 1.065269661388812183e+00
1.118500000000000000e+04 1.074095508460441106e+00
1.118650000000000000e+04 1.080685506965410436e+00
1.118800000000000000e+04 1.085207891782429046e+00
1.118950000000000000e+04 1.087686392937766700e+00
1.119100000000000000e+04 1.088189804307508224e+00
1.119239999999999964e+04 1.087015246577550442e+00
1.119400000000000000e+04 1.083729586723638505e+00
1.119550000000000000e+04 1.078941179167772546e+00
1.119700000000000000e+04 1.072663111806810621e+00
1.119850000000000000e+04 1.065358383323641744e+00
1.120000000000000000e+04 1.057240194001077604e+00

1.110000000000000000e+04 9.987072761743348570e-02
1.110029999999999927e+04 1.030376614564392362e-01
1.110060000000000036e+04 1.063879037991784654e-01
1.110089999999999964e+04 1.099366855783955599e-01
1.110120000000000073e+04 1.137009644711069467e-01
1.110150000000000000e+04 1.176995181711048000e-01
1.110179999999999927e+04 1.219532904164796067e-01
1.110210000000000036e+04 1.264856712868741850e-01
1.110239999999999964e+04 1.313228444445508070e-01
1.110260000000000036e+04 1.347313211225752150e-01
1.110300000000000000e+04 1.420327892652155088e-01
1.110329999999999927e+04 1.479759382108297161e-01
1.110360000000000036e+04 1.543658642996785790e-01
1.110389999999999964e+04 1.612504894708144398e-01
1.110420000000000073e+04 1.686843710475353642e-01
1.110450000000000000e+04 1.767298158398534214e-01
1.110479999999999927e+04 1.854582097007896058e-01
1.110510000000000036e+04 1.949516080278805852e-01
1.110539999999999964e+04 2.053046417598882456e-01
1.110570000000000073e+04 2.166268045357399030e-01
1.110589999999999964e+04 2.247752643948515983e-01
1.110629999999999927e+04 2.427078231440036593e-01
1.110660000000000036e+04 2.577875186298848598e-01
1.110689999999999964e+04 2.744866419391361334e-01
1.110720000000000073e+04 2.930425872483126692e-01
1.110750000000000000e+04 3.137341851328078191e-01
1.110779999999999927e+04 3.368889376964344651e-01
1.110810000000000036e+04 3.628908486663370292e-01
1.110839999999999964e+04 3.921882470432929702e-01
1.110870000000000073e+04 4.253003638840771594e-01
1.110900000000000000e+04 4.628203476599207500e-01
1.110929999999999927e+04 5.054107033540959915e-01
1.110960000000000036e+04 5.537846682833330592e-01
1.110989999999999964e+04 6.086639218153513387e-01
1.111020000000000073e+04 6.707001844136919466e-01
1.111050000000000000e+04 7.403482563755368062e-01
1.111079999999999927e+04 8.176859830930163220e-01
1.111110000000000036e+04 9.021996337246496189e-01
1.111139999999999964e+04 9.925947028808714823e-01
1.111170000000000073e+04 1.086734943893677308e+00
1.111200000000000000e+04 1.181799404851269220e+00
1.111229999999999927e+04 1.274630745229203388e+00
1.111260000000000036e+04 1.362122507602930854e+00
1.111289999999999964e+04 1.441513714786691436e+00
1.111320000000000073e+04 1.510570789166823635e+00
1.111350000000000000e+04 1.567691074509742988e+00
1.111379999999999927e+04 1.611952268969327973e+00
1.111410000000000036e+04 1.643112637726492187e+00
1.111439999999999964e+04 1.661560082804836469e+00
1.111470000000000073e+04 1.668213011868101781e+00
1.111500000000000000e+04 1.664385523947961687e+00
1.111529999999999927e+04 1.651636735808701184e+00
1.111560000000000036e+04 1.631625420461460640e+00
1.111589999999999964e+04 1.605986802125943802e+00
1.111620000000000073e+04 1.576240970239800587e+00
1.111650000000000000e+04 1.543736723680612100e+00
1.111679999999999927e+04 1.509616605518066423e+00
1.111710000000000036e+04 1.474823576115547041e+00
1.111739999999999964e+04 1.440099336960706689e+00
1.111770000000000073e+04 1.406018082623270660e+00
1.111800000000000000e+04 1.372998234677812235e+00
1.111829999999999927e+04 1.341340678451706570e+00
1.111860000000000036e+04 1.311238454920201857e+00
1.111889999999999964e+04 1.282809211882421252e+00
1.111920000000000073e+04 1.256999473271460666e+00
1.111950000000000000e+04 1.231422711724803554e+00
1.111979999999999927e+04 1.208707516211919186e+00
1.112010000000000036e+04 1.186710313756520030e+00
1.112039999999999964e+04 1.166935462937495727e+00
1.112070000000000073e+04 1.148374886493658709e+00
1.112100000000000000e+04 1.131182732496985199e+00
1.112129999999999927e+04 1.115801464621653860e+00
1.112160000000000036e+04 1.100850756281189113e+00
1.112189999999999964e+04 1.088327239250909795e+00
1.112220000000000073e+04 1.075803722220554759e+00
1.112250000000000000e+04 1.065306894241087043e+00
1.112279999999999927e+04 1.055293480192603939e+00
1.112310000000000036e+04 1.046144755841324381e+00
1.112339999999999964e+04 1.038289494958174908e+00
1.112370000000000073e+04 1.030434234074978139e+00
1.112400000000000000e+04 1.024266605980817868e+00
1.112429999999999927e+04 1.018225201798379720e+00
1.112450000000000000e+04 1.014291576884928325e+00
1.112489999999999964e+04 1.008215030652820809e+00
1.112520000000000073e+04 1.003657620978719356e+00
1.112550000000000000e+04 1.000040259826073363e+00
1.112579999999999927e+04 9.966587766140037052e-01
1.112610000000000036e+04 9.934017419058670528e-01
1.112639999999999964e+04 9.909177585370636532e-01
1.112670000000000073e+04 9.884337751682451545e-01
1.112700000000000000e+04 9.862213367514766071e-01
1.112729999999999927e+04 9.843926070127611005e-01
1.112760000000000036e+04 9.825638772740344917e-01
1.112789999999999964e+04 9.810176658101055214e-01
1.112820000000000073e+04 9.796397660000720764e-01
1.112850000000000000e+04 9.782618661900469581e-01
1.112879999999999927e+04 9.771004921711783364e-01
1.112910000000000036e+04 9.760018314395808581e-01
1.112939999999999964e+04 9.749031707079900411e-01
1.112970000000000073e+04 9.739212326756987448e-01
1.113000000000000000e+04 9.729581911484160850e-01
1.113029999999999927e+04 9.719951496211333142e-01
1.113060000000000036e+04 9.710530603734799371e-01
1.113089999999999964e+04 9.701137630488870789e-01
1.113120000000000073e+04 9.691744657242884475e-01
1.113150000000000000e+04 9.682003088345565445e-01
1.113179999999999927e+04 9.672195450186900079e-01
1.113210000000000036e+04 9.662387812028173650e-01
1.113229999999999927e+04 9.655702885008202729e-01
1.113270000000000073e+04 9.642140230583411409e-01
1.113300000000000000e+04 9.631968239764878703e-01
1.113329999999999927e+04 9.621987380266169287e-01
1.113360000000000036e+04 9.612152676256211503e-01
1.113389999999999964e+04 9.602317972246313671e-01
1.113420000000000073e+04 9.592908988669156534e-01
1.113450000000000000e+04 9.584347274459348309e-01
1.113479999999999927e+04 9.575785560249540085e-01
1.113510000000000036e+04 9.567293757521991848e-01
1.113539999999999964e+04 9.560539539034899059e-01
1.113570000000000073e+04 9.553785320547766302e-01
1.113600000000000000e+04 9.547031102060673513e-01
1.113629999999999927e+04 9.541463977197370827e-01
1.113660000000000036e+04 9.536456944958511261e-01
1.113689999999999964e+04 9.531449912719682782e-01
1.113720000000000073e+04 9.526804116864548977e-01
1.113750000000000000e+04 9.523204396885938117e-01
1.113770000000000073e+04 9.520804583566849777e-01
1.113810000000000036e+04 9.516004956928694192e-01
1.113839999999999964e+04 9.512709288249421302e-01
1.113870000000000073e+04 9.509504215100147428e-01
1.113900000000000000e+04 9.506299141950893539e-01
1.113920000000000073e+04 9.504162426518044660e-01
1.113960000000000036e+04 9.498587872954453726e-01
1.113989999999999964e+04 9.494316911229752076e-01
1.114020000000000073e+04 9.490045949505024891e-01
1.114050000000000000e+04 9.484241162939505143e-01
1.114070000000000073e+04 9.479710499419373715e-01
1.114110000000000036e+04 9.470649172379150826e-01
1.114139999999999964e+04 9.463853177098994207e-01
1.114170000000000073e+04 9.453529495835110152e-01
1.114200000000000000e+04 9.442943149469710251e-01
1.114220000000000073e+04 9.435885585226067018e-01
1.114260000000000036e+04 9.420863355063159306e-01
1.114289999999999964e+04 9.405514227795968019e-01
1.114320000000000073e+04 9.390165100528683473e-01
1.114350000000000000e+04 9.374815973261492186e-01
1.114379999999999927e+04 9.357413325767622858e-01
1.114410000000000036e+04 9.336753988005385141e-01
1.114439999999999964e+04 9.316094650243271769e-01
1.114470000000000073e+04 9.295435312481034051e-01
1.114500000000000000e+04 9.271997103856304268e-01
1.114520000000000073e+04 9.254657901434037992e-01
1.114560000000000036e+04 9.219979496589663093e-01
1.114589999999999964e+04 9.193970692956421331e-01
1.114620000000000073e+04 9.165141523935134149e-01
1.114650000000000000e+04 9.134342065454623683e-01
1.114670000000000073e+04 9.113809093134159767e-01
1.114710000000000036e+04 9.072743148493416232e-01
1.114739999999999964e+04 9.039816244231511089e-01
1.114770000000000073e+04 9.005438108874321834e-01
1.114800000000000000e+04 8.971059973517341302e-01
1.114820000000000073e+04 8.948141216612548465e-01
1.114860000000000036e+04 8.901348832438420455e-01
1.114889999999999964e+04 8.865191659768135723e-01
1.114920000000000073e+04 8.829034487097632278e-01
1.114950000000000000e+04 8.792877314427348656e-01
1.114979999999999927e+04 8.756875190376457452e-01
1.115010000000000036e+04 8.721091187648282173e-01
1.115039999999999964e+04 8.685307184920324497e-01
1.115070000000000073e+04 8.649523182192150328e-01
1.115100000000000000e+04 8.614319699877890368e-01
1.115129999999999927e+04 8.581051524588224622e-01
1.115160000000000036e+04 8.547783349298356814e-01
1.115189999999999964e+04 8.514515174008691067e-01
1.115220000000000073e+04 8.481246998718823260e-01
1.115250000000000000e+04 8.452343914765935162e-01
1.115279999999999927e+04 8.423518561042085961e-01
1.115310000000000036e+04 8.394693207318061345e-01
1.115339999999999964e+04 8.365867853594212145e-01
1.115370000000000073e+04 8.341104559308746280e-01
1.115400000000000000e+04 8.318335096644211557e-01
1.115429999999999927e+04 8.295565633979676834e-01
1.115460000000000036e+04 8.272796171315003333e-01
1.115479999999999927e+04 8.257616529538692740e-01
1.115520000000000073e+04 8.236608015258266580e-01
1.115550000000000000e+04 8.221056331291836106e-01
1.115579999999999927e+04 8.205504647325404521e-01
1.115610000000000036e+04 8.189952963358878568e-01
1.115639999999999964e+04 8.181121687029124789e-01
1.115670000000000073e+04 8.173413829909846884e-01
1.115700000000000000e+04 8.165705972790615608e-01
1.115729999999999927e+04 8.157998115671383221e-01
1.115760000000000036e+04 8.153090726785811038e-01
1.115789999999999964e+04 8.153281867089544610e-01
1.115820000000000073e+04 8.153473007393280403e-01
1.115850000000000000e+04 8.153664147697013975e-01
1.115879999999999927e+04 8.153855288000747548e-01
1.115910000000000036e+04 8.160021569688259424e-01
1.115939999999999964e+04 8.167787753838519071e-01
1.115970000000000073e+04 8.175553937988826458e-01
1.116000000000000000e+04 8.183320122139086106e-01
1.116029999999999927e+04 8.192203531488780888e-01
1.116060000000000036e+04 8.206972009758575215e-01
1.116089999999999964e+04 8.221740488028279614e-01
1.116120000000000073e+04 8.236508966298072831e-01
1.116150000000000000e+04 8.251277444567777231e-01
1.116179999999999927e+04 8.268946689300021857e-01
1.116210000000000036e+04 8.289929182986135459e-01
1.116239999999999964e+04 8.310911676672122494e-01
1.116270000000000073e+04 8.331894170358236096e-01
1.116300000000000000e+04 8.352876664044223132e-01
1.116329999999999927e+04 8.377630269332775326e-01
1.116360000000000036e+04 8.403919932284098504e-01
1.116389999999999964e+04 8.430209595235261810e-01
1.116420000000000073e+04 8.456499258186584989e-01
1.116450000000000000e+04 8.482788921137748295e-01
1.116479999999999927e+04 8.512908567073559363e-01
1.116510000000000036e+04 8.543497578741984233e-01
1.116539999999999964e+04 8.574086590410223696e-01
1.116560000000000036e+04 8.594479264855841016e-01
1.116600000000000000e+04 8.635289674969272022e-01
1.116629999999999927e+04 8.669181440933162452e-01
1.116660000000000036e+04 8.703073206897258274e-01
1.116689999999999964e+04 8.736964972861148704e-01
1.116700000000000000e+04 8.748262228182513978e-01
1.116839999999999964e+04 8.913475456670703068e-01
1.117000000000000000e+04 9.111072014263631447e-01
1.117150000000000000e+04 9.300318628864518988e-01
1.117300000000000000e+04 9.489238369194515910e-01
1.117450000000000000e+04 9.674210680746561097e-01
1.117600000000000000e+04 9.851999193009894906e-01
1.117750000000000000e+04 1.001982590321977895e+00
1.117900000000000000e+04 1.017530630052280838e+00
1.118050000000000000e+04 1.031636158861358288e+00
1.118200000000000000e+04 1.044123331468164162e+00
1.118350000000000000e+04 1.054844319728138302e+00
1.118500000000000000e+04 1.063583474116190031e+00
1.118650000000000000e+04 1.070108691896981767e+00
1.118800000000000000e+04 1.074586557594880309e+00
1.118950000000000000e+04 1.077040567711557317e+00
1.119100000000000000e+04 1.077538841458158148e+00
1.119239999999999964e+04 1.076375601573491769e+00
1.119400000000000000e+04 1.073121918211252357e+00
1.119550000000000000e+04 1.068380226087902063e+00
1.119700000000000000e+04 1.062163471987298990e+00
1.119850000000000000e+04 1.054930118660350136e+00
1.120000000000000000e+04 1.046891277990231517e+00

1.110000000000000000e+04 1.001601437325629756e-01
1.110029999999999927e+04 1.033297828382355038e-01
1.110060000000000036e+04 1.066825471667043196e-01
1.110089999999999964e+04 1.102336251129722028e-01
1.110120000000000073e+04 1.139999180671135565e-01
1.110150000000000000e+04 1.180001421501537806e-01
1.110179999999999927e+04 1.222551648789699519e-01
1.110210000000000036e+04 1.267882852562086660e-01
1.110239999999999964e+04 1.316255779691176131e-01
1.110260000000000036e+04 1.350337264391822667e-01
1.110300000000000000e+04 1.423333529786598439e-01
1.110329999999999927e+04 1.482738661860273643e-01
1.110360000000000036e+04 1.546598308224783058e-01
1.110389999999999964e+04 1.615388916164714750e-01
1.110420000000000073e+04 1.689652689599938085e-01
1.110450000000000000e+04 1.770008588163839991e-01
1.110479999999999927e+04 1.857165443908134206e-01
1.110510000000000036e+04 1.951937640743396929e-01
1.110539999999999964e+04 2.055263889067059924e-01
1.110570000000000073e+04 2.168229733757243427e-01
1.110589999999999964e+04 2.249509450867016591e-01
1.110629999999999927e+04 2.428323862004474476e-01
1.110660000000000036e+04 2.578628010810014026e-01
1.110689999999999964e+04 2.745008017442105985e-01
1.110720000000000073e+04 2.929809624099654064e-01
1.110750000000000000e+04 3.135785889121953662e-01
1.110779999999999927e+04 3.366167889301029947e-01
1.110810000000000036e+04 3.624741183542499745e-01
1.110839999999999964e+04 3.915922217751041101e-01
1.110870000000000073e+04 4.244822703467405756e-01
1.110900000000000000e+04 4.617279693960799070e-01
1.110929999999999927e+04 5.039812778200667420e-01
1.110960000000000036e+04 5.519446069204763106e-01
1.110989999999999964e+04 6.063302573553078778e-01
1.111020000000000073e+04 6.677850458303240533e-01
1.111050000000000000e+04 7.367678447233401151e-01
1.111079999999999927e+04 8.133748994912828323e-01
1.111110000000000036e+04 8.971291568246991810e-01
1.111139999999999964e+04 9.867893590703870066e-01
1.111170000000000073e+04 1.080277733036512977e+00
1.111200000000000000e+04 1.174818866731984102e+00
1.111229999999999927e+04 1.267275590500648308e+00
1.111260000000000036e+04 1.354538828177851650e+00
1.111289999999999964e+04 1.433833787512472258e+00
1.111320000000000073e+04 1.502911604669348034e+00
1.111350000000000000e+04 1.560156787450236449e+00
1.111379999999999927e+04 1.604636257605868144e+00
1.111410000000000036e+04 1.636097469885299915e+00
1.111439999999999964e+04 1.654915659837036035e+00
1.111470000000000073e+04 1.661994099279687109e+00
1.111500000000000000e+04 1.658629907785450719e+00
1.111529999999999927e+04 1.646364760203224309e+00
1.111560000000000036e+04 1.626841057896636356e+00
1.111589999999999964e+04 1.601679956515514203e+00
1.111620000000000073e+04 1.572390494065545985e+00
1.111650000000000000e+04 1.540313581388006448e+00
1.111679999999999927e+04 1.506586962575416244e+00
1.111710000000000036e+04 1.472151207942721474e+00
1.111739999999999964e+04 1.437747723203753658e+00
1.111770000000000073e+04 1.403951700545135850e+00
1.111800000000000000e+04 1.371183598222871947e+00
1.111829999999999927e+04 1.339746753319717154e+00
1.111860000000000036e+04 1.309837038134403997e+00
1.111889999999999964e+04 1.281574980770761485e+00
1.111920000000000073e+04 1.255900197402694429e+00
1.111950000000000000e+04 1.230455657514832435e+00
1.111979999999999927e+04 1.207844719145521495e+00
1.112010000000000036e+04 1.185944757281378159e+00
1.112039999999999964e+04 1.166249637230299951e+00
1.112070000000000073e+04 1.147759224333177119e+00
1.112100000000000000e+04 1.130628286083585454e+00
1.112129999999999927e+04 1.115296392987508156e+00
1.112160000000000036e+04 1.100392688422740850e+00
1.112189999999999964e+04 1.087902809120580239e+00
1.112220000000000073e+04 1.075412929818343910e+00
1.112250000000000000e+04 1.064940217548737023e+00
1.112279999999999927e+04 1.054948647980458176e+00
1.112310000000000036e+04 1.045818272369830382e+00
1.112339999999999964e+04 1.037976131055041940e+00
1.112370000000000073e+04 1.030133989740205980e+00
1.112400000000000000e+04 1.023973613340470878e+00
1.112429999999999927e+04 1.017939021973806923e+00
1.112450000000000000e+04 1.014009663956295215e+00
1.112489999999999964e+04 1.007936411879590155e+00
1.112520000000000073e+04 1.003381472822040488e+00
1.112550000000000000e+04 9.997643848448621862e-01
1.112579999999999927e+04 9.963826234240864554e-01
1.112610000000000036e+04 9.931251023251094212e-01
1.112639999999999964e+04 9.906393393761340205e-01
1.112670000000000073e+04 9.881535764271436317e-01
1.112700000000000000e+04 9.859391094121512378e-01
1.112729999999999927e+04 9.841079991983429087e-01
1.112760000000000036e+04 9.822768889845235885e-01
1.112789999999999964e+04 9.807282930060420290e-01
1.112820000000000073e+04 9.793480062749276849e-01
1.112850000000000000e+04 9.779677195438216675e-01
1.112879999999999927e+04 9.768042950841153704e-01
1.112910000000000036e+04 9.757036813678863219e-01
1.112939999999999964e+04 9.746030676516640456e-01
1.112970000000000073e+04 9.736199171621742199e-01
1.113000000000000000e+04 9.726557830633746349e-01
1.113029999999999927e+04 9.716916489645749389e-01
1.113060000000000036e+04 9.707492509094871602e-01
1.113089999999999964e+04 9.698097492152132348e-01
1.113120000000000073e+04 9.688702475209335363e-01
1.113150000000000000e+04 9.678978778210960421e-01
1.113179999999999927e+04 9.669192786549961616e-01
1.113210000000000036e+04 9.659406794888902859e-01
1.113229999999999927e+04 9.652739702518183806e-01
1.113270000000000073e+04 9.639217196696359125e-01
1.113300000000000000e+04 9.629075317330051398e-01
1.113329999999999927e+04 9.619126225552743215e-01
1.113360000000000036e+04 9.609324555790420552e-01
1.113389999999999964e+04 9.599522886028156732e-01
1.113420000000000073e+04 9.590144002804262824e-01
1.113450000000000000e+04 9.581606549907264458e-01
1.113479999999999927e+04 9.573069097010264983e-01
1.113510000000000036e+04 9.564601003849688698e-01
1.113539999999999964e+04 9.557856781804902058e-01
1.113570000000000073e+04 9.551112559760073228e-01
1.113600000000000000e+04 9.544368337715286588e-01
1.113629999999999927e+04 9.538802905354318851e-01
1.113660000000000036e+04 9.533793647666052307e-01
1.113689999999999964e+04 9.528784389977816849e-01
1.113720000000000073e+04 9.524132671747663759e-01
1.113750000000000000e+04 9.520516323759514732e-01
1.113770000000000073e+04 9.518105425100733541e-01
1.113810000000000036e+04 9.513283627783194474e-01
1.113839999999999964e+04 9.509964784740124744e-01
1.113870000000000073e+04 9.506734586666623077e-01
1.113900000000000000e+04 9.503504388593141394e-01
1.113920000000000073e+04 9.501350923210807320e-01
1.113960000000000036e+04 9.495743725272384195e-01
1.113989999999999964e+04 9.491448339474655160e-01
1.114020000000000073e+04 9.487152953676900591e-01
1.114050000000000000e+04 9.481328468128996656e-01
1.114070000000000073e+04 9.476786707627941064e-01
1.114110000000000036e+04 9.467703186625872069e-01
1.114139999999999964e+04 9.460890545874330870e-01
1.114170000000000073e+04 9.450562349329576506e-01
1.114200000000000000e+04 9.439972390875298602e-01
1.114220000000000073e+04 9.432912418572403368e-01
1.114260000000000036e+04 9.417888674208443334e-01
1.114289999999999964e+04 9.402553271728488760e-01
1.114320000000000073e+04 9.387217869248443147e-01
1.114350000000000000e+04 9.371882466768488573e-01
1.114379999999999927e+04 9.354501219761126585e-01
1.114410000000000036e+04 9.333875455423742418e-01
1.114439999999999964e+04 9.313249691086482596e-01
1.114470000000000073e+04 9.292623926749097318e-01
1.114500000000000000e+04 9.269230111956814344e-01
1.114520000000000073e+04 9.251927178369552252e-01
1.114560000000000036e+04 9.217321311195184608e-01
1.114589999999999964e+04 9.191366910814449120e-01
1.114620000000000073e+04 9.162603717932896741e-01
1.114650000000000000e+04 9.131878320338097099e-01
1.114670000000000073e+04 9.111394721941440400e-01
1.114710000000000036e+04 9.070427525148313519e-01
1.114739999999999964e+04 9.037583916693532338e-01
1.114770000000000073e+04 9.003295376718872811e-01
1.114800000000000000e+04 8.969006836744419786e-01
1.114820000000000073e+04 8.946147810094645658e-01
1.114860000000000036e+04 8.899479433100915271e-01
1.114889999999999964e+04 8.863420326802015081e-01
1.114920000000000073e+04 8.827361220502897288e-01
1.114950000000000000e+04 8.791302114203997098e-01
1.114979999999999927e+04 8.755397953100696462e-01
1.115010000000000036e+04 8.719711767824234183e-01
1.115039999999999964e+04 8.684025582547989508e-01
1.115070000000000073e+04 8.648339397271527229e-01
1.115100000000000000e+04 8.613232024908454854e-01
1.115129999999999927e+04 8.580054267198646833e-01
1.115160000000000036e+04 8.546876509488637863e-01
1.115189999999999964e+04 8.513698751778829843e-01
1.115220000000000073e+04 8.480520994068819762e-01
1.115250000000000000e+04 8.451695816641965342e-01
1.115279999999999927e+04 8.422948146656811241e-01
1.115310000000000036e+04 8.394200476671483946e-01
1.115339999999999964e+04 8.365452806686329845e-01
1.115370000000000073e+04 8.340755721276683632e-01
1.115400000000000000e+04 8.318046835136991835e-01
1.115429999999999927e+04 8.295337948997298927e-01
1.115460000000000036e+04 8.272629062857469462e-01
1.115479999999999927e+04 8.257489805431054153e-01
1.115520000000000073e+04 8.236536643584232431e-01
1.115550000000000000e+04 8.221025917544503292e-01
1.115579999999999927e+04 8.205515191504774153e-01
1.115610000000000036e+04 8.190004465464950645e-01
1.115639999999999964e+04 8.181196822211619368e-01
1.115670000000000073e+04 8.173509702054320147e-01
1.115700000000000000e+04 8.165822581897068666e-01
1.115729999999999927e+04 8.158135461739816074e-01
1.115760000000000036e+04 8.153242478675830629e-01
1.115789999999999964e+04 8.153436498334361016e-01
1.115820000000000073e+04 8.153630517992893623e-01
1.115850000000000000e+04 8.153824537651425119e-01
1.115879999999999927e+04 8.154018557309956616e-01
1.115910000000000036e+04 8.160175765972612627e-01
1.115939999999999964e+04 8.167929676731630062e-01
1.115970000000000073e+04 8.175683587490695237e-01
1.116000000000000000e+04 8.183437498249712672e-01
1.116029999999999927e+04 8.192306589349331869e-01
1.116060000000000036e+04 8.207049977919235184e-01
1.116089999999999964e+04 8.221793366489049681e-01
1.116120000000000073e+04 8.236536755058952997e-01
1.116150000000000000e+04 8.251280143628766384e-01
1.116179999999999927e+04 8.268919658750821799e-01
1.116210000000000036e+04 8.289867123131599014e-01
1.116239999999999964e+04 8.310814587512249663e-01
1.116270000000000073e+04 8.331762051893026877e-01
1.116300000000000000e+04 8.352709516273677526e-01
1.116329999999999927e+04 8.377422654210934239e-01
1.116360000000000036e+04 8.403669634773843766e-01
1.116389999999999964e+04 8.429916615336594532e-01
1.116420000000000073e+04 8.456163595899505170e-01
1.116450000000000000e+04 8.482410576462255936e-01
1.116479999999999927e+04 8.512483239880778152e-01
1.116510000000000036e+04 8.543024742049641906e-01
1.116539999999999964e+04 8.573566244218319143e-01
1.116560000000000036e+04 8.593927245664227943e-01
1.116600000000000000e+04 8.634674286397395759e-01
1.116629999999999927e+04 8.668515461559762603e-01
1.116660000000000036e+04 8.702356636722334837e-01
1.116689999999999964e+04 8.736197811884702791e-01
1.116700000000000000e+04 8.747478203605559832e-01
1.116839999999999964e+04 8.912451732673166704e-01
1.117000000000000000e+04 9.109773562802301328e-01
1.117150000000000000e+04 9.298768043304873610e-01
1.117300000000000000e+04 9.487445207026889982e-01
1.117450000000000000e+04 9.672188010033689887e-01
1.117600000000000000e+04 9.849763684483437975e-01
1.117750000000000000e+04 1.001739628487147815e+00
1.117900000000000000e+04 1.017270270646269514e+00
1.118050000000000000e+04 1.031360600517896575e+00
1.118200000000000000e+04 1.043834907925584199e+00
1.118350000000000000e+04 1.054545539248728847e+00
1.118500000000000000e+04 1.063277156544012669e+00
1.118650000000000000e+04 1.069798017180385807e+00
1.118800000000000000e+04 1.074274471648503093e+00
1.118950000000000000e+04 1.076729994867434037e+00
1.119100000000000000e+04 1.077232568928557344e+00
1.119239999999999964e+04 1.076075634646468382e+00
1.119400000000000000e+04 1.072831818718090746e+00
1.119550000000000000e+04 1.068101473192453854e+00
1.119700000000000000e+04 1.061897712376420388e+00
1.119850000000000000e+04 1.054678221405566774e+00
1.120000000000000000e+04 1.046653683339871854e+00

1.110000000000000000e+04 9.944435077823990388e-02
1.110029999999999927e+04 1.025869306292003236e-01
1.110060000000000036e+04 1.059108739356973833e-01
1.110089999999999964e+04 1.094312225562158042e-01
1.110120000000000073e+04 1.131646980432368249e-01
1.110150000000000000e+04 1.171298177668907703e-01
1.110179999999999927e+04 1.213472280554210442e-01
1.110210000000000036e+04 1.258399802543090085e-01
1.110239999999999964e+04 1.306338708378256552e-01
1.110260000000000036e+04 1.340112459240100640e-01
1.110300000000000000e+04 1.412444464831907331e-01
1.110329999999999927e+04 1.471304092504727712e-01
1.110360000000000036e+04 1.534572700689306735e-01
1.110389999999999964e+04 1.602721593940750200e-01
1.110420000000000073e+04 1.676287127153104350e-01
1.110450000000000000e+04 1.755881596517658849e-01
1.110479999999999927e+04 1.842206234276830557e-01
1.110510000000000036e+04 1.936066748715893904e-01
1.110539999999999964e+04 2.038391944311283011e-01
1.110570000000000073e+04 2.150256062516428535e-01
1.110589999999999964e+04 2.230739077117445679e-01
1.110629999999999927e+04 2.407791474679929766e-01
1.110660000000000036e+04 2.556607523305080565e-01
1.110689999999999964e+04 2.721336327879866346e-01
1.110720000000000073e+04 2.904303311441062685e-01
1.110750000000000000e+04 3.108239663298487665e-01
1.110779999999999927e+04 3.336353806645426245e-01
1.110810000000000036e+04 3.592409365446047054e-01
1.110839999999999964e+04 3.880804259748206753e-01
1.110870000000000073e+04 4.206639639343643933e-01
1.110900000000000000e+04 4.575757318842753052e-01
1.110929999999999927e+04 4.994708321712141852e-01
1.110960000000000036e+04 5.470591403322700996e-01
1.110989999999999964e+04 6.010669632404566087e-01
1.111020000000000073e+04 6.621642757959719239e-01
1.111050000000000000e+04 7.308445786122340637e-01
1.111079999999999927e+04 8.072507244501389012e-01
1.111110000000000036e+04 8.909605067771457776e-01
1.111139999999999964e+04 9.807853804608279713e-01
1.111170000000000073e+04 1.074681990975350221e+00
1.111200000000000000e+04 1.169876987202856267e+00
1.111229999999999927e+04 1.263201592564903164e+00
1.111260000000000036e+04 1.351492824103867285e+00
1.111289999999999964e+04 1.431912859093138257e+00
1.111320000000000073e+04 1.502149029289140847e+00
1.111350000000000000e+04 1.560525872850631046e+00
1.111379999999999927e+04 1.606057529212574497e+00
1.111410000000000036e+04 1.638448912639473898e+00
1.111439999999999964e+04 1.658045444137640878e+00
1.111470000000000073e+04 1.665734541988112438e+00
1.111500000000000000e+04 1.662810979276623691e+00
1.111529999999999927e+04 1.650825541701547383e+00
1.111560000000000036e+04 1.631438097721849667e+00
1.111589999999999964e+04 1.606292193436210658e+00
1.111620000000000073e+04 1.576921045492220230e+00
1.111650000000000000e+04 1.544689098707608066e+00
1.111679999999999927e+04 1.510755364206347373e+00
1.111710000000000036e+04 1.476078540252174331e+00
1.111739999999999964e+04 1.441414772311947035e+00
1.111770000000000073e+04 1.407350718400357970e+00
1.111800000000000000e+04 1.374315447390629830e+00
1.111829999999999927e+04 1.342618513616066878e+00
1.111860000000000036e+04 1.312460166578367504e+00
1.111889999999999964e+04 1.283963762698973055e+00
1.111920000000000073e+04 1.258053753585596235e+00
1.111950000000000000e+04 1.232517345428915556e+00
1.111979999999999927e+04 1.209594859308948056e+00
1.112010000000000036e+04 1.187630472920398139e+00
1.112039999999999964e+04 1.167652501525376696e+00
1.112070000000000073e+04 1.149118736992294165e+00
1.112100000000000000e+04 1.131736594766650894e+00
1.112129999999999927e+04 1.116377327239486350e+00
1.112160000000000036e+04 1.101254993801894733e+00
1.112189999999999964e+04 1.088749603402850763e+00
1.112220000000000073e+04 1.076244213003730854e+00
1.112250000000000000e+04 1.065593406467917781e+00
1.112279999999999927e+04 1.055594987100678228e+00
1.112310000000000036e+04 1.046314429185015493e+00
1.112339999999999964e+04 1.038471620927228223e+00
1.112370000000000073e+04 1.030628812669393435e+00
1.112400000000000000e+04 1.024349158152857431e+00
1.112429999999999927e+04 1.018318136237236660e+00
1.112450000000000000e+04 1.014297454960131573e+00
1.112489999999999964e+04 1.008226102658900114e+00
1.112520000000000073e+04 1.003677384769574799e+00
1.112550000000000000e+04 9.999881614509533723e-01
1.112579999999999927e+04 9.966139870862116279e-01
1.112610000000000036e+04 9.933034720961878561e-01
1.112639999999999964e+04 9.908256642370197875e-01
1.112670000000000073e+04 9.883478563778368420e-01
1.112700000000000000e+04 9.860969482358856730e-01
1.112729999999999927e+04 9.842734637044604495e-01
1.112760000000000036e+04 9.824499791730240128e-01
1.112789999999999964e+04 9.808780902569022020e-01
1.112820000000000073e+04 9.795046706670940129e-01
1.112850000000000000e+04 9.781312510772941504e-01
1.112879999999999927e+04 9.769550231564698706e-01
1.112910000000000036e+04 9.758602127157531836e-01
1.112939999999999964e+04 9.747654022750432690e-01
1.112970000000000073e+04 9.737777294149467799e-01
1.113000000000000000e+04 9.728180191884037153e-01
1.113029999999999927e+04 9.718583089618607618e-01
1.113060000000000036e+04 9.709175957004940738e-01
1.113089999999999964e+04 9.699812010793064099e-01
1.113120000000000073e+04 9.690448064581130838e-01
1.113150000000000000e+04 9.680760813306107382e-01
1.113179999999999927e+04 9.670978634184909106e-01
1.113210000000000036e+04 9.661196455063651989e-01
1.113229999999999927e+04 9.654552130181751624e-01
1.113270000000000073e+04 9.641019370340866423e-01
1.113300000000000000e+04 9.630869800460263308e-01
1.113329999999999927e+04 9.620887216050164614e-01
1.113360000000000036e+04 9.611072265585700602e-01
1.113389999999999964e+04 9.601257315121296543e-01
1.113420000000000073e+04 9.591781338224035780e-01
1.113450000000000000e+04 9.583236981041086677e-01
1.113479999999999927e+04 9.574692623858137575e-01
1.113510000000000036e+04 9.566148266675136291e-01
1.113539999999999964e+04 9.559356975432401482e-01
1.113570000000000073e+04 9.552617973241538385e-01
1.113600000000000000e+04 9.545878971050716366e-01
1.113629999999999927e+04 9.540207735943387890e-01
1.113660000000000036e+04 9.535214050969732513e-01
1.113689999999999964e+04 9.530220365996108223e-01
1.113720000000000073e+04 9.525492419992461768e-01
1.113750000000000000e+04 9.521904438828160400e-01
1.113770000000000073e+04 9.519512451385278018e-01
1.113810000000000036e+04 9.514728476499534349e-01
1.113839999999999964e+04 9.511416933677411256e-01
1.113870000000000073e+04 9.508222292740847736e-01
1.113900000000000000e+04 9.505027651804301980e-01
1.113920000000000073e+04 9.502897891179926670e-01
1.113960000000000036e+04 9.497408210363545988e-01
1.113989999999999964e+04 9.493146695940777313e-01
1.114020000000000073e+04 9.488885181517981993e-01
1.114050000000000000e+04 9.483260269894759897e-01
1.114070000000000073e+04 9.478735446935254716e-01
1.114110000000000036e+04 9.469685801016286542e-01
1.114139999999999964e+04 9.462898566577070403e-01
1.114170000000000073e+04 9.452839662810104127e-01
1.114200000000000000e+04 9.442261648478821323e-01
1.114220000000000073e+04 9.435209638924589859e-01
1.114260000000000036e+04 9.420520654855799592e-01
1.114289999999999964e+04 9.405179639156324711e-01
1.114320000000000073e+04 9.389838623456756572e-01
1.114350000000000000e+04 9.374497607757281692e-01
1.114379999999999927e+04 9.357462241871197239e-01
1.114410000000000036e+04 9.336810943725919465e-01
1.114439999999999964e+04 9.316159645580767146e-01
1.114470000000000073e+04 9.295508347435489371e-01
1.114500000000000000e+04 9.272440030747814976e-01
1.114520000000000073e+04 9.255106193990610963e-01
1.114560000000000036e+04 9.220438520476359479e-01
1.114589999999999964e+04 9.194437765340711666e-01
1.114620000000000073e+04 9.165940701387473855e-01
1.114650000000000000e+04 9.135149305472775039e-01
1.114670000000000073e+04 9.114621708196184446e-01
1.114710000000000036e+04 9.073566513643189779e-01
1.114739999999999964e+04 9.040889708590577056e-01
1.114770000000000073e+04 9.006519574979642284e-01
1.114800000000000000e+04 8.972149441368916234e-01
1.114820000000000073e+04 8.949236018961626016e-01
1.114860000000000036e+04 8.902574544082649810e-01
1.114889999999999964e+04 8.866425165834017630e-01
1.114920000000000073e+04 8.830275787585166736e-01
1.114950000000000000e+04 8.794126409336534556e-01
1.114979999999999927e+04 8.758106699072403245e-01
1.115010000000000036e+04 8.722330092052323902e-01
1.115039999999999964e+04 8.686553485032462163e-01
1.115070000000000073e+04 8.650776878012382820e-01
1.115100000000000000e+04 8.615410518957842267e-01
1.115129999999999927e+04 8.582149144837787347e-01
1.115160000000000036e+04 8.548887770717530366e-01
1.115189999999999964e+04 8.515626396597474335e-01
1.115220000000000073e+04 8.482365022477217353e-01
1.115250000000000000e+04 8.453167512765512592e-01
1.115279999999999927e+04 8.424348188717761809e-01
1.115310000000000036e+04 8.395528864669835611e-01
1.115339999999999964e+04 8.366709540622084829e-01
1.115370000000000073e+04 8.341542090004322452e-01
1.115400000000000000e+04 8.318777738917985110e-01
1.115429999999999927e+04 8.296013387831646657e-01
1.115460000000000036e+04 8.273249036745171647e-01
1.115479999999999927e+04 8.258072802687659308e-01
1.115520000000000073e+04 8.236581628083397000e-01
1.115550000000000000e+04 8.221034036758115837e-01
1.115579999999999927e+04 8.205486445432835785e-01
1.115610000000000036e+04 8.189938854107460253e-01
1.115639999999999964e+04 8.180580258914780245e-01
1.115670000000000073e+04 8.172875430291453025e-01
1.115700000000000000e+04 8.165170601668172434e-01
1.115729999999999927e+04 8.157465773044891844e-01
1.115760000000000036e+04 8.152026807905052852e-01
1.115789999999999964e+04 8.152219926992883003e-01
1.115820000000000073e+04 8.152413046080715375e-01
1.115850000000000000e+04 8.152606165168545527e-01
1.115879999999999927e+04 8.152799284256376788e-01
1.115910000000000036e+04 8.158454435749454836e-01
1.115939999999999964e+04 8.166221602727558038e-01
1.115970000000000073e+04 8.173988769705708979e-01
1.116000000000000000e+04 8.181755936683813291e-01
1.116029999999999927e+04 8.190166595733917587e-01
1.116060000000000036e+04 8.204935139703256608e-01
1.116089999999999964e+04 8.219703683672507921e-01
1.116120000000000073e+04 8.234472227641846942e-01
1.116150000000000000e+04 8.249240771611097145e-01
1.116179999999999927e+04 8.266489428011268847e-01
1.116210000000000036e+04 8.287471170934009868e-01
1.116239999999999964e+04 8.308452913856624322e-01
1.116270000000000073e+04 8.329434656779364232e-01
1.116300000000000000e+04 8.350416399701978687e-01
1.116329999999999927e+04 8.374809814050113710e-01
1.116360000000000036e+04 8.401098021812630767e-01
1.116389999999999964e+04 8.427386229574989063e-01
1.116420000000000073e+04 8.453674437337506120e-01
1.116450000000000000e+04 8.479962645099863305e-01
1.116479999999999927e+04 8.509789539879089038e-01
1.116510000000000036e+04 8.540376513704593942e-01
1.116539999999999964e+04 8.570963487529914548e-01
1.116560000000000036e+04 8.591354803413584484e-01
1.116600000000000000e+04 8.632137435180740059e-01
1.116629999999999927e+04 8.665828384233568160e-01
1.116660000000000036e+04 8.699717648980539453e-01
1.116689999999999964e+04 8.733606913727305354e-01
1.116700000000000000e+04 8.744903335309628378e-01
1.116839999999999964e+04 8.909948024023016666e-01
1.117000000000000000e+04 9.107437615096152239e-01
1.117150000000000000e+04 9.296636941725424652e-01
1.117300000000000000e+04 9.485564287519696602e-01
1.117450000000000000e+04 9.670595821065897102e-01
1.117600000000000000e+04 9.848491896137772095e-01
1.117750000000000000e+04 1.001646845359282390e+00
1.117900000000000000e+04 1.017213836975721319e+00
1.118050000000000000e+04 1.031341873727604330e+00
1.118200000000000000e+04 1.043854764248297817e+00
1.118350000000000000e+04 1.054604219689130984e+00
1.118500000000000000e+04 1.063342682136288353e+00
1.118650000000000000e+04 1.069898700197454922e+00
1.118800000000000000e+04 1.074408629217695532e+00
1.118950000000000000e+04 1.076894983871166778e+00
1.119100000000000000e+04 1.077424745453262389e+00
1.119239999999999964e+04 1.076291021583126062e+00
1.119400000000000000e+04 1.073063728880554679e+00
1.119550000000000000e+04 1.068322731300489492e+00
1.119700000000000000e+04 1.062128586286953835e+00
1.119850000000000000e+04 1.054913268394976011e+00
1.120000000000000000e+04 1.046887739020101904e+00

1.110000000000000000e+04 5.706774839704490537e-02
1.110029999999999927e+04 5.859510609604434705e-02
1.110060000000000036e+04 6.020420719145303662e-02
1.110089999999999964e+04 6.190154795282505618e-02
1.110120000000000073e+04 6.369431059759253499e-02
1.110150000000000000e+04 6.559045436910543314e-02
1.110179999999999927e+04 6.759882102630898615e-02
1.110210000000000036e+04 6.972925754907537133e-02
1.110239999999999964e+04 7.199275940502578019e-02
1.110260000000000036e+04 7.358170584696129002e-02
1.110300000000000000e+04 7.696972047295951025e-02
1.110329999999999927e+04 7.971257849864440970e-02
1.110360000000000036e+04 8.264780950400468784e-02
1.110389999999999964e+04 8.579536400019367737e-02
1.110420000000000073e+04 8.917794035899340166e-02
1.110450000000000000e+04 9.282145879661657384e-02
1.110479999999999927e+04 9.675563389948189930e-02
1.110510000000000036e+04 1.010146696779752468e-01
1.110539999999999964e+04 1.056381078284084618e-01
1.110570000000000073e+04 1.106718687199319262e-01
1.110589999999999964e+04 1.142817664398142891e-01
1.110629999999999927e+04 1.221939520204455010e-01
1.110660000000000036e+04 1.288192087778046724e-01
1.110689999999999964e+04 1.361331523679790989e-01
1.110720000000000073e+04 1.442405483076044381e-01
1.110750000000000000e+04 1.532671104496886316e-01
1.110779999999999927e+04 1.633646593881735998e-01
1.110810000000000036e+04 1.747177655748726466e-01
1.110839999999999964e+04 1.875523485221819164e-01
1.110870000000000073e+04 2.021468529463171793e-01
1.110900000000000000e+04 2.188468057864684790e-01
1.110929999999999927e+04 2.380837594078207553e-01
1.110960000000000036e+04 2.603997947294068305e-01
1.110989999999999964e+04 2.864787475799387972e-01
1.111020000000000073e+04 3.171847821520538679e-01
1.111050000000000000e+04 3.536070804738978834e-01
1.111079999999999927e+04 3.971043152728356840e-01
1.111110000000000036e+04 4.493313678440264414e-01
1.111139999999999964e+04 5.122051808878226309e-01
1.111170000000000073e+04 5.877194366705978945e-01
1.111200000000000000e+04 6.774398543231042735e-01
1.111229999999999927e+04 7.814296845308063011e-01
1.111260000000000036e+04 8.964068811821617189e-01
1.111289999999999964e+04 1.013644197203530384e+00
1.111320000000000073e+04 1.119823119085235019e+00
1.111350000000000000e+04 1.204839854347219852e+00
1.111379999999999927e+04 1.266853618592385988e+00
1.111410000000000036e+04 1.308010243792371297e+00
1.111439999999999964e+04 1.331424785980307890e+00
1.111470000000000073e+04 1.340565678772804858e+00
1.111500000000000000e+04 1.338856170364147502e+00
1.111529999999999927e+04 1.329329975356170257e+00
1.111560000000000036e+04 1.314482866911835135e+00
1.111589999999999964e+04 1.296253500228490285e+00
1.111620000000000073e+04 1.276102286868013636e+00
1.111650000000000000e+04 1.255093322458738170e+00
1.111679999999999927e+04 1.233995087596269302e+00
1.111710000000000036e+04 1.213344616256479380e+00
1.111739999999999964e+04 1.193971887436569013e+00
1.111770000000000073e+04 1.174708129318473349e+00
1.111800000000000000e+04 1.157310660598611207e+00
1.111829999999999927e+04 1.140349126367271149e+00
1.111860000000000036e+04 1.125103474448387431e+00
1.111889999999999964e+04 1.110750082324159838e+00
1.111920000000000073e+04 1.097549180658495827e+00
1.111950000000000000e+04 1.085805341396101076e+00
1.111979999999999927e+04 1.074456476363228719e+00
1.112010000000000036e+04 1.065152382853759905e+00
1.112039999999999964e+04 1.055848289344347490e+00
1.112070000000000073e+04 1.048330890312041408e+00
1.112100000000000000e+04 1.041209310990953707e+00
1.112129999999999927e+04 1.034866387196025306e+00
1.112160000000000036e+04 1.029635254794324828e+00
1.112189999999999964e+04 1.024404122392656102e+00
1.112220000000000073e+04 1.020660083275517049e+00
1.112250000000000000e+04 1.017008211235602921e+00
1.112279999999999927e+04 1.013870550793735781e+00
1.112310000000000036e+04 1.011479345035803057e+00
1.112339999999999964e+04 1.009088139277884766e+00
1.112370000000000073e+04 1.007468966009833711e+00
1.112400000000000000e+04 1.006030135754276911e+00
1.112429999999999927e+04 1.004691857226606144e+00
1.112450000000000000e+04 1.004179864314584281e+00
1.112489999999999964e+04 1.003155878490545216e+00
1.112520000000000073e+04 1.002571466862939520e+00
1.112550000000000000e+04 1.002234775885194384e+00
1.112579999999999927e+04 1.001898084907449249e+00
1.112610000000000036e+04 1.001714384976763128e+00
1.112639999999999964e+04 1.001617533072123978e+00
1.112670000000000073e+04 1.001520681167484161e+00
1.112700000000000000e+04 1.001486558016754902e+00
1.112729999999999927e+04 1.001469448612726687e+00
1.112760000000000036e+04 1.001452339208698472e+00
1.112789999999999964e+04 1.001380270345237467e+00
1.112820000000000073e+04 1.001300126285597170e+00
1.112850000000000000e+04 1.001219982225957095e+00
1.112879999999999927e+04 1.000973004406123135e+00
1.112910000000000036e+04 1.000706171148325829e+00
1.112939999999999964e+04 1.000439337890530078e+00
1.112970000000000073e+04 9.999513029061025682e-01
1.113000000000000000e+04 9.994248115396388021e-01
1.113029999999999927e+04 9.988983201731750361e-01
1.113060000000000036e+04 9.982089018694519922e-01
1.113089999999999964e+04 9.974641994508981480e-01
1.113120000000000073e+04 9.967194970323396408e-01
1.113150000000000000e+04 9.959411674428177985e-01
1.113179999999999927e+04 9.951382765364004124e-01
1.113210000000000036e+04 9.943353856299781413e-01
1.113229999999999927e+04 9.938019052025138800e-01
1.113270000000000073e+04 9.929240424678804633e-01
1.113300000000000000e+04 9.922656454169094253e-01
1.113329999999999927e+04 9.916198476078000867e-01
1.113360000000000036e+04 9.912139078935371383e-01
1.113389999999999964e+04 9.908079681792766324e-01
1.113420000000000073e+04 9.904020284650136841e-01
1.113450000000000000e+04 9.901357040804271703e-01
1.113479999999999927e+04 9.899319122347738364e-01
1.113510000000000036e+04 9.897281203891191703e-01
1.113539999999999964e+04 9.895848532933479991e-01
1.113570000000000073e+04 9.896069733307215621e-01
1.113600000000000000e+04 9.896290933680950141e-01
1.113629999999999927e+04 9.896512134054684662e-01
1.113660000000000036e+04 9.897275922242754209e-01
1.113689999999999964e+04 9.898191264732759675e-01
1.113720000000000073e+04 9.899106607222769583e-01
1.113750000000000000e+04 9.899684961653144599e-01
1.113770000000000073e+04 9.899326502601670796e-01
1.113810000000000036e+04 9.898609584498725411e-01
1.113839999999999964e+04 9.898071895921517482e-01
1.113870000000000073e+04 9.895447160078550963e-01
1.113900000000000000e+04 9.891536057392822379e-01
1.113920000000000073e+04 9.888928655602321482e-01
1.113960000000000036e+04 9.883713852021343005e-01
1.113989999999999964e+04 9.875131351171415606e-01
1.114020000000000073e+04 9.866260855493617088e-01
1.114050000000000000e+04 9.857390359815872971e-01
1.114070000000000073e+04 9.851476696030673219e-01
1.114110000000000036e+04 9.832163372077601382e-01
1.114139999999999964e+04 9.817063288718560488e-01
1.114170000000000073e+04 9.801963205359429665e-01
1.114200000000000000e+04 9.784110246027606372e-01
1.114220000000000073e+04 9.769431639273608026e-01
1.114260000000000036e+04 9.740074425765744559e-01
1.114289999999999964e+04 9.718056515634879711e-01
1.114320000000000073e+04 9.692316381160860361e-01
1.114350000000000000e+04 9.663284600400829927e-01
1.114379999999999927e+04 9.634252819640799492e-01
1.114410000000000036e+04 9.605221038880593643e-01
1.114439999999999964e+04 9.572374181684708550e-01
1.114470000000000073e+04 9.536983411200039562e-01
1.114500000000000000e+04 9.501592640715585958e-01
1.114520000000000073e+04 9.477998793725807003e-01
1.114560000000000036e+04 9.427886648630335875e-01
1.114589999999999964e+04 9.387667709532737659e-01
1.114620000000000073e+04 9.347448770434895193e-01
1.114650000000000000e+04 9.307229831337296977e-01
1.114670000000000073e+04 9.279882993414808601e-01
1.114710000000000036e+04 9.222939069086766306e-01
1.114739999999999964e+04 9.180231125840798700e-01
1.114770000000000073e+04 9.137523182594572413e-01
1.114800000000000000e+04 9.094967514567813271e-01
1.114820000000000073e+04 9.066733453577041635e-01
1.114860000000000036e+04 9.010265331595754823e-01
1.114889999999999964e+04 8.967914240109854385e-01
1.114920000000000073e+04 8.926295843171944133e-01
1.114950000000000000e+04 8.886972726832277347e-01
1.114979999999999927e+04 8.847649610492610561e-01
1.115010000000000036e+04 8.808326494152705077e-01
1.115039999999999964e+04 8.769003377813038291e-01
1.115070000000000073e+04 8.734986443358812025e-01
1.115100000000000000e+04 8.701002977370788649e-01
1.115129999999999927e+04 8.667019511382766384e-01
1.115160000000000036e+04 8.633036045394536506e-01
1.115189999999999964e+04 8.604032263015024551e-01
1.115220000000000073e+04 8.577350499169029696e-01
1.115250000000000000e+04 8.550668735323195824e-01
1.115279999999999927e+04 8.523986971477363062e-01
1.115310000000000036e+04 8.499959515821390310e-01
1.115339999999999964e+04 8.481930844996894425e-01
1.115370000000000073e+04 8.463902174172289739e-01
1.115400000000000000e+04 8.445873503347793854e-01
1.115429999999999927e+04 8.427844832523297969e-01
1.115460000000000036e+04 8.417941300429120366e-01
1.115479999999999927e+04 8.412162660706409278e-01
1.115520000000000073e+04 8.400605381260880522e-01
1.115550000000000000e+04 8.391937421676786135e-01
1.115579999999999927e+04 8.386641787411676097e-01
1.115610000000000036e+04 8.387193816364386656e-01
1.115639999999999964e+04 8.387745845317092774e-01
1.115670000000000073e+04 8.388297874269802223e-01
1.115700000000000000e+04 8.388849903222509452e-01
1.115729999999999927e+04 8.396367557345076893e-01
1.115760000000000036e+04 8.405626391891809490e-01
1.115789999999999964e+04 8.414885226438486576e-01
1.115820000000000073e+04 8.424144060985220284e-01
1.115850000000000000e+04 8.434767333443103920e-01
1.115879999999999927e+04 8.452015658613902804e-01
1.115910000000000036e+04 8.469263983784806049e-01
1.115939999999999964e+04 8.486512308955603823e-01
1.115970000000000073e+04 8.503760634126508178e-01
1.116000000000000000e+04 8.524343339562709954e-01
1.116029999999999927e+04 8.548566799892901580e-01
1.116060000000000036e+04 8.572790260223239756e-01
1.116089999999999964e+04 8.597013720553432492e-01
1.116120000000000073e+04 8.621237180883770668e-01
1.116150000000000000e+04 8.649737936949886130e-01
1.116179999999999927e+04 8.679887295036262662e-01
1.116210000000000036e+04 8.710036653122822381e-01
1.116239999999999964e+04 8.740186011209197803e-01
1.116270000000000073e+04 8.770335369295757522e-01
1.116300000000000000e+04 8.804707811368254200e-01
1.116329999999999927e+04 8.839538787913067130e-01
1.116360000000000036e+04 8.874369764458091003e-01
1.116389999999999964e+04 8.909200741002902824e-01
1.116420000000000073e+04 8.944098952615920917e-01
1.116450000000000000e+04 8.982503268321048173e-01
1.116479999999999927e+04 9.020907584026174320e-01
1.116510000000000036e+04 9.059311899731534723e-01
1.116539999999999964e+04 9.097716215436661980e-01
1.116560000000000036e+04 9.123319092573568545e-01
1.116600000000000000e+04 9.177116986009800081e-01
1.116629999999999927e+04 9.217939171118975095e-01
1.116660000000000036e+04 9.258761356228397688e-01
1.116689999999999964e+04 9.299583541337572701e-01
1.116700000000000000e+04 9.313190936374047268e-01
1.116839999999999964e+04 9.509103050816813951e-01
1.117000000000000000e+04 9.735527260045682141e-01
1.117150000000000000e+04 9.945972757045002943e-01
1.117300000000000000e+04 1.015063713613073793e+00
1.117450000000000000e+04 1.034596698720369634e+00
1.117600000000000000e+04 1.052916858077489692e+00
1.117750000000000000e+04 1.069771179325557320e+00
1.117900000000000000e+04 1.084942562712742475e+00
1.118050000000000000e+04 1.098247163870059273e+00
1.118200000000000000e+04 1.109528423286456400e+00
1.118350000000000000e+04 1.118664508477865915e+00
1.118500000000000000e+04 1.125572424532956139e+00
1.118650000000000000e+04 1.129848197852353131e+00
1.118800000000000000e+04 1.131799790454026233e+00
1.118950000000000000e+04 1.131577698561383238e+00
1.119100000000000000e+04 1.129316642380435276e+00
1.119239999999999964e+04 1.125568410054065716e+00
1.119400000000000000e+04 1.119438470628296711e+00
1.119550000000000000e+04 1.112114581655620382e+00
1.119700000000000000e+04 1.103558084644939541e+00
1.119850000000000000e+04 1.094227705298070008e+00
1.120000000000000000e+04 1.084334306516974600e+00

1.110000000000000000e+04 8.940598464989017724e-02
1.110029999999999927e+04 9.220123025665474814e-02
1.110060000000000036e+04 9.515864599835684168e-02
1.110089999999999964e+04 9.829190217957471665e-02
1.110120000000000073e+04 1.016160303452977726e-01
1.110150000000000000e+04 1.051478327116873862e-01
1.110179999999999927e+04 1.089060512206440623e-01
1.110210000000000036e+04 1.129116422514737927e-01
1.110239999999999964e+04 1.171880993590173753e-01
1.110260000000000036e+04 1.202024608832700792e-01
1.110300000000000000e+04 1.266626149704717375e-01
1.110329999999999927e+04 1.319241117037885658e-01
1.110360000000000036e+04 1.375845061302085337e-01
1.110389999999999964e+04 1.436872466319179531e-01
1.110420000000000073e+04 1.502819386899669485e-01
1.110450000000000000e+04 1.574254151485340314e-01
1.110479999999999927e+04 1.651830251007489481e-01
1.110510000000000036e+04 1.736301915145510022e-01
1.110539999999999964e+04 1.828543005133418387e-01
1.110570000000000073e+04 1.929570004732520661e-01
1.110589999999999964e+04 2.002380641955585072e-01
1.110629999999999927e+04 2.162935413440063570e-01
1.110660000000000036e+04 2.298305269649498495e-01
1.110689999999999964e+04 2.448617575193173246e-01
1.110720000000000073e+04 2.616172054692899041e-01
1.110750000000000000e+04 2.803707211921274700e-01
1.110779999999999927e+04 3.014493424111354680e-01
1.110810000000000036e+04 3.252443884042554578e-01
1.110839999999999964e+04 3.522243484326913476e-01
1.110870000000000073e+04 3.829491930220160767e-01
1.110900000000000000e+04 4.180849522097307425e-01
1.110929999999999927e+04 4.584158992269141142e-01
1.110960000000000036e+04 5.048489610703625896e-01
1.110989999999999964e+04 5.584003964086539096e-01
1.111020000000000073e+04 6.201477687669492145e-01
1.111050000000000000e+04 6.911211820361757852e-01
1.111079999999999927e+04 7.721000789116611029e-01
1.111110000000000036e+04 8.632859572357181044e-01
1.111139999999999964e+04 9.638588592655391585e-01
1.111170000000000073e+04 1.071528303771689394e+00
1.111200000000000000e+04 1.182360159828156787e+00
1.111229999999999927e+04 1.291226119941398132e+00
1.111260000000000036e+04 1.392830737898763660e+00
1.111289999999999964e+04 1.482705055948730477e+00
1.111320000000000073e+04 1.557710364419771620e+00
1.111350000000000000e+04 1.616127041192191527e+00
1.111379999999999927e+04 1.657531939598837711e+00
1.111410000000000036e+04 1.682573903986280817e+00
1.111439999999999964e+04 1.692701546315666494e+00
1.111470000000000073e+04 1.689881162204515119e+00
1.111500000000000000e+04 1.676335275684105230e+00
1.111529999999999927e+04 1.654324434955675382e+00
1.111560000000000036e+04 1.625984927511011202e+00
1.111589999999999964e+04 1.593225095839368555e+00
1.111620000000000073e+04 1.557672404970975144e+00
1.111650000000000000e+04 1.520657022332770891e+00
1.111679999999999927e+04 1.483233549980585986e+00
1.111710000000000036e+04 1.446203759606220940e+00
1.111739999999999964e+04 1.410156283949242528e+00
1.111770000000000073e+04 1.375510644393290960e+00
1.111800000000000000e+04 1.342541643047582278e+00
1.111829999999999927e+04 1.311420207863674747e+00
1.111860000000000036e+04 1.282381743569580790e+00
1.111889999999999964e+04 1.255978712868496494e+00
1.111920000000000073e+04 1.229595307430769058e+00
1.111950000000000000e+04 1.207105716080592916e+00
1.111979999999999927e+04 1.184616124730416775e+00
1.112010000000000036e+04 1.165275001864763516e+00
1.112039999999999964e+04 1.146479655825425104e+00
1.112070000000000073e+04 1.129829710917503061e+00
1.112100000000000000e+04 1.114407576787505239e+00
1.112129999999999927e+04 1.100053573792990846e+00
1.112160000000000036e+04 1.087629618022041278e+00
1.112189999999999964e+04 1.075239594789411113e+00
1.112220000000000073e+04 1.065424034251513552e+00
1.112250000000000000e+04 1.055608473713675277e+00
1.112279999999999927e+04 1.047141040935746004e+00
1.112310000000000036e+04 1.039549166441644967e+00
1.112339999999999964e+04 1.032209325103464526e+00
1.112370000000000073e+04 1.026470532418036541e+00
1.112400000000000000e+04 1.020731739732643195e+00
1.112429999999999927e+04 1.015896812415039152e+00
1.112450000000000000e+04 1.013071481418019504e+00
1.112489999999999964e+04 1.007426697210355826e+00
1.112520000000000073e+04 1.004362558760022228e+00
1.112550000000000000e+04 1.001298420309707282e+00
1.112579999999999927e+04 9.985375891846128837e-01
1.112610000000000036e+04 9.963544983877633543e-01
1.112639999999999964e+04 9.941714075909271475e-01
1.112670000000000073e+04 9.923776532947010676e-01
1.112700000000000000e+04 9.908225162521796525e-01
1.112729999999999927e+04 9.892673792096583485e-01
1.112760000000000036e+04 9.880607392513971465e-01
1.112789999999999964e+04 9.869243385929582502e-01
1.112820000000000073e+04 9.857879379345124704e-01
1.112850000000000000e+04 9.848905537588612535e-01
1.112879999999999927e+04 9.839977963926095361e-01
1.112910000000000036e+04 9.831113692928556969e-01
1.112939999999999964e+04 9.823141469137994797e-01
1.112970000000000073e+04 9.815169245347383775e-01
1.113000000000000000e+04 9.807177080256916923e-01
1.113029999999999927e+04 9.798978284010518847e-01
1.113060000000000036e+04 9.790779487764071920e-01
1.113089999999999964e+04 9.782538985661333175e-01
1.113120000000000073e+04 9.773438725176979425e-01
1.113150000000000000e+04 9.764338464692681185e-01
1.113179999999999927e+04 9.755238204208382946e-01
1.113210000000000036e+04 9.745415082718285049e-01
1.113229999999999927e+04 9.738836129026502419e-01
1.113270000000000073e+04 9.725678221642819477e-01
1.113300000000000000e+04 9.715930478581852325e-01
1.113329999999999927e+04 9.706218324470594627e-01
1.113360000000000036e+04 9.696506170359279198e-01
1.113389999999999964e+04 9.687528602762556229e-01
1.113420000000000073e+04 9.679176738870000074e-01
1.113450000000000000e+04 9.670824874977496100e-01
1.113479999999999927e+04 9.662967510481289546e-01
1.113510000000000036e+04 9.656640002702677750e-01
1.113539999999999964e+04 9.650312494924104811e-01
1.113570000000000073e+04 9.643984987145491905e-01
1.113600000000000000e+04 9.639350155283762378e-01
1.113629999999999927e+04 9.634935215355685534e-01
1.113660000000000036e+04 9.630520275427580934e-01
1.113689999999999964e+04 9.626866460459917452e-01
1.113720000000000073e+04 9.624097973706619014e-01
1.113750000000000000e+04 9.621329486953338339e-01
1.113770000000000073e+04 9.619483829117806417e-01
1.113810000000000036e+04 9.616289911284205960e-01
1.113839999999999964e+04 9.614031035063609343e-01
1.113870000000000073e+04 9.611772158842999403e-01
1.113900000000000000e+04 9.609026908657531951e-01
1.113920000000000073e+04 9.606760359002581851e-01
1.113960000000000036e+04 9.602227259692702743e-01
1.113989999999999964e+04 9.598827435210298686e-01
1.114020000000000073e+04 9.593198765564906472e-01
1.114050000000000000e+04 9.587057581034730269e-01
1.114070000000000073e+04 9.582963458014588376e-01
1.114110000000000036e+04 9.574215009582263125e-01
1.114139999999999964e+04 9.563963692953185713e-01
1.114170000000000073e+04 9.553712376324045019e-01
1.114200000000000000e+04 9.543461059694967608e-01
1.114220000000000073e+04 9.536302650945158721e-01
1.114260000000000036e+04 9.515742187879280278e-01
1.114289999999999964e+04 9.500321840579895039e-01
1.114320000000000073e+04 9.484901493280415430e-01
1.114350000000000000e+04 9.466067116710462637e-01
1.114379999999999927e+04 9.444882825953725414e-01
1.114410000000000036e+04 9.423698535196859405e-01
1.114439999999999964e+04 9.402514244440122182e-01
1.114470000000000073e+04 9.377110271373015893e-01
1.114500000000000000e+04 9.350106236778289448e-01
1.114520000000000073e+04 9.332103547048362646e-01
1.114560000000000036e+04 9.296098167588672245e-01
1.114589999999999964e+04 9.264938104428903642e-01
1.114620000000000073e+04 9.232701876207656255e-01
1.114650000000000000e+04 9.200465647986604267e-01
1.114670000000000073e+04 9.178974829172438232e-01
1.114710000000000036e+04 9.132849868896506518e-01
1.114739999999999964e+04 9.096684853583251185e-01
1.114770000000000073e+04 9.060519838269776027e-01
1.114800000000000000e+04 9.024354822956520694e-01
1.114820000000000073e+04 8.999436917346125275e-01
1.114860000000000036e+04 8.948583153301207238e-01
1.114889999999999964e+04 8.910442830267575332e-01
1.114920000000000073e+04 8.872302507233712499e-01
1.114950000000000000e+04 8.834390539198396786e-01
1.114979999999999927e+04 8.796617886126375518e-01
1.115010000000000036e+04 8.758845233054124435e-01
1.115039999999999964e+04 8.721072579982102058e-01
1.115070000000000073e+04 8.684463065923662128e-01
1.115100000000000000e+04 8.649356062332473893e-01
1.115129999999999927e+04 8.614249058741284548e-01
1.115160000000000036e+04 8.579142055149882040e-01
1.115189999999999964e+04 8.544920876603284698e-01
1.115220000000000073e+04 8.514523189094063138e-01
1.115250000000000000e+04 8.484125501585025875e-01
1.115279999999999927e+04 8.453727814075988611e-01
1.115310000000000036e+04 8.423330126566767051e-01
1.115339999999999964e+04 8.398559177543604148e-01
1.115370000000000073e+04 8.374582084242913060e-01
1.115400000000000000e+04 8.350604990942366301e-01
1.115429999999999927e+04 8.326627897641820653e-01
1.115460000000000036e+04 8.306479217077958888e-01
1.115479999999999927e+04 8.295587678290738953e-01
1.115520000000000073e+04 8.273804600716101465e-01
1.115550000000000000e+04 8.257467292535222159e-01
1.115579999999999927e+04 8.241646685398463790e-01
1.115610000000000036e+04 8.233593439804207659e-01
1.115639999999999964e+04 8.225540194210001488e-01
1.115670000000000073e+04 8.217486948615745357e-01
1.115700000000000000e+04 8.209433703021538076e-01
1.115729999999999927e+04 8.206024458283440737e-01
1.115760000000000036e+04 8.206262133292347993e-01
1.115789999999999964e+04 8.206499808301254140e-01
1.115820000000000073e+04 8.206737483310160286e-01
1.115850000000000000e+04 8.206975158319066432e-01
1.115879999999999927e+04 8.215080612267900984e-01
1.115910000000000036e+04 8.223230459533952263e-01
1.115939999999999964e+04 8.231380306799953583e-01
1.115970000000000073e+04 8.239530154066003753e-01
1.116000000000000000e+04 8.250342733318378752e-01
1.116029999999999927e+04 8.265784788439543007e-01
1.116060000000000036e+04 8.281226843560801631e-01
1.116089999999999964e+04 8.296668898681965887e-01
1.116120000000000073e+04 8.312110953803223401e-01
1.116150000000000000e+04 8.331884629460932778e-01
1.116179999999999927e+04 8.353768650979532806e-01
1.116210000000000036e+04 8.375652672498266060e-01
1.116239999999999964e+04 8.397536694016866088e-01
1.116270000000000073e+04 8.419420715535598232e-01
1.116300000000000000e+04 8.446331725920546152e-01
1.116329999999999927e+04 8.473702734753272292e-01
1.116360000000000036e+04 8.501073743586163856e-01
1.116389999999999964e+04 8.528444752418889996e-01
1.116420000000000073e+04 8.556241573025918923e-01
1.116450000000000000e+04 8.588028575595725300e-01
1.116479999999999927e+04 8.619815578165531678e-01
1.116510000000000036e+04 8.651602580735531234e-01
1.116539999999999964e+04 8.683389583305337611e-01
1.116560000000000036e+04 8.704580918352002872e-01
1.116600000000000000e+04 8.751065355437718241e-01
1.116629999999999927e+04 8.786233350658789742e-01
1.116660000000000036e+04 8.821401345880075517e-01
1.116689999999999964e+04 8.856569341101148130e-01
1.116700000000000000e+04 8.868292006174910425e-01
1.116839999999999964e+04 9.042385029162781640e-01
1.117000000000000000e+04 9.248580879997753135e-01
1.117150000000000000e+04 9.444803575843534471e-01
1.117300000000000000e+04 9.639486476068606091e-01
1.117450000000000000e+04 9.828987617491239392e-01
1.117600000000000000e+04 1.001003792120043645e+00
1.117750000000000000e+04 1.017993572229688226e+00
1.117900000000000000e+04 1.033629509022002235e+00
1.118050000000000000e+04 1.047707134736706402e+00
1.118200000000000000e+04 1.060053069909021595e+00
1.118350000000000000e+04 1.070523618779801067e+00
1.118500000000000000e+04 1.079008674565672399e+00
1.118650000000000000e+04 1.085435483533783385e+00
1.118800000000000000e+04 1.089530299670975477e+00
1.118950000000000000e+04 1.091386807911394863e+00
1.119100000000000000e+04 1.091239248380367011e+00
1.119239999999999964e+04 1.089417579866706509e+00
1.119400000000000000e+04 1.085486125289301551e+00
1.119550000000000000e+04 1.080239839222038478e+00
1.119700000000000000e+04 1.073599312141883866e+00
1.119850000000000000e+04 1.065743779681084025e+00
1.120000000000000000e+04 1.057157984451858379e+00

1.110000000000000000e+04 9.030004449638907860e-02
1.110029999999999927e+04 9.312324255922128924e-02
1.110060000000000036e+04 9.611023245834041107e-02
1.110089999999999964e+04 9.927482120137047505e-02
1.110120000000000073e+04 1.026321906487507596e-01
1.110150000000000000e+04 1.061993110388042560e-01
1.110179999999999927e+04 1.099951117328505090e-01
1.110210000000000036e+04 1.140407586739885376e-01
1.110239999999999964e+04 1.183599803526075439e-01
1.110260000000000036e+04 1.214044854921027816e-01
1.110300000000000000e+04 1.279292411201764512e-01
1.110329999999999927e+04 1.332433528208264439e-01
1.110360000000000036e+04 1.389603511915106226e-01
1.110389999999999964e+04 1.451241190982371365e-01
1.110420000000000073e+04 1.517847580768665883e-01
1.110450000000000000e+04 1.589996693000193806e-01
1.110479999999999927e+04 1.668348553517564337e-01
1.110510000000000036e+04 1.753664934296964850e-01
1.110539999999999964e+04 1.846828435184752759e-01
1.110570000000000073e+04 1.948865704779845776e-01
1.110589999999999964e+04 2.022404448375141051e-01
1.110629999999999927e+04 2.184564767574464217e-01
1.110660000000000036e+04 2.321288322345993194e-01
1.110689999999999964e+04 2.473103750945104817e-01
1.110720000000000073e+04 2.642333775239827376e-01
1.110750000000000000e+04 2.831744284040487170e-01
1.110779999999999927e+04 3.044638358352467766e-01
1.110810000000000036e+04 3.284968322882980130e-01
1.110839999999999964e+04 3.557465919170182955e-01
1.110870000000000073e+04 3.867786849522362735e-01
1.110900000000000000e+04 4.222658017318280943e-01
1.110929999999999927e+04 4.630000582191832192e-01
1.110960000000000036e+04 5.098974506810662888e-01
1.110989999999999964e+04 5.639844003727405575e-01
1.111020000000000073e+04 6.263492464546186467e-01
1.111050000000000000e+04 6.980323938565374808e-01
1.111079999999999927e+04 7.798210797007777417e-01
1.111110000000000036e+04 8.719188168080752588e-01
1.111139999999999964e+04 9.734974478581944757e-01
1.111170000000000073e+04 1.082243586809406466e+00
1.111200000000000000e+04 1.194183761426438339e+00
1.111229999999999927e+04 1.304138381140812042e+00
1.111260000000000036e+04 1.406759045277751419e+00
1.111289999999999964e+04 1.497532106508217664e+00
1.111320000000000073e+04 1.573287468063969241e+00
1.111350000000000000e+04 1.632288311604113584e+00
1.111379999999999927e+04 1.674107258994825820e+00
1.111410000000000036e+04 1.699399643026143769e+00
1.111439999999999964e+04 1.709628561778822942e+00
1.111470000000000073e+04 1.706779973826560104e+00
1.111500000000000000e+04 1.693098628440946385e+00
1.111529999999999927e+04 1.670867679305231945e+00
1.111560000000000036e+04 1.642244776786121019e+00
1.111589999999999964e+04 1.609157346797762234e+00
1.111620000000000073e+04 1.573249129020684922e+00
1.111650000000000000e+04 1.535863592556098389e+00
1.111679999999999927e+04 1.498065885480391657e+00
1.111710000000000036e+04 1.460665797202282956e+00
1.111739999999999964e+04 1.424257846788734794e+00
1.111770000000000073e+04 1.389265750837223923e+00
1.111800000000000000e+04 1.355967059478058179e+00
1.111829999999999927e+04 1.324534409942311530e+00
1.111860000000000036e+04 1.295205561005276396e+00
1.111889999999999964e+04 1.268538499997181379e+00
1.111920000000000073e+04 1.241891260505076700e+00
1.111950000000000000e+04 1.219176773241398726e+00
1.111979999999999927e+04 1.196462285977720974e+00
1.112010000000000036e+04 1.176927751883411144e+00
1.112039999999999964e+04 1.157944452383679268e+00
1.112070000000000073e+04 1.141128008026678131e+00
1.112100000000000000e+04 1.125551652555380366e+00
1.112129999999999927e+04 1.111054109530920542e+00
1.112160000000000036e+04 1.098505914202261735e+00
1.112189999999999964e+04 1.085991990737305235e+00
1.112220000000000073e+04 1.076078274594028494e+00
1.112250000000000000e+04 1.066164558450811928e+00
1.112279999999999927e+04 1.057612451345103288e+00
1.112310000000000036e+04 1.049944658106061413e+00
1.112339999999999964e+04 1.042531418354499140e+00
1.112370000000000073e+04 1.036735237742216764e+00
1.112400000000000000e+04 1.030939057129969472e+00
1.112429999999999927e+04 1.026055780539189444e+00
1.112450000000000000e+04 1.023202196232199546e+00
1.112489999999999964e+04 1.017500964182459056e+00
1.112520000000000073e+04 1.014406184347622419e+00
1.112550000000000000e+04 1.011311404512804213e+00
1.112579999999999927e+04 1.008522965076459110e+00
1.112610000000000036e+04 1.006318043371640991e+00
1.112639999999999964e+04 1.004113121666836417e+00
1.112670000000000073e+04 1.002301429827648027e+00
1.112700000000000000e+04 1.000730741414701530e+00
1.112729999999999927e+04 9.991600530017549220e-01
1.112760000000000036e+04 9.979413466439110980e-01
1.112789999999999964e+04 9.967935819788877883e-01
1.112820000000000073e+04 9.956458173138574841e-01
1.112850000000000000e+04 9.947394592964498017e-01
1.112879999999999927e+04 9.938377743565356415e-01
1.112910000000000036e+04 9.929424829857841361e-01
1.112939999999999964e+04 9.921372883829374656e-01
1.112970000000000073e+04 9.913320937800857990e-01
1.113000000000000000e+04 9.905248851059486048e-01
1.113029999999999927e+04 9.896968066850624357e-01
1.113060000000000036e+04 9.888687282641711596e-01
1.113089999999999964e+04 9.880364375517945996e-01
1.113120000000000073e+04 9.871173112428749397e-01
1.113150000000000000e+04 9.861981849339608308e-01
1.113179999999999927e+04 9.852790586250467220e-01
1.113210000000000036e+04 9.842869233545467056e-01
1.113229999999999927e+04 9.836224490316768376e-01
1.113270000000000073e+04 9.822935003859247782e-01
1.113300000000000000e+04 9.813089783367670016e-01
1.113329999999999927e+04 9.803280507715300685e-01
1.113360000000000036e+04 9.793471232062872511e-01
1.113389999999999964e+04 9.784403888790181858e-01
1.113420000000000073e+04 9.775968506258700952e-01
1.113450000000000000e+04 9.767533123727271116e-01
1.113479999999999927e+04 9.759597185586101897e-01
1.113510000000000036e+04 9.753206402729703850e-01
1.113539999999999964e+04 9.746815619873344660e-01
1.113570000000000073e+04 9.740424837016947723e-01
1.113600000000000000e+04 9.735743656836599591e-01
1.113629999999999927e+04 9.731284567509241867e-01
1.113660000000000036e+04 9.726825478181857498e-01
1.113689999999999964e+04 9.723135125064515938e-01
1.113720000000000073e+04 9.720338953443685703e-01
1.113750000000000000e+04 9.717542781822871012e-01
1.113770000000000073e+04 9.715678667408983449e-01
1.113810000000000036e+04 9.712452810397047553e-01
1.113839999999999964e+04 9.710171345414244648e-01
1.113870000000000073e+04 9.707889880431429530e-01
1.113900000000000000e+04 9.705117177744105872e-01
1.113920000000000073e+04 9.702827962592607269e-01
1.113960000000000036e+04 9.698249532289630048e-01
1.113989999999999964e+04 9.694815709562402128e-01
1.114020000000000073e+04 9.689130753220556169e-01
1.114050000000000000e+04 9.682928156845077572e-01
1.114070000000000073e+04 9.678793092594734082e-01
1.114110000000000036e+04 9.669957159678085334e-01
1.114139999999999964e+04 9.659603329882716638e-01
1.114170000000000073e+04 9.649249500087285769e-01
1.114200000000000000e+04 9.638895670291917073e-01
1.114220000000000073e+04 9.631665677454610552e-01
1.114260000000000036e+04 9.610899609758073447e-01
1.114289999999999964e+04 9.595325058985694211e-01
1.114320000000000073e+04 9.579750508213220606e-01
1.114350000000000000e+04 9.560727787877567607e-01
1.114379999999999927e+04 9.539331654213263345e-01
1.114410000000000036e+04 9.517935520548829187e-01
1.114439999999999964e+04 9.496539386884523815e-01
1.114470000000000073e+04 9.470881374086747018e-01
1.114500000000000000e+04 9.443607299146072886e-01
1.114520000000000073e+04 9.425424582518845407e-01
1.114560000000000036e+04 9.389059149264558091e-01
1.114589999999999964e+04 9.357587485473192190e-01
1.114620000000000073e+04 9.325028894969732418e-01
1.114650000000000000e+04 9.292470304466469155e-01
1.114670000000000073e+04 9.270764577464163381e-01
1.114710000000000036e+04 9.224178367585472715e-01
1.114739999999999964e+04 9.187651702119083996e-01
1.114770000000000073e+04 9.151125036652474343e-01
1.114800000000000000e+04 9.114598371186086734e-01
1.114820000000000073e+04 9.089431286519588093e-01
1.114860000000000036e+04 9.038068984834218833e-01
1.114889999999999964e+04 8.999547258570251840e-01
1.114920000000000073e+04 8.961025532306050589e-01
1.114950000000000000e+04 8.922734444590381120e-01
1.114979999999999927e+04 8.884584064987638419e-01
1.115010000000000036e+04 8.846433685384665901e-01
1.115039999999999964e+04 8.808283305781923200e-01
1.115070000000000073e+04 8.771307696582899549e-01
1.115100000000000000e+04 8.735849622955798033e-01
1.115129999999999927e+04 8.700391549328697627e-01
1.115160000000000036e+04 8.664933475701381838e-01
1.115189999999999964e+04 8.630370085369317712e-01
1.115220000000000073e+04 8.599668420985003836e-01
1.115250000000000000e+04 8.568966756600876478e-01
1.115279999999999927e+04 8.538265092216748009e-01
1.115310000000000036e+04 8.507563427832434133e-01
1.115339999999999964e+04 8.482544769319039224e-01
1.115370000000000073e+04 8.458327905085341047e-01
1.115400000000000000e+04 8.434111040851789420e-01
1.115429999999999927e+04 8.409894176618238903e-01
1.115460000000000036e+04 8.389544009248737222e-01
1.115479999999999927e+04 8.378543555073645344e-01
1.115520000000000073e+04 8.356542646723262857e-01
1.115550000000000000e+04 8.340041965460575080e-01
1.115579999999999927e+04 8.324063152252448861e-01
1.115610000000000036e+04 8.315929374202249980e-01
1.115639999999999964e+04 8.307795596152101059e-01
1.115670000000000073e+04 8.299661818101903288e-01
1.115700000000000000e+04 8.291528040051753257e-01
1.115729999999999927e+04 8.288084702866275189e-01
1.115760000000000036e+04 8.288324754625271407e-01
1.115789999999999964e+04 8.288564806384266515e-01
1.115820000000000073e+04 8.288804858143262733e-01
1.115850000000000000e+04 8.289044909902257841e-01
1.115879999999999927e+04 8.297231418390580426e-01
1.115910000000000036e+04 8.305462764129292186e-01
1.115939999999999964e+04 8.313694109867952875e-01
1.115970000000000073e+04 8.321925455606664634e-01
1.116000000000000000e+04 8.332846160651563583e-01
1.116029999999999927e+04 8.348442636323938348e-01
1.116060000000000036e+04 8.364039111996409703e-01
1.116089999999999964e+04 8.379635587668784469e-01
1.116120000000000073e+04 8.395232063341254714e-01
1.116150000000000000e+04 8.415203475755541618e-01
1.116179999999999927e+04 8.437306337489327568e-01
1.116210000000000036e+04 8.459409199223247855e-01
1.116239999999999964e+04 8.481512060957033805e-01
1.116270000000000073e+04 8.503614922690954092e-01
1.116300000000000000e+04 8.530795043179750792e-01
1.116329999999999927e+04 8.558439762100804593e-01
1.116360000000000036e+04 8.586084481022026038e-01
1.116389999999999964e+04 8.613729199943078729e-01
1.116420000000000073e+04 8.641803988756178168e-01
1.116450000000000000e+04 8.673908861351682376e-01
1.116479999999999927e+04 8.706013733947186584e-01
1.116510000000000036e+04 8.738118606542886191e-01
1.116539999999999964e+04 8.770223479138390399e-01
1.116560000000000036e+04 8.791626727535523100e-01
1.116600000000000000e+04 8.838576008992093946e-01
1.116629999999999927e+04 8.874095684165377307e-01
1.116660000000000036e+04 8.909615359338876051e-01
1.116689999999999964e+04 8.945135034512159411e-01
1.116700000000000000e+04 8.956974926236659362e-01
1.116839999999999964e+04 9.132808879454409334e-01
1.117000000000000000e+04 9.341066688797731166e-01
1.117150000000000000e+04 9.539251611601968772e-01
1.117300000000000000e+04 9.735881340829292130e-01
1.117450000000000000e+04 9.927277493666151198e-01
1.117600000000000000e+04 1.011013830041244121e+00
1.117750000000000000e+04 1.028173507951985144e+00
1.117900000000000000e+04 1.043965804112222173e+00
1.118050000000000000e+04 1.058184206084073375e+00
1.118200000000000000e+04 1.070653600608111766e+00
1.118350000000000000e+04 1.081228854967599240e+00
1.118500000000000000e+04 1.089798761311329134e+00
1.118650000000000000e+04 1.096289838369121084e+00
1.118800000000000000e+04 1.100425602667685299e+00
1.118950000000000000e+04 1.102300675990508960e+00
1.119100000000000000e+04 1.102151640864170723e+00
1.119239999999999964e+04 1.100311755665373648e+00
1.119400000000000000e+04 1.096340986542194695e+00
1.119550000000000000e+04 1.091042237614258781e+00
1.119700000000000000e+04 1.084335305263302685e+00
1.119850000000000000e+04 1.076401217477894745e+00
1.120000000000000000e+04 1.067729564296376887e+00

1.110000000000000000e+04 8.972986463439172611e-02
1.110029999999999927e+04 9.254310236655984012e-02
1.110060000000000036e+04 9.551988471262051750e-02
1.110089999999999964e+04 9.867402321202946303e-02
1.110120000000000073e+04 1.020207085198156366e-01
1.110150000000000000e+04 1.055769233662314510e-01
1.110179999999999927e+04 1.093616148023301288e-01
1.110210000000000036e+04 1.133959729127096000e-01
1.110239999999999964e+04 1.177037583629624573e-01
1.110260000000000036e+04 1.207405778103497335e-01
1.110300000000000000e+04 1.272498856265989187e-01
1.110329999999999927e+04 1.325524247071396544e-01
1.110360000000000036e+04 1.382579592384997336e-01
1.110389999999999964e+04 1.444104853961637180e-01
1.110420000000000073e+04 1.510602479950685917e-01
1.110450000000000000e+04 1.582648289607286873e-01
1.110479999999999927e+04 1.660904584400472728e-01
1.110510000000000036e+04 1.746135999442552378e-01
1.110539999999999964e+04 1.839228733581868003e-01
1.110570000000000073e+04 1.941213958040727272e-01
1.110589999999999964e+04 2.014731155183752953e-01
1.110629999999999927e+04 2.176889270684196076e-01
1.110660000000000036e+04 2.313657195632280728e-01
1.110689999999999964e+04 2.465568664009591404e-01
1.110720000000000073e+04 2.634960353808594724e-01
1.110750000000000000e+04 2.824615453545041288e-01
1.110779999999999927e+04 3.037858281617304979e-01
1.110810000000000036e+04 3.278666826808451784e-01
1.110839999999999964e+04 3.551803049793679778e-01
1.110870000000000073e+04 3.862956696028691517e-01
1.110900000000000000e+04 4.218890000016936037e-01
1.110929999999999927e+04 4.627554719228120228e-01
1.110960000000000036e+04 5.098124342807681675e-01
1.110989999999999964e+04 5.640836525183621220e-01
1.111020000000000073e+04 6.266468622782837006e-01
1.111050000000000000e+04 6.985178408531551586e-01
1.111079999999999927e+04 7.804371831690988248e-01
1.111110000000000036e+04 8.725322045855911091e-01
1.111139999999999964e+04 9.738687113190591660e-01
1.111170000000000073e+04 1.082017645210586076e+00
1.111200000000000000e+04 1.192933533292586779e+00
1.111229999999999927e+04 1.301471925115530448e+00
1.111260000000000036e+04 1.402427817725729664e+00
1.111289999999999964e+04 1.491466739675882502e+00
1.111320000000000073e+04 1.565568810298000102e+00
1.111350000000000000e+04 1.623097209524325901e+00
1.111379999999999927e+04 1.663677256247142466e+00
1.111410000000000036e+04 1.687980279246366733e+00
1.111439999999999964e+04 1.697460430104873019e+00
1.111470000000000073e+04 1.694079961132735512e+00
1.111500000000000000e+04 1.680052826339563543e+00
1.111529999999999927e+04 1.657629525019797434e+00
1.111560000000000036e+04 1.628936446580707686e+00
1.111589999999999964e+04 1.595872939235593702e+00
1.111620000000000073e+04 1.560058640022708998e+00
1.111650000000000000e+04 1.522817063520063297e+00
1.111679999999999927e+04 1.485197238010984799e+00
1.111710000000000036e+04 1.447996293891713249e+00
1.111739999999999964e+04 1.411799012050770408e+00
1.111770000000000073e+04 1.377021721288234080e+00
1.111800000000000000e+04 1.343936567904545187e+00
1.111829999999999927e+04 1.312712266361489188e+00
1.111860000000000036e+04 1.283583090400093552e+00
1.111889999999999964e+04 1.257102283274761145e+00
1.111920000000000073e+04 1.230641180531950152e+00
1.111950000000000000e+04 1.208089589771404126e+00
1.111979999999999927e+04 1.185537999010858101e+00
1.112010000000000036e+04 1.166145301416818159e+00
1.112039999999999964e+04 1.147300187733990340e+00
1.112070000000000073e+04 1.130606558886307011e+00
1.112100000000000000e+04 1.115144222513698713e+00
1.112129999999999927e+04 1.100752699973242432e+00
1.112160000000000036e+04 1.088296072124124825e+00
1.112189999999999964e+04 1.075873454432517029e+00
1.112220000000000073e+04 1.066031188405954344e+00
1.112250000000000000e+04 1.056188922379451167e+00
1.112279999999999927e+04 1.047697667965874047e+00
1.112310000000000036e+04 1.040083844790212986e+00
1.112339999999999964e+04 1.032722573466353211e+00
1.112370000000000073e+04 1.026965645827353724e+00
1.112400000000000000e+04 1.021208718188389319e+00
1.112429999999999927e+04 1.016357505981791753e+00
1.112450000000000000e+04 1.013522132938618148e+00
1.112489999999999964e+04 1.007857277079034830e+00
1.112520000000000073e+04 1.004780560040724025e+00
1.112550000000000000e+04 1.001703843002431871e+00
1.112579999999999927e+04 9.989311275311039129e-01
1.112610000000000036e+04 9.967374747809191193e-01
1.112639999999999964e+04 9.945438220307475374e-01
1.112670000000000073e+04 9.927405240810767140e-01
1.112700000000000000e+04 9.911764674825764843e-01
1.112729999999999927e+04 9.896124108840762545e-01
1.112760000000000036e+04 9.883979687346136078e-01
1.112789999999999964e+04 9.872539910889223114e-01
1.112820000000000073e+04 9.861100134432242426e-01
1.112850000000000000e+04 9.852061317849147848e-01
1.112879999999999927e+04 9.843068978327310647e-01
1.112910000000000036e+04 9.834140540321152368e-01
1.112939999999999964e+04 9.826112588394105840e-01
1.112970000000000073e+04 9.818084636467010462e-01
1.113000000000000000e+04 9.810037398021299593e-01
1.113029999999999927e+04 9.801790313243379238e-01
1.113060000000000036e+04 9.793543228465410033e-01
1.113089999999999964e+04 9.785254723387672993e-01
1.113120000000000073e+04 9.776112346622319871e-01
1.113150000000000000e+04 9.766969969857023370e-01
1.113179999999999927e+04 9.757827593091725760e-01
1.113210000000000036e+04 9.747967268705434174e-01
1.113229999999999927e+04 9.741363718397373361e-01
1.113270000000000073e+04 9.728156617781132942e-01
1.113300000000000000e+04 9.718375490539755690e-01
1.113329999999999927e+04 9.708630987514510480e-01
1.113360000000000036e+04 9.698886484489206428e-01
1.113389999999999964e+04 9.689878750849506561e-01
1.113420000000000073e+04 9.681498580232722473e-01
1.113450000000000000e+04 9.673118409615988345e-01
1.113479999999999927e+04 9.665233612241996841e-01
1.113510000000000036e+04 9.658881375046636242e-01
1.113539999999999964e+04 9.652529137851315610e-01
1.113570000000000073e+04 9.646176900655955011e-01
1.113600000000000000e+04 9.641520080597987263e-01
1.113629999999999927e+04 9.637083508579808999e-01
1.113660000000000036e+04 9.632646936561601869e-01
1.113689999999999964e+04 9.628972724560547203e-01
1.113720000000000073e+04 9.626185277371803739e-01
1.113750000000000000e+04 9.623397830183075818e-01
1.113770000000000073e+04 9.621539532057247213e-01
1.113810000000000036e+04 9.618322470209624830e-01
1.113839999999999964e+04 9.616046822579644715e-01
1.113870000000000073e+04 9.613771174949651277e-01
1.113900000000000000e+04 9.611009872858834457e-01
1.113920000000000073e+04 9.608733267484718121e-01
1.113960000000000036e+04 9.604180056736507654e-01
1.113989999999999964e+04 9.600765148675354244e-01
1.114020000000000073e+04 9.595122399871472973e-01
1.114050000000000000e+04 9.588967367145614373e-01
1.114070000000000073e+04 9.584864011995016808e-01
1.114110000000000036e+04 9.576097214984409245e-01
1.114139999999999964e+04 9.565832898908045445e-01
1.114170000000000073e+04 9.555568582831618363e-01
1.114200000000000000e+04 9.545304266755253453e-01
1.114220000000000073e+04 9.538137225101539496e-01
1.114260000000000036e+04 9.517560139360429217e-01
1.114289999999999964e+04 9.502127325054620099e-01
1.114320000000000073e+04 9.486694510748717724e-01
1.114350000000000000e+04 9.467847846938434175e-01
1.114379999999999927e+04 9.446651392676359560e-01
1.114410000000000036e+04 9.425454938414157269e-01
1.114439999999999964e+04 9.404258484152082653e-01
1.114470000000000073e+04 9.378842468615592454e-01
1.114500000000000000e+04 9.351826437447110507e-01
1.114520000000000073e+04 9.333815750001346334e-01
1.114560000000000036e+04 9.297794375109982301e-01
1.114589999999999964e+04 9.266622422122502423e-01
1.114620000000000073e+04 9.234374331714441109e-01
1.114650000000000000e+04 9.202126241306575194e-01
1.114670000000000073e+04 9.180627514367867281e-01
1.114710000000000036e+04 9.134486907867295225e-01
1.114739999999999964e+04 9.098310242877972742e-01
1.114770000000000073e+04 9.062133577888430436e-01
1.114800000000000000e+04 9.025956912899106843e-01
1.114820000000000073e+04 9.001031400589812881e-01
1.114860000000000036e+04 8.950162624435291647e-01
1.114889999999999964e+04 8.912011042319457621e-01
1.114920000000000073e+04 8.873859460203393779e-01
1.114950000000000000e+04 8.835936625341465067e-01
1.114979999999999927e+04 8.798153344750371252e-01
1.115010000000000036e+04 8.760370064159048731e-01
1.115039999999999964e+04 8.722586783567954916e-01
1.115070000000000073e+04 8.685967024146664661e-01
1.115100000000000000e+04 8.650850268851350000e-01
1.115129999999999927e+04 8.615733513556036449e-01
1.115160000000000036e+04 8.580616758260508625e-01
1.115189999999999964e+04 8.546386033766804058e-01
1.115220000000000073e+04 8.515979688420507454e-01
1.115250000000000000e+04 8.485573343074396258e-01
1.115279999999999927e+04 8.455166997728285061e-01
1.115310000000000036e+04 8.424760652381988457e-01
1.115339999999999964e+04 8.399982162202070946e-01
1.115370000000000073e+04 8.375997685292921879e-01
1.115400000000000000e+04 8.352013208383917142e-01
1.115429999999999927e+04 8.328028731474912405e-01
1.115460000000000036e+04 8.307873366120728242e-01
1.115479999999999927e+04 8.296977834611748426e-01
1.115520000000000073e+04 8.275186771593591173e-01
1.115550000000000000e+04 8.258843474330072043e-01
1.115579999999999927e+04 8.243016968102766517e-01
1.115610000000000036e+04 8.234959176233365152e-01
1.115639999999999964e+04 8.226901384364013747e-01
1.115670000000000073e+04 8.218843592494612382e-01
1.115700000000000000e+04 8.210785800625259867e-01
1.115729999999999927e+04 8.207372799461138957e-01
1.115760000000000036e+04 8.207607338310135559e-01
1.115789999999999964e+04 8.207841877159131050e-01
1.115820000000000073e+04 8.208076416008126541e-01
1.115850000000000000e+04 8.208310954857122033e-01
1.115879999999999927e+04 8.216414594740704125e-01
1.115910000000000036e+04 8.224562635401317934e-01
1.115939999999999964e+04 8.232710676061881783e-01
1.115970000000000073e+04 8.240858716722494481e-01
1.116000000000000000e+04 8.251669934863586908e-01
1.116029999999999927e+04 8.267111403417977122e-01
1.116060000000000036e+04 8.282552871972461705e-01
1.116089999999999964e+04 8.297994340526851920e-01
1.116120000000000073e+04 8.313435809081336503e-01
1.116150000000000000e+04 8.333209626106600210e-01
1.116179999999999927e+04 8.355094143639054671e-01
1.116210000000000036e+04 8.376978661171642360e-01
1.116239999999999964e+04 8.398863178704097932e-01
1.116270000000000073e+04 8.420747696236685620e-01
1.116300000000000000e+04 8.447660058010961759e-01
1.116329999999999927e+04 8.475032496504800728e-01
1.116360000000000036e+04 8.502404934998805119e-01
1.116389999999999964e+04 8.529777373492644088e-01
1.116420000000000073e+04 8.557575698143666809e-01
1.116450000000000000e+04 8.589364901781935124e-01
1.116479999999999927e+04 8.621154105420203440e-01
1.116510000000000036e+04 8.652943309058663823e-01
1.116539999999999964e+04 8.684732512696932138e-01
1.116560000000000036e+04 8.705925315122572394e-01
1.116600000000000000e+04 8.752413434340513554e-01
1.116629999999999927e+04 8.787584246673559862e-01
1.116660000000000036e+04 8.822755059006818223e-01
1.116689999999999964e+04 8.857925871339863422e-01
1.116700000000000000e+04 8.869649475450950282e-01
1.116839999999999964e+04 9.043757613028099440e-01
1.117000000000000000e+04 9.249972392328978943e-01
1.117150000000000000e+04 9.446213871256594619e-01
1.117300000000000000e+04 9.640915897036511639e-01
1.117450000000000000e+04 9.830435964467649779e-01
1.117600000000000000e+04 1.001150450991971530e+00
1.117750000000000000e+04 1.018141946574742551e+00
1.117900000000000000e+04 1.033779454402151021e+00
1.118050000000000000e+04 1.047858475998832306e+00
1.118200000000000000e+04 1.060205605764888759e+00
1.118350000000000000e+04 1.070677126085960218e+00
1.118500000000000000e+04 1.079162913073187902e+00
1.118650000000000000e+04 1.085590201124343901e+00
1.118800000000000000e+04 1.089685207839949710e+00
1.118950000000000000e+04 1.091541628060422209e+00
1.119100000000000000e+04 1.091393730184079480e+00
1.119239999999999964e+04 1.089571535404496139e+00
1.119400000000000000e+04 1.085639248481139463e+00
1.119550000000000000e+04 1.080391987936648368e+00
1.119700000000000000e+04 1.073750314110214932e+00
1.119850000000000000e+04 1.065893487032492537e+00
1.120000000000000000e+04 1.057306310813123318e+00

1.110000000000000000e+04 8.981682816158084726e-02
1.110029999999999927e+04 9.262460095445955444e-02
1.110060000000000036e+04 9.559520905150081793e-02
1.110089999999999964e+04 9.874236958991750024e-02
1.110120000000000073e+04 1.020811691944883692e-01
1.110150000000000000e+04 1.056284676968673314e-01
1.110179999999999927e+04 1.094030699751612074e-01
1.110210000000000036e+04 1.134260010737507124e-01
1.110239999999999964e+04 1.177208293665016892e-01
1.110260000000000036e+04 1.207480511684739105e-01
1.110300000000000000e+04 1.272355140168772436e-01
1.110329999999999927e+04 1.325189936050683859e-01
1.110360000000000036e+04 1.382027728796866584e-01
1.110389999999999964e+04 1.443304127675240911e-01
1.110420000000000073e+04 1.509516395444054637e-01
1.110450000000000000e+04 1.581234147156323488e-01
1.110479999999999927e+04 1.659112228995696658e-01
1.110510000000000036e+04 1.743906276171763858e-01
1.110539999999999964e+04 1.836491573366686725e-01
1.110570000000000073e+04 1.937885993750935176e-01
1.110589999999999964e+04 2.010955111526804839e-01
1.110629999999999927e+04 2.172060735639459728e-01
1.110660000000000036e+04 2.307874133626035551e-01
1.110689999999999964e+04 2.458655975235854441e-01
1.110720000000000073e+04 2.626704714407994135e-01
1.110750000000000000e+04 2.814755798242178364e-01
1.110779999999999927e+04 3.026073817699611590e-01
1.110810000000000036e+04 3.264562060135224320e-01
1.110839999999999964e+04 3.534889360079150888e-01
1.110870000000000073e+04 3.842630269818130273e-01
1.110900000000000000e+04 4.194406661808510184e-01
1.110929999999999927e+04 4.598003805160761348e-01
1.110960000000000036e+04 5.062406944200624759e-01
1.110989999999999964e+04 5.597659170982849375e-01
1.111020000000000073e+04 6.214372702969170881e-01
1.111050000000000000e+04 6.922638047375154757e-01
1.111079999999999927e+04 7.730003851179130248e-01
1.111110000000000036e+04 8.638246786874933525e-01
1.111139999999999964e+04 9.639027319402604377e-01
1.111170000000000073e+04 1.070953597266328883e+00
1.111200000000000000e+04 1.181087442911546992e+00
1.111229999999999927e+04 1.289248662363657427e+00
1.111260000000000036e+04 1.390216103202877029e+00
1.111289999999999964e+04 1.479573735017765346e+00
1.111320000000000073e+04 1.554210156401565568e+00
1.111350000000000000e+04 1.612412288388647363e+00
1.111379999999999927e+04 1.653748305544949782e+00
1.111410000000000036e+04 1.678848028452013086e+00
1.111439999999999964e+04 1.689135066021039577e+00
1.111470000000000073e+04 1.686548551718738187e+00
1.111500000000000000e+04 1.673284780364966640e+00
1.111529999999999927e+04 1.651581191797487858e+00
1.111560000000000036e+04 1.623555308974080402e+00
1.111589999999999964e+04 1.591101405599597118e+00
1.111620000000000073e+04 1.555837283080708122e+00
1.111650000000000000e+04 1.519087238735401080e+00
1.111679999999999927e+04 1.481902913791607768e+00
1.111710000000000036e+04 1.445085310301206682e+00
1.111739999999999964e+04 1.409223738038391627e+00
1.111770000000000073e+04 1.374739250322642548e+00
1.111800000000000000e+04 1.341908653771827442e+00
1.111829999999999927e+04 1.310905035116492368e+00
1.111860000000000036e+04 1.281965021080749390e+00
1.111889999999999964e+04 1.255640053267607081e+00
1.111920000000000073e+04 1.229334589817256296e+00
1.111950000000000000e+04 1.206898952785442569e+00
1.111979999999999927e+04 1.184463315753628843e+00
1.112010000000000036e+04 1.165160575177272007e+00
1.112039999999999964e+04 1.146400912066368072e+00
1.112070000000000073e+04 1.129777963865900015e+00
1.112100000000000000e+04 1.114377855328359423e+00
1.112129999999999927e+04 1.100042318439326428e+00
1.112160000000000036e+04 1.087630396999962334e+00
1.112189999999999964e+04 1.075252314497146866e+00
1.112220000000000073e+04 1.065441593119915042e+00
1.112250000000000000e+04 1.055630871742742505e+00
1.112279999999999927e+04 1.047165192725595384e+00
1.112310000000000036e+04 1.039573068141078638e+00
1.112339999999999964e+04 1.032232507430954849e+00
1.112370000000000073e+04 1.026490014247729343e+00
1.112400000000000000e+04 1.020747521064538699e+00
1.112429999999999927e+04 1.015907625088207533e+00
1.112450000000000000e+04 1.013078423306089881e+00
1.112489999999999964e+04 1.007425892468541306e+00
1.112520000000000073e+04 1.004354937365562028e+00
1.112550000000000000e+04 1.001283982262601180e+00
1.112579999999999927e+04 9.985162776288271091e-01
1.112610000000000036e+04 9.963262050238239631e-01
1.112639999999999964e+04 9.941361324188341397e-01
1.112670000000000073e+04 9.923356525112325688e-01
1.112700000000000000e+04 9.907739468756773249e-01
1.112729999999999927e+04 9.892122412401220810e-01
1.112760000000000036e+04 9.879996384789454522e-01
1.112789999999999964e+04 9.868573971140897072e-01
1.112820000000000073e+04 9.857151557492270788e-01
1.112850000000000000e+04 9.848128615569080591e-01
1.112879999999999927e+04 9.839152121900015535e-01
1.112910000000000036e+04 9.830239735420338576e-01
1.112939999999999964e+04 9.822230733328343177e-01
1.112970000000000073e+04 9.814221731236300039e-01
1.113000000000000000e+04 9.806194159400696275e-01
1.113029999999999927e+04 9.797974168434682163e-01
1.113060000000000036e+04 9.789754177468618090e-01
1.113089999999999964e+04 9.781493310773640149e-01
1.113120000000000073e+04 9.772389798616744061e-01
1.113150000000000000e+04 9.763286286459902374e-01
1.113179999999999927e+04 9.754182774303060688e-01
1.113210000000000036e+04 9.744370242982098862e-01
1.113229999999999927e+04 9.737798927809029337e-01
1.113270000000000073e+04 9.724656297462770382e-01
1.113300000000000000e+04 9.714923853481678417e-01
1.113329999999999927e+04 9.705228131193316399e-01
1.113360000000000036e+04 9.695532408904896648e-01
1.113389999999999964e+04 9.686567443349616280e-01
1.113420000000000073e+04 9.678224919379757596e-01
1.113450000000000000e+04 9.669882395409948872e-01
1.113479999999999927e+04 9.662031302667846155e-01
1.113510000000000036e+04 9.655700574501652200e-01
1.113539999999999964e+04 9.649369846335498213e-01
1.113570000000000073e+04 9.643039118169304258e-01
1.113600000000000000e+04 9.638393364778971018e-01
1.113629999999999927e+04 9.633966502883416494e-01
1.113660000000000036e+04 9.629539640987834215e-01
1.113689999999999964e+04 9.625867859549912531e-01
1.113720000000000073e+04 9.623074375458718910e-01
1.113750000000000000e+04 9.620280891367543052e-01
1.113770000000000073e+04 9.618418568640080268e-01
1.113810000000000036e+04 9.615184449743595652e-01
1.113839999999999964e+04 9.612893536194375699e-01
1.113870000000000073e+04 9.610602622645142423e-01
1.113900000000000000e+04 9.607826005133323077e-01
1.113920000000000073e+04 9.605539145064727613e-01
1.113960000000000036e+04 9.600965424927558889e-01
1.113989999999999964e+04 9.597535134824687342e-01
1.114020000000000073e+04 9.591882132586491139e-01
1.114050000000000000e+04 9.585718025731043701e-01
1.114070000000000073e+04 9.581608621160719874e-01
1.114110000000000036e+04 9.572831213044132870e-01
1.114139999999999964e+04 9.562568738145194036e-01
1.114170000000000073e+04 9.552306263246193030e-01
1.114200000000000000e+04 9.542043788347254196e-01
1.114220000000000073e+04 9.534878910032439370e-01
1.114260000000000036e+04 9.514324174999331252e-01
1.114289999999999964e+04 9.498908123724523200e-01
1.114320000000000073e+04 9.483492072449621890e-01
1.114350000000000000e+04 9.464672324231133693e-01
1.114379999999999927e+04 9.443509773680976993e-01
1.114410000000000036e+04 9.422347223130690397e-01
1.114439999999999964e+04 9.401184672580533697e-01
1.114470000000000073e+04 9.375815726507691350e-01
1.114500000000000000e+04 9.348851757124856388e-01
1.114520000000000073e+04 9.330875777536190574e-01
1.114560000000000036e+04 9.294923818359022150e-01
1.114589999999999964e+04 9.263817647197083449e-01
1.114620000000000073e+04 9.231638891291679139e-01
1.114650000000000000e+04 9.199460135386470228e-01
1.114670000000000073e+04 9.178007631449534021e-01
1.114710000000000036e+04 9.131970389764337837e-01
1.114739999999999964e+04 9.095876706520351629e-01
1.114770000000000073e+04 9.059783023276145597e-01
1.114800000000000000e+04 9.023689340032159389e-01
1.114820000000000073e+04 8.998822120847368433e-01
1.114860000000000036e+04 8.948073675629634183e-01
1.114889999999999964e+04 8.910012341716392337e-01
1.114920000000000073e+04 8.871951007802919564e-01
1.114950000000000000e+04 8.834117903022032925e-01
1.114979999999999927e+04 8.796424036416055081e-01
1.115010000000000036e+04 8.758730169809848531e-01
1.115039999999999964e+04 8.721036303203870688e-01
1.115070000000000073e+04 8.684502853216023999e-01
1.115100000000000000e+04 8.649468396981074836e-01
1.115129999999999927e+04 8.614433940746124563e-01
1.115160000000000036e+04 8.579399484510963347e-01
1.115189999999999964e+04 8.545248870179913414e-01
1.115220000000000073e+04 8.514913187046221354e-01
1.115250000000000000e+04 8.484577503912713592e-01
1.115279999999999927e+04 8.454241820779205829e-01
1.115310000000000036e+04 8.423906137645513770e-01
1.115339999999999964e+04 8.399184683284038888e-01
1.115370000000000073e+04 8.375255319695776857e-01
1.115400000000000000e+04 8.351325956107660264e-01
1.115429999999999927e+04 8.327396592519543672e-01
1.115460000000000036e+04 8.307287484826415547e-01
1.115479999999999927e+04 8.296416914262749742e-01
1.115520000000000073e+04 8.274675773135219403e-01
1.115550000000000000e+04 8.258369917289671847e-01
1.115579999999999927e+04 8.242579712032848116e-01
1.115610000000000036e+04 8.234541077239849738e-01
1.115639999999999964e+04 8.226502442446900210e-01
1.115670000000000073e+04 8.218463807653901831e-01
1.115700000000000000e+04 8.210425172860953413e-01
1.115729999999999927e+04 8.207022470040060691e-01
1.115760000000000036e+04 8.207260350496070611e-01
1.115789999999999964e+04 8.207498230952077201e-01
1.115820000000000073e+04 8.207736111408087121e-01
1.115850000000000000e+04 8.207973991864094820e-01
1.115879999999999927e+04 8.216067730247357259e-01
1.115910000000000036e+04 8.224205794684469328e-01
1.115939999999999964e+04 8.232343859121532548e-01
1.115970000000000073e+04 8.240481923558645727e-01
1.116000000000000000e+04 8.251279017809870497e-01
1.116029999999999927e+04 8.266699151263708911e-01
1.116060000000000036e+04 8.282119284717640584e-01
1.116089999999999964e+04 8.297539418171478998e-01
1.116120000000000073e+04 8.312959551625411780e-01
1.116150000000000000e+04 8.332706201631109311e-01
1.116179999999999927e+04 8.354560710859531003e-01
1.116210000000000036e+04 8.376415220088084812e-01
1.116239999999999964e+04 8.398269729316506504e-01
1.116270000000000073e+04 8.420124238545060313e-01
1.116300000000000000e+04 8.447000340263931539e-01
1.116329999999999927e+04 8.474335946631091909e-01
1.116360000000000036e+04 8.501671552998417702e-01
1.116389999999999964e+04 8.529007159365578072e-01
1.116420000000000073e+04 8.556768252494045823e-01
1.116450000000000000e+04 8.588516481964969529e-01
1.116479999999999927e+04 8.620264711435893235e-01
1.116510000000000036e+04 8.652012940907010119e-01
1.116539999999999964e+04 8.683761170377933825e-01
1.116560000000000036e+04 8.704926656692011377e-01
1.116600000000000000e+04 8.751356776640542012e-01
1.116629999999999927e+04 8.786483839427053910e-01
1.116660000000000036e+04 8.821610902213780081e-01
1.116689999999999964e+04 8.856737965000291979e-01
1.116700000000000000e+04 8.868446985929200332e-01
1.116839999999999964e+04 9.042346481039257311e-01
1.117000000000000000e+04 9.248323970000612571e-01
1.117150000000000000e+04 9.444348600526434323e-01
1.117300000000000000e+04 9.638842784445467160e-01
1.117450000000000000e+04 9.828166847311267107e-01
1.117600000000000000e+04 1.000905490143077836e+00
1.117750000000000000e+04 1.017880560515716182e+00
1.117900000000000000e+04 1.033503444301120622e+00
1.118050000000000000e+04 1.047569780752675594e+00
1.118200000000000000e+04 1.059906298262301316e+00
1.118350000000000000e+04 1.070369441892417450e+00
1.118500000000000000e+04 1.078849234436887183e+00
1.118650000000000000e+04 1.085273023244142543e+00
1.118800000000000000e+04 1.089367362446219234e+00
1.118950000000000000e+04 1.091225862334356034e+00
1.119100000000000000e+04 1.091082438103090579e+00
1.119239999999999964e+04 1.089266435749511874e+00
1.119400000000000000e+04 1.085343336373474576e+00
1.119550000000000000e+04 1.080106296832308299e+00
1.119700000000000000e+04 1.073476181021598030e+00
1.119850000000000000e+04 1.065631755893058807e+00
1.120000000000000000e+04 1.057057194942801814e+00

1.110000000000000000e+04 8.918848702682502516e-02
1.110029999999999927e+04 9.197122966678908385e-02
1.110060000000000036e+04 9.491511770713728646e-02
1.110089999999999964e+04 9.803369811709279624e-02
1.110120000000000073e+04 1.013418725056268732e-01
1.110150000000000000e+04 1.048562969708620729e-01
1.110179999999999927e+04 1.085955469296463055e-01
1.110210000000000036e+04 1.125803882676093132e-01
1.110239999999999964e+04 1.168340958743732255e-01
1.110260000000000036e+04 1.198320572484833646e-01
1.110300000000000000e+04 1.262560667132477388e-01
1.110329999999999927e+04 1.314871399794051710e-01
1.110360000000000036e+04 1.371138387631800071e-01
1.110389999999999964e+04 1.431791533403724559e-01
1.110420000000000073e+04 1.497321523623365569e-01
1.110450000000000000e+04 1.568290371749837819e-01
1.110479999999999927e+04 1.645344111773068829e-01
1.110510000000000036e+04 1.729228133120945532e-01
1.110539999999999964e+04 1.820805776204005300e-01
1.110570000000000073e+04 1.921080955093629195e-01
1.110589999999999964e+04 1.993333957242605092e-01
1.110629999999999927e+04 2.152614238161537907e-01
1.110660000000000036e+04 2.286863747158516258e-01
1.110689999999999964e+04 2.435885706225444369e-01
1.110720000000000073e+04 2.601947699209040121e-01
1.110750000000000000e+04 2.787749247750701542e-01
1.110779999999999927e+04 2.996513529124950059e-01
1.110810000000000036e+04 3.232096857009643109e-01
1.110839999999999964e+04 3.499116230522860693e-01
1.110870000000000073e+04 3.803091691476884195e-01
1.110900000000000000e+04 4.150592830484184925e-01
1.110929999999999927e+04 4.549364498399055545e-01
1.110960000000000036e+04 5.008380858092055243e-01
1.110989999999999964e+04 5.537732896762327384e-01
1.111020000000000073e+04 6.148186396596037051e-01
1.111050000000000000e+04 6.850157466309885201e-01
1.111079999999999927e+04 7.651771536946586627e-01
1.111110000000000036e+04 8.555694825191667574e-01
1.111139999999999964e+04 9.554761546940480077e-01
1.111170000000000073e+04 1.062738390415932876e+00
1.111200000000000000e+04 1.173542582949675506e+00
1.111229999999999927e+04 1.282812954087801049e+00
1.111260000000000036e+04 1.385216548794440561e+00
1.111289999999999964e+04 1.476188469944490045e+00
1.111320000000000073e+04 1.552476026111405227e+00
1.111350000000000000e+04 1.612250255676679567e+00
1.111379999999999927e+04 1.654994007848196169e+00
1.111410000000000036e+04 1.681282762000260611e+00
1.111439999999999964e+04 1.692514367790525887e+00
1.111470000000000073e+04 1.690626261636514194e+00
1.111500000000000000e+04 1.677831212307961284e+00
1.111529999999999927e+04 1.656394944292666427e+00
1.111560000000000036e+04 1.628469165337390612e+00
1.111589999999999964e+04 1.595982964791442527e+00
1.111620000000000073e+04 1.560588672571204150e+00
1.111650000000000000e+04 1.523637683281608757e+00
1.111679999999999927e+04 1.486207543740576842e+00
1.111710000000000036e+04 1.449116835797232605e+00
1.111739999999999964e+04 1.412969881246614712e+00
1.111770000000000073e+04 1.378198287401797284e+00
1.111800000000000000e+04 1.345086584653356621e+00
1.111829999999999927e+04 1.313813288458418160e+00
1.111860000000000036e+04 1.284486010025832625e+00
1.111889999999999964e+04 1.258082979324748329e+00
1.111920000000000073e+04 1.231679948623504162e+00
1.111950000000000000e+04 1.208898089586072366e+00
1.111979999999999927e+04 1.186408498235896225e+00
1.112010000000000036e+04 1.166772951727110375e+00
1.112039999999999964e+04 1.147977605687771963e+00
1.112070000000000073e+04 1.131058822828971744e+00
1.112100000000000000e+04 1.115636688698973922e+00
1.112129999999999927e+04 1.101043737145015911e+00
1.112160000000000036e+04 1.088619781374066342e+00
1.112189999999999964e+04 1.076195825603192269e+00
1.112220000000000073e+04 1.066206313945951445e+00
1.112250000000000000e+04 1.056390753408113392e+00
1.112279999999999927e+04 1.047746097492274320e+00
1.112310000000000036e+04 1.040154222998173505e+00
1.112339999999999964e+04 1.032666694906346994e+00
1.112370000000000073e+04 1.026927902220919009e+00
1.112400000000000000e+04 1.021189109535525663e+00
1.112429999999999927e+04 1.016234571893038563e+00
1.112450000000000000e+04 1.013409240896018915e+00
1.112489999999999964e+04 1.007758578902005153e+00
1.112520000000000073e+04 1.004606764201106062e+00
1.112550000000000000e+04 1.001542625750791116e+00
1.112579999999999927e+04 9.987115769660438458e-01
1.112610000000000036e+04 9.965284861691943163e-01
1.112639999999999964e+04 9.943453953723581096e-01
1.112670000000000073e+04 9.925015944721552463e-01
1.112700000000000000e+04 9.909464574296339423e-01
1.112729999999999927e+04 9.893913203871126383e-01
1.112760000000000036e+04 9.881513080127445336e-01
1.112789999999999964e+04 9.870149073543056373e-01
1.112820000000000073e+04 9.858785066958598575e-01
1.112850000000000000e+04 9.849617046581895519e-01
1.112879999999999927e+04 9.840689472919378344e-01
1.112910000000000036e+04 9.831761899256807880e-01
1.112939999999999964e+04 9.823776838739846085e-01
1.112970000000000073e+04 9.815804614949235063e-01
1.113000000000000000e+04 9.807830507210748561e-01
1.113029999999999927e+04 9.799631710964350484e-01
1.113060000000000036e+04 9.791432914717903557e-01
1.113089999999999964e+04 9.783234118471505480e-01
1.113120000000000073e+04 9.774163996949642996e-01
1.113150000000000000e+04 9.765063736465344757e-01
1.113179999999999927e+04 9.755963475981046518e-01
1.113210000000000036e+04 9.746201576041397807e-01
1.113229999999999927e+04 9.739622622349615177e-01
1.113270000000000073e+04 9.726464714965932234e-01
1.113300000000000000e+04 9.716704516999851160e-01
1.113329999999999927e+04 9.706992362888594572e-01
1.113360000000000036e+04 9.697280208777279142e-01
1.113389999999999964e+04 9.688194228888402648e-01
1.113420000000000073e+04 9.679842364995847603e-01
1.113450000000000000e+04 9.671490501103342519e-01
1.113479999999999927e+04 9.663471799648729599e-01
1.113510000000000036e+04 9.657144291870116692e-01
1.113539999999999964e+04 9.650816784091543754e-01
1.113570000000000073e+04 9.644489276312931958e-01
1.113600000000000000e+04 9.639702016784140737e-01
1.113629999999999927e+04 9.635287076856063893e-01
1.113660000000000036e+04 9.630872136927959293e-01
1.113689999999999964e+04 9.627087103077632824e-01
1.113720000000000073e+04 9.624318616324334386e-01
1.113750000000000000e+04 9.621550129571053711e-01
1.113770000000000073e+04 9.619704471735521789e-01
1.113810000000000036e+04 9.616469939005781731e-01
1.113839999999999964e+04 9.614211062785186224e-01
1.113870000000000073e+04 9.611952186564576284e-01
1.113900000000000000e+04 9.609297867574955188e-01
1.113920000000000073e+04 9.607031317920005087e-01
1.113960000000000036e+04 9.602498218610125980e-01
1.113989999999999964e+04 9.599098394127721923e-01
1.114020000000000073e+04 9.593688205158217297e-01
1.114050000000000000e+04 9.587547020628041095e-01
1.114070000000000073e+04 9.583452897607899201e-01
1.114110000000000036e+04 9.575032018127956901e-01
1.114139999999999964e+04 9.564780701498878379e-01
1.114170000000000073e+04 9.554529384869738795e-01
1.114200000000000000e+04 9.544278068240660273e-01
1.114220000000000073e+04 9.537443857154567217e-01
1.114260000000000036e+04 9.516971157384077618e-01
1.114289999999999964e+04 9.501550810084691268e-01
1.114320000000000073e+04 9.486130462785212769e-01
1.114350000000000000e+04 9.467755460482190077e-01
1.114379999999999927e+04 9.446571169725452854e-01
1.114410000000000036e+04 9.425386878968586846e-01
1.114439999999999964e+04 9.404202588211848513e-01
1.114470000000000073e+04 9.379262436585580343e-01
1.114500000000000000e+04 9.352258401990853898e-01
1.114520000000000073e+04 9.334255712260927096e-01
1.114560000000000036e+04 9.298250332801236695e-01
1.114589999999999964e+04 9.267507264556376079e-01
1.114620000000000073e+04 9.235271036335127581e-01
1.114650000000000000e+04 9.203034808114075593e-01
1.114670000000000073e+04 9.181543989299910669e-01
1.114710000000000036e+04 9.135732145157708928e-01
1.114739999999999964e+04 9.099567129844453595e-01
1.114770000000000073e+04 9.063402114530978437e-01
1.114800000000000000e+04 9.027237099217723104e-01
1.114820000000000073e+04 9.002476621511109611e-01
1.114860000000000036e+04 8.951622857466190464e-01
1.114889999999999964e+04 8.913482534432559667e-01
1.114920000000000073e+04 8.875342211398696834e-01
1.114950000000000000e+04 8.837400940834593266e-01
1.114979999999999927e+04 8.799628287762571999e-01
1.115010000000000036e+04 8.761855634690320915e-01
1.115039999999999964e+04 8.724082981618298538e-01
1.115070000000000073e+04 8.687261020858185745e-01
1.115100000000000000e+04 8.652154017266996400e-01
1.115129999999999927e+04 8.617047013675807055e-01
1.115160000000000036e+04 8.581940010084404546e-01
1.115189999999999964e+04 8.547343508872173867e-01
1.115220000000000073e+04 8.516945821362951197e-01
1.115250000000000000e+04 8.486548133853913933e-01
1.115279999999999927e+04 8.456150446344876670e-01
1.115310000000000036e+04 8.425752758835655110e-01
1.115339999999999964e+04 8.400470101850815441e-01
1.115370000000000073e+04 8.376493008550124353e-01
1.115400000000000000e+04 8.352515915249578704e-01
1.115429999999999927e+04 8.328538821949033055e-01
1.115460000000000036e+04 8.307781266451746971e-01
1.115479999999999927e+04 8.296889727664528147e-01
1.115520000000000073e+04 8.275106650089890659e-01
1.115550000000000000e+04 8.258769341909011352e-01
1.115579999999999927e+04 8.242432033728132046e-01
1.115610000000000036e+04 8.234235266674755360e-01
1.115639999999999964e+04 8.226182021080549189e-01
1.115670000000000073e+04 8.218128775486293058e-01
1.115700000000000000e+04 8.210075529892085777e-01
1.115729999999999927e+04 8.206005516081146256e-01
1.115760000000000036e+04 8.206243191090053513e-01
1.115789999999999964e+04 8.206480866098959659e-01
1.115820000000000073e+04 8.206718541107865805e-01
1.115850000000000000e+04 8.206956216116771952e-01
1.115879999999999927e+04 8.214431086445672658e-01
1.115910000000000036e+04 8.222580933711723938e-01
1.115939999999999964e+04 8.230730780977725258e-01
1.115970000000000073e+04 8.238880628243776538e-01
1.116000000000000000e+04 8.249112033745480410e-01
1.116029999999999927e+04 8.264554088866644666e-01
1.116060000000000036e+04 8.279996143987902180e-01
1.116089999999999964e+04 8.295438199109066435e-01
1.116120000000000073e+04 8.310880254230325059e-01
1.116150000000000000e+04 8.330140518607492828e-01
1.116179999999999927e+04 8.352024540126092855e-01
1.116210000000000036e+04 8.373908561644824999e-01
1.116239999999999964e+04 8.395792583163425027e-01
1.116270000000000073e+04 8.417676604682158281e-01
1.116300000000000000e+04 8.444150313626914706e-01
1.116329999999999927e+04 8.471521322459639736e-01
1.116360000000000036e+04 8.498892331292532409e-01
1.116389999999999964e+04 8.526263340125257439e-01
1.116420000000000073e+04 8.553708215245530155e-01
1.116450000000000000e+04 8.585495217815336533e-01
1.116479999999999927e+04 8.617282220385142910e-01
1.116510000000000036e+04 8.649069222955142466e-01
1.116539999999999964e+04 8.680856225524948844e-01
1.116560000000000036e+04 8.702047560571614104e-01
1.116600000000000000e+04 8.748262539597554399e-01
1.116629999999999927e+04 8.783430534818625901e-01
1.116660000000000036e+04 8.818598530039911676e-01
1.116689999999999964e+04 8.853766525260984288e-01
1.116700000000000000e+04 8.865489190334746583e-01
1.116839999999999964e+04 9.039395865304459265e-01
1.117000000000000000e+04 9.245484696243332357e-01
1.117150000000000000e+04 9.441672487811677561e-01
1.117300000000000000e+04 9.636387275065358970e-01
1.117450000000000000e+04 9.825982522860313706e-01
1.117600000000000000e+04 1.000718515298888001e+00
1.117750000000000000e+04 1.017728467539896542e+00
1.117900000000000000e+04 1.033389249951193412e+00
1.118050000000000000e+04 1.047495832542143068e+00
1.118200000000000000e+04 1.059874431014897533e+00
1.118350000000000000e+04 1.070380783233616295e+00
1.118500000000000000e+04 1.078903979436313110e+00
1.118650000000000000e+04 1.085370213873345202e+00
1.118800000000000000e+04 1.089465030010537294e+00
1.118950000000000000e+04 1.091361059990653359e+00
1.119100000000000000e+04 1.091251701100951488e+00
1.119239999999999964e+04 1.089465638796725200e+00
1.119400000000000000e+04 1.085565580329630242e+00
1.119550000000000000e+04 1.080345686452568676e+00
1.119700000000000000e+04 1.073705159372414064e+00
1.119850000000000000e+04 1.065870229760294441e+00
1.120000000000000000e+04 1.057299101296593768e+00

1.110000000000000000e+04 7.255119618854838359e-02
1.110029999999999927e+04 7.476727448121164854e-02
1.110060000000000036e+04 7.711327165978765219e-02
1.110089999999999964e+04 7.960032054085959541e-02
1.110120000000000073e+04 8.224080900575386766e-02
1.110150000000000000e+04 8.504855824285814658e-02
1.110179999999999927e+04 8.803903024823925283e-02
1.110210000000000036e+04 9.122957094962265423e-02
1.110239999999999964e+04 9.463969641726857618e-02
1.110260000000000036e+04 9.704586640560249056e-02
1.110300000000000000e+04 1.022097103904511528e-01
1.110329999999999927e+04 1.064228581173052995e-01
1.110360000000000036e+04 1.109631618448476825e-01
1.110389999999999964e+04 1.158675623865556004e-01
1.110420000000000073e+04 1.211784883999814377e-01
1.110450000000000000e+04 1.269448700834640842e-01
1.110479999999999927e+04 1.332233769152040281e-01
1.110510000000000036e+04 1.400799369010568007e-01
1.110539999999999964e+04 1.475916114725687733e-01
1.110570000000000073e+04 1.558489220888173155e-01
1.110589999999999964e+04 1.618200432005104383e-01
1.110629999999999927e+04 1.750479973728547856e-01
1.110660000000000036e+04 1.862681489379746924e-01
1.110689999999999964e+04 1.988011390617784313e-01
1.110720000000000073e+04 2.128667667295529864e-01
1.110750000000000000e+04 2.287322110376683315e-01
1.110779999999999927e+04 2.467242366970405776e-01
1.110810000000000036e+04 2.672448657357404667e-01
1.110839999999999964e+04 2.907914433897079154e-01
1.110870000000000073e+04 3.179821159639786843e-01
1.110900000000000000e+04 3.495876044680922279e-01
1.110929999999999927e+04 3.865694468489104807e-01
1.110960000000000036e+04 4.301228374265045340e-01
1.110989999999999964e+04 4.817172819981280218e-01
1.111020000000000073e+04 5.431176249653938415e-01
1.111050000000000000e+04 6.163468203217949970e-01
1.111079999999999927e+04 7.035142590045943001e-01
1.111110000000000036e+04 8.063786067322232798e-01
1.111139999999999964e+04 9.254644285463121678e-01
1.111170000000000073e+04 1.058594652963306126e+00
1.111200000000000000e+04 1.199117618988613021e+00
1.111229999999999927e+04 1.335619724491546201e+00
1.111260000000000036e+04 1.456010539784681646e+00
1.111289999999999964e+04 1.552687863795667367e+00
1.111320000000000073e+04 1.623020540069140205e+00
1.111350000000000000e+04 1.667733283275597556e+00
1.111379999999999927e+04 1.689597922638082839e+00
1.111410000000000036e+04 1.692418895057885120e+00
1.111439999999999964e+04 1.680269462769958366e+00
1.111470000000000073e+04 1.656997553877206375e+00
1.111500000000000000e+04 1.625962333847639218e+00
1.111529999999999927e+04 1.589937895212279795e+00
1.111560000000000036e+04 1.551110998929544627e+00
1.111589999999999964e+04 1.511144022319483415e+00
1.111620000000000073e+04 1.471259687061509780e+00
1.111650000000000000e+04 1.432317969643990940e+00
1.111679999999999927e+04 1.394906515641459288e+00
1.111710000000000036e+04 1.359399967428037481e+00
1.111739999999999964e+04 1.326026166463833977e+00
1.111770000000000073e+04 1.294895451279980403e+00
1.111800000000000000e+04 1.267028531074117836e+00
1.111829999999999927e+04 1.239968764379047572e+00
1.111860000000000036e+04 1.215507487729831082e+00
1.111889999999999964e+04 1.192758446798877880e+00
1.111920000000000073e+04 1.171814432520843496e+00
1.111950000000000000e+04 1.153076164858931829e+00
1.111979999999999927e+04 1.135181233619464880e+00
1.112010000000000036e+04 1.120050159504740517e+00
1.112039999999999964e+04 1.104919085390108080e+00
1.112070000000000073e+04 1.092804180929725755e+00
1.112100000000000000e+04 1.080834572310994224e+00
1.112129999999999927e+04 1.070522991914749422e+00
1.112160000000000036e+04 1.061267944320388734e+00
1.112189999999999964e+04 1.052479951850853412e+00
1.112220000000000073e+04 1.045513944504418591e+00
1.112250000000000000e+04 1.038547937158025958e+00
1.112279999999999927e+04 1.032964598013029978e+00
1.112310000000000036e+04 1.027882876091713138e+00
1.112339999999999964e+04 1.023101306392295795e+00
1.112370000000000073e+04 1.019520054360387284e+00
1.112400000000000000e+04 1.015938802328500534e+00
1.112429999999999927e+04 1.013048292733885969e+00
1.112450000000000000e+04 1.011424732157658823e+00
1.112489999999999964e+04 1.008177611005219187e+00
1.112520000000000073e+04 1.006524802721276535e+00
1.112550000000000000e+04 1.004920141324971761e+00
1.112579999999999927e+04 1.003438528970366450e+00
1.112610000000000036e+04 1.002398857449613212e+00
1.112639999999999964e+04 1.001359185928866413e+00
1.112670000000000073e+04 1.000470631367613938e+00
1.112700000000000000e+04 9.997823615524740193e-01
1.112729999999999927e+04 9.990940917373341001e-01
1.112760000000000036e+04 9.985066302338105881e-01
1.112789999999999964e+04 9.979925307622845576e-01
1.112820000000000073e+04 9.974784312907555295e-01
1.112850000000000000e+04 9.969774202681145336e-01
1.112879999999999927e+04 9.964830310450041306e-01
1.112910000000000036e+04 9.959886418218906190e-01
1.112939999999999964e+04 9.954183934497160546e-01
1.112970000000000073e+04 9.948133892379251719e-01
1.113000000000000000e+04 9.942083850261379530e-01
1.113029999999999927e+04 9.934822570541729236e-01
1.113060000000000036e+04 9.926891859467347201e-01
1.113089999999999964e+04 9.918961148393014016e-01
1.113120000000000073e+04 9.910176741400544831e-01
1.113150000000000000e+04 9.900661586524504010e-01
1.113179999999999927e+04 9.891146431648462078e-01
1.113210000000000036e+04 9.881560361532562009e-01
1.113229999999999927e+04 9.875089167288416681e-01
1.113270000000000073e+04 9.862146778800007230e-01
1.113300000000000000e+04 9.852660027965048917e-01
1.113329999999999927e+04 9.844550007051647844e-01
1.113360000000000036e+04 9.836439986138196812e-01
1.113389999999999964e+04 9.828329965224795739e-01
1.113420000000000073e+04 9.822358071611153596e-01
1.113450000000000000e+04 9.816787223948995056e-01
1.113479999999999927e+04 9.811216376286836516e-01
1.113510000000000036e+04 9.806681133766739222e-01
1.113539999999999964e+04 9.803255242193390506e-01
1.113570000000000073e+04 9.799829350620020696e-01
1.113600000000000000e+04 9.796535913484430980e-01
1.113629999999999927e+04 9.795315274826517093e-01
1.113660000000000036e+04 9.794094636168595436e-01
1.113689999999999964e+04 9.792873997510681550e-01
1.113720000000000073e+04 9.792083214967967075e-01
1.113750000000000000e+04 9.791611693628234914e-01
1.113770000000000073e+04 9.791297346068410512e-01
1.113810000000000036e+04 9.790637635696881613e-01
1.113839999999999964e+04 9.788877614192534882e-01
1.113870000000000073e+04 9.787117592688178158e-01
1.113900000000000000e+04 9.785357571183832537e-01
1.113920000000000073e+04 9.783940776182422638e-01
1.113960000000000036e+04 9.777405297378283233e-01
1.113989999999999964e+04 9.772503688275185896e-01
1.114020000000000073e+04 9.767602079172058582e-01
1.114050000000000000e+04 9.759262106851663843e-01
1.114070000000000073e+04 9.752871759890922032e-01
1.114110000000000036e+04 9.740091065969497253e-01
1.114139999999999964e+04 9.730505545528442823e-01
1.114170000000000073e+04 9.715049295331608104e-01
1.114200000000000000e+04 9.699556622522392813e-01
1.114220000000000073e+04 9.689228173982853409e-01
1.114260000000000036e+04 9.667320449794584158e-01
1.114289999999999964e+04 9.645247575471567192e-01
1.114320000000000073e+04 9.623174701148415888e-01
1.114350000000000000e+04 9.601101826825398922e-01
1.114379999999999927e+04 9.576874902542262813e-01
1.114410000000000036e+04 9.548129937339524531e-01
1.114439999999999964e+04 9.519384972136961665e-01
1.114470000000000073e+04 9.490640006934223383e-01
1.114500000000000000e+04 9.459526736701877603e-01
1.114520000000000073e+04 9.436336725689785654e-01
1.114560000000000036e+04 9.389956703665813809e-01
1.114589999999999964e+04 9.355171687147888493e-01
1.114620000000000073e+04 9.318567601146651169e-01
1.114650000000000000e+04 9.279210405762576830e-01
1.114670000000000073e+04 9.252972275506368138e-01
1.114710000000000036e+04 9.200496014994189453e-01
1.114739999999999964e+04 9.160344745580646375e-01
1.114770000000000073e+04 9.118652808469831506e-01
1.114800000000000000e+04 9.076960871359269767e-01
1.114820000000000073e+04 9.049166246618726150e-01
1.114860000000000036e+04 8.993659617235029158e-01
1.114889999999999964e+04 8.952345167534662140e-01
1.114920000000000073e+04 8.911030717834043102e-01
1.114950000000000000e+04 8.869716268133676085e-01
1.114979999999999927e+04 8.828502482081903580e-01
1.115010000000000036e+04 8.790137869880136900e-01
1.115039999999999964e+04 8.751773257678602258e-01
1.115070000000000073e+04 8.713408645476834469e-01
1.115100000000000000e+04 8.675044033275299826e-01
1.115129999999999927e+04 8.640757287783371599e-01
1.115160000000000036e+04 8.607581579168536168e-01
1.115189999999999964e+04 8.574405870553902798e-01
1.115220000000000073e+04 8.541230161939067367e-01
1.115250000000000000e+04 8.511411665203449939e-01
1.115279999999999927e+04 8.485316598453608306e-01
1.115310000000000036e+04 8.459221531703607910e-01
1.115339999999999964e+04 8.433126464953766277e-01
1.115370000000000073e+04 8.407861573688046875e-01
1.115400000000000000e+04 8.390160866919131877e-01
1.115429999999999927e+04 8.372460160150215769e-01
1.115460000000000036e+04 8.354759453381193079e-01
1.115479999999999927e+04 8.342958982201952312e-01
1.115520000000000073e+04 8.325351725061288510e-01
1.115550000000000000e+04 8.316730234392195609e-01
1.115579999999999927e+04 8.308108743723103817e-01
1.115610000000000036e+04 8.299487253053958735e-01
1.115639999999999964e+04 8.292282763079127372e-01
1.115670000000000073e+04 8.292634601559526475e-01
1.115700000000000000e+04 8.292986440039923357e-01
1.115729999999999927e+04 8.293338278520320239e-01
1.115760000000000036e+04 8.293690117000718232e-01
1.115789999999999964e+04 8.299069986032874269e-01
1.115820000000000073e+04 8.307912669394512672e-01
1.115850000000000000e+04 8.316755352756097786e-01
1.115879999999999927e+04 8.325598036117682899e-01
1.115910000000000036e+04 8.334440719479321302e-01
1.115939999999999964e+04 8.350790001513725969e-01
1.115970000000000073e+04 8.367428272607798645e-01
1.116000000000000000e+04 8.384066543701771401e-01
1.116029999999999927e+04 8.400704814795743047e-01
1.116060000000000036e+04 8.419186901519901678e-01
1.116089999999999964e+04 8.442649363928854678e-01
1.116120000000000073e+04 8.466111826337949786e-01
1.116150000000000000e+04 8.489574288746902786e-01
1.116179999999999927e+04 8.513036751155855786e-01
1.116210000000000036e+04 8.539479111469614470e-01
1.116239999999999964e+04 8.568739636776169233e-01
1.116270000000000073e+04 8.598000162082900522e-01
1.116300000000000000e+04 8.627260687389454175e-01
1.116329999999999927e+04 8.656521212696007828e-01
1.116360000000000036e+04 8.688976005376191081e-01
1.116389999999999964e+04 8.722837852404490278e-01
1.116420000000000073e+04 8.756699699432994866e-01
1.116450000000000000e+04 8.790561546461295173e-01
1.116479999999999927e+04 8.824423393489594369e-01
1.116510000000000036e+04 8.861133989963466684e-01
1.116539999999999964e+04 8.898508623085886748e-01
1.116560000000000036e+04 8.923425045167651115e-01
1.116600000000000000e+04 8.973257889330953363e-01
1.116629999999999927e+04 9.010632522453374538e-01
1.116660000000000036e+04 9.050072307510116376e-01
1.116689999999999964e+04 9.089836538227362706e-01
1.116700000000000000e+04 9.103091281799857715e-01
1.116839999999999964e+04 9.291122883916725916e-01
1.117000000000000000e+04 9.511107782268154454e-01
1.117150000000000000e+04 9.717546918040508297e-01
1.117300000000000000e+04 9.920206976459160497e-01
1.117450000000000000e+04 1.011554795431660825e+00
1.117600000000000000e+04 1.030046191043966886e+00
1.117750000000000000e+04 1.047246195158364701e+00
1.117900000000000000e+04 1.062921620091604957e+00
1.118050000000000000e+04 1.076804808640184907e+00
1.118200000000000000e+04 1.088599323671823882e+00
1.118350000000000000e+04 1.098302168639441412e+00
1.118500000000000000e+04 1.105823384786732255e+00
1.118650000000000000e+04 1.111122142026457205e+00
1.118800000000000000e+04 1.114204197282769204e+00
1.118950000000000000e+04 1.115122943322464977e+00
1.119100000000000000e+04 1.113976654868881422e+00
1.119239999999999964e+04 1.110866202021820737e+00
1.119400000000000000e+04 1.105483734009873320e+00
1.119550000000000000e+04 1.098904265681019066e+00
1.119700000000000000e+04 1.091148339377147058e+00
1.119850000000000000e+04 1.082452662934051846e+00
1.120000000000000000e+04 1.073033524321783894e+00

1.110000000000000000e+04 7.327670815043388353e-02
1.110029999999999927e+04 7.551494722602376808e-02
1.110060000000000036e+04 7.788440437638552427e-02
1.110089999999999964e+04 8.039632374626819178e-02
1.110120000000000073e+04 8.306321709581139523e-02
1.110150000000000000e+04 8.589904382528673610e-02
1.110179999999999927e+04 8.891942055072164786e-02
1.110210000000000036e+04 9.214186665911888729e-02
1.110239999999999964e+04 9.558609338144126444e-02
1.110260000000000036e+04 9.801632506965853031e-02
1.110300000000000000e+04 1.032318074943556624e-01
1.110329999999999927e+04 1.074870866984783541e-01
1.110360000000000036e+04 1.120727934632961692e-01
1.110389999999999964e+04 1.170262380104211547e-01
1.110420000000000073e+04 1.223902732839812491e-01
1.110450000000000000e+04 1.282143187842987309e-01
1.110479999999999927e+04 1.345556106843560917e-01
1.110510000000000036e+04 1.414807362700673810e-01
1.110539999999999964e+04 1.490675275872944683e-01
1.110570000000000073e+04 1.574074113097055083e-01
1.110589999999999964e+04 1.634382436325155508e-01
1.110629999999999927e+04 1.767984773465833548e-01
1.110660000000000036e+04 1.881308304273544563e-01
1.110689999999999964e+04 2.007891504523962034e-01
1.110720000000000073e+04 2.149954343968485393e-01
1.110750000000000000e+04 2.310195331480450198e-01
1.110779999999999927e+04 2.491914790640110122e-01
1.110810000000000036e+04 2.699173143930978513e-01
1.110839999999999964e+04 2.936993578236049562e-01
1.110870000000000073e+04 3.211619371236184572e-01
1.110900000000000000e+04 3.530834805127731624e-01
1.110929999999999927e+04 3.904351413173995922e-01
1.110960000000000036e+04 4.344240658007695877e-01
1.110989999999999964e+04 4.865344548181093076e-01
1.111020000000000073e+04 5.485488012150477877e-01
1.111050000000000000e+04 6.225102885250130003e-01
1.111079999999999927e+04 7.105494015946401953e-01
1.111110000000000036e+04 8.144423927995455559e-01
1.111139999999999964e+04 9.347190728317752439e-01
1.111170000000000073e+04 1.069180599492939310e+00
1.111200000000000000e+04 1.211108795178499342e+00
1.111229999999999927e+04 1.348975921736461636e+00
1.111260000000000036e+04 1.470570645182528446e+00
1.111289999999999964e+04 1.568214742433624131e+00
1.111320000000000073e+04 1.639250745469831738e+00
1.111350000000000000e+04 1.684410616108353631e+00
1.111379999999999927e+04 1.706493901864463814e+00
1.111410000000000036e+04 1.709343084008463798e+00
1.111439999999999964e+04 1.697072157397658154e+00
1.111470000000000073e+04 1.673567529415978417e+00
1.111500000000000000e+04 1.642221957186115633e+00
1.111529999999999927e+04 1.605837274164402695e+00
1.111560000000000036e+04 1.566622108918840128e+00
1.111589999999999964e+04 1.526255462542678298e+00
1.111620000000000073e+04 1.485972283932124771e+00
1.111650000000000000e+04 1.446641149340430754e+00
1.111679999999999927e+04 1.408855580797873985e+00
1.111710000000000036e+04 1.372993967102317914e+00
1.111739999999999964e+04 1.339286428128472428e+00
1.111770000000000073e+04 1.307844405792780274e+00
1.111800000000000000e+04 1.279698816384859050e+00
1.111829999999999927e+04 1.252368452022838197e+00
1.111860000000000036e+04 1.227662562607129582e+00
1.111889999999999964e+04 1.204686031266866575e+00
1.111920000000000073e+04 1.183532576846052065e+00
1.111950000000000000e+04 1.164606926507521401e+00
1.111979999999999927e+04 1.146533045955659524e+00
1.112010000000000036e+04 1.131250661099788113e+00
1.112039999999999964e+04 1.115968276244009072e+00
1.112070000000000073e+04 1.103732222739023161e+00
1.112100000000000000e+04 1.091642918034104293e+00
1.112129999999999927e+04 1.081228221833897107e+00
1.112160000000000036e+04 1.071880623763592721e+00
1.112189999999999964e+04 1.063004751369362122e+00
1.112220000000000073e+04 1.055969083949462872e+00
1.112250000000000000e+04 1.048933416529606255e+00
1.112279999999999927e+04 1.043294243993160286e+00
1.112310000000000036e+04 1.038161704852630374e+00
1.112339999999999964e+04 1.033332319456218729e+00
1.112370000000000073e+04 1.029715254903991184e+00
1.112400000000000000e+04 1.026098190351785844e+00
1.112429999999999927e+04 1.023178775661224948e+00
1.112450000000000000e+04 1.021538979479235554e+00
1.112489999999999964e+04 1.018259387115271641e+00
1.112520000000000073e+04 1.016590050748489515e+00
1.112550000000000000e+04 1.014969342738221592e+00
1.112579999999999927e+04 1.013472914260070024e+00
1.112610000000000036e+04 1.012422846024109369e+00
1.112639999999999964e+04 1.011372777788154931e+00
1.112670000000000073e+04 1.010475337681290053e+00
1.112700000000000000e+04 1.009780185167998612e+00
1.112729999999999927e+04 1.009085032654707392e+00
1.112760000000000036e+04 1.008491696536148563e+00
1.112789999999999964e+04 1.007972456069907485e+00
1.112820000000000073e+04 1.007453215603663077e+00
1.112850000000000000e+04 1.006947194470795726e+00
1.112879999999999927e+04 1.006447861355454165e+00
1.112910000000000036e+04 1.005948528240109496e+00
1.112939999999999964e+04 1.005372577384213262e+00
1.112970000000000073e+04 1.004761523130304424e+00
1.113000000000000000e+04 1.004150468876399360e+00
1.113029999999999927e+04 1.003417079624714603e+00
1.113060000000000036e+04 1.002616077806202100e+00
1.113089999999999964e+04 1.001815075987694481e+00
1.113120000000000073e+04 1.000927850881455194e+00
1.113150000000000000e+04 9.999668202389748739e-01
1.113179999999999927e+04 9.990057895964947754e-01
1.113210000000000036e+04 9.980375965147888495e-01
1.113229999999999927e+04 9.973840058961300770e-01
1.113270000000000073e+04 9.960768246588007635e-01
1.113300000000000000e+04 9.951186628244700350e-01
1.113329999999999927e+04 9.942995507122164289e-01
1.113360000000000036e+04 9.934804385999579379e-01
1.113389999999999964e+04 9.926613264877044429e-01
1.113420000000000073e+04 9.920581652327264965e-01
1.113450000000000000e+04 9.914955096188484696e-01
1.113479999999999927e+04 9.909328540049704426e-01
1.113510000000000036e+04 9.904747945104406259e-01
1.113539999999999964e+04 9.901287794615324378e-01
1.113570000000000073e+04 9.897827644126221402e-01
1.113600000000000000e+04 9.894501272619276033e-01
1.113629999999999927e+04 9.893268427574782864e-01
1.113660000000000036e+04 9.892035582530281923e-01
1.113689999999999964e+04 9.890802737485788754e-01
1.113720000000000073e+04 9.890004047117647579e-01
1.113750000000000000e+04 9.889527810564517907e-01
1.113770000000000073e+04 9.889210319529094795e-01
1.113810000000000036e+04 9.888544012053851473e-01
1.113839999999999964e+04 9.886766390334461585e-01
1.113870000000000073e+04 9.884988768615060595e-01
1.113900000000000000e+04 9.883211146895671817e-01
1.113920000000000073e+04 9.881780183944247620e-01
1.113960000000000036e+04 9.875179350352066843e-01
1.113989999999999964e+04 9.870228725157937921e-01
1.114020000000000073e+04 9.865278099963780134e-01
1.114050000000000000e+04 9.856854727920181247e-01
1.114070000000000073e+04 9.850400477489832385e-01
1.114110000000000036e+04 9.837491976629193502e-01
1.114139999999999964e+04 9.827810600983728495e-01
1.114170000000000073e+04 9.812199788284924340e-01
1.114200000000000000e+04 9.796552188747617018e-01
1.114220000000000073e+04 9.786120455722682188e-01
1.114260000000000036e+04 9.763993654292529856e-01
1.114289999999999964e+04 9.741700051226283019e-01
1.114320000000000073e+04 9.719406448159900735e-01
1.114350000000000000e+04 9.697112845093653899e-01
1.114379999999999927e+04 9.672643651567686129e-01
1.114410000000000036e+04 9.643611236712920087e-01
1.114439999999999964e+04 9.614578821858330571e-01
1.114470000000000073e+04 9.585546407003565639e-01
1.114500000000000000e+04 9.554122004068895668e-01
1.114520000000000073e+04 9.530700092946683410e-01
1.114560000000000036e+04 9.483856270702473168e-01
1.114589999999999964e+04 9.448723404019367944e-01
1.114620000000000073e+04 9.411753277158118047e-01
1.114650000000000000e+04 9.372002509820203109e-01
1.114670000000000073e+04 9.345501998261431797e-01
1.114710000000000036e+04 9.292500975144131203e-01
1.114739999999999964e+04 9.251948193036453327e-01
1.114770000000000073e+04 9.209839336554530576e-01
1.114800000000000000e+04 9.167730480072862065e-01
1.114820000000000073e+04 9.139657909084912824e-01
1.114860000000000036e+04 9.083596213407379993e-01
1.114889999999999964e+04 9.041868619210008395e-01
1.114920000000000073e+04 9.000141025012383666e-01
1.114950000000000000e+04 8.958413430815012068e-01
1.114979999999999927e+04 8.916787506902722482e-01
1.115010000000000036e+04 8.878039248578937226e-01
1.115039999999999964e+04 8.839290990255387337e-01
1.115070000000000073e+04 8.800542731931603191e-01
1.115100000000000000e+04 8.761794473608053302e-01
1.115129999999999927e+04 8.727164860661205115e-01
1.115160000000000036e+04 8.693657394960221385e-01
1.115189999999999964e+04 8.660149929259440826e-01
1.115220000000000073e+04 8.626642463558457097e-01
1.115250000000000000e+04 8.596525781855484105e-01
1.115279999999999927e+04 8.570169764438143600e-01
1.115310000000000036e+04 8.543813747020643223e-01
1.115339999999999964e+04 8.517457729603303829e-01
1.115370000000000073e+04 8.491940189424926899e-01
1.115400000000000000e+04 8.474062475588323151e-01
1.115429999999999927e+04 8.456184761751718293e-01
1.115460000000000036e+04 8.438307047915005743e-01
1.115479999999999927e+04 8.426388572023971735e-01
1.115520000000000073e+04 8.408605242311901762e-01
1.115550000000000000e+04 8.399897536736118386e-01
1.115579999999999927e+04 8.391189831160335011e-01
1.115610000000000036e+04 8.382482125584498345e-01
1.115639999999999964e+04 8.375205590709918768e-01
1.115670000000000073e+04 8.375560947575121373e-01
1.115700000000000000e+04 8.375916304440321758e-01
1.115729999999999927e+04 8.376271661305522143e-01
1.115760000000000036e+04 8.376627018170725858e-01
1.115789999999999964e+04 8.382060685893202301e-01
1.115820000000000073e+04 8.390991796088457244e-01
1.115850000000000000e+04 8.399922906283658897e-01
1.115879999999999927e+04 8.408854016478859439e-01
1.115910000000000036e+04 8.417785126674114382e-01
1.115939999999999964e+04 8.434297901528863273e-01
1.115970000000000073e+04 8.451102555333876998e-01
1.116000000000000000e+04 8.467907209138788582e-01
1.116029999999999927e+04 8.484711862943700167e-01
1.116060000000000036e+04 8.503378770535100495e-01
1.116089999999999964e+04 8.527075857568142681e-01
1.116120000000000073e+04 8.550772944601329195e-01
1.116150000000000000e+04 8.574470031634371381e-01
1.116179999999999927e+04 8.598167118667413567e-01
1.116210000000000036e+04 8.624873902584311303e-01
1.116239999999999964e+04 8.654427033143929915e-01
1.116270000000000073e+04 8.683980163703728383e-01
1.116300000000000000e+04 8.713533294263348106e-01
1.116329999999999927e+04 8.743086424822967828e-01
1.116360000000000036e+04 8.775865765429952114e-01
1.116389999999999964e+04 8.810066230928534914e-01
1.116420000000000073e+04 8.844266696427325325e-01
1.116450000000000000e+04 8.878467161925908124e-01
1.116479999999999927e+04 8.912667627424490924e-01
1.116510000000000036e+04 8.949745329863101340e-01
1.116539999999999964e+04 8.987493709316746182e-01
1.116560000000000036e+04 9.012659295619328548e-01
1.116600000000000000e+04 9.062990468224264573e-01
1.116629999999999927e+04 9.100738847677908305e-01
1.116660000000000036e+04 9.140573030585218417e-01
1.116689999999999964e+04 9.180734903609636399e-01
1.116700000000000000e+04 9.194122194617857513e-01
1.116839999999999964e+04 9.384034112755893497e-01
1.117000000000000000e+04 9.606218860090836031e-01
1.117150000000000000e+04 9.814722387220914390e-01
1.117300000000000000e+04 1.001940904622375283e+00
1.117450000000000000e+04 1.021670343385977509e+00
1.117600000000000000e+04 1.040346652954406759e+00
1.117750000000000000e+04 1.057718657109948390e+00
1.117900000000000000e+04 1.073550836292521238e+00
1.118050000000000000e+04 1.087572856726586767e+00
1.118200000000000000e+04 1.099485316908542121e+00
1.118350000000000000e+04 1.109285190325835835e+00
1.118500000000000000e+04 1.116881618634599560e+00
1.118650000000000000e+04 1.122233363446721643e+00
1.118800000000000000e+04 1.125346239255596847e+00
1.118950000000000000e+04 1.126274172755689529e+00
1.119100000000000000e+04 1.125116421417570178e+00
1.119239999999999964e+04 1.121974864042039055e+00
1.119400000000000000e+04 1.116538571349972031e+00
1.119550000000000000e+04 1.109893308337829287e+00
1.119700000000000000e+04 1.102059822770918629e+00
1.119850000000000000e+04 1.093277189563392371e+00
1.120000000000000000e+04 1.083763859565001875e+00

1.110000000000000000e+04 7.302512220079580840e-02
1.110029999999999927e+04 7.526635899092323778e-02
1.110060000000000036e+04 7.763944810614699377e-02
1.110089999999999964e+04 8.015572342409800488e-02
1.110120000000000073e+04 8.282780045080014031e-02
1.110150000000000000e+04 8.566975882973128231e-02
1.110179999999999927e+04 8.869735494192168557e-02
1.110210000000000036e+04 9.192827109495790849e-02
1.110239999999999964e+04 9.538240903663400272e-02
1.110260000000000036e+04 9.782015768649811316e-02
1.110300000000000000e+04 1.030532028008990658e-01
1.110329999999999927e+04 1.073242244817366325e-01
1.110360000000000036e+04 1.119282812349010475e-01
1.110389999999999964e+04 1.169031224215544840e-01
1.110420000000000073e+04 1.222921261563876816e-01
1.110450000000000000e+04 1.281453427072644646e-01
1.110479999999999927e+04 1.345207694220784678e-01
1.110510000000000036e+04 1.414859164898472355e-01
1.110539999999999964e+04 1.491197406008225312e-01
1.110570000000000073e+04 1.575150459927817659e-01
1.110589999999999964e+04 1.635883087882577525e-01
1.110629999999999927e+04 1.770493117249641313e-01
1.110660000000000036e+04 1.884741583558067757e-01
1.110689999999999964e+04 2.012430462389710739e-01
1.110720000000000073e+04 2.155820915396417514e-01
1.110750000000000000e+04 2.317663533420332711e-01
1.110779999999999927e+04 2.501324755624748097e-01
1.110810000000000036e+04 2.710949155997263160e-01
1.110839999999999964e+04 2.951667073148876441e-01
1.110870000000000073e+04 3.229857781458142507e-01
1.110900000000000000e+04 3.553476561525051314e-01
1.110929999999999927e+04 3.932445712263776261e-01
1.110960000000000036e+04 4.379086411879394847e-01
1.110989999999999964e+04 4.908513646440739175e-01
1.111020000000000073e+04 5.538799094214111873e-01
1.111050000000000000e+04 6.290476860508578127e-01
1.111079999999999927e+04 7.184567556798603372e-01
1.111110000000000036e+04 8.237736086235265542e-01
1.111139999999999964e+04 9.452759470625623495e-01
1.111170000000000073e+04 1.080318353991842395e+00
1.111200000000000000e+04 1.221618892651706423e+00
1.111229999999999927e+04 1.357421336849478744e+00
1.111260000000000036e+04 1.476023235600489425e+00
1.111289999999999964e+04 1.570440214737347517e+00
1.111320000000000073e+04 1.638439152022708178e+00
1.111350000000000000e+04 1.680964702460054916e+00
1.111379999999999927e+04 1.700895436109592485e+00
1.111410000000000036e+04 1.702065774093274308e+00
1.111439999999999964e+04 1.688534881877106875e+00
1.111470000000000073e+04 1.664117325273502646e+00
1.111500000000000000e+04 1.632134325917819151e+00
1.111529999999999927e+04 1.595324473198076021e+00
1.111560000000000036e+04 1.555844021731656923e+00
1.111589999999999964e+04 1.515330233921798664e+00
1.111620000000000073e+04 1.474985597818022409e+00
1.111650000000000000e+04 1.435653943448321535e+00
1.111679999999999927e+04 1.397910088478425017e+00
1.111710000000000036e+04 1.362118477717805254e+00
1.111739999999999964e+04 1.328498840499545031e+00
1.111770000000000073e+04 1.297154990906503436e+00
1.111800000000000000e+04 1.269112635479580753e+00
1.111829999999999927e+04 1.241886082917738721e+00
1.111860000000000036e+04 1.217281179481743081e+00
1.111889999999999964e+04 1.194403772089531746e+00
1.111920000000000073e+04 1.173344241575577485e+00
1.111950000000000000e+04 1.154506160681915139e+00
1.111979999999999927e+04 1.136516427391584427e+00
1.112010000000000036e+04 1.121306974313664107e+00
1.112039999999999964e+04 1.106097521235835712e+00
1.112070000000000073e+04 1.093919738712829437e+00
1.112100000000000000e+04 1.081887998745569401e+00
1.112129999999999927e+04 1.071521888652470667e+00
1.112160000000000036e+04 1.062217155304341132e+00
1.112189999999999964e+04 1.053381441955788311e+00
1.112220000000000073e+04 1.046375378719703875e+00
1.112250000000000000e+04 1.039369315483662071e+00
1.112279999999999927e+04 1.033751437891911706e+00
1.112310000000000036e+04 1.028637179193065299e+00
1.112339999999999964e+04 1.023824256411085765e+00
1.112370000000000073e+04 1.020216384928015474e+00
1.112400000000000000e+04 1.016608513444966722e+00
1.112429999999999927e+04 1.013694210790413441e+00
1.112450000000000000e+04 1.012056029818806380e+00
1.112489999999999964e+04 1.008779667875607133e+00
1.112520000000000073e+04 1.007108450533710453e+00
1.112550000000000000e+04 1.005485596748967980e+00
1.112579999999999927e+04 1.003986444877574602e+00
1.112610000000000036e+04 1.002931578682685787e+00
1.112639999999999964e+04 1.001876712487803411e+00
1.112670000000000073e+04 1.000974002930195450e+00
1.112700000000000000e+04 1.000272956068606112e+00
1.112729999999999927e+04 9.995719092070171063e-01
1.112760000000000036e+04 9.989728044428188847e-01
1.112789999999999964e+04 9.984478868095310045e-01
1.112820000000000073e+04 9.979229691762399046e-01
1.112850000000000000e+04 9.974121971873255443e-01
1.112879999999999927e+04 9.969085818616716388e-01
1.112910000000000036e+04 9.964049665360146246e-01
1.112939999999999964e+04 9.958263817199400902e-01
1.112970000000000073e+04 9.952134486727379770e-01
1.113000000000000000e+04 9.946005156255396384e-01
1.113029999999999927e+04 9.938671444269386868e-01
1.113060000000000036e+04 9.930672090177018463e-01
1.113089999999999964e+04 9.922672736084698908e-01
1.113120000000000073e+04 9.913824488779429123e-01
1.113150000000000000e+04 9.904249604617211267e-01
1.113179999999999927e+04 9.894674720454994521e-01
1.113210000000000036e+04 9.885031769168339810e-01
1.113229999999999927e+04 9.878525886434860181e-01
1.113270000000000073e+04 9.865514120967782130e-01
1.113300000000000000e+04 9.855976275485818228e-01
1.113329999999999927e+04 9.847821029264236525e-01
1.113360000000000036e+04 9.839665783042605973e-01
1.113389999999999964e+04 9.831510536821024271e-01
1.113420000000000073e+04 9.825498456170712602e-01
1.113450000000000000e+04 9.819888366494377019e-01
1.113479999999999927e+04 9.814278276818041435e-01
1.113510000000000036e+04 9.809706254824632765e-01
1.113539999999999964e+04 9.806246221677236141e-01
1.113570000000000073e+04 9.802786188529817313e-01
1.113600000000000000e+04 9.799458875960109783e-01
1.113629999999999927e+04 9.798208526729974555e-01
1.113660000000000036e+04 9.796958177499831555e-01
1.113689999999999964e+04 9.795707828269695217e-01
1.113720000000000073e+04 9.794889408881368720e-01
1.113750000000000000e+04 9.794391790886862736e-01
1.113770000000000073e+04 9.794060045557191341e-01
1.113810000000000036e+04 9.793365606809547597e-01
1.113839999999999964e+04 9.791582278899788605e-01
1.113870000000000073e+04 9.789798950990019621e-01
1.113900000000000000e+04 9.788015623080259520e-01
1.113920000000000073e+04 9.786583450990081756e-01
1.113960000000000036e+04 9.780019658815967132e-01
1.113989999999999964e+04 9.775096814685388935e-01
1.114020000000000073e+04 9.770173970554780762e-01
1.114050000000000000e+04 9.761813840185538105e-01
1.114070000000000073e+04 9.755410314616123069e-01
1.114110000000000036e+04 9.742603263477350728e-01
1.114139999999999964e+04 9.732997975123285350e-01
1.114170000000000073e+04 9.717522919339484089e-01
1.114200000000000000e+04 9.702011446913672010e-01
1.114220000000000073e+04 9.691670465296402526e-01
1.114260000000000036e+04 9.669737790037257197e-01
1.114289999999999964e+04 9.647646721520858337e-01
1.114320000000000073e+04 9.625555653004326251e-01
1.114350000000000000e+04 9.603464584487927391e-01
1.114379999999999927e+04 9.579219587637852751e-01
1.114410000000000036e+04 9.550456804975188119e-01
1.114439999999999964e+04 9.521694022312698902e-01
1.114470000000000073e+04 9.492931239650035380e-01
1.114500000000000000e+04 9.461800269937438168e-01
1.114520000000000073e+04 9.438598581213185623e-01
1.114560000000000036e+04 9.392195203764890366e-01
1.114589999999999964e+04 9.357392670678722491e-01
1.114620000000000073e+04 9.320771224167819780e-01
1.114650000000000000e+04 9.281396904464248587e-01
1.114670000000000073e+04 9.255147357995042734e-01
1.114710000000000036e+04 9.202648265056868615e-01
1.114739999999999964e+04 9.162480087451601030e-01
1.114770000000000073e+04 9.120771661481599235e-01
1.114800000000000000e+04 9.079063235511849461e-01
1.114820000000000073e+04 9.051257618198514932e-01
1.114860000000000036e+04 8.995729217621439844e-01
1.114889999999999964e+04 8.954399256599633317e-01
1.114920000000000073e+04 8.913069295577576989e-01
1.114950000000000000e+04 8.871739334555771572e-01
1.114979999999999927e+04 8.830510081926281618e-01
1.115010000000000036e+04 8.792131269568601581e-01
1.115039999999999964e+04 8.753752457211154692e-01
1.115070000000000073e+04 8.715373644853474655e-01
1.115100000000000000e+04 8.676994832496027765e-01
1.115129999999999927e+04 8.642695145436866122e-01
1.115160000000000036e+04 8.609506838164102671e-01
1.115189999999999964e+04 8.576318530891539060e-01
1.115220000000000073e+04 8.543130223618775609e-01
1.115250000000000000e+04 8.513300002625772134e-01
1.115279999999999927e+04 8.487194181402196724e-01
1.115310000000000036e+04 8.461088360178463663e-01
1.115339999999999964e+04 8.434982538954888254e-01
1.115370000000000073e+04 8.409707090847138300e-01
1.115400000000000000e+04 8.391997627967104911e-01
1.115429999999999927e+04 8.374288165087070412e-01
1.115460000000000036e+04 8.356578702206929332e-01
1.115479999999999927e+04 8.344772393620275563e-01
1.115520000000000073e+04 8.327154817778343876e-01
1.115550000000000000e+04 8.318526625234816674e-01
1.115579999999999927e+04 8.309898432691289472e-01
1.115610000000000036e+04 8.301270240147708979e-01
1.115639999999999964e+04 8.294059361464392044e-01
1.115670000000000073e+04 8.294406481231800798e-01
1.115700000000000000e+04 8.294753600999206222e-01
1.115729999999999927e+04 8.295100720766612756e-01
1.115760000000000036e+04 8.295447840534020401e-01
1.115789999999999964e+04 8.300824088911290533e-01
1.115820000000000073e+04 8.309663907852776754e-01
1.115850000000000000e+04 8.318503726794208575e-01
1.115879999999999927e+04 8.327343545735640395e-01
1.115910000000000036e+04 8.336183364677126617e-01
1.115939999999999964e+04 8.352531414309695146e-01
1.115970000000000073e+04 8.369168515831379995e-01
1.116000000000000000e+04 8.385805617352963814e-01
1.116029999999999927e+04 8.402442718874547634e-01
1.116060000000000036e+04 8.420924039477875045e-01
1.116089999999999964e+04 8.444386825538906516e-01
1.116120000000000073e+04 8.467849611600081206e-01
1.116150000000000000e+04 8.491312397661112676e-01
1.116179999999999927e+04 8.514775183722145258e-01
1.116210000000000036e+04 8.541218528844479740e-01
1.116239999999999964e+04 8.570480664232068557e-01
1.116270000000000073e+04 8.599742799619835010e-01
1.116300000000000000e+04 8.629004935007423827e-01
1.116329999999999927e+04 8.658267070395012643e-01
1.116360000000000036e+04 8.690724205066566732e-01
1.116389999999999964e+04 8.724588716488059781e-01
1.116420000000000073e+04 8.758453227909758221e-01
1.116450000000000000e+04 8.792317739331252380e-01
1.116479999999999927e+04 8.826182250752745428e-01
1.116510000000000036e+04 8.862896195820504364e-01
1.116539999999999964e+04 8.900274337022349158e-01
1.116560000000000036e+04 8.925193097823730382e-01
1.116600000000000000e+04 8.975030619426266343e-01
1.116629999999999927e+04 9.012408760628111137e-01
1.116660000000000036e+04 9.051852598224011670e-01
1.116689999999999964e+04 9.091620967017752797e-01
1.116700000000000000e+04 9.104877089949080515e-01
1.116839999999999964e+04 9.292928799262601958e-01
1.117000000000000000e+04 9.512938588083409419e-01
1.117150000000000000e+04 9.719401985964845059e-01
1.117300000000000000e+04 9.922086448632445599e-01
1.117450000000000000e+04 1.011745129688212508e+00
1.117600000000000000e+04 1.030238799475036826e+00
1.117750000000000000e+04 1.047440916889852636e+00
1.117900000000000000e+04 1.063118249489772627e+00
1.118050000000000000e+04 1.077003091607642293e+00
1.118200000000000000e+04 1.088798953315896823e+00
1.118350000000000000e+04 1.098502830134104657e+00
1.118500000000000000e+04 1.106024744728345333e+00
1.118650000000000000e+04 1.111323857063038378e+00
1.118800000000000000e+04 1.114405922273541849e+00
1.118950000000000000e+04 1.115324339760367156e+00
1.119100000000000000e+04 1.114177398852450818e+00
1.119239999999999964e+04 1.111066016649298049e+00
1.119400000000000000e+04 1.105682200855542030e+00
1.119550000000000000e+04 1.099101230918182681e+00
1.119700000000000000e+04 1.091343622506508515e+00
1.119850000000000000e+04 1.082646122343132955e+00
1.120000000000000000e+04 1.073225054324304706e+00

1.110000000000000000e+04 7.280232540883015135e-02
1.110029999999999927e+04 7.502626167755402364e-02
1.110060000000000036e+04 7.738055272331048617e-02
1.110089999999999964e+04 7.987636559620166221e-02
1.110120000000000073e+04 8.252612589080657313e-02
1.110150000000000000e+04 8.534369636761214573e-02
1.110179999999999927e+04 8.834458489578934925e-02
1.110210000000000036e+04 9.154618808960421350e-02
1.110239999999999964e+04 9.496807810038332409e-02
1.110260000000000036e+04 9.738251155079204191e-02
1.110300000000000000e+04 1.025639825719184689e-01
1.110329999999999927e+04 1.067914016094938245e-01
1.110360000000000036e+04 1.113469711306501742e-01
1.110389999999999964e+04 1.162677263362429242e-01
1.110420000000000073e+04 1.215962007421055036e-01
1.110450000000000000e+04 1.273814409919688806e-01
1.110479999999999927e+04 1.336802456188759536e-01
1.110510000000000036e+04 1.405586852829687206e-01
1.110539999999999964e+04 1.480939784026043538e-01
1.110570000000000073e+04 1.563768180074565639e-01
1.110589999999999964e+04 1.623661108637952932e-01
1.110629999999999927e+04 1.756334362809846561e-01
1.110660000000000036e+04 1.868860035722307300e-01
1.110689999999999964e+04 1.994541099165059173e-01
1.110720000000000073e+04 2.135577401847247869e-01
1.110750000000000000e+04 2.294642162350546966e-01
1.110779999999999927e+04 2.475003589549341076e-01
1.110810000000000036e+04 2.680680885994324858e-01
1.110839999999999964e+04 2.916643744061819254e-01
1.110870000000000073e+04 3.189065243018267548e-01
1.110900000000000000e+04 3.505636555902338358e-01
1.110929999999999927e+04 3.875944538762068903e-01
1.110960000000000036e+04 4.311892535468849208e-01
1.110989999999999964e+04 4.828095352041654742e-01
1.111020000000000073e+04 5.442072829510056220e-01
1.111050000000000000e+04 6.173856044517922470e-01
1.111079999999999927e+04 7.044249654426991691e-01
1.111110000000000036e+04 8.070458043157540118e-01
1.111139999999999964e+04 9.257311077665680843e-01
1.111170000000000073e+04 1.058279179193666764e+00
1.111200000000000000e+04 1.198075392731147604e+00
1.111229999999999927e+04 1.333846450780124870e+00
1.111260000000000036e+04 1.453663886928109328e+00
1.111289999999999964e+04 1.549984185375530954e+00
1.111320000000000073e+04 1.620161998570184281e+00
1.111350000000000000e+04 1.664884941786144656e+00
1.111379999999999927e+04 1.686880630475869225e+00
1.111410000000000036e+04 1.689910727965232562e+00
1.111439999999999964e+04 1.678012539093668209e+00
1.111470000000000073e+04 1.655006783137769277e+00
1.111500000000000000e+04 1.624233835593549280e+00
1.111529999999999927e+04 1.588456001142680263e+00
1.111560000000000036e+04 1.549853541889300024e+00
1.111589999999999964e+04 1.510086099166178641e+00
1.111620000000000073e+04 1.470376132526472812e+00
1.111650000000000000e+04 1.431584845412256168e+00
1.111679999999999927e+04 1.394301915358686861e+00
1.111710000000000036e+04 1.358904280547520882e+00
1.111739999999999964e+04 1.325621990619147761e+00
1.111770000000000073e+04 1.294567111326459630e+00
1.111800000000000000e+04 1.266758162237054286e+00
1.111829999999999927e+04 1.239752494319861231e+00
1.111860000000000036e+04 1.215335076330124497e+00
1.111889999999999964e+04 1.192623146487496122e+00
1.111920000000000073e+04 1.171710394664937427e+00
1.111950000000000000e+04 1.152996242416048700e+00
1.111979999999999927e+04 1.135123208908266790e+00
1.112010000000000036e+04 1.120006764542719857e+00
1.112039999999999964e+04 1.104890320177264407e+00
1.112070000000000073e+04 1.092783558026062529e+00
1.112100000000000000e+04 1.080821779201579513e+00
1.112129999999999927e+04 1.070515097925784254e+00
1.112160000000000036e+04 1.061263081960742261e+00
1.112189999999999964e+04 1.052477430424005655e+00
1.112220000000000073e+04 1.045511069598689335e+00
1.112250000000000000e+04 1.038544708773415204e+00
1.112279999999999927e+04 1.032959338432881458e+00
1.112310000000000036e+04 1.027874976658382344e+00
1.112339999999999964e+04 1.023090495952916346e+00
1.112370000000000073e+04 1.019505248566578759e+00
1.112400000000000000e+04 1.015920001180262933e+00
1.112429999999999927e+04 1.013025138548466542e+00
1.112450000000000000e+04 1.011398518816036818e+00
1.112489999999999964e+04 1.008145279351192247e+00
1.112520000000000073e+04 1.006487880553004644e+00
1.112550000000000000e+04 1.004878628532940077e+00
1.112579999999999927e+04 1.003392508499961533e+00
1.112610000000000036e+04 1.002348627206067322e+00
1.112639999999999964e+04 1.001304745912179328e+00
1.112670000000000073e+04 1.000412209086991133e+00
1.112700000000000000e+04 9.997202585400771779e-01
1.112729999999999927e+04 9.990283079931632226e-01
1.112760000000000036e+04 9.984375309001982668e-01
1.112789999999999964e+04 9.979203815671563449e-01
1.112820000000000073e+04 9.974032322341113144e-01
1.112850000000000000e+04 9.968997095848903811e-01
1.112879999999999927e+04 9.964030810427804141e-01
1.112910000000000036e+04 9.959064525006674495e-01
1.112939999999999964e+04 9.953347286280866957e-01
1.112970000000000073e+04 9.947285988691496605e-01
1.113000000000000000e+04 9.941224691102162891e-01
1.113029999999999927e+04 9.933961301368794405e-01
1.113060000000000036e+04 9.926033534826688154e-01
1.113089999999999964e+04 9.918105768284629642e-01
1.113120000000000073e+04 9.909330749896746449e-01
1.113150000000000000e+04 9.899830499631756542e-01
1.113179999999999927e+04 9.890330249366765525e-01
1.113210000000000036e+04 9.880760428279383722e-01
1.113229999999999927e+04 9.874301592483767376e-01
1.113270000000000073e+04 9.861383920892416999e-01
1.113300000000000000e+04 9.851914712238777350e-01
1.113329999999999927e+04 9.843816005004637493e-01
1.113360000000000036e+04 9.835717297770448786e-01
1.113389999999999964e+04 9.827618590536310039e-01
1.113420000000000073e+04 9.821647495654766136e-01
1.113450000000000000e+04 9.816075474448785476e-01
1.113479999999999927e+04 9.810503453242804817e-01
1.113510000000000036e+04 9.805965142539341262e-01
1.113539999999999964e+04 9.802534153225138658e-01
1.113570000000000073e+04 9.799103163910913850e-01
1.113600000000000000e+04 9.795803852170704706e-01
1.113629999999999927e+04 9.794565181655782160e-01
1.113660000000000036e+04 9.793326511140850732e-01
1.113689999999999964e+04 9.792087840625927075e-01
1.113720000000000073e+04 9.791275783791862919e-01
1.113750000000000000e+04 9.790780579951494644e-01
1.113770000000000073e+04 9.790450444057913204e-01
1.113810000000000036e+04 9.789759190735951577e-01
1.113839999999999964e+04 9.787976887476199650e-01
1.113870000000000073e+04 9.786194584216437731e-01
1.113900000000000000e+04 9.784412280956685803e-01
1.113920000000000073e+04 9.782981060911358773e-01
1.113960000000000036e+04 9.776423262433958650e-01
1.113989999999999964e+04 9.771504913575916884e-01
1.114020000000000073e+04 9.766586564717845143e-01
1.114050000000000000e+04 9.758235856638014516e-01
1.114070000000000073e+04 9.751839802470448904e-01
1.114110000000000036e+04 9.739047694135374300e-01
1.114139999999999964e+04 9.729453612884082503e-01
1.114170000000000073e+04 9.713999809219927561e-01
1.114200000000000000e+04 9.698509651234082929e-01
1.114220000000000073e+04 9.688182879243456558e-01
1.114260000000000036e+04 9.666280839461894869e-01
1.114289999999999964e+04 9.644222744232914257e-01
1.114320000000000073e+04 9.622164649003800418e-01
1.114350000000000000e+04 9.600106553774819806e-01
1.114379999999999927e+04 9.575898625861359870e-01
1.114410000000000036e+04 9.547181502609536352e-01
1.114439999999999964e+04 9.518464379357887140e-01
1.114470000000000073e+04 9.489747256106062512e-01
1.114500000000000000e+04 9.458666766297810780e-01
1.114520000000000073e+04 9.435503713205023457e-01
1.114560000000000036e+04 9.389177607019658645e-01
1.114589999999999964e+04 9.354433027380688603e-01
1.114620000000000073e+04 9.317873392085400663e-01
1.114650000000000000e+04 9.278566722219072638e-01
1.114670000000000073e+04 9.252362275641362599e-01
1.114710000000000036e+04 9.199953382486180109e-01
1.114739999999999964e+04 9.159854531525941645e-01
1.114770000000000073e+04 9.118218685554551062e-01
1.114800000000000000e+04 9.076582839583412499e-01
1.114820000000000073e+04 9.048825608935817666e-01
1.114860000000000036e+04 8.993393620058925952e-01
1.114889999999999964e+04 8.952134586759021850e-01
1.114920000000000073e+04 8.910875553458866838e-01
1.114950000000000000e+04 8.869616520158961626e-01
1.114979999999999927e+04 8.828457986762922038e-01
1.115010000000000036e+04 8.790143992602386103e-01
1.115039999999999964e+04 8.751829998442084424e-01
1.115070000000000073e+04 8.713516004281548488e-01
1.115100000000000000e+04 8.675202010121245699e-01
1.115129999999999927e+04 8.640960002484736613e-01
1.115160000000000036e+04 8.607827429636839556e-01
1.115189999999999964e+04 8.574694856789143449e-01
1.115220000000000073e+04 8.541562283941247502e-01
1.115250000000000000e+04 8.511782047785020344e-01
1.115279999999999927e+04 8.485719834622054147e-01
1.115310000000000036e+04 8.459657621458930299e-01
1.115339999999999964e+04 8.433595408295965212e-01
1.115370000000000073e+04 8.408362235915641802e-01
1.115400000000000000e+04 8.390682909144124846e-01
1.115429999999999927e+04 8.373003582372607889e-01
1.115460000000000036e+04 8.355324255600983241e-01
1.115479999999999927e+04 8.343538037753341907e-01
1.115520000000000073e+04 8.325951262661486219e-01
1.115550000000000000e+04 8.317338996328372813e-01
1.115579999999999927e+04 8.308726729995259408e-01
1.115610000000000036e+04 8.300114463662094932e-01
1.115639999999999964e+04 8.292917654611763334e-01
1.115670000000000073e+04 8.293268943587331909e-01
1.115700000000000000e+04 8.293620232562898265e-01
1.115729999999999927e+04 8.293971521538464620e-01
1.115760000000000036e+04 8.294322810514033195e-01
1.115789999999999964e+04 8.299697410649813367e-01
1.115820000000000073e+04 8.308531574861026670e-01
1.115850000000000000e+04 8.317365739072185571e-01
1.115879999999999927e+04 8.326199903283345582e-01
1.115910000000000036e+04 8.335034067494558885e-01
1.115939999999999964e+04 8.351368149648656924e-01
1.115970000000000073e+04 8.367990963667664150e-01
1.116000000000000000e+04 8.384613777686569236e-01
1.116029999999999927e+04 8.401236591705475432e-01
1.116060000000000036e+04 8.419701913831428852e-01
1.116089999999999964e+04 8.443144079859311590e-01
1.116120000000000073e+04 8.466586245887336437e-01
1.116150000000000000e+04 8.490028411915218065e-01
1.116179999999999927e+04 8.513470577943100803e-01
1.116210000000000036e+04 8.539890555140571271e-01
1.116239999999999964e+04 8.569126723852438232e-01
1.116270000000000073e+04 8.598362892564482829e-01
1.116300000000000000e+04 8.627599061276349790e-01
1.116329999999999927e+04 8.656835229988216751e-01
1.116360000000000036e+04 8.689264345921815513e-01
1.116389999999999964e+04 8.723099934685064616e-01
1.116420000000000073e+04 8.756935523448519110e-01
1.116450000000000000e+04 8.790771112211768212e-01
1.116479999999999927e+04 8.824606700975017315e-01
1.116510000000000036e+04 8.861289864667407645e-01
1.116539999999999964e+04 8.898636791231387955e-01
1.116560000000000036e+04 8.923534742274192855e-01
1.116600000000000000e+04 8.973330644359575059e-01
1.116629999999999927e+04 9.010677570923556479e-01
1.116660000000000036e+04 9.050089432021706237e-01
1.116689999999999964e+04 9.089825704625713598e-01
1.116700000000000000e+04 9.103071128827129321e-01
1.116839999999999964e+04 9.290973392593578906e-01
1.117000000000000000e+04 9.510814490721757331e-01
1.117150000000000000e+04 9.717124468398435910e-01
1.117300000000000000e+04 9.919662411162413207e-01
1.117450000000000000e+04 1.011489000644680392e+00
1.117600000000000000e+04 1.029970111088322371e+00
1.117750000000000000e+04 1.047160809031002282e+00
1.117900000000000000e+04 1.062828082000502050e+00
1.118050000000000000e+04 1.076704315680299118e+00
1.118200000000000000e+04 1.088493270876278229e+00
1.118350000000000000e+04 1.098191962929987664e+00
1.118500000000000000e+04 1.105710521926436263e+00
1.118650000000000000e+04 1.111008147984834826e+00
1.118800000000000000e+04 1.114090613919570316e+00
1.118950000000000000e+04 1.115011270724209913e+00
1.119100000000000000e+04 1.113868274749898468e+00
1.119239999999999964e+04 1.110762334094150594e+00
1.119400000000000000e+04 1.105386054131805906e+00
1.119550000000000000e+04 1.098813224925481169e+00
1.119700000000000000e+04 1.091064455017607404e+00
1.119850000000000000e+04 1.082376191803813059e+00
1.120000000000000000e+04 1.072964482464201286e+00

1.110000000000000000e+04 7.232492876188859054e-02
1.110029999999999927e+04 7.452792749429938690e-02
1.110060000000000036e+04 7.685975732916669467e-02
1.110089999999999964e+04 7.933141352902732535e-02
1.110120000000000073e+04 8.195514444832442680e-02
1.110150000000000000e+04 8.474461180588042930e-02
1.110179999999999927e+04 8.771509484648962185e-02
1.110210000000000036e+04 9.088372941568205465e-02
1.110239999999999964e+04 9.426978926893277155e-02
1.110260000000000036e+04 9.665857907960576090e-02
1.110300000000000000e+04 1.017840263005484747e-01
1.110329999999999927e+04 1.059647567686847619e-01
1.110360000000000036e+04 1.104690522638533262e-01
1.110389999999999964e+04 1.153333301359018848e-01
1.110420000000000073e+04 1.205994006545176161e-01
1.110450000000000000e+04 1.263154601179461989e-01
1.110479999999999927e+04 1.325373027629410116e-01
1.110510000000000036e+04 1.393298075406920467e-01
1.110539999999999964e+04 1.467687718663674978e-01
1.110570000000000073e+04 1.549431858877591273e-01
1.110589999999999964e+04 1.608524784465008017e-01
1.110629999999999927e+04 1.739380263008470928e-01
1.110660000000000036e+04 1.850317363278949634e-01
1.110689999999999964e+04 1.974176369645230800e-01
1.110720000000000073e+04 2.113111721527207165e-01
1.110750000000000000e+04 2.269740610919431245e-01
1.110779999999999927e+04 2.447261900078932517e-01
1.110810000000000036e+04 2.649608817968240881e-01
1.110839999999999964e+04 2.881644563258117797e-01
1.110870000000000073e+04 3.149410954609986879e-01
1.110900000000000000e+04 3.460439267987860945e-01
1.110929999999999927e+04 3.824126127818512910e-01
1.110960000000000036e+04 4.252158756173091136e-01
1.110989999999999964e+04 4.758928733951757195e-01
1.111020000000000073e+04 5.361774526750175962e-01
1.111050000000000000e+04 6.080694710141958392e-01
1.111079999999999927e+04 6.936817493319081818e-01
1.111110000000000036e+04 7.948378327812046784e-01
1.111139999999999964e+04 9.122433920196517665e-01
1.111170000000000073e+04 1.044080389579446377e+00
1.111200000000000000e+04 1.184227777602952170e+00
1.111229999999999927e+04 1.321685718795439390e+00
1.111260000000000036e+04 1.444180107688005643e+00
1.111289999999999964e+04 1.543538452023028862e+00
1.111320000000000073e+04 1.616667965120312411e+00
1.111350000000000000e+04 1.663998956641387306e+00
1.111379999999999927e+04 1.688132192767849205e+00
1.111410000000000036e+04 1.692798557992398756e+00
1.111439999999999964e+04 1.682067318183324334e+00
1.111470000000000073e+04 1.659824220668629779e+00
1.111500000000000000e+04 1.629486125533702534e+00
1.111529999999999927e+04 1.593890535553404542e+00
1.111560000000000036e+04 1.555283428259069289e+00
1.111589999999999964e+04 1.515380740604530985e+00
1.111620000000000073e+04 1.475447012434685456e+00
1.111650000000000000e+04 1.436378067597274821e+00
1.111679999999999927e+04 1.398786364011872729e+00
1.111710000000000036e+04 1.363067444902725134e+00
1.111739999999999964e+04 1.329461801899943119e+00
1.111770000000000073e+04 1.298092327994335271e+00
1.111800000000000000e+04 1.269888091653352813e+00
1.111829999999999927e+04 1.242828324958282549e+00
1.111860000000000036e+04 1.217911509220282795e+00
1.111889999999999964e+04 1.195162468289329594e+00
1.111920000000000073e+04 1.173794612621173794e+00
1.111950000000000000e+04 1.155056344959262127e+00
1.111979999999999927e+04 1.136780220911087325e+00
1.112010000000000036e+04 1.121649146796362961e+00
1.112039999999999964e+04 1.106518072681730525e+00
1.112070000000000073e+04 1.094069078049523691e+00
1.112100000000000000e+04 1.082099469430792160e+00
1.112129999999999927e+04 1.071501025818657471e+00
1.112160000000000036e+04 1.062245978224296783e+00
1.112189999999999964e+04 1.053216089757246898e+00
1.112220000000000073e+04 1.046250082410812077e+00
1.112250000000000000e+04 1.039284075064419666e+00
1.112279999999999927e+04 1.033501612682982573e+00
1.112310000000000036e+04 1.028419890761665734e+00
1.112339999999999964e+04 1.023479757812446156e+00
1.112370000000000073e+04 1.019898505780537867e+00
1.112400000000000000e+04 1.016317253748651117e+00
1.112429999999999927e+04 1.013305649155731958e+00
1.112450000000000000e+04 1.011682088579504590e+00
1.112489999999999964e+04 1.008434967427064954e+00
1.112520000000000073e+04 1.006694376484553954e+00
1.112550000000000000e+04 1.005089715088249180e+00
1.112579999999999927e+04 1.003548397016517102e+00
1.112610000000000036e+04 1.002508725495763864e+00
1.112639999999999964e+04 1.001469053975017065e+00
1.112670000000000073e+04 1.000543364782259692e+00
1.112700000000000000e+04 9.998550949671198840e-01
1.112729999999999927e+04 9.991668251519799648e-01
1.112760000000000036e+04 9.985609580703787014e-01
1.112789999999999964e+04 9.980468585988527819e-01
1.112820000000000073e+04 9.975327591273236427e-01
1.112850000000000000e+04 9.970296652098074031e-01
1.112879999999999927e+04 9.965352759866968890e-01
1.112910000000000036e+04 9.960408867635834884e-01
1.112939999999999964e+04 9.954823277110049773e-01
1.112970000000000073e+04 9.948773234992140946e-01
1.113000000000000000e+04 9.942723192874267646e-01
1.113029999999999927e+04 9.935660654218096965e-01
1.113060000000000036e+04 9.927729943143714930e-01
1.113089999999999964e+04 9.919799232069381745e-01
1.113120000000000073e+04 9.911182262331137416e-01
1.113150000000000000e+04 9.901667107455096595e-01
1.113179999999999927e+04 9.892151952579054663e-01
1.113210000000000036e+04 9.882586133789010852e-01
1.113229999999999927e+04 9.876114939544865523e-01
1.113270000000000073e+04 9.863172551056456072e-01
1.113300000000000000e+04 9.853517060339425093e-01
1.113329999999999927e+04 9.845407039426024021e-01
1.113360000000000036e+04 9.837297018512572988e-01
1.113389999999999964e+04 9.829186997599171915e-01
1.113420000000000073e+04 9.822946775000473973e-01
1.113450000000000000e+04 9.817375927338316544e-01
1.113479999999999927e+04 9.811805079676158003e-01
1.113510000000000036e+04 9.807043167357134550e-01
1.113539999999999964e+04 9.803617275783785834e-01
1.113570000000000073e+04 9.800191384210416023e-01
1.113600000000000000e+04 9.796765492637067307e-01
1.113629999999999927e+04 9.795444266706860859e-01
1.113660000000000036e+04 9.794223628048939201e-01
1.113689999999999964e+04 9.793002989391025315e-01
1.113720000000000073e+04 9.792133043329407371e-01
1.113750000000000000e+04 9.791661521989674100e-01
1.113770000000000073e+04 9.791347174429850808e-01
1.113810000000000036e+04 9.790718479310205336e-01
1.113839999999999964e+04 9.789063605748529184e-01
1.113870000000000073e+04 9.787303584244172461e-01
1.113900000000000000e+04 9.785543562739825729e-01
1.113920000000000073e+04 9.784370215070254950e-01
1.113960000000000036e+04 9.777923278494823345e-01
1.113989999999999964e+04 9.773021669391726007e-01
1.114020000000000073e+04 9.768120060288598694e-01
1.114050000000000000e+04 9.760275063714654031e-01
1.114070000000000073e+04 9.753884716753912221e-01
1.114110000000000036e+04 9.741104022832487441e-01
1.114139999999999964e+04 9.731518502391434122e-01
1.114170000000000073e+04 9.716686494828982168e-01
1.114200000000000000e+04 9.701193822019766877e-01
1.114220000000000073e+04 9.690865373480227474e-01
1.114260000000000036e+04 9.669653016885637609e-01
1.114289999999999964e+04 9.647580142562620642e-01
1.114320000000000073e+04 9.625507268239469338e-01
1.114350000000000000e+04 9.603434393916452372e-01
1.114379999999999927e+04 9.579912547702732484e-01
1.114410000000000036e+04 9.551167582499995312e-01
1.114439999999999964e+04 9.522422617297431335e-01
1.114470000000000073e+04 9.493677652094694164e-01
1.114500000000000000e+04 9.463202668689895125e-01
1.114520000000000073e+04 9.440012657677803176e-01
1.114560000000000036e+04 9.393632635653831331e-01
1.114589999999999964e+04 9.358847619135906015e-01
1.114620000000000073e+04 9.322726701470677169e-01
1.114650000000000000e+04 9.283369506086602829e-01
1.114670000000000073e+04 9.257131375830394138e-01
1.114710000000000036e+04 9.204655115318216563e-01
1.114739999999999964e+04 9.164750571439265192e-01
1.114770000000000073e+04 9.123058634328450323e-01
1.114800000000000000e+04 9.081366697217887474e-01
1.114820000000000073e+04 9.053572072477343857e-01
1.114860000000000036e+04 8.998025551836287272e-01
1.114889999999999964e+04 8.956711102135919145e-01
1.114920000000000073e+04 8.915396652435301217e-01
1.114950000000000000e+04 8.874082202734933089e-01
1.114979999999999927e+04 8.832767753034564961e-01
1.115010000000000036e+04 8.794192078252491829e-01
1.115039999999999964e+04 8.755827466050958297e-01
1.115070000000000073e+04 8.717462853849190507e-01
1.115100000000000000e+04 8.679098241647655865e-01
1.115129999999999927e+04 8.644263154985097897e-01
1.115160000000000036e+04 8.611087446370262466e-01
1.115189999999999964e+04 8.577911737755627986e-01
1.115220000000000073e+04 8.544736029140793665e-01
1.115250000000000000e+04 8.514169280412451357e-01
1.115279999999999927e+04 8.488074213662609724e-01
1.115310000000000036e+04 8.461979146912609329e-01
1.115339999999999964e+04 8.435884080162767695e-01
1.115370000000000073e+04 8.409789013412767300e-01
1.115400000000000000e+04 8.392031402015437402e-01
1.115429999999999927e+04 8.374330695246522405e-01
1.115460000000000036e+04 8.356629988477499715e-01
1.115479999999999927e+04 8.344829517298258947e-01
1.115520000000000073e+04 8.326262807375093278e-01
1.115550000000000000e+04 8.317641316706001486e-01
1.115579999999999927e+04 8.309019826036908585e-01
1.115610000000000036e+04 8.300398335367764613e-01
1.115639999999999964e+04 8.292245582291127848e-01
1.115670000000000073e+04 8.292597420771526950e-01
1.115700000000000000e+04 8.292949259251923833e-01
1.115729999999999927e+04 8.293301097732320715e-01
1.115760000000000036e+04 8.293652936212719817e-01
1.115789999999999964e+04 8.298135529019980972e-01
1.115820000000000073e+04 8.306978212381619375e-01
1.115850000000000000e+04 8.315820895743204488e-01
1.115879999999999927e+04 8.324663579104789601e-01
1.115910000000000036e+04 8.333506262466428005e-01
1.115939999999999964e+04 8.349031740082165642e-01
1.115970000000000073e+04 8.365670011176238319e-01
1.116000000000000000e+04 8.382308282270211075e-01
1.116029999999999927e+04 8.398946553364183831e-01
1.116060000000000036e+04 8.416707488694489259e-01
1.116089999999999964e+04 8.440169951103442258e-01
1.116120000000000073e+04 8.463632413512537367e-01
1.116150000000000000e+04 8.487094875921490367e-01
1.116179999999999927e+04 8.510557338330443367e-01
1.116210000000000036e+04 8.536386984119175292e-01
1.116239999999999964e+04 8.565647509425728945e-01
1.116270000000000073e+04 8.594908034732460234e-01
1.116300000000000000e+04 8.624168560039014997e-01
1.116329999999999927e+04 8.653429085345568650e-01
1.116360000000000036e+04 8.685397629997224644e-01
1.116389999999999964e+04 8.719259477025523841e-01
1.116420000000000073e+04 8.753121324054029539e-01
1.116450000000000000e+04 8.786983171082328736e-01
1.116479999999999927e+04 8.820845018110629043e-01
1.116510000000000036e+04 8.857184398352253574e-01
1.116539999999999964e+04 8.894559031474673638e-01
1.116560000000000036e+04 8.919475453556438005e-01
1.116600000000000000e+04 8.969308297719740253e-01
1.116629999999999927e+04 9.006682930842160317e-01
1.116660000000000036e+04 9.045870193430419759e-01
1.116689999999999964e+04 9.085634424147666088e-01
1.116700000000000000e+04 9.098889167720162208e-01
1.116839999999999964e+04 9.286780255831575959e-01
1.117000000000000000e+04 9.506724284445048356e-01
1.117150000000000000e+04 9.713214971512372786e-01
1.117300000000000000e+04 9.916012157108735625e-01
1.117450000000000000e+04 1.011157233885566331e+00
1.117600000000000000e+04 1.029677114911510927e+00
1.117750000000000000e+04 1.046912149556761484e+00
1.117900000000000000e+04 1.062628196876727493e+00
1.118050000000000000e+04 1.076511385425307443e+00
1.118200000000000000e+04 1.088351699034103781e+00
1.118350000000000000e+04 1.098104752692519170e+00
1.118500000000000000e+04 1.105679489569642460e+00
1.118650000000000000e+04 1.111033566770077696e+00
1.118800000000000000e+04 1.114171118119711590e+00
1.118950000000000000e+04 1.115143407569878953e+00
1.119100000000000000e+04 1.114047090448800459e+00
1.119239999999999964e+04 1.110936637601739996e+00
1.119400000000000000e+04 1.105597928226528470e+00
1.119550000000000000e+04 1.099055159056682163e+00
1.119700000000000000e+04 1.091327584569976361e+00
1.119850000000000000e+04 1.082651737802430736e+00
1.120000000000000000e+04 1.073232599190162784e+00

1.110000000000000000e+04 6.582649652874632273e-02
1.110029999999999927e+04 6.784020721012282151e-02
1.110060000000000036e+04 6.997379240395203148e-02
1.110089999999999964e+04 7.223771966158691604e-02
1.110120000000000073e+04 7.464366383938038363e-02
1.110150000000000000e+04 7.720468213641260014e-02
1.110179999999999927e+04 7.993541911907503517e-02
1.110210000000000036e+04 8.285234818279368918e-02
1.110239999999999964e+04 8.597405723383254317e-02
1.110260000000000036e+04 8.817924161129793437e-02
1.110300000000000000e+04 9.291884215427254068e-02
1.110329999999999927e+04 9.679306550572652768e-02
1.110360000000000036e+04 1.009754353755610568e-01
1.110389999999999964e+04 1.055017689350846305e-01
1.110420000000000073e+04 1.104133868919665307e-01
1.110450000000000000e+04 1.157581706841817326e-01
1.110479999999999927e+04 1.215918642373774727e-01
1.110510000000000036e+04 1.279796865617069401e-01
1.110539999999999964e+04 1.349983419947644592e-01
1.110570000000000073e+04 1.427385424766801358e-01
1.110589999999999964e+04 1.483519982542602367e-01
1.110629999999999927e+04 1.608364470401058011e-01
1.110660000000000036e+04 1.714788915663943980e-01
1.110689999999999964e+04 1.834242490172638962e-01
1.110720000000000073e+04 1.969030725108402158e-01
1.110750000000000000e+04 2.121991194959406135e-01
1.110779999999999927e+04 2.296643096099027503e-01
1.110810000000000036e+04 2.497384862277166329e-01
1.110839999999999964e+04 2.729755823068322207e-01
1.110870000000000073e+04 3.000782076883421468e-01
1.110900000000000000e+04 3.319429820569052003e-01
1.110929999999999927e+04 3.697187323408379633e-01
1.110960000000000036e+04 4.148779363715978108e-01
1.110989999999999964e+04 4.692961379388945198e-01
1.111020000000000073e+04 5.353192645877704603e-01
1.111050000000000000e+04 6.157645856936824202e-01
1.111079999999999927e+04 7.137310034766797262e-01
1.111110000000000036e+04 8.319738227853945567e-01
1.111139999999999964e+04 9.714477460370595230e-01
1.111170000000000073e+04 1.128549157085229959e+00
1.111200000000000000e+04 1.291238181616473746e+00
1.111229999999999927e+04 1.439718392874741459e+00
1.111260000000000036e+04 1.559241174957926246e+00
1.111289999999999964e+04 1.645581998528313772e+00
1.111320000000000073e+04 1.699937304734088439e+00
1.111350000000000000e+04 1.726212487978562082e+00
1.111379999999999927e+04 1.729616120673038715e+00
1.111410000000000036e+04 1.715561188279013161e+00
1.111439999999999964e+04 1.688981987495074888e+00
1.111470000000000073e+04 1.654023777038239551e+00
1.111500000000000000e+04 1.613977178278819258e+00
1.111529999999999927e+04 1.571342883345659303e+00
1.111560000000000036e+04 1.527946924344713908e+00
1.111589999999999964e+04 1.485079755560996029e+00
1.111620000000000073e+04 1.443608885694775745e+00
1.111650000000000000e+04 1.404096672845444704e+00
1.111679999999999927e+04 1.366878001710702728e+00
1.111710000000000036e+04 1.332140537754330500e+00
1.111739999999999964e+04 1.299973355180767287e+00
1.111770000000000073e+04 1.271471960726985317e+00
1.111800000000000000e+04 1.243481703792848281e+00
1.111829999999999927e+04 1.218886629247383446e+00
1.111860000000000036e+04 1.195535372540611263e+00
1.111889999999999964e+04 1.174661348034413688e+00
1.111920000000000073e+04 1.155587625860657219e+00
1.111950000000000000e+04 1.137893824491645445e+00
1.111979999999999927e+04 1.122622851009842604e+00
1.112010000000000036e+04 1.107626296487333795e+00
1.112039999999999964e+04 1.095656673665400760e+00
1.112070000000000073e+04 1.083687050843395117e+00
1.112100000000000000e+04 1.073797646913239534e+00
1.112129999999999927e+04 1.064639616377119680e+00
1.112160000000000036e+04 1.056266594894315292e+00
1.112189999999999964e+04 1.049465090229837250e+00
1.112220000000000073e+04 1.042663585565318130e+00
1.112250000000000000e+04 1.037525266492949960e+00
1.112279999999999927e+04 1.032651264353462439e+00
1.112310000000000036e+04 1.028277963638738912e+00
1.112339999999999964e+04 1.024925293406080629e+00
1.112370000000000073e+04 1.021572623173402139e+00
1.112400000000000000e+04 1.019059892676554613e+00
1.112429999999999927e+04 1.016854884231061407e+00
1.112450000000000000e+04 1.015384878600723573e+00
1.112489999999999964e+04 1.013320140862048468e+00
1.112520000000000073e+04 1.011932289122612350e+00
1.112550000000000000e+04 1.010732370914914746e+00
1.112579999999999927e+04 1.009886315099529419e+00
1.112610000000000036e+04 1.009040259284138985e+00
1.112639999999999964e+04 1.008376367085214831e+00
1.112670000000000073e+04 1.007856114193137698e+00
1.112700000000000000e+04 1.007335861301063895e+00
1.112729999999999927e+04 1.006919607570994524e+00
1.112760000000000036e+04 1.006546272482683246e+00
1.112789999999999964e+04 1.006172937394374411e+00
1.112820000000000073e+04 1.005789921149006227e+00
1.112850000000000000e+04 1.005404379707465878e+00
1.112879999999999927e+04 1.005018838265925307e+00
1.112910000000000036e+04 1.004509745351852557e+00
1.112939999999999964e+04 1.003972583962573939e+00
1.112970000000000073e+04 1.003435422573292213e+00
1.113000000000000000e+04 1.002713294582558312e+00
1.113029999999999927e+04 1.001936888649088475e+00
1.113060000000000036e+04 1.001160482715614197e+00
1.113089999999999964e+04 1.000249286265161741e+00
1.113120000000000073e+04 9.992710618977010961e-01
1.113150000000000000e+04 9.982928375302462243e-01
1.113179999999999927e+04 9.972973822774137131e-01
1.113210000000000036e+04 9.962846362398769529e-01
1.113229999999999927e+04 9.956094722148586262e-01
1.113270000000000073e+04 9.943074238434466139e-01
1.113300000000000000e+04 9.934755784168551873e-01
1.113329999999999927e+04 9.926437329902636497e-01
1.113360000000000036e+04 9.918118875636671161e-01
1.113389999999999964e+04 9.912660827409782716e-01
1.113420000000000073e+04 9.907287789478342876e-01
1.113450000000000000e+04 9.901914751546935234e-01
1.113479999999999927e+04 9.897895983896245475e-01
1.113510000000000036e+04 9.894736199709700530e-01
1.113539999999999964e+04 9.891576415523175569e-01
1.113570000000000073e+04 9.888914743494022774e-01
1.113600000000000000e+04 9.888388456134621363e-01
1.113629999999999927e+04 9.887862168775219951e-01
1.113660000000000036e+04 9.887335881415815209e-01
1.113689999999999964e+04 9.887446585385263331e-01
1.113720000000000073e+04 9.887826533256521833e-01
1.113750000000000000e+04 9.888206481127778114e-01
1.113770000000000073e+04 9.888459779708617114e-01
1.113810000000000036e+04 9.887397744530677102e-01
1.113839999999999964e+04 9.886417393202294734e-01
1.113870000000000073e+04 9.885437041873906816e-01
1.113900000000000000e+04 9.882649189257153299e-01
1.113920000000000073e+04 9.879763753313863806e-01
1.113960000000000036e+04 9.873992881427309243e-01
1.113989999999999964e+04 9.869664727512400537e-01
1.114020000000000073e+04 9.861042618800668347e-01
1.114050000000000000e+04 9.851739779662570529e-01
1.114070000000000073e+04 9.845537886903801272e-01
1.114110000000000036e+04 9.832360143027839561e-01
1.114139999999999964e+04 9.816760647693359987e-01
1.114170000000000073e+04 9.801161152358786044e-01
1.114200000000000000e+04 9.785561657024307580e-01
1.114220000000000073e+04 9.775161993467925692e-01
1.114260000000000036e+04 9.745120658742788544e-01
1.114289999999999964e+04 9.722515243119507211e-01
1.114320000000000073e+04 9.699909827496089321e-01
1.114350000000000000e+04 9.674085147516146010e-01
1.114379999999999927e+04 9.644356306308506932e-01
1.114410000000000036e+04 9.614627465100687997e-01
1.114439999999999964e+04 9.584898623893048919e-01
1.114470000000000073e+04 9.551795996279600631e-01
1.114500000000000000e+04 9.515593815853727877e-01
1.114520000000000073e+04 9.491459028902999862e-01
1.114560000000000036e+04 9.443189455001763655e-01
1.114589999999999964e+04 9.404395637235147820e-01
1.114620000000000073e+04 9.363275158145268895e-01
1.114650000000000000e+04 9.322154679055639770e-01
1.114670000000000073e+04 9.294741026329053080e-01
1.114710000000000036e+04 9.238728071639987771e-01
1.114739999999999964e+04 9.195080599852556436e-01
1.114770000000000073e+04 9.151433128064859757e-01
1.114800000000000000e+04 9.107785656277428421e-01
1.114820000000000073e+04 9.078693205659027488e-01
1.114860000000000036e+04 9.021031478720955565e-01
1.114889999999999964e+04 8.977785183517467127e-01
1.114920000000000073e+04 8.934538888313716676e-01
1.114950000000000000e+04 8.891801041356720559e-01
1.114979999999999927e+04 8.851670108584139829e-01
1.115010000000000036e+04 8.811539175811315960e-01
1.115039999999999964e+04 8.771408243038735231e-01
1.115070000000000073e+04 8.731277310265911362e-01
1.115100000000000000e+04 8.696131731733139913e-01
1.115129999999999927e+04 8.661449489270975910e-01
1.115160000000000036e+04 8.626767246808600964e-01
1.115189999999999964e+04 8.592085004346435850e-01
1.115220000000000073e+04 8.561891922745599182e-01
1.115250000000000000e+04 8.534651662701709940e-01
1.115279999999999927e+04 8.507411402657819588e-01
1.115310000000000036e+04 8.480171142613764923e-01
1.115339999999999964e+04 8.454936870096406709e-01
1.115370000000000073e+04 8.436495633051195320e-01
1.115400000000000000e+04 8.418054396006094953e-01
1.115429999999999927e+04 8.399613158960994586e-01
1.115460000000000036e+04 8.381171921915782086e-01
1.115479999999999927e+04 8.373215364893679125e-01
1.115520000000000073e+04 8.361312797558051457e-01
1.115550000000000000e+04 8.352385872056385940e-01
1.115579999999999927e+04 8.343458946554720423e-01
1.115610000000000036e+04 8.337209480848257748e-01
1.115639999999999964e+04 8.337611875161481390e-01
1.115670000000000073e+04 8.338014269474708362e-01
1.115700000000000000e+04 8.338416663787932004e-01
1.115729999999999927e+04 8.338819058101155646e-01
1.115760000000000036e+04 8.345560469417012683e-01
1.115789999999999964e+04 8.354751765730772384e-01
1.115820000000000073e+04 8.363943062044587595e-01
1.115850000000000000e+04 8.373134358358347296e-01
1.115879999999999927e+04 8.383067362687375290e-01
1.115910000000000036e+04 8.400319758781026325e-01
1.115939999999999964e+04 8.417572154874572998e-01
1.115970000000000073e+04 8.434824550968225143e-01
1.116000000000000000e+04 8.452076947061771817e-01
1.116029999999999927e+04 8.472130440083915914e-01
1.116060000000000036e+04 8.496398385873169534e-01
1.116089999999999964e+04 8.520666331662276605e-01
1.116120000000000073e+04 8.544934277451530225e-01
1.116150000000000000e+04 8.569202223240636185e-01
1.116179999999999927e+04 8.597304944059085408e-01
1.116210000000000036e+04 8.627536503290437198e-01
1.116239999999999964e+04 8.657768062521604691e-01
1.116270000000000073e+04 8.687999621752956481e-01
1.116300000000000000e+04 8.718231180984123974e-01
1.116329999999999927e+04 8.752322389901059374e-01
1.116360000000000036e+04 8.787242040287860378e-01
1.116389999999999964e+04 8.822161690674450440e-01
1.116420000000000073e+04 8.857081341061252555e-01
1.116450000000000000e+04 8.892000991447842617e-01
1.116479999999999927e+04 8.930288299595305901e-01
1.116510000000000036e+04 8.968790383827210944e-01
1.116539999999999964e+04 9.007292468058883950e-01
1.116560000000000036e+04 9.032960524213486941e-01
1.116600000000000000e+04 9.084296636522460888e-01
1.116629999999999927e+04 9.125195913152890359e-01
1.116660000000000036e+04 9.166111341234896015e-01
1.116689999999999964e+04 9.207026769316652981e-01
1.116700000000000000e+04 9.220665245343987459e-01
1.116839999999999964e+04 9.415540459391211758e-01
1.117000000000000000e+04 9.641961434687419397e-01
1.117150000000000000e+04 9.853279682806170836e-01
1.117300000000000000e+04 1.005964989657860631e+00
1.117450000000000000e+04 1.025747275706409001e+00
1.117600000000000000e+04 1.044377581745173478e+00
1.117750000000000000e+04 1.061605439334923240e+00
1.117900000000000000e+04 1.077202179347608313e+00
1.118050000000000000e+04 1.090981073850175509e+00
1.118200000000000000e+04 1.102776652039213712e+00
1.118350000000000000e+04 1.112309934192162730e+00
1.118500000000000000e+04 1.119384521566493484e+00
1.118650000000000000e+04 1.124154477222642612e+00
1.118800000000000000e+04 1.126642355186068922e+00
1.118950000000000000e+04 1.126927805251866310e+00
1.119100000000000000e+04 1.125129736080942244e+00
1.119239999999999964e+04 1.121775743858064223e+00
1.119400000000000000e+04 1.115782094074977193e+00
1.119550000000000000e+04 1.108556917192111246e+00
1.119700000000000000e+04 1.100223921548398209e+00
1.119850000000000000e+04 1.091031219242778905e+00
1.120000000000000000e+04 1.081201375358263661e+00

1.110000000000000000e+04 6.648476149403378943e-02
1.110029999999999927e+04 6.851860928222404390e-02
1.110060000000000036e+04 7.067353032799156276e-02
1.110089999999999964e+04 7.296009685820277479e-02
1.110120000000000073e+04 7.539010047777419676e-02
1.110150000000000000e+04 7.797672895777672808e-02
1.110179999999999927e+04 8.073477331026579495e-02
1.110210000000000036e+04 8.368087166462163939e-02
1.110239999999999964e+04 8.683379780617087040e-02
1.110260000000000036e+04 8.906103402741091801e-02
1.110300000000000000e+04 9.384803057581526942e-02
1.110329999999999927e+04 9.776099616078379184e-02
1.110360000000000036e+04 1.019851897293166804e-01
1.110389999999999964e+04 1.065567866244354900e-01
1.110420000000000073e+04 1.115175207608861963e-01
1.110450000000000000e+04 1.169157523910235585e-01
1.110479999999999927e+04 1.228077828797512483e-01
1.110510000000000036e+04 1.292594834273240179e-01
1.110539999999999964e+04 1.363483254147120904e-01
1.110570000000000073e+04 1.441659279014469441e-01
1.110589999999999964e+04 1.498355182368028560e-01
1.110629999999999927e+04 1.624448115105068535e-01
1.110660000000000036e+04 1.731936804820583542e-01
1.110689999999999964e+04 1.852584915074365346e-01
1.110720000000000073e+04 1.988721032359486163e-01
1.110750000000000000e+04 2.143211106909000130e-01
1.110779999999999927e+04 2.319609527060017828e-01
1.110810000000000036e+04 2.522358710899937906e-01
1.110839999999999964e+04 2.757053381299006123e-01
1.110870000000000073e+04 3.030789897652255704e-01
1.110900000000000000e+04 3.352624118774742978e-01
1.110929999999999927e+04 3.734159196642463652e-01
1.110960000000000036e+04 4.190267157353138039e-01
1.110989999999999964e+04 4.739890993182834800e-01
1.111020000000000073e+04 5.406724572336480961e-01
1.111050000000000000e+04 6.219222315506193199e-01
1.111079999999999927e+04 7.208683135114466456e-01
1.111110000000000036e+04 8.402935610132484801e-01
1.111139999999999964e+04 9.811622234974302081e-01
1.111170000000000073e+04 1.139834648656082194e+00
1.111200000000000000e+04 1.304150563432638688e+00
1.111229999999999927e+04 1.454115576803489018e+00
1.111260000000000036e+04 1.574833586707505617e+00
1.111289999999999964e+04 1.662037818513596887e+00
1.111320000000000073e+04 1.716936677781429443e+00
1.111350000000000000e+04 1.743474612858347816e+00
1.111379999999999927e+04 1.746912281879769102e+00
1.111410000000000036e+04 1.732716800161803405e+00
1.111439999999999964e+04 1.705871807370025861e+00
1.111470000000000073e+04 1.670564014808622044e+00
1.111500000000000000e+04 1.630116950061607506e+00
1.111529999999999927e+04 1.587056312179116135e+00
1.111560000000000036e+04 1.543226393588161161e+00
1.111589999999999964e+04 1.499930553116606058e+00
1.111620000000000073e+04 1.458044974551723438e+00
1.111650000000000000e+04 1.418137639573899156e+00
1.111679999999999927e+04 1.380546781727809869e+00
1.111710000000000036e+04 1.345461943131873728e+00
1.111739999999999964e+04 1.312973088732575011e+00
1.111770000000000073e+04 1.284186680334255204e+00
1.111800000000000000e+04 1.255916520830776761e+00
1.111829999999999927e+04 1.231075495539857290e+00
1.111860000000000036e+04 1.207490726266017278e+00
1.111889999999999964e+04 1.186407961514757803e+00
1.111920000000000073e+04 1.167143502119263543e+00
1.111950000000000000e+04 1.149272762736561981e+00
1.111979999999999927e+04 1.133849079519940961e+00
1.112010000000000036e+04 1.118702559452207090e+00
1.112039999999999964e+04 1.106613240402054776e+00
1.112070000000000073e+04 1.094523921351828966e+00
1.112100000000000000e+04 1.084535623382371972e+00
1.112129999999999927e+04 1.075286012540890956e+00
1.112160000000000036e+04 1.066829260843258353e+00
1.112189999999999964e+04 1.059959741132135758e+00
1.112220000000000073e+04 1.053090221420971195e+00
1.112250000000000000e+04 1.047900519157879407e+00
1.112279999999999927e+04 1.042977776996997008e+00
1.112310000000000036e+04 1.038560743275126264e+00
1.112339999999999964e+04 1.035174546340141388e+00
1.112370000000000073e+04 1.031788349405136307e+00
1.112400000000000000e+04 1.029250491603320272e+00
1.112429999999999927e+04 1.027023433073372072e+00
1.112450000000000000e+04 1.025538727386730908e+00
1.112489999999999964e+04 1.023453342270669086e+00
1.112520000000000073e+04 1.022051612013838540e+00
1.112550000000000000e+04 1.020839694624064098e+00
1.112579999999999927e+04 1.019985178250524704e+00
1.112610000000000036e+04 1.019130661876980426e+00
1.112639999999999964e+04 1.018460130756067006e+00
1.112670000000000073e+04 1.017934675335069095e+00
1.112700000000000000e+04 1.017409219914074514e+00
1.112729999999999927e+04 1.016988803646704520e+00
1.112760000000000036e+04 1.016611735207510137e+00
1.112789999999999964e+04 1.016234666768318196e+00
1.112820000000000073e+04 1.015847820360496367e+00
1.112850000000000000e+04 1.015458423504540519e+00
1.112879999999999927e+04 1.015069026648584671e+00
1.112910000000000036e+04 1.014554842805371004e+00
1.112939999999999964e+04 1.014012309802199807e+00
1.112970000000000073e+04 1.013469776799025279e+00
1.113000000000000000e+04 1.012740427528384002e+00
1.113029999999999927e+04 1.011956257535579384e+00
1.113060000000000036e+04 1.011172087542770326e+00
1.113089999999999964e+04 1.010251779127813387e+00
1.113120000000000073e+04 1.009263772516677982e+00
1.113150000000000000e+04 1.008275765905548793e+00
1.113179999999999927e+04 1.007270356100187891e+00
1.113210000000000036e+04 1.006247482602275811e+00
1.113229999999999927e+04 1.005565566937007382e+00
1.113270000000000073e+04 1.004250498081881160e+00
1.113300000000000000e+04 1.003410334201023879e+00
1.113329999999999927e+04 1.002570170320166376e+00
1.113360000000000036e+04 1.001730006439303766e+00
1.113389999999999964e+04 1.001178743568388096e+00
1.113420000000000073e+04 1.000636066737312646e+00
1.113450000000000000e+04 1.000093389906240526e+00
1.113479999999999927e+04 9.996874943735207797e-01
1.113510000000000036e+04 9.993683561706798724e-01
1.113539999999999964e+04 9.990492179678407414e-01
1.113570000000000073e+04 9.987803890928963479e-01
1.113600000000000000e+04 9.987272340695968476e-01
1.113629999999999927e+04 9.986740790462972361e-01
1.113660000000000036e+04 9.986209240229972917e-01
1.113689999999999964e+04 9.986321051239116509e-01
1.113720000000000073e+04 9.986704798589087773e-01
1.113750000000000000e+04 9.987088545939056816e-01
1.113770000000000073e+04 9.987344377505704696e-01
1.113810000000000036e+04 9.986271721975985560e-01
1.113839999999999964e+04 9.985281567134318692e-01
1.113870000000000073e+04 9.984291412292646273e-01
1.113900000000000000e+04 9.981475681149726276e-01
1.113920000000000073e+04 9.978561390847002777e-01
1.113960000000000036e+04 9.972732810241583534e-01
1.113989999999999964e+04 9.968361374787525486e-01
1.114020000000000073e+04 9.959653044988675541e-01
1.114050000000000000e+04 9.950257177459197466e-01
1.114070000000000073e+04 9.943993265772840262e-01
1.114110000000000036e+04 9.930683744458118634e-01
1.114139999999999964e+04 9.914928254170294331e-01
1.114170000000000073e+04 9.899172763882374548e-01
1.114200000000000000e+04 9.883417273594551355e-01
1.114220000000000073e+04 9.872913613402604094e-01
1.114260000000000036e+04 9.842571865330216330e-01
1.114289999999999964e+04 9.819740395550703438e-01
1.114320000000000073e+04 9.796908925771050658e-01
1.114350000000000000e+04 9.770825998991308214e-01
1.114379999999999927e+04 9.740799869371592479e-01
1.114410000000000036e+04 9.710773739751694666e-01
1.114439999999999964e+04 9.680747610131980041e-01
1.114470000000000073e+04 9.647313956242395960e-01
1.114500000000000000e+04 9.610749754012265500e-01
1.114520000000000073e+04 9.586373619192030127e-01
1.114560000000000036e+04 9.537621349551781424e-01
1.114589999999999964e+04 9.498439593607498344e-01
1.114620000000000073e+04 9.456907909726721684e-01
1.114650000000000000e+04 9.415376225846195934e-01
1.114670000000000073e+04 9.387688436592344088e-01
1.114710000000000036e+04 9.331115352356387227e-01
1.114739999999999964e+04 9.287031405851081667e-01
1.114770000000000073e+04 9.242947459345508543e-01
1.114800000000000000e+04 9.198863512840202983e-01
1.114820000000000073e+04 9.169480137715617651e-01
1.114860000000000036e+04 9.111241793508165765e-01
1.114889999999999964e+04 9.067563035352642631e-01
1.114920000000000073e+04 9.023884277196855264e-01
1.114950000000000000e+04 8.980719051770288397e-01
1.114979999999999927e+04 8.940186809669982138e-01
1.115010000000000036e+04 8.899654567569429409e-01
1.115039999999999964e+04 8.859122325469123149e-01
1.115070000000000073e+04 8.818590083368571531e-01
1.115100000000000000e+04 8.783093049050472167e-01
1.115129999999999927e+04 8.748063984163685358e-01
1.115160000000000036e+04 8.713034919276686496e-01
1.115189999999999964e+04 8.678005854389900797e-01
1.115220000000000073e+04 8.647510841973055085e-01
1.115250000000000000e+04 8.619998179328727250e-01
1.115279999999999927e+04 8.592485516684398306e-01
1.115310000000000036e+04 8.564972854039902828e-01
1.115339999999999964e+04 8.539486238797371342e-01
1.115370000000000073e+04 8.520860589381706873e-01
1.115400000000000000e+04 8.502234939966155647e-01
1.115429999999999927e+04 8.483609290550604420e-01
1.115460000000000036e+04 8.464983641134939951e-01
1.115479999999999927e+04 8.456947518542615727e-01
1.115520000000000073e+04 8.444925925533632860e-01
1.115550000000000000e+04 8.435909730776950388e-01
1.115579999999999927e+04 8.426893536020267916e-01
1.115610000000000036e+04 8.420581575656740370e-01
1.115639999999999964e+04 8.420987993913097158e-01
1.115670000000000073e+04 8.421394412169456167e-01
1.115700000000000000e+04 8.421800830425811846e-01
1.115729999999999927e+04 8.422207248682168634e-01
1.115760000000000036e+04 8.429016074111183032e-01
1.115789999999999964e+04 8.438299283388079886e-01
1.115820000000000073e+04 8.447582492665033360e-01
1.115850000000000000e+04 8.456865701941930213e-01
1.115879999999999927e+04 8.466898036314248754e-01
1.115910000000000036e+04 8.484322956368837154e-01
1.115939999999999964e+04 8.501747876423318973e-01
1.115970000000000073e+04 8.519172796477907372e-01
1.116000000000000000e+04 8.536597716532390301e-01
1.116029999999999927e+04 8.556851744484755828e-01
1.116060000000000036e+04 8.581362369731901918e-01
1.116089999999999964e+04 8.605872994978899237e-01
1.116120000000000073e+04 8.630383620226045327e-01
1.116150000000000000e+04 8.654894245473042647e-01
1.116179999999999927e+04 8.683277993499677327e-01
1.116210000000000036e+04 8.713811868323341203e-01
1.116239999999999964e+04 8.744345743146821892e-01
1.116270000000000073e+04 8.774879617970485768e-01
1.116300000000000000e+04 8.805413492793965347e-01
1.116329999999999927e+04 8.839845613800070279e-01
1.116360000000000036e+04 8.875114460690739504e-01
1.116389999999999964e+04 8.910383307581195567e-01
1.116420000000000073e+04 8.945652154471864792e-01
1.116450000000000000e+04 8.980921001362320855e-01
1.116479999999999927e+04 9.019591182591258915e-01
1.116510000000000036e+04 9.058478287665483464e-01
1.116539999999999964e+04 9.097365392739472645e-01
1.116560000000000036e+04 9.123290129455622344e-01
1.116600000000000000e+04 9.175139602887686374e-01
1.116629999999999927e+04 9.216447872284420084e-01
1.116660000000000036e+04 9.257772454647245075e-01
1.116689999999999964e+04 9.299097037009819156e-01
1.116700000000000000e+04 9.312871897797427856e-01
1.116839999999999964e+04 9.509695863985123676e-01
1.117000000000000000e+04 9.738381049034293691e-01
1.117150000000000000e+04 9.951812479634232211e-01
1.117300000000000000e+04 1.016024639554439224e+00
1.117450000000000000e+04 1.036004748463473124e+00
1.117600000000000000e+04 1.054821357562625295e+00
1.117750000000000000e+04 1.072221493728272579e+00
1.117900000000000000e+04 1.087974201141084230e+00
1.118050000000000000e+04 1.101890884588677455e+00
1.118200000000000000e+04 1.113804418559605880e+00
1.118350000000000000e+04 1.123433033534084302e+00
1.118500000000000000e+04 1.130578366782158506e+00
1.118650000000000000e+04 1.135396021994869109e+00
1.118800000000000000e+04 1.137908778737929838e+00
1.118950000000000000e+04 1.138197083304385071e+00
1.119100000000000000e+04 1.136381033441751898e+00
1.119239999999999964e+04 1.132993501296645222e+00
1.119400000000000000e+04 1.126939915015727101e+00
1.119550000000000000e+04 1.119642486364032630e+00
1.119700000000000000e+04 1.111226160763882254e+00
1.119850000000000000e+04 1.101941531435206567e+00
1.120000000000000000e+04 1.092013389111846200e+00

1.110000000000000000e+04 6.630774991801047236e-02
1.110029999999999927e+04 6.834710598382749691e-02
1.110060000000000036e+04 7.050834231260509621e-02
1.110089999999999964e+04 7.280213931312116971e-02
1.110120000000000073e+04 7.524041346653870255e-02
1.110150000000000000e+04 7.783649710796339272e-02
1.110179999999999927e+04 8.060534912862678258e-02
1.110210000000000036e+04 8.356380326031784267e-02
1.110239999999999964e+04 8.673086197790158547e-02
1.110260000000000036e+04 8.896863768608845313e-02
1.110300000000000000e+04 9.377981149868161448e-02
1.110329999999999927e+04 9.771405127868347529e-02
1.110360000000000036e+04 1.019626983396038217e-01
1.110389999999999964e+04 1.065624579571679553e-01
1.110420000000000073e+04 1.115556993487093057e-01
1.110450000000000000e+04 1.169915482103464632e-01
1.110479999999999927e+04 1.229272330167586469e-01
1.110510000000000036e+04 1.294297541292851184e-01
1.110539999999999964e+04 1.365779661886422081e-01
1.110570000000000073e+04 1.444651931398008571e-01
1.110589999999999964e+04 1.501879208560640833e-01
1.110629999999999927e+04 1.629230738007925172e-01
1.110660000000000036e+04 1.737872760496897151e-01
1.110689999999999964e+04 1.859899539586492845e-01
1.110720000000000073e+04 1.997693268316911575e-01
1.110750000000000000e+04 2.154188739055526991e-01
1.110779999999999927e+04 2.333029339897113863e-01
1.110810000000000036e+04 2.538773230342443177e-01
1.110839999999999964e+04 2.777166326681426711e-01
1.110870000000000073e+04 3.055502868808196992e-01
1.110900000000000000e+04 3.383097036083317910e-01
1.110929999999999927e+04 3.771885685054673365e-01
1.110960000000000036e+04 4.237161262694109642e-01
1.110989999999999964e+04 4.798368469748647280e-01
1.111020000000000073e+04 5.479730457727961523e-01
1.111050000000000000e+04 6.310088861083483769e-01
1.111079999999999927e+04 7.320576753409192561e-01
1.111110000000000036e+04 8.537471760942132448e-01
1.111139999999999964e+04 9.966089978240384450e-01
1.111170000000000073e+04 1.156124964747831108e+00
1.111200000000000000e+04 1.318982498126172853e+00
1.111229999999999927e+04 1.465307480592310529e+00
1.111260000000000036e+04 1.581740063250760331e+00
1.111289999999999964e+04 1.664865859971293549e+00
1.111320000000000073e+04 1.716210779615398918e+00
1.111350000000000000e+04 1.739851522030976927e+00
1.111379999999999927e+04 1.741047520356929779e+00
1.111410000000000036e+04 1.725185781378627325e+00
1.111439999999999964e+04 1.697142470133592873e+00
1.111470000000000073e+04 1.660999558874024062e+00
1.111500000000000000e+04 1.619990989424248795e+00
1.111529999999999927e+04 1.576570743034961364e+00
1.111560000000000036e+04 1.532527824160607510e+00
1.111589999999999964e+04 1.489123851756371408e+00
1.111620000000000073e+04 1.447204009472070174e+00
1.111650000000000000e+04 1.407313387041192021e+00
1.111679999999999927e+04 1.369773477597525657e+00
1.111710000000000036e+04 1.334761564913503396e+00
1.111739999999999964e+04 1.302358622363054108e+00
1.111770000000000073e+04 1.273665848485153518e+00
1.111800000000000000e+04 1.245490075400179419e+00
1.111829999999999927e+04 1.220741950474802717e+00
1.111860000000000036e+04 1.197249537154167820e+00
1.111889999999999964e+04 1.176253256426908589e+00
1.111920000000000073e+04 1.157071013692896777e+00
1.111950000000000000e+04 1.139277452512368116e+00
1.111979999999999927e+04 1.123922101106388016e+00
1.112010000000000036e+04 1.108842669960494298e+00
1.112039999999999964e+04 1.096806730358459658e+00
1.112070000000000073e+04 1.084770790756352188e+00
1.112100000000000000e+04 1.074825190396048624e+00
1.112129999999999927e+04 1.065614521591243369e+00
1.112160000000000036e+04 1.057192353299311938e+00
1.112189999999999964e+04 1.050348691410595947e+00
1.112220000000000073e+04 1.043505029521838656e+00
1.112250000000000000e+04 1.038331554708207483e+00
1.112279999999999927e+04 1.033423509517775063e+00
1.112310000000000036e+04 1.029018251485500635e+00
1.112339999999999964e+04 1.025637875497148910e+00
1.112370000000000073e+04 1.022257499508776757e+00
1.112400000000000000e+04 1.019720713295627634e+00
1.112429999999999927e+04 1.017492986369781027e+00
1.112450000000000000e+04 1.016007835085874333e+00
1.112489999999999964e+04 1.013917038046289409e+00
1.112520000000000073e+04 1.012510418834022152e+00
1.112550000000000000e+04 1.011292825873644441e+00
1.112579999999999927e+04 1.010431152801988919e+00
1.112610000000000036e+04 1.009569479730328068e+00
1.112639999999999964e+04 1.008891383602703362e+00
1.112670000000000073e+04 1.008358041216280698e+00
1.112700000000000000e+04 1.007824698829861365e+00
1.112729999999999927e+04 1.007396798523259474e+00
1.112760000000000036e+04 1.007012412325451134e+00
1.112789999999999964e+04 1.006628026127645237e+00
1.112820000000000073e+04 1.006235266085023339e+00
1.112850000000000000e+04 1.005840321840581142e+00
1.112879999999999927e+04 1.005445377596138945e+00
1.112910000000000036e+04 1.004927970240117707e+00
1.112939999999999964e+04 1.004382741663187417e+00
1.112970000000000073e+04 1.003837513086253797e+00
1.113000000000000000e+04 1.003108159763630214e+00
1.113029999999999927e+04 1.002324775538538937e+00
1.113060000000000036e+04 1.001541391313442997e+00
1.113089999999999964e+04 1.000623823678982172e+00
1.113120000000000073e+04 9.996395300267831852e-01
1.113150000000000000e+04 9.986552363745901939e-01
1.113179999999999927e+04 9.976541047325412359e-01
1.113210000000000036e+04 9.966360765671231636e-01
1.113229999999999927e+04 9.959573911235173327e-01
1.113270000000000073e+04 9.946484871315223186e-01
1.113300000000000000e+04 9.938120610646488107e-01
1.113329999999999927e+04 9.929756349977753027e-01
1.113360000000000036e+04 9.921392089308966877e-01
1.113389999999999964e+04 9.915894252794624775e-01
1.113420000000000073e+04 9.910481605432073238e-01
1.113450000000000000e+04 9.905068958069556118e-01
1.113479999999999927e+04 9.901013777023026652e-01
1.113510000000000036e+04 9.897819606614602916e-01
1.113539999999999964e+04 9.894625436206198055e-01
1.113570000000000073e+04 9.891930247401170551e-01
1.113600000000000000e+04 9.891374170542253097e-01
1.113629999999999927e+04 9.890818093683336754e-01
1.113660000000000036e+04 9.890262016824415969e-01
1.113689999999999964e+04 9.890345534549819240e-01
1.113720000000000073e+04 9.890699396522718567e-01
1.113750000000000000e+04 9.891053258495615674e-01
1.113770000000000073e+04 9.891289166477549299e-01
1.113810000000000036e+04 9.890195588780124059e-01
1.113839999999999964e+04 9.889191960096483935e-01
1.113870000000000073e+04 9.888188331412838261e-01
1.113900000000000000e+04 9.885378303222888130e-01
1.113920000000000073e+04 9.882478709502402481e-01
1.113960000000000036e+04 9.876679522061455607e-01
1.113989999999999964e+04 9.872330131480753224e-01
1.114020000000000073e+04 9.863687994921074287e-01
1.114050000000000000e+04 9.854365319571675164e-01
1.114070000000000073e+04 9.848150202672038001e-01
1.114110000000000036e+04 9.834946117189051762e-01
1.114139999999999964e+04 9.819327653511652487e-01
1.114170000000000073e+04 9.803709189834157733e-01
1.114200000000000000e+04 9.788090726156758459e-01
1.114220000000000073e+04 9.777678417038428993e-01
1.114260000000000036e+04 9.747612435513756113e-01
1.114289999999999964e+04 9.724988539978780544e-01
1.114320000000000073e+04 9.702364644443667308e-01
1.114350000000000000e+04 9.676521597599335722e-01
1.114379999999999927e+04 9.646774526625373491e-01
1.114410000000000036e+04 9.617027455651231405e-01
1.114439999999999964e+04 9.587280384677269174e-01
1.114470000000000073e+04 9.554159621527331669e-01
1.114500000000000000e+04 9.517939392135462695e-01
1.114520000000000073e+04 9.493792572540737940e-01
1.114560000000000036e+04 9.445498933351506032e-01
1.114589999999999964e+04 9.406687223497685046e-01
1.114620000000000073e+04 9.365548993159680258e-01
1.114650000000000000e+04 9.324410762821925269e-01
1.114670000000000073e+04 9.296985275929922077e-01
1.114710000000000036e+04 9.240948927693315440e-01
1.114739999999999964e+04 9.197284290307675692e-01
1.114770000000000073e+04 9.153619652921771710e-01
1.114800000000000000e+04 9.109955015536131961e-01
1.114820000000000073e+04 9.080851135625330750e-01
1.114860000000000036e+04 9.023167838407516461e-01
1.114889999999999964e+04 8.979905365494220693e-01
1.114920000000000073e+04 8.936642892580662911e-01
1.114950000000000000e+04 8.893889091126734314e-01
1.114979999999999927e+04 8.853743348313547479e-01
1.115010000000000036e+04 8.813597605500117504e-01
1.115039999999999964e+04 8.773451862686930669e-01
1.115070000000000073e+04 8.733306119873499584e-01
1.115100000000000000e+04 8.698147280311555596e-01
1.115129999999999927e+04 8.663451920784485116e-01
1.115160000000000036e+04 8.628756561257204805e-01
1.115189999999999964e+04 8.594061201730134325e-01
1.115220000000000073e+04 8.563856190904204357e-01
1.115250000000000000e+04 8.536604782956968007e-01
1.115279999999999927e+04 8.509353375009730547e-01
1.115310000000000036e+04 8.482101967062328773e-01
1.115339999999999964e+04 8.456857034937920181e-01
1.115370000000000073e+04 8.438406791842332222e-01
1.115400000000000000e+04 8.419956548746856395e-01
1.115429999999999927e+04 8.401506305651380568e-01
1.115460000000000036e+04 8.383056062555793719e-01
1.115479999999999927e+04 8.375094508393569059e-01
1.115520000000000073e+04 8.363182877751585975e-01
1.115550000000000000e+04 8.354249154770153618e-01
1.115579999999999927e+04 8.345315431788720151e-01
1.115610000000000036e+04 8.339059777650419392e-01
1.115639999999999964e+04 8.339457496645682477e-01
1.115670000000000073e+04 8.339855215640947783e-01
1.115700000000000000e+04 8.340252934636210869e-01
1.115729999999999927e+04 8.340650653631473954e-01
1.115760000000000036e+04 8.347388816823099189e-01
1.115789999999999964e+04 8.356577416590341700e-01
1.115820000000000073e+04 8.365766016357639723e-01
1.115850000000000000e+04 8.374954616124882234e-01
1.115879999999999927e+04 8.384885090206912750e-01
1.115910000000000036e+04 8.402136597145904995e-01
1.115939999999999964e+04 8.419388104084792879e-01
1.115970000000000073e+04 8.436639611023785124e-01
1.116000000000000000e+04 8.453891117962673007e-01
1.116029999999999927e+04 8.473944354377735966e-01
1.116060000000000036e+04 8.498212995273450865e-01
1.116089999999999964e+04 8.522481636169019215e-01
1.116120000000000073e+04 8.546750277064734114e-01
1.116150000000000000e+04 8.571018917960302463e-01
1.116179999999999927e+04 8.599123211030915703e-01
1.116210000000000036e+04 8.629356829453415090e-01
1.116239999999999964e+04 8.659590447875732400e-01
1.116270000000000073e+04 8.689824066298232896e-01
1.116300000000000000e+04 8.720057684720549096e-01
1.116329999999999927e+04 8.754151864798273008e-01
1.116360000000000036e+04 8.789074682092506974e-01
1.116389999999999964e+04 8.823997499386528887e-01
1.116420000000000073e+04 8.858920316680762852e-01
1.116450000000000000e+04 8.893843133974784765e-01
1.116479999999999927e+04 8.932134440766986705e-01
1.116510000000000036e+04 8.970640576688593271e-01
1.116539999999999964e+04 9.009146712609966690e-01
1.116560000000000036e+04 9.034817469891038844e-01
1.116600000000000000e+04 9.086158984452947784e-01
1.116629999999999927e+04 9.127062961798735330e-01
1.116660000000000036e+04 9.167983094969007762e-01
1.116689999999999964e+04 9.208903228139032615e-01
1.116700000000000000e+04 9.222543272529123426e-01
1.116839999999999964e+04 9.417441749643764570e-01
1.117000000000000000e+04 9.643890958729658403e-01
1.117150000000000000e+04 9.855236388554410309e-01
1.117300000000000000e+04 1.006163366365484979e+00
1.117450000000000000e+04 1.025948275029632484e+00
1.117600000000000000e+04 1.044581060756370583e+00
1.117750000000000000e+04 1.061811204732620029e+00
1.117900000000000000e+04 1.077409991947274381e+00
1.118050000000000000e+04 1.091190656622897492e+00
1.118200000000000000e+04 1.102987694540468411e+00
1.118350000000000000e+04 1.112522074827669627e+00
1.118500000000000000e+04 1.119597361140350467e+00
1.118650000000000000e+04 1.124367637769364991e+00
1.118800000000000000e+04 1.126855460226770855e+00
1.118950000000000000e+04 1.127140490109054038e+00
1.119100000000000000e+04 1.125341655096203652e+00
1.119239999999999964e+04 1.121986669958578320e+00
1.119400000000000000e+04 1.115991528368849517e+00
1.119550000000000000e+04 1.108764689676603021e+00
1.119700000000000000e+04 1.100429853406132308e+00
1.119850000000000000e+04 1.091235174568339517e+00
1.120000000000000000e+04 1.081403256739545293e+00

1.110000000000000000e+04 6.600647866518717655e-02
1.110029999999999927e+04 6.802595411919354351e-02
1.110060000000000036e+04 7.016563277856723013e-02
1.110089999999999964e+04 7.243600903769727151e-02
1.110120000000000073e+04 7.484878742427809872e-02
1.110150000000000000e+04 7.741705799043516190e-02
1.110179999999999927e+04 8.015550174515478909e-02
1.110210000000000036e+04 8.308063258424479292e-02
1.110239999999999964e+04 8.621108350856290792e-02
1.110260000000000036e+04 8.842242046177123393e-02
1.110300000000000000e+04 9.317517959193832855e-02
1.110329999999999927e+04 9.706009137382240470e-02
1.110360000000000036e+04 1.012539297779811304e-01
1.110389999999999964e+04 1.057925911969744559e-01
1.110420000000000073e+04 1.107174854281310489e-01
1.110450000000000000e+04 1.160765941251226396e-01
1.110479999999999927e+04 1.219257740331953083e-01
1.110510000000000036e+04 1.283303711117043666e-01
1.110539999999999964e+04 1.353672323468992078e-01
1.110570000000000073e+04 1.431272295480022216e-01
1.110589999999999964e+04 1.487548542631977888e-01
1.110629999999999927e+04 1.612702325173323015e-01
1.110660000000000036e+04 1.719383914824460791e-01
1.110689999999999964e+04 1.839118758609052384e-01
1.110720000000000073e+04 1.974214768120454155e-01
1.110750000000000000e+04 2.127511824383778449e-01
1.110779999999999927e+04 2.302531079039844830e-01
1.110810000000000036e+04 2.503672072250635039e-01
1.110839999999999964e+04 2.736473520982271035e-01
1.110870000000000073e+04 3.007957681610290979e-01
1.110900000000000000e+04 3.327081083522313021e-01
1.110929999999999927e+04 3.705312072010841784e-01
1.110960000000000036e+04 4.157337765526851747e-01
1.110989999999999964e+04 4.701845849437998326e-01
1.111020000000000073e+04 5.362178191667076321e-01
1.111050000000000000e+04 6.166312068151549308e-01
1.111079999999999927e+04 7.144929542997804361e-01
1.111110000000000036e+04 8.325146556526090702e-01
1.111139999999999964e+04 9.715996770912928016e-01
1.111170000000000073e+04 1.128112225154616954e+00
1.111200000000000000e+04 1.290082850229952394e+00
1.111229999999999927e+04 1.437953437166446857e+00
1.111260000000000036e+04 1.557110493288579978e+00
1.111289999999999964e+04 1.643294661325847228e+00
1.111320000000000073e+04 1.697653399675167707e+00
1.111350000000000000e+04 1.724044901397604690e+00
1.111379999999999927e+04 1.727633672162151024e+00
1.111410000000000036e+04 1.713797179408570459e+00
1.111439999999999964e+04 1.687444446788158858e+00
1.111470000000000073e+04 1.652704614481396161e+00
1.111500000000000000e+04 1.612859140035735495e+00
1.111529999999999927e+04 1.570404388976252008e+00
1.111560000000000036e+04 1.527165261020889453e+00
1.111589999999999964e+04 1.484432952377389814e+00
1.111620000000000073e+04 1.443076770303662659e+00
1.111650000000000000e+04 1.403661306413542809e+00
1.111679999999999927e+04 1.366523729833750478e+00
1.111710000000000036e+04 1.331853775775410531e+00
1.111739999999999964e+04 1.299742104423048383e+00
1.111770000000000073e+04 1.271283042816913955e+00
1.111800000000000000e+04 1.243332883204714800e+00
1.111829999999999927e+04 1.218768263848726274e+00
1.111860000000000036e+04 1.195443929956733875e+00
1.111889999999999964e+04 1.174591177929181107e+00
1.111920000000000073e+04 1.155534621911972648e+00
1.111950000000000000e+04 1.137855454734120864e+00
1.111979999999999927e+04 1.122594669886651797e+00
1.112010000000000036e+04 1.107607892929399096e+00
1.112039999999999964e+04 1.095643513445112793e+00
1.112070000000000073e+04 1.083679133960753882e+00
1.112100000000000000e+04 1.073792431675327563e+00
1.112129999999999927e+04 1.064636209163278391e+00
1.112160000000000036e+04 1.056264187510432606e+00
1.112189999999999964e+04 1.049462064744713707e+00
1.112220000000000073e+04 1.042659941978953286e+00
1.112250000000000000e+04 1.037519596572338720e+00
1.112279999999999927e+04 1.032643344299270405e+00
1.112310000000000036e+04 1.028267484207985527e+00
1.112339999999999964e+04 1.024911624237443863e+00
1.112370000000000073e+04 1.021555764266881994e+00
1.112400000000000000e+04 1.019039570293637231e+00
1.112429999999999927e+04 1.016830998084340854e+00
1.112450000000000000e+04 1.015358616611467646e+00
1.112489999999999964e+04 1.013289199797387408e+00
1.112520000000000073e+04 1.011897852082643601e+00
1.112550000000000000e+04 1.010694559049956975e+00
1.112579999999999927e+04 1.009845356525029603e+00
1.112610000000000036e+04 1.008996154000097123e+00
1.112639999999999964e+04 1.008329348828431948e+00
1.112670000000000073e+04 1.007806367269309389e+00
1.112700000000000000e+04 1.007283385710190160e+00
1.112729999999999927e+04 1.006864734863754940e+00
1.112760000000000036e+04 1.006489139484265438e+00
1.112789999999999964e+04 1.006113544104778379e+00
1.112820000000000073e+04 1.005728741172693619e+00
1.112850000000000000e+04 1.005341536577622596e+00
1.112879999999999927e+04 1.004954331982551796e+00
1.112910000000000036e+04 1.004444266461510749e+00
1.112939999999999964e+04 1.003906289343921010e+00
1.112970000000000073e+04 1.003368312226328163e+00
1.113000000000000000e+04 1.002646265368893452e+00
1.113029999999999927e+04 1.001870203750307109e+00
1.113060000000000036e+04 1.001094142131715881e+00
1.113089999999999964e+04 1.000183952897225836e+00
1.113120000000000073e+04 9.992070653896778509e-01
1.113150000000000000e+04 9.982301778821357496e-01
1.113179999999999927e+04 9.972362075549414673e-01
1.113210000000000036e+04 9.962250950234857738e-01
1.113229999999999927e+04 9.955510200025214917e-01
1.113270000000000073e+04 9.942509825639160859e-01
1.113300000000000000e+04 9.934201446238256628e-01
1.113329999999999927e+04 9.925893066837352396e-01
1.113360000000000036e+04 9.917584687436397095e-01
1.113389999999999964e+04 9.912125290627651353e-01
1.113420000000000073e+04 9.906750564613394650e-01
1.113450000000000000e+04 9.901375838599171253e-01
1.113479999999999927e+04 9.897354981849530997e-01
1.113510000000000036e+04 9.894192854208436749e-01
1.113539999999999964e+04 9.891030726567362485e-01
1.113570000000000073e+04 9.888364406818006547e-01
1.113600000000000000e+04 9.887823593454003746e-01
1.113629999999999927e+04 9.887282780090000944e-01
1.113660000000000036e+04 9.886741966725995923e-01
1.113689999999999964e+04 9.886835159407486584e-01
1.113720000000000073e+04 9.887196334169312539e-01
1.113750000000000000e+04 9.887557508931136274e-01
1.113770000000000073e+04 9.887798292105687281e-01
1.113810000000000036e+04 9.886712721841576235e-01
1.113839999999999964e+04 9.885714894479807890e-01
1.113870000000000073e+04 9.884717067118032885e-01
1.113900000000000000e+04 9.881914081552077844e-01
1.113920000000000073e+04 9.879019888115879722e-01
1.113960000000000036e+04 9.873231501243510122e-01
1.113989999999999964e+04 9.868890211089239584e-01
1.114020000000000073e+04 9.860260229090249684e-01
1.114050000000000000e+04 9.850950351012670581e-01
1.114070000000000073e+04 9.844743765627579357e-01
1.114110000000000036e+04 9.831557682500646766e-01
1.114139999999999964e+04 9.815959658132734633e-01
1.114170000000000073e+04 9.800361633764727021e-01
1.114200000000000000e+04 9.784763609396814887e-01
1.114220000000000073e+04 9.774364926484810923e-01
1.114260000000000036e+04 9.744337734539169071e-01
1.114289999999999964e+04 9.721743024083151496e-01
1.114320000000000073e+04 9.699148313626996254e-01
1.114350000000000000e+04 9.673338835755658227e-01
1.114379999999999927e+04 9.643630650319975350e-01
1.114410000000000036e+04 9.613922464884112618e-01
1.114439999999999964e+04 9.584214279448430851e-01
1.114470000000000073e+04 9.551137357940825412e-01
1.114500000000000000e+04 9.514965523445233497e-01
1.114520000000000073e+04 9.490850967114692338e-01
1.114560000000000036e+04 9.442621854453828734e-01
1.114589999999999964e+04 9.403862489037586592e-01
1.114620000000000073e+04 9.362780148866670649e-01
1.114650000000000000e+04 9.321697808696003396e-01
1.114670000000000073e+04 9.294309581915392027e-01
1.114710000000000036e+04 9.238349518756803214e-01
1.114739999999999964e+04 9.194744533001719677e-01
1.114770000000000073e+04 9.151139547246371908e-01
1.114800000000000000e+04 9.107534561491288372e-01
1.114820000000000073e+04 9.078470423552728041e-01
1.114860000000000036e+04 9.020864310072326253e-01
1.114889999999999964e+04 8.977659724962091525e-01
1.114920000000000073e+04 8.934455139851593675e-01
1.114950000000000000e+04 8.891758384386436731e-01
1.114979999999999927e+04 8.851665371414554340e-01
1.115010000000000036e+04 8.811572358442428810e-01
1.115039999999999964e+04 8.771479345470546418e-01
1.115070000000000073e+04 8.731386332498420888e-01
1.115100000000000000e+04 8.696273532304239495e-01
1.115129999999999927e+04 8.661623590336013923e-01
1.115160000000000036e+04 8.626973648367578518e-01
1.115189999999999964e+04 8.592323706399354055e-01
1.115220000000000073e+04 8.562158169789899631e-01
1.115250000000000000e+04 8.534942326725074579e-01
1.115279999999999927e+04 8.507726483660250638e-01
1.115310000000000036e+04 8.480510640595260163e-01
1.115339999999999964e+04 8.455298817358828378e-01
1.115370000000000073e+04 8.436873366221476767e-01
1.115400000000000000e+04 8.418447915084236177e-01
1.115429999999999927e+04 8.400022463946995588e-01
1.115460000000000036e+04 8.381597012809642866e-01
1.115479999999999927e+04 8.373646702778292372e-01
1.115520000000000073e+04 8.361752674957410036e-01
1.115550000000000000e+04 8.352832154091802686e-01
1.115579999999999927e+04 8.343911633226194224e-01
1.115610000000000036e+04 8.337666507804928351e-01
1.115639999999999964e+04 8.338068113746335275e-01
1.115670000000000073e+04 8.338469719687743309e-01
1.115700000000000000e+04 8.338871325629149123e-01
1.115729999999999927e+04 8.339272931570554936e-01
1.115760000000000036e+04 8.346009368446205556e-01
1.115789999999999964e+04 8.355194072500129465e-01
1.115820000000000073e+04 8.364378776554108885e-01
1.115850000000000000e+04 8.373563480608032794e-01
1.115879999999999927e+04 8.383489413563249837e-01
1.115910000000000036e+04 8.400730010246176827e-01
1.115939999999999964e+04 8.417970606928999455e-01
1.115970000000000073e+04 8.435211203611926445e-01
1.116000000000000000e+04 8.452451800294747963e-01
1.116029999999999927e+04 8.472492134568305744e-01
1.116060000000000036e+04 8.496744876386915779e-01
1.116089999999999964e+04 8.520997618205379265e-01
1.116120000000000073e+04 8.545250360023989300e-01
1.116150000000000000e+04 8.569503101842452786e-01
1.116179999999999927e+04 8.597588628073621342e-01
1.116210000000000036e+04 8.627801887646043832e-01
1.116239999999999964e+04 8.658015147218284246e-01
1.116270000000000073e+04 8.688228406790706737e-01
1.116300000000000000e+04 8.718441666362946041e-01
1.116329999999999927e+04 8.752513592598025749e-01
1.116360000000000036e+04 8.787413749305335031e-01
1.116389999999999964e+04 8.822313906012434481e-01
1.116420000000000073e+04 8.857214062719744874e-01
1.116450000000000000e+04 8.892114219426843214e-01
1.116479999999999927e+04 8.930380996619170508e-01
1.116510000000000036e+04 8.968862483742544578e-01
1.116539999999999964e+04 9.007343970865684391e-01
1.116560000000000036e+04 9.032998295614600437e-01
1.116600000000000000e+04 9.084306945112198273e-01
1.116629999999999927e+04 9.125185506263909785e-01
1.116660000000000036e+04 9.166080218069659891e-01
1.116689999999999964e+04 9.206974929875161306e-01
1.116700000000000000e+04 9.220606500477077638e-01
1.116839999999999964e+04 9.415386602418591711e-01
1.117000000000000000e+04 9.641702248009645926e-01
1.117150000000000000e+04 9.852926405678561483e-01
1.117300000000000000e+04 1.005920783812832342e+00
1.117450000000000000e+04 1.025694907856729010e+00
1.117600000000000000e+04 1.044317804728426502e+00
1.117750000000000000e+04 1.061538997974253329e+00
1.117900000000000000e+04 1.077129926376954039e+00
1.118050000000000000e+04 1.090903860685849436e+00
1.118200000000000000e+04 1.102695419935538546e+00
1.118350000000000000e+04 1.112225765128085575e+00
1.118500000000000000e+04 1.119298626668696173e+00
1.118650000000000000e+04 1.124067983260350401e+00
1.118800000000000000e+04 1.126556413863176065e+00
1.118950000000000000e+04 1.126843490389752844e+00
1.119100000000000000e+04 1.125048063752378980e+00
1.119239999999999964e+04 1.121697395808123776e+00
1.119400000000000000e+04 1.115708393131661369e+00
1.119550000000000000e+04 1.108488206827830336e+00
1.119700000000000000e+04 1.100160494870483729e+00
1.119850000000000000e+04 1.090973173508033023e+00
1.120000000000000000e+04 1.081148656175427103e+00

1.110000000000000000e+04 6.559744594391717087e-02
1.110029999999999927e+04 6.759769258830909677e-02
1.110060000000000036e+04 6.971665256089486229e-02
1.110089999999999964e+04 7.196466124377824680e-02
1.110120000000000073e+04 7.435324234852339065e-02
1.110150000000000000e+04 7.689527978234204919e-02
1.110179999999999927e+04 7.960521880098821168e-02
1.110210000000000036e+04 8.249930277475771290e-02
1.110239999999999964e+04 8.559585315994085175e-02
1.110260000000000036e+04 8.778282880662063858e-02
1.110300000000000000e+04 9.248208885462017026e-02
1.110329999999999927e+04 9.632213585117142818e-02
1.110360000000000036e+04 1.004664207408814541e-01
1.110389999999999964e+04 1.049501697748169010e-01
1.110420000000000073e+04 1.098140010531238886e-01
1.110450000000000000e+04 1.151049562854722375e-01
1.110479999999999927e+04 1.208777703322659325e-01
1.110510000000000036e+04 1.271964427341159831e-01
1.110539999999999964e+04 1.341361952536318514e-01
1.110570000000000073e+04 1.417859260447328351e-01
1.110589999999999964e+04 1.473315602671660396e-01
1.110629999999999927e+04 1.596587209075582270e-01
1.110660000000000036e+04 1.701602982068948500e-01
1.110689999999999964e+04 1.819404116224064560e-01
1.110720000000000073e+04 1.952241033947957061e-01
1.110750000000000000e+04 2.102880966637842575e-01
1.110779999999999927e+04 2.274752681687904621e-01
1.110810000000000036e+04 2.472137605242756553e-01
1.110839999999999964e+04 2.700422865122031890e-01
1.110870000000000073e+04 2.966435955870161401e-01
1.110900000000000000e+04 3.278884090852703936e-01
1.110929999999999927e+04 3.648920276376715344e-01
1.110960000000000036e+04 4.090843601513435845e-01
1.110989999999999964e+04 4.622891588355838577e-01
1.111020000000000073e+04 5.267950059269662644e-01
1.111050000000000000e+04 6.053695475366898116e-01
1.111079999999999927e+04 7.011037374514300646e-01
1.111110000000000036e+04 8.168582779385892279e-01
1.111139999999999964e+04 9.539325865682738437e-01
1.111170000000000073e+04 1.109481608498000815e+00
1.111200000000000000e+04 1.272638427335400779e+00
1.111229999999999927e+04 1.423913068460787912e+00
1.111260000000000036e+04 1.547236192174137548e+00
1.111289999999999964e+04 1.637458567115726682e+00
1.111320000000000073e+04 1.695361071647617290e+00
1.111350000000000000e+04 1.724622399553346952e+00
1.111379999999999927e+04 1.730372219552898549e+00
1.111410000000000036e+04 1.718049364367924436e+00
1.111439999999999964e+04 1.692669104938336444e+00
1.111470000000000073e+04 1.658476145717681538e+00
1.111500000000000000e+04 1.618860279759533949e+00
1.111529999999999927e+04 1.576406765611592542e+00
1.111560000000000036e+04 1.533012847404615631e+00
1.111589999999999964e+04 1.490024410111949305e+00
1.111620000000000073e+04 1.448351212371823626e+00
1.111650000000000000e+04 1.408585968924157994e+00
1.111679999999999927e+04 1.371085445697652672e+00
1.111710000000000036e+04 1.336050734427080888e+00
1.111739999999999964e+04 1.303581521853053315e+00
1.111770000000000073e+04 1.274745884387777473e+00
1.111800000000000000e+04 1.246755627453640436e+00
1.111829999999999927e+04 1.221617945077065226e+00
1.111860000000000036e+04 1.198266688370293043e+00
1.111889999999999964e+04 1.176892335426583669e+00
1.111920000000000073e+04 1.157818613252827200e+00
1.111950000000000000e+04 1.139680017505987797e+00
1.111979999999999927e+04 1.124409044024184956e+00
1.112010000000000036e+04 1.109138070542289523e+00
1.112039999999999964e+04 1.097056719097627253e+00
1.112070000000000073e+04 1.085087096275621610e+00
1.112100000000000000e+04 1.074868830108485440e+00
1.112129999999999927e+04 1.065710799572365586e+00
1.112160000000000036e+04 1.057062143399011722e+00
1.112189999999999964e+04 1.050260638734533902e+00
1.112220000000000073e+04 1.043459134070014560e+00
1.112250000000000000e+04 1.038095361685886786e+00
1.112279999999999927e+04 1.033221359546399265e+00
1.112310000000000036e+04 1.028670113893999538e+00
1.112339999999999964e+04 1.025317443661341477e+00
1.112370000000000073e+04 1.021964773428662765e+00
1.112400000000000000e+04 1.019317804897186930e+00
1.112429999999999927e+04 1.017112796451693502e+00
1.112450000000000000e+04 1.015642790821355668e+00
1.112489999999999964e+04 1.013482473085653091e+00
1.112520000000000073e+04 1.012094621346217194e+00
1.112550000000000000e+04 1.010831331140926936e+00
1.112579999999999927e+04 1.009985275325541609e+00
1.112610000000000036e+04 1.009139219510151175e+00
1.112639999999999964e+04 1.008437219268778717e+00
1.112670000000000073e+04 1.007916966376701584e+00
1.112700000000000000e+04 1.007396713484627782e+00
1.112729999999999927e+04 1.006963275286582027e+00
1.112760000000000036e+04 1.006589940198270750e+00
1.112789999999999964e+04 1.006216605109961915e+00
1.112820000000000073e+04 1.005835016599563980e+00
1.112850000000000000e+04 1.005449475158023631e+00
1.112879999999999927e+04 1.005063933716483282e+00
1.112910000000000036e+04 1.004572575263923850e+00
1.112939999999999964e+04 1.004035413874645233e+00
1.112970000000000073e+04 1.003498252485363507e+00
1.113000000000000000e+04 1.002804108102489433e+00
1.113029999999999927e+04 1.002027702169019596e+00
1.113060000000000036e+04 1.001251296235545318e+00
1.113089999999999964e+04 1.000363705790131119e+00
1.113120000000000073e+04 9.993854814226703631e-01
1.113150000000000000e+04 9.984072570552156023e-01
1.113179999999999927e+04 9.974158396828761708e-01
1.113210000000000036e+04 9.964030936453394105e-01
1.113229999999999927e+04 9.957279296203209729e-01
1.113270000000000073e+04 9.944047219293715711e-01
1.113300000000000000e+04 9.935728765027801446e-01
1.113329999999999927e+04 9.927410310761886070e-01
1.113360000000000036e+04 9.919091856495920734e-01
1.113389999999999964e+04 9.913289293095373100e-01
1.113420000000000073e+04 9.907916255163933261e-01
1.113450000000000000e+04 9.902543217232525619e-01
1.113479999999999927e+04 9.898265572937018364e-01
1.113510000000000036e+04 9.895105788750473419e-01
1.113539999999999964e+04 9.891946004563947348e-01
1.113570000000000073e+04 9.888976301508384248e-01
1.113600000000000000e+04 9.888450014148982836e-01
1.113629999999999927e+04 9.887923726789581425e-01
1.113660000000000036e+04 9.887397439430176682e-01
1.113689999999999964e+04 9.887402144195298614e-01
1.113720000000000073e+04 9.887782092066557116e-01
1.113750000000000000e+04 9.888162039937813397e-01
1.113770000000000073e+04 9.888415338518652398e-01
1.113810000000000036e+04 9.887512412838919129e-01
1.113839999999999964e+04 9.886532061510536762e-01
1.113870000000000073e+04 9.885551710182147733e-01
1.113900000000000000e+04 9.883155438468903542e-01
1.113920000000000073e+04 9.880270002525612938e-01
1.113960000000000036e+04 9.874499130639059485e-01
1.113989999999999964e+04 9.870170976724149670e-01
1.114020000000000073e+04 9.862130739757843934e-01
1.114050000000000000e+04 9.852827900619746115e-01
1.114070000000000073e+04 9.846626007860976859e-01
1.114110000000000036e+04 9.834184762108404421e-01
1.114139999999999964e+04 9.818585266773925957e-01
1.114170000000000073e+04 9.802985771439352014e-01
1.114200000000000000e+04 9.787386276104873550e-01
1.114220000000000073e+04 9.776986612548490552e-01
1.114260000000000036e+04 9.747764736117470186e-01
1.114289999999999964e+04 9.725159320494189963e-01
1.114320000000000073e+04 9.702553904870772072e-01
1.114350000000000000e+04 9.677562427373442855e-01
1.114379999999999927e+04 9.647833586165803776e-01
1.114410000000000036e+04 9.618104744957983732e-01
1.114439999999999964e+04 9.588375903750345763e-01
1.114470000000000073e+04 9.556030440262998082e-01
1.114500000000000000e+04 9.519828259837126438e-01
1.114520000000000073e+04 9.495693472886398423e-01
1.114560000000000036e+04 9.447423898985162216e-01
1.114589999999999964e+04 9.409205357622902888e-01
1.114620000000000073e+04 9.368084878533025073e-01
1.114650000000000000e+04 9.326964399443394838e-01
1.114670000000000073e+04 9.299550746716809257e-01
1.114710000000000036e+04 9.243833365634067656e-01
1.114739999999999964e+04 9.200185893846636320e-01
1.114770000000000073e+04 9.156538422058940752e-01
1.114800000000000000e+04 9.112890950271509416e-01
1.114820000000000073e+04 9.083792635746378297e-01
1.114860000000000036e+04 9.026089848475883359e-01
1.114889999999999964e+04 8.982843553272394921e-01
1.114920000000000073e+04 8.939597258068645580e-01
1.114950000000000000e+04 8.896495017930174942e-01
1.114979999999999927e+04 8.856364085157594213e-01
1.115010000000000036e+04 8.816233152384770344e-01
1.115039999999999964e+04 8.776102219612189614e-01
1.115070000000000073e+04 8.735971286839365746e-01
1.115100000000000000e+04 8.700188393823573563e-01
1.115129999999999927e+04 8.665506151361409559e-01
1.115160000000000036e+04 8.630823908899034613e-01
1.115189999999999964e+04 8.596141666436869500e-01
1.115220000000000073e+04 8.565078121861016136e-01
1.115250000000000000e+04 8.537837861817125784e-01
1.115279999999999927e+04 8.510597601773236542e-01
1.115310000000000036e+04 8.483357341729181877e-01
1.115339999999999964e+04 8.457093877888022249e-01
1.115370000000000073e+04 8.438652640842809749e-01
1.115400000000000000e+04 8.420211403797709382e-01
1.115429999999999927e+04 8.401770166752609015e-01
1.115460000000000036e+04 8.383328929707396515e-01
1.115479999999999927e+04 8.374259516531400438e-01
1.115520000000000073e+04 8.362356949195773881e-01
1.115550000000000000e+04 8.353430023694107254e-01
1.115579999999999927e+04 8.344503098192441737e-01
1.115610000000000036e+04 8.337162414175517400e-01
1.115639999999999964e+04 8.337564808488741042e-01
1.115670000000000073e+04 8.337967202801968014e-01
1.115700000000000000e+04 8.338369597115191656e-01
1.115729999999999927e+04 8.338771991428416408e-01
1.115760000000000036e+04 8.344485395238673275e-01
1.115789999999999964e+04 8.353676691552432976e-01
1.115820000000000073e+04 8.362867987866248187e-01
1.115850000000000000e+04 8.372059284180007888e-01
1.115879999999999927e+04 8.381250580493767588e-01
1.115910000000000036e+04 8.398301805608644477e-01
1.115939999999999964e+04 8.415554201702191151e-01
1.115970000000000073e+04 8.432806597795843295e-01
1.116000000000000000e+04 8.450058993889389969e-01
1.116029999999999927e+04 8.469291902298974328e-01
1.116060000000000036e+04 8.493559848088227948e-01
1.116089999999999964e+04 8.517827793877335019e-01
1.116120000000000073e+04 8.542095739666587528e-01
1.116150000000000000e+04 8.566363685455694599e-01
1.116179999999999927e+04 8.593768863011225223e-01
1.116210000000000036e+04 8.624000422242575903e-01
1.116239999999999964e+04 8.654231981473744506e-01
1.116270000000000073e+04 8.684463540705095186e-01
1.116300000000000000e+04 8.714695099936263789e-01
1.116329999999999927e+04 8.748237959025835231e-01
1.116360000000000036e+04 8.783157609412636235e-01
1.116389999999999964e+04 8.818077259799226297e-01
1.116420000000000073e+04 8.852996910186028412e-01
1.116450000000000000e+04 8.887916560572618474e-01
1.116479999999999927e+04 8.925784843808797220e-01
1.116510000000000036e+04 8.964286928040703373e-01
1.116539999999999964e+04 9.002789012272375269e-01
1.116560000000000036e+04 9.028457068426979371e-01
1.116600000000000000e+04 9.079793180735953317e-01
1.116629999999999927e+04 9.120410176873173791e-01
1.116660000000000036e+04 9.161325604955178337e-01
1.116689999999999964e+04 9.202241033036935303e-01
1.116700000000000000e+04 9.215879509064270891e-01
1.116839999999999964e+04 9.410600370377300017e-01
1.117000000000000000e+04 9.636979238930483138e-01
1.117150000000000000e+04 9.848359898315338645e-01
1.117300000000000000e+04 1.005488865313841851e+00
1.117450000000000000e+04 1.025296433498647186e+00
1.117600000000000000e+04 1.043959207355791063e+00
1.117750000000000000e+04 1.061227028657818927e+00
1.117900000000000000e+04 1.076869964375748889e+00
1.118050000000000000e+04 1.090700947051269853e+00
1.118200000000000000e+04 1.102553637023103494e+00
1.118350000000000000e+04 1.112086919176052513e+00
1.118500000000000000e+04 1.119222416014191923e+00
1.118650000000000000e+04 1.124055321187040990e+00
1.118800000000000000e+04 1.126606392788520816e+00
1.118950000000000000e+04 1.126952730864792196e+00
1.119100000000000000e+04 1.125211574271051118e+00
1.119239999999999964e+04 1.121907191953682936e+00
1.119400000000000000e+04 1.115913542170595907e+00
1.119550000000000000e+04 1.108729959308337065e+00
1.119700000000000000e+04 1.100428908658872995e+00
1.119850000000000000e+04 1.091258330938998933e+00
1.120000000000000000e+04 1.081441926820681854e+00

1.110000000000000000e+04 6.718647326547966259e-02
1.110029999999999927e+04 6.924557910355975954e-02
1.110060000000000036e+04 7.142710434269125552e-02
1.110089999999999964e+04 7.374171656253050711e-02
1.110120000000000073e+04 7.620131021580159314e-02
1.110150000000000000e+04 7.881918408485295846e-02
1.110179999999999927e+04 8.161024893069038222e-02
1.110210000000000036e+04 8.459127186997916770e-02
1.110239999999999964e+04 8.778116530646137838e-02
1.110260000000000036e+04 9.003425413944809996e-02
1.110300000000000000e+04 9.487606447796924358e-02
1.110329999999999927e+04 9.883305513319677604e-02
1.110360000000000036e+04 1.031039669348933624e-01
1.110389999999999964e+04 1.077251577334653598e-01
1.110420000000000073e+04 1.127385471981607323e-01
1.110450000000000000e+04 1.181926795101403416e-01
1.110479999999999927e+04 1.241440302537573509e-01
1.110510000000000036e+04 1.306586232977957340e-01
1.110539999999999964e+04 1.378140433648709362e-01
1.110570000000000073e+04 1.457019570709306711e-01
1.110589999999999964e+04 1.514204731507248214e-01
1.110629999999999927e+04 1.641322706152606170e-01
1.110660000000000036e+04 1.749615691638309045e-01
1.110689999999999964e+04 1.871089504271466475e-01
1.110720000000000073e+04 2.008058578696190477e-01
1.110750000000000000e+04 2.163366128952723955e-01
1.110779999999999927e+04 2.340530832953203466e-01
1.110810000000000036e+04 2.543939716257218042e-01
1.110839999999999964e+04 2.779102109708428414e-01
1.110870000000000073e+04 3.052983023125961370e-01
1.110900000000000000e+04 3.374436265256011147e-01
1.110929999999999927e+04 3.754753984116874777e-01
1.110960000000000036e+04 4.208329875545390175e-01
1.110989999999999964e+04 4.753375055083189915e-01
1.111020000000000073e+04 5.412479597266542930e-01
1.111050000000000000e+04 6.212486029722364966e-01
1.111079999999999927e+04 7.182491984289574027e-01
1.111110000000000036e+04 8.347721157749573573e-01
1.111139999999999964e+04 9.715735425258333890e-01
1.111170000000000073e+04 1.125122652023486047e+00
1.111200000000000000e+04 1.284278877381173301e+00
1.111229999999999927e+04 1.430976773701515770e+00
1.111260000000000036e+04 1.550877421356069874e+00
1.111289999999999964e+04 1.639010971426839491e+00
1.111320000000000073e+04 1.695921621723208261e+00
1.111350000000000000e+04 1.725007254829038272e+00
1.111379999999999927e+04 1.731099690038754524e+00
1.111410000000000036e+04 1.719378917760265413e+00
1.111439999999999964e+04 1.694672148424183566e+00
1.111470000000000073e+04 1.661107497107636055e+00
1.111500000000000000e+04 1.622014846952732237e+00
1.111529999999999927e+04 1.579956357699720426e+00
1.111560000000000036e+04 1.536831233223672211e+00
1.111589999999999964e+04 1.493997234487556058e+00
1.111620000000000073e+04 1.452383357264409147e+00
1.111650000000000000e+04 1.412599894022867231e+00
1.111679999999999927e+04 1.375021342214667985e+00
1.111710000000000036e+04 1.339861173047581566e+00
1.111739999999999964e+04 1.307225306734129733e+00
1.111770000000000073e+04 1.278101746432301011e+00
1.111800000000000000e+04 1.250157315740157538e+00
1.111829999999999927e+04 1.224580573688947904e+00
1.111860000000000036e+04 1.201244868661480503e+00
1.111889999999999964e+04 1.179443781139313918e+00
1.111920000000000073e+04 1.160359228973557810e+00
1.111950000000000000e+04 1.141822398421248552e+00
1.111979999999999927e+04 1.126522101867633019e+00
1.112010000000000036e+04 1.111221805313924671e+00
1.112039999999999964e+04 1.098766422334840565e+00
1.112070000000000073e+04 1.086755097899803957e+00
1.112100000000000000e+04 1.076206729756392200e+00
1.112129999999999927e+04 1.066999429500015584e+00
1.112160000000000036e+04 1.058062566127117243e+00
1.112189999999999964e+04 1.051207223979238714e+00
1.112220000000000073e+04 1.044351881831318885e+00
1.112250000000000000e+04 1.038738000248083715e+00
1.112279999999999927e+04 1.033808199800116512e+00
1.112310000000000036e+04 1.029047319278636907e+00
1.112339999999999964e+04 1.025639555596236985e+00
1.112370000000000073e+04 1.022231791913816412e+00
1.112400000000000000e+04 1.019415187071693651e+00
1.112429999999999927e+04 1.017158136019865822e+00
1.112450000000000000e+04 1.015653435318638165e+00
1.112489999999999964e+04 1.013345267717608689e+00
1.112520000000000073e+04 1.011910312391626210e+00
1.112550000000000000e+04 1.010545878521037944e+00
1.112579999999999927e+04 1.009658731513785490e+00
1.112610000000000036e+04 1.008771584506527264e+00
1.112639999999999964e+04 1.007997532586887957e+00
1.112670000000000073e+04 1.007442057820788772e+00
1.112700000000000000e+04 1.006886583054692919e+00
1.112729999999999927e+04 1.006405857191557507e+00
1.112760000000000036e+04 1.006003013602052576e+00
1.112789999999999964e+04 1.005600170012550310e+00
1.112820000000000073e+04 1.005193879480491104e+00
1.112850000000000000e+04 1.004785041070833440e+00
1.112879999999999927e+04 1.004376202661175776e+00
1.112910000000000036e+04 1.003881415437970048e+00
1.112939999999999964e+04 1.003328546073344540e+00
1.112970000000000073e+04 1.002775676708715480e+00
1.113000000000000000e+04 1.002095242305121037e+00
1.113029999999999927e+04 1.001312521943881872e+00
1.113060000000000036e+04 1.000529801582637823e+00
1.113089999999999964e+04 9.996599116550398678e-01
1.113120000000000073e+04 9.986833702302069238e-01
1.113150000000000000e+04 9.977068288053799749e-01
1.113179999999999927e+04 9.967214443563335857e-01
1.113210000000000036e+04 9.957134325138579101e-01
1.113229999999999927e+04 9.950414246188803435e-01
1.113270000000000073e+04 9.937060598775953046e-01
1.113300000000000000e+04 9.928755146074061955e-01
1.113329999999999927e+04 9.920449693372170863e-01
1.113360000000000036e+04 9.912144240670229811e-01
1.113389999999999964e+04 9.906002990657178930e-01
1.113420000000000073e+04 9.900571643268908373e-01
1.113450000000000000e+04 9.895140295880671122e-01
1.113479999999999927e+04 9.890579981064748782e-01
1.113510000000000036e+04 9.887360760325117903e-01
1.113539999999999964e+04 9.884141539585507008e-01
1.113570000000000073e+04 9.880922318845877239e-01
1.113600000000000000e+04 9.880185842562653198e-01
1.113629999999999927e+04 9.879523497390551023e-01
1.113660000000000036e+04 9.878861152218444408e-01
1.113689999999999964e+04 9.878626248637920604e-01
1.113720000000000073e+04 9.878845661184971760e-01
1.113750000000000000e+04 9.879065073732022917e-01
1.113770000000000073e+04 9.879211348763390355e-01
1.113810000000000036e+04 9.878244593087761594e-01
1.113839999999999964e+04 9.877117175919798431e-01
1.113870000000000073e+04 9.875989758751828607e-01
1.113900000000000000e+04 9.873796273285196934e-01
1.113920000000000073e+04 9.870835897574375961e-01
1.113960000000000036e+04 9.864915146152761771e-01
1.113989999999999964e+04 9.860474582586556958e-01
1.114020000000000073e+04 9.852855640698838791e-01
1.114050000000000000e+04 9.843487538203936627e-01
1.114070000000000073e+04 9.837242136540630399e-01
1.114110000000000036e+04 9.824751333214073457e-01
1.114139999999999964e+04 9.809743745998144027e-01
1.114170000000000073e+04 9.794142640723095816e-01
1.114200000000000000e+04 9.778541535448143085e-01
1.114220000000000073e+04 9.768140798598110575e-01
1.114260000000000036e+04 9.739701244587166684e-01
1.114289999999999964e+04 9.717162947637112413e-01
1.114320000000000073e+04 9.694624650686920475e-01
1.114350000000000000e+04 9.670438104703016347e-01
1.114379999999999927e+04 9.640849645726234929e-01
1.114410000000000036e+04 9.611261186749273655e-01
1.114439999999999964e+04 9.581672727772493348e-01
1.114470000000000073e+04 9.550144019866293466e-01
1.114500000000000000e+04 9.514153031975560726e-01
1.114520000000000073e+04 9.490159040048260497e-01
1.114560000000000036e+04 9.442171056193877643e-01
1.114589999999999964e+04 9.404678863133023592e-01
1.114620000000000073e+04 9.363826461888875574e-01
1.114650000000000000e+04 9.322974060644974026e-01
1.114670000000000073e+04 9.295739126482208681e-01
1.114710000000000036e+04 9.240642892231060168e-01
1.114739999999999964e+04 9.197295567333002575e-01
1.114770000000000073e+04 9.153948242434681859e-01
1.114800000000000000e+04 9.110600917536623156e-01
1.114820000000000073e+04 9.081702700937743789e-01
1.114860000000000036e+04 9.024354883805442151e-01
1.114889999999999964e+04 8.981404630166571756e-01
1.114920000000000073e+04 8.938454376527440459e-01
1.114950000000000000e+04 8.895504122888570064e-01
1.114979999999999927e+04 8.855473297835708690e-01
1.115010000000000036e+04 8.815612160572497968e-01
1.115039999999999964e+04 8.775751023309529275e-01
1.115070000000000073e+04 8.735889886046318553e-01
1.115100000000000000e+04 8.699797513170237639e-01
1.115129999999999927e+04 8.665344847431644126e-01
1.115160000000000036e+04 8.630892181692841891e-01
1.115189999999999964e+04 8.596439515954248378e-01
1.115220000000000073e+04 8.564830805253689228e-01
1.115250000000000000e+04 8.537763434302199084e-01
1.115279999999999927e+04 8.510696063350708940e-01
1.115310000000000036e+04 8.483628692399055593e-01
1.115339999999999964e+04 8.456647293629587780e-01
1.115370000000000073e+04 8.438316208448836120e-01
1.115400000000000000e+04 8.419985123268195482e-01
1.115429999999999927e+04 8.401654038087553733e-01
1.115460000000000036e+04 8.383322952906802072e-01
1.115479999999999927e+04 8.373348194260598065e-01
1.115520000000000073e+04 8.361501611444636106e-01
1.115550000000000000e+04 8.352616674332717928e-01
1.115579999999999927e+04 8.343731737220799749e-01
1.115610000000000036e+04 8.335485491122629487e-01
1.115639999999999964e+04 8.335876238560840923e-01
1.115670000000000073e+04 8.336266985999055690e-01
1.115700000000000000e+04 8.336657733437268236e-01
1.115729999999999927e+04 8.337048480875479672e-01
1.115760000000000036e+04 8.341838898344745568e-01
1.115789999999999964e+04 8.350974508565440768e-01
1.115820000000000073e+04 8.360110118786191480e-01
1.115850000000000000e+04 8.369245729006886680e-01
1.115879999999999927e+04 8.378381339227582991e-01
1.115910000000000036e+04 8.394526786973709465e-01
1.115939999999999964e+04 8.411683970496592888e-01
1.115970000000000073e+04 8.428841154019579562e-01
1.116000000000000000e+04 8.445998337542462986e-01
1.116029999999999927e+04 8.464421382959708140e-01
1.116060000000000036e+04 8.488567176169193873e-01
1.116089999999999964e+04 8.512712969378531946e-01
1.116120000000000073e+04 8.536858762588017679e-01
1.116150000000000000e+04 8.561004555797356863e-01
1.116179999999999927e+04 8.587673999191318686e-01
1.116210000000000036e+04 8.617759314058884845e-01
1.116239999999999964e+04 8.647844628926268928e-01
1.116270000000000073e+04 8.677929943793835088e-01
1.116300000000000000e+04 8.708015258661219171e-01
1.116329999999999927e+04 8.740931089155078437e-01
1.116360000000000036e+04 8.775693778835862435e-01
1.116389999999999964e+04 8.810456468516436601e-01
1.116420000000000073e+04 8.845219158197220599e-01
1.116450000000000000e+04 8.879981847877794765e-01
1.116479999999999927e+04 8.917324011109518667e-01
1.116510000000000036e+04 8.955659825152216813e-01
1.116539999999999964e+04 8.993995639194682923e-01
1.116560000000000036e+04 9.019552848556482427e-01
1.116600000000000000e+04 9.070667267279847179e-01
1.116629999999999927e+04 9.110872246058230317e-01
1.116660000000000036e+04 9.151619357209002104e-01
1.116689999999999964e+04 9.192366468359527421e-01
1.116700000000000000e+04 9.205948838743117646e-01
1.116839999999999964e+04 9.399758826464161832e-01
1.117000000000000000e+04 9.625234101811342979e-01
1.117150000000000000e+04 9.835888179105712892e-01
1.117300000000000000e+04 1.004181310364549828e+00
1.117450000000000000e+04 1.023941982441957554e+00
1.117600000000000000e+04 1.042569989017399834e+00
1.117750000000000000e+04 1.059815423605506624e+00
1.117900000000000000e+04 1.075448186851252874e+00
1.118050000000000000e+04 1.089280986173350785e+00
1.118200000000000000e+04 1.101147433243129914e+00
1.118350000000000000e+04 1.110654238831885410e+00
1.118500000000000000e+04 1.117825231534631758e+00
1.118650000000000000e+04 1.122704453332315166e+00
1.118800000000000000e+04 1.125311246697348944e+00
1.118950000000000000e+04 1.125719999061192578e+00
1.119100000000000000e+04 1.124045985505351508e+00
1.119239999999999964e+04 1.120804524331247443e+00
1.119400000000000000e+04 1.114849023392705307e+00
1.119550000000000000e+04 1.107738797894173066e+00
1.119700000000000000e+04 1.099505572684212895e+00
1.119850000000000000e+04 1.090395661571403441e+00
1.120000000000000000e+04 1.080632548315836328e+00

1.110000000000000000e+04 6.785833799813446865e-02
1.110029999999999927e+04 6.993803489459535228e-02
1.110060000000000036e+04 7.214137538611817280e-02
1.110089999999999964e+04 7.447913372815581634e-02
1.110120000000000073e+04 7.696332331795960324e-02
1.110150000000000000e+04 7.960737592570148180e-02
1.110179999999999927e+04 8.242635141999728188e-02
1.110210000000000036e+04 8.543718458867896604e-02
1.110239999999999964e+04 8.865897695952598689e-02
1.110260000000000036e+04 9.093459668084258318e-02
1.110300000000000000e+04 9.582482512274892450e-02
1.110329999999999927e+04 9.982138568452875171e-02
1.110360000000000036e+04 1.041350066042422973e-01
1.110389999999999964e+04 1.088024093108000134e-01
1.110420000000000073e+04 1.138659326701423474e-01
1.110450000000000000e+04 1.193746063052417428e-01
1.110479999999999927e+04 1.253854705562949534e-01
1.110510000000000036e+04 1.319652095307737028e-01
1.110539999999999964e+04 1.391921837985196364e-01
1.110570000000000073e+04 1.471589766416399880e-01
1.110589999999999964e+04 1.529346778822320840e-01
1.110629999999999927e+04 1.657735933214132262e-01
1.110660000000000036e+04 1.767111848554692166e-01
1.110689999999999964e+04 1.889800399314181256e-01
1.110720000000000073e+04 2.028139164483152290e-01
1.110750000000000000e+04 2.184999790242251327e-01
1.110779999999999927e+04 2.363936141282735603e-01
1.110810000000000036e+04 2.569379113419790195e-01
1.110839999999999964e+04 2.806893130805513392e-01
1.110870000000000073e+04 3.083512853357220918e-01
1.110900000000000000e+04 3.408180627908571347e-01
1.110929999999999927e+04 3.792301523958043208e-01
1.110960000000000036e+04 4.250413174300844421e-01
1.110989999999999964e+04 4.800908805634022114e-01
1.111020000000000073e+04 5.466604393239208326e-01
1.111050000000000000e+04 6.274610890019588494e-01
1.111079999999999927e+04 7.254316904132470656e-01
1.111110000000000036e+04 8.431198369327069786e-01
1.111139999999999964e+04 9.812892779510917762e-01
1.111170000000000073e+04 1.136373878543720961e+00
1.111200000000000000e+04 1.297121666154985142e+00
1.111229999999999927e+04 1.445286541438530969e+00
1.111260000000000036e+04 1.566386195569630546e+00
1.111289999999999964e+04 1.655401081141107955e+00
1.111320000000000073e+04 1.712880837940440548e+00
1.111350000000000000e+04 1.742257327377328524e+00
1.111379999999999927e+04 1.748410686939142034e+00
1.111410000000000036e+04 1.736572706937868249e+00
1.111439999999999964e+04 1.711618869908425600e+00
1.111470000000000073e+04 1.677718572078712667e+00
1.111500000000000000e+04 1.638234995422259477e+00
1.111529999999999927e+04 1.595755921276717615e+00
1.111560000000000036e+04 1.552199545555908999e+00
1.111589999999999964e+04 1.508937206832431821e+00
1.111620000000000073e+04 1.466907190837053232e+00
1.111650000000000000e+04 1.426725892963095710e+00
1.111679999999999927e+04 1.388771555636814536e+00
1.111710000000000036e+04 1.353259784778057417e+00
1.111739999999999964e+04 1.320297559801471010e+00
1.111770000000000073e+04 1.290882763896624041e+00
1.111800000000000000e+04 1.262658888897559173e+00
1.111829999999999927e+04 1.236826379425837397e+00
1.111860000000000036e+04 1.213257317348095388e+00
1.111889999999999964e+04 1.191238218950706917e+00
1.111920000000000073e+04 1.171962821263293542e+00
1.111950000000000000e+04 1.153240622405461213e+00
1.111979999999999927e+04 1.137787322886309349e+00
1.112010000000000036e+04 1.122334023367063782e+00
1.112039999999999964e+04 1.109754086558188968e+00
1.112070000000000073e+04 1.097622648878802121e+00
1.112100000000000000e+04 1.086968797053956326e+00
1.112129999999999927e+04 1.077669423795015957e+00
1.112160000000000036e+04 1.068643191788388291e+00
1.112189999999999964e+04 1.061719296219031161e+00
1.112220000000000073e+04 1.054795400649631842e+00
1.112250000000000000e+04 1.049125380250564454e+00
1.112279999999999927e+04 1.044146281798117748e+00
1.112310000000000036e+04 1.039337792471423549e+00
1.112339999999999964e+04 1.035895951152199457e+00
1.112370000000000073e+04 1.032454109832954492e+00
1.112400000000000000e+04 1.029609338942410579e+00
1.112429999999999927e+04 1.027329717380064622e+00
1.112450000000000000e+04 1.025809969671824584e+00
1.112489999999999964e+04 1.023478720394784824e+00
1.112520000000000073e+04 1.022029415515542716e+00
1.112550000000000000e+04 1.020651337306248463e+00
1.112579999999999927e+04 1.019755318828923230e+00
1.112610000000000036e+04 1.018859300351592667e+00
1.112639999999999964e+04 1.018077507912756863e+00
1.112670000000000073e+04 1.017516478398996727e+00
1.112700000000000000e+04 1.016955448885239921e+00
1.112729999999999927e+04 1.016469915763473120e+00
1.112760000000000036e+04 1.016063043738073324e+00
1.112789999999999964e+04 1.015656171712675970e+00
1.112820000000000073e+04 1.015245818275296141e+00
1.112850000000000000e+04 1.014832891481541877e+00
1.112879999999999927e+04 1.014419964687787612e+00
1.112910000000000036e+04 1.013920229592349731e+00
1.112939999999999964e+04 1.013361831534077773e+00
1.112970000000000073e+04 1.012803433475802706e+00
1.113000000000000000e+04 1.012116194728172269e+00
1.113029999999999927e+04 1.011325647163320740e+00
1.113060000000000036e+04 1.010535099598464326e+00
1.113089999999999964e+04 1.009656510771590243e+00
1.113120000000000073e+04 1.008670203932509057e+00
1.113150000000000000e+04 1.007683897093433867e+00
1.113179999999999927e+04 1.006688658799896885e+00
1.113210000000000036e+04 1.005670566838996471e+00
1.113229999999999927e+04 1.004991838865069154e+00
1.113270000000000073e+04 1.003643120476371164e+00
1.113300000000000000e+04 1.002804269753480249e+00
1.113329999999999927e+04 1.001965419030589333e+00
1.113360000000000036e+04 1.001126568307693310e+00
1.113389999999999964e+04 1.000506302056375141e+00
1.113420000000000073e+04 9.999577359701598001e-01
1.113450000000000000e+04 9.994091698839477900e-01
1.113479999999999927e+04 9.989485780875395626e-01
1.113510000000000036e+04 9.986234367928369382e-01
1.113539999999999964e+04 9.982982954981362012e-01
1.113570000000000073e+04 9.979731542034335767e-01
1.113600000000000000e+04 9.978987700988279919e-01
1.113629999999999927e+04 9.978318732364456212e-01
1.113660000000000036e+04 9.977649763740629174e-01
1.113689999999999964e+04 9.977412511124300609e-01
1.113720000000000073e+04 9.977634117796821966e-01
1.113750000000000000e+04 9.977855724469343324e-01
1.113770000000000073e+04 9.978003462251024969e-01
1.113810000000000036e+04 9.977027039018638854e-01
1.113839999999999964e+04 9.975888347678997237e-01
1.113870000000000073e+04 9.974749656339347847e-01
1.113900000000000000e+04 9.972534236018049114e-01
1.113920000000000073e+04 9.969544256550120220e-01
1.113960000000000036e+04 9.963564297614289078e-01
1.113989999999999964e+04 9.959079328412422383e-01
1.114020000000000073e+04 9.951384197105828111e-01
1.114050000000000000e+04 9.941922413585976281e-01
1.114070000000000073e+04 9.935614557906036204e-01
1.114110000000000036e+04 9.922998846546216001e-01
1.114139999999999964e+04 9.907841183458125922e-01
1.114170000000000073e+04 9.892084067130327840e-01
1.114200000000000000e+04 9.876326950802624127e-01
1.114220000000000073e+04 9.865822206584091703e-01
1.114260000000000036e+04 9.837098257033038973e-01
1.114289999999999964e+04 9.814334577113483782e-01
1.114320000000000073e+04 9.791570897193789813e-01
1.114350000000000000e+04 9.767142485750046621e-01
1.114379999999999927e+04 9.737258142183498055e-01
1.114410000000000036e+04 9.707373798616767413e-01
1.114439999999999964e+04 9.677489455050218847e-01
1.114470000000000073e+04 9.645645460064957710e-01
1.114500000000000000e+04 9.609294562295317421e-01
1.114520000000000073e+04 9.585060630448744012e-01
1.114560000000000036e+04 9.536592766755817019e-01
1.114589999999999964e+04 9.498725651764354794e-01
1.114620000000000073e+04 9.457464726507763819e-01
1.114650000000000000e+04 9.416203801251424865e-01
1.114670000000000073e+04 9.388696517747030512e-01
1.114710000000000036e+04 9.333049321153370492e-01
1.114739999999999964e+04 9.289268523006332101e-01
1.114770000000000073e+04 9.245487724859028367e-01
1.114800000000000000e+04 9.201706926711989976e-01
1.114820000000000073e+04 9.172519727947120449e-01
1.114860000000000036e+04 9.114598432643497006e-01
1.114889999999999964e+04 9.071218676468237874e-01
1.114920000000000073e+04 9.027838920292714509e-01
1.114950000000000000e+04 8.984459164117455376e-01
1.114979999999999927e+04 8.944028030814065167e-01
1.115010000000000036e+04 8.903768282178222693e-01
1.115039999999999964e+04 8.863508533542624468e-01
1.115070000000000073e+04 8.823248784906781994e-01
1.115100000000000000e+04 8.786795488301939461e-01
1.115129999999999927e+04 8.751998295905960568e-01
1.115160000000000036e+04 8.717201103509770732e-01
1.115189999999999964e+04 8.682403911113790729e-01
1.115220000000000073e+04 8.650479113306226431e-01
1.115250000000000000e+04 8.623141068645221452e-01
1.115279999999999927e+04 8.595803023984217583e-01
1.115310000000000036e+04 8.568464979323047181e-01
1.115339999999999964e+04 8.541213766565884935e-01
1.115370000000000073e+04 8.522699370533325380e-01
1.115400000000000000e+04 8.504184974500877958e-01
1.115429999999999927e+04 8.485670578468430536e-01
1.115460000000000036e+04 8.467156182435870981e-01
1.115479999999999927e+04 8.457081676203205278e-01
1.115520000000000073e+04 8.445116627559082767e-01
1.115550000000000000e+04 8.436142841076045285e-01
1.115579999999999927e+04 8.427169054593007802e-01
1.115610000000000036e+04 8.418840346033855671e-01
1.115639999999999964e+04 8.419235000946448944e-01
1.115670000000000073e+04 8.419629655859046657e-01
1.115700000000000000e+04 8.420024310771639930e-01
1.115729999999999927e+04 8.420418965684234314e-01
1.115760000000000036e+04 8.425257287328192790e-01
1.115789999999999964e+04 8.434484253651094443e-01
1.115820000000000073e+04 8.443711219974053828e-01
1.115850000000000000e+04 8.452938186296955481e-01
1.115879999999999927e+04 8.462165152619858244e-01
1.115910000000000036e+04 8.478472054843446681e-01
1.115939999999999964e+04 8.495800810201558084e-01
1.115970000000000073e+04 8.513129565559774958e-01
1.116000000000000000e+04 8.530458320917887471e-01
1.116029999999999927e+04 8.549065596789304777e-01
1.116060000000000036e+04 8.573452847930885801e-01
1.116089999999999964e+04 8.597840099072318054e-01
1.116120000000000073e+04 8.622227350213897967e-01
1.116150000000000000e+04 8.646614601355331331e-01
1.116179999999999927e+04 8.673550739183233382e-01
1.116210000000000036e+04 8.703936907199474327e-01
1.116239999999999964e+04 8.734323075215532084e-01
1.116270000000000073e+04 8.764709243231774138e-01
1.116300000000000000e+04 8.795095411247830786e-01
1.116329999999999927e+04 8.828340400046629233e-01
1.116360000000000036e+04 8.863450716624221570e-01
1.116389999999999964e+04 8.898561033201600745e-01
1.116420000000000073e+04 8.933671349779193083e-01
1.116450000000000000e+04 8.968781666356572257e-01
1.116479999999999927e+04 9.006497251220614286e-01
1.116510000000000036e+04 9.045216423403739103e-01
1.116539999999999964e+04 9.083935595586629663e-01
1.116560000000000036e+04 9.109748377042047318e-01
1.116600000000000000e+04 9.161373939952646150e-01
1.116629999999999927e+04 9.201980968518812531e-01
1.116660000000000036e+04 9.243135550781093057e-01
1.116689999999999964e+04 9.284290133043122673e-01
1.116700000000000000e+04 9.298008327130549144e-01
1.116839999999999964e+04 9.493756414728803383e-01
1.117000000000000000e+04 9.721486442829456731e-01
1.117150000000000000e+04 9.934247060896770343e-01
1.117300000000000000e+04 1.014223123468195320e+00
1.117450000000000000e+04 1.034181402266377336e+00
1.117600000000000000e+04 1.052995688907573779e+00
1.117750000000000000e+04 1.070413577841561770e+00
1.117900000000000000e+04 1.086202668719765452e+00
1.118050000000000000e+04 1.100173796035084139e+00
1.118200000000000000e+04 1.112158907575560907e+00
1.118350000000000000e+04 1.121760781220204395e+00
1.118500000000000000e+04 1.129003483849978062e+00
1.118650000000000000e+04 1.133931497865638516e+00
1.118800000000000000e+04 1.136564359164322413e+00
1.118950000000000000e+04 1.136977199051804499e+00
1.119100000000000000e+04 1.135286445360405017e+00
1.119239999999999964e+04 1.132012569574559979e+00
1.119400000000000000e+04 1.125997513626632696e+00
1.119550000000000000e+04 1.118816185873114932e+00
1.119700000000000000e+04 1.110500628411055013e+00
1.119850000000000000e+04 1.101299618187117524e+00
1.120000000000000000e+04 1.091438873798994624e+00

1.110000000000000000e+04 6.766810655924708484e-02
1.110029999999999927e+04 6.975284814575154202e-02
1.110060000000000036e+04 7.196201073699019790e-02
1.110089999999999964e+04 7.430647389589047080e-02
1.110120000000000073e+04 7.679837263063944708e-02
1.110150000000000000e+04 7.945127956078017195e-02
1.110179999999999927e+04 8.228041818302560262e-02
1.110210000000000036e+04 8.530291399824223297e-02
1.110239999999999964e+04 8.853809157529526908e-02
1.110260000000000036e+04 9.082371920190124293e-02
1.110300000000000000e+04 9.573697164162213447e-02
1.110329999999999927e+04 9.975385220156558763e-02
1.110360000000000036e+04 1.040908841989767880e-01
1.110389999999999964e+04 1.087853061955168232e-01
1.110420000000000073e+04 1.138800770037484839e-01
1.110450000000000000e+04 1.194249730403074139e-01
1.110479999999999927e+04 1.254779389754384911e-01
1.110510000000000036e+04 1.321067598930631137e-01
1.110539999999999964e+04 1.393911444526265975e-01
1.110570000000000073e+04 1.474253364641570918e-01
1.110589999999999964e+04 1.532525167143867217e-01
1.110629999999999927e+04 1.662134600861901179e-01
1.110660000000000036e+04 1.772629512483226977e-01
1.110689999999999964e+04 1.896656216643458903e-01
1.110720000000000073e+04 2.036604191735716940e-01
1.110750000000000000e+04 2.195411596481632033e-01
1.110779999999999927e+04 2.376718069402628808e-01
1.110810000000000036e+04 2.585065716131516034e-01
1.110839999999999964e+04 2.826163698186212048e-01
1.110870000000000073e+04 3.107235246553382568e-01
1.110900000000000000e+04 3.437467481118730572e-01
1.110929999999999927e+04 3.828579395652132455e-01
1.110960000000000036e+04 4.295500371281302798e-01
1.110989999999999964e+04 4.857084911431732710e-01
1.111020000000000073e+04 5.536625125615891596e-01
1.111050000000000000e+04 6.361560929184879587e-01
1.111079999999999927e+04 7.361085009410455182e-01
1.111110000000000036e+04 8.559214851857640527e-01
1.111139999999999964e+04 9.959684011424579930e-01
1.111170000000000073e+04 1.151905714575979900e+00
1.111200000000000000e+04 1.311389676565979157e+00
1.111229999999999927e+04 1.456067825815229977e+00
1.111260000000000036e+04 1.572948250090498989e+00
1.111289999999999964e+04 1.657954571008200428e+00
1.111320000000000073e+04 1.711947718826414500e+00
1.111350000000000000e+04 1.738476213805555393e+00
1.111379999999999927e+04 1.742417640240346621e+00
1.111410000000000036e+04 1.728928995942786484e+00
1.111439999999999964e+04 1.702784117641905182e+00
1.111470000000000073e+04 1.668051935718451340e+00
1.111500000000000000e+04 1.628008630181051908e+00
1.111529999999999927e+04 1.585171654336982039e+00
1.111560000000000036e+04 1.541404504617698290e+00
1.111589999999999964e+04 1.498036961846892945e+00
1.111620000000000073e+04 1.455976254879234322e+00
1.111650000000000000e+04 1.415815766975320855e+00
1.111679999999999927e+04 1.377916833729186719e+00
1.111710000000000036e+04 1.342482671309713105e+00
1.111739999999999964e+04 1.309611176446306979e+00
1.111770000000000073e+04 1.280294377307233278e+00
1.111800000000000000e+04 1.252169867498918121e+00
1.111829999999999927e+04 1.226434975201925015e+00
1.111860000000000036e+04 1.202961875787185608e+00
1.111889999999999964e+04 1.181034757286584913e+00
1.111920000000000073e+04 1.161844289318829215e+00
1.111950000000000000e+04 1.143204925091774848e+00
1.111979999999999927e+04 1.127822080143486394e+00
1.112010000000000036e+04 1.112439235195104681e+00
1.112039999999999964e+04 1.099916471714754040e+00
1.112070000000000073e+04 1.087840134313522444e+00
1.112100000000000000e+04 1.077233700690195750e+00
1.112129999999999927e+04 1.067974703599911646e+00
1.112160000000000036e+04 1.058987319351897272e+00
1.112189999999999964e+04 1.052090507546893816e+00
1.112220000000000073e+04 1.045193695741848394e+00
1.112250000000000000e+04 1.039543459841970607e+00
1.112279999999999927e+04 1.034580123779802463e+00
1.112310000000000036e+04 1.029786396605552490e+00
1.112339999999999964e+04 1.026351305129720393e+00
1.112370000000000073e+04 1.022916213653867423e+00
1.112400000000000000e+04 1.020074794944128893e+00
1.112429999999999927e+04 1.017795309548805482e+00
1.112450000000000000e+04 1.016275652618580549e+00
1.112489999999999964e+04 1.013940884281305577e+00
1.112520000000000073e+04 1.012487377129026811e+00
1.112550000000000000e+04 1.011104790473746462e+00
1.112579999999999927e+04 1.010202191382098436e+00
1.112610000000000036e+04 1.009299592290445080e+00
1.112639999999999964e+04 1.008510937438308552e+00
1.112670000000000073e+04 1.007942500882654357e+00
1.112700000000000000e+04 1.007374064327003715e+00
1.112729999999999927e+04 1.006881361258571195e+00
1.112760000000000036e+04 1.006467566320437657e+00
1.112789999999999964e+04 1.006053771382306561e+00
1.112820000000000073e+04 1.005637465328420355e+00
1.112850000000000000e+04 1.005219303132323994e+00
1.112879999999999927e+04 1.004801140936227855e+00
1.112910000000000036e+04 1.004297817839656659e+00
1.112939999999999964e+04 1.003736945054373830e+00
1.112970000000000073e+04 1.003176072269087671e+00
1.113000000000000000e+04 1.002488232750821329e+00
1.113029999999999927e+04 1.001698587016861319e+00
1.113060000000000036e+04 1.000908941282896425e+00
1.113089999999999964e+04 1.000032531008161918e+00
1.113120000000000073e+04 9.990499647828244845e-01
1.113150000000000000e+04 9.980673985574928242e-01
1.113179999999999927e+04 9.970762083984652246e-01
1.113210000000000036e+04 9.960629514514464100e-01
1.113229999999999927e+04 9.953874468201067138e-01
1.113270000000000073e+04 9.940451224416038123e-01
1.113300000000000000e+04 9.932100261643771466e-01
1.113329999999999927e+04 9.923749298871504809e-01
1.113360000000000036e+04 9.915398336099187082e-01
1.113389999999999964e+04 9.909216189368256211e-01
1.113420000000000073e+04 9.903745458535820889e-01
1.113450000000000000e+04 9.898274727703418874e-01
1.113479999999999927e+04 9.893677068025107380e-01
1.113510000000000036e+04 9.890423641146056655e-01
1.113539999999999964e+04 9.887170214267025914e-01
1.113570000000000073e+04 9.883916787387975189e-01
1.113600000000000000e+04 9.883150517477705677e-01
1.113629999999999927e+04 9.882458510429710241e-01
1.113660000000000036e+04 9.881766503381710365e-01
1.113689999999999964e+04 9.881503717389725772e-01
1.113720000000000073e+04 9.881697138870016994e-01
1.113750000000000000e+04 9.881890560350308217e-01
1.113770000000000073e+04 9.882019508003836439e-01
1.113810000000000036e+04 9.881020708397161290e-01
1.113839999999999964e+04 9.879870092444004159e-01
1.113870000000000073e+04 9.878719476490840368e-01
1.113900000000000000e+04 9.876503447642863698e-01
1.113920000000000073e+04 9.873528963992562746e-01
1.113960000000000036e+04 9.867579996691988597e-01
1.113989999999999964e+04 9.863118271216564370e-01
1.114020000000000073e+04 9.855479074522904837e-01
1.114050000000000000e+04 9.846091216429254667e-01
1.114070000000000073e+04 9.839832644366783843e-01
1.114110000000000036e+04 9.827315500241898816e-01
1.114139999999999964e+04 9.812288955285652925e-01
1.114170000000000073e+04 9.796668976239555349e-01
1.114200000000000000e+04 9.781048997193553252e-01
1.114220000000000073e+04 9.770635677829487831e-01
1.114260000000000036e+04 9.742171516722278879e-01
1.114289999999999964e+04 9.719614852735810606e-01
1.114320000000000073e+04 9.697058188749205776e-01
1.114350000000000000e+04 9.672853339344710255e-01
1.114379999999999927e+04 9.643246785439580915e-01
1.114410000000000036e+04 9.613640231534272829e-01
1.114439999999999964e+04 9.584033677629143488e-01
1.114470000000000073e+04 9.552486935824928693e-01
1.114500000000000000e+04 9.516478054396737551e-01
1.114520000000000073e+04 9.492472133444465054e-01
1.114560000000000036e+04 9.444460291540138774e-01
1.114589999999999964e+04 9.406950301782228685e-01
1.114620000000000073e+04 9.366080320602807596e-01
1.114650000000000000e+04 9.325210339423634087e-01
1.114670000000000073e+04 9.297963685304020398e-01
1.114710000000000036e+04 9.242844159909063828e-01
1.114739999999999964e+04 9.199479847651894637e-01
1.114770000000000073e+04 9.156115535394462324e-01
1.114800000000000000e+04 9.112751223137293133e-01
1.114820000000000073e+04 9.083841681632338627e-01
1.114860000000000036e+04 9.026472324601937380e-01
1.114889999999999964e+04 8.983506065991797573e-01
1.114920000000000073e+04 8.940539807381397974e-01
1.114950000000000000e+04 8.897573548771259278e-01
1.114979999999999927e+04 8.857527997028348254e-01
1.115010000000000036e+04 8.817652207373432027e-01
1.115039999999999964e+04 8.777776417718758939e-01
1.115070000000000073e+04 8.737900628063843822e-01
1.115100000000000000e+04 8.701794766877225529e-01
1.115129999999999927e+04 8.667329119294405748e-01
1.115160000000000036e+04 8.632863471711378356e-01
1.115189999999999964e+04 8.598397824128559686e-01
1.115220000000000073e+04 8.566776878513185922e-01
1.115250000000000000e+04 8.539698465373271041e-01
1.115279999999999927e+04 8.512620052233357271e-01
1.115310000000000036e+04 8.485541639093279187e-01
1.115339999999999964e+04 8.458549218884382492e-01
1.115370000000000073e+04 8.440209199978073729e-01
1.115400000000000000e+04 8.421869181071875987e-01
1.115429999999999927e+04 8.403529162165678246e-01
1.115460000000000036e+04 8.385189143259368372e-01
1.115479999999999927e+04 8.375208945430545615e-01
1.115520000000000073e+04 8.363353348149807909e-01
1.115550000000000000e+04 8.354461650189307642e-01
1.115579999999999927e+04 8.345569952228808486e-01
1.115610000000000036e+04 8.337317089170450668e-01
1.115639999999999964e+04 8.337703165445609077e-01
1.115670000000000073e+04 8.338089241720770817e-01
1.115700000000000000e+04 8.338475317995929226e-01
1.115729999999999927e+04 8.338861394271087635e-01
1.115760000000000036e+04 8.343648121375935034e-01
1.115789999999999964e+04 8.352781009886476316e-01
1.115820000000000073e+04 8.361913898397071998e-01
1.115850000000000000e+04 8.371046786907613280e-01
1.115879999999999927e+04 8.380179675418153451e-01
1.115910000000000036e+04 8.396323957631219859e-01
1.115939999999999964e+04 8.413480200225397221e-01
1.115970000000000073e+04 8.430636442819678944e-01
1.116000000000000000e+04 8.447792685413857416e-01
1.116029999999999927e+04 8.466215072898707339e-01
1.116060000000000036e+04 8.490361487554309861e-01
1.116089999999999964e+04 8.514507902209766943e-01
1.116120000000000073e+04 8.538654316865370575e-01
1.116150000000000000e+04 8.562800731520827657e-01
1.116179999999999927e+04 8.589471367973774418e-01
1.116210000000000036e+04 8.619558649603471512e-01
1.116239999999999964e+04 8.649645931232985419e-01
1.116270000000000073e+04 8.679733212862681402e-01
1.116300000000000000e+04 8.709820494492196419e-01
1.116329999999999927e+04 8.742738953987937434e-01
1.116360000000000036e+04 8.777504704769814037e-01
1.116389999999999964e+04 8.812270455551480808e-01
1.116420000000000073e+04 8.847036206333358521e-01
1.116450000000000000e+04 8.881801957115024182e-01
1.116479999999999927e+04 8.919147812642124196e-01
1.116510000000000036e+04 8.957487562125436842e-01
1.116539999999999964e+04 8.995827311608516341e-01
1.116560000000000036e+04 9.021387144597391439e-01
1.116600000000000000e+04 9.072506810574908487e-01
1.116629999999999927e+04 9.112716226291263100e-01
1.116660000000000036e+04 9.153467919834256117e-01
1.116689999999999964e+04 9.194219613377002664e-01
1.116700000000000000e+04 9.207803511224667004e-01
1.116839999999999964e+04 9.401636086036591067e-01
1.117000000000000000e+04 9.627138870683763505e-01
1.117150000000000000e+04 9.837819491418595685e-01
1.117300000000000000e+04 1.004377089054277583e+00
1.117450000000000000e+04 1.024140331270722903e+00
1.117600000000000000e+04 1.042770771333667135e+00
1.117750000000000000e+04 1.060018453033682251e+00
1.117900000000000000e+04 1.075653231460672155e+00
1.118050000000000000e+04 1.089487776426541821e+00
1.118200000000000000e+04 1.101355666356833352e+00
1.118350000000000000e+04 1.110863543353702410e+00
1.118500000000000000e+04 1.118035233705453546e+00
1.118650000000000000e+04 1.122914782944442580e+00
1.118800000000000000e+04 1.125521534295916171e+00
1.118950000000000000e+04 1.125929885945512687e+00
1.119100000000000000e+04 1.124255131143008235e+00
1.119239999999999964e+04 1.121012703401617516e+00
1.119400000000000000e+04 1.115055731190019772e+00
1.119550000000000000e+04 1.107943879579154300e+00
1.119700000000000000e+04 1.099708849409830602e+00
1.119850000000000000e+04 1.090596996550849962e+00
1.120000000000000000e+04 1.080831842886485372e+00

1.110000000000000000e+04 6.737910361021776096e-02
1.110029999999999927e+04 6.944436416278955415e-02
1.110060000000000036e+04 7.163239385680006399e-02
1.110089999999999964e+04 7.395388868767822921e-02
1.110120000000000073e+04 7.642077449908690756e-02
1.110150000000000000e+04 7.904638480281846180e-02
1.110179999999999927e+04 8.184566885775132472e-02
1.110210000000000036e+04 8.483543652503171273e-02
1.110239999999999964e+04 8.803464775935697373e-02
1.110260000000000036e+04 9.029429274921078885e-02
1.110300000000000000e+04 9.515011983401477913e-02
1.110329999999999927e+04 9.911849085867066589e-02
1.110360000000000036e+04 1.034016083953417098e-01
1.110389999999999964e+04 1.080359132744044548e-01
1.110420000000000073e+04 1.130634183146269900e-01
1.110450000000000000e+04 1.185327722809928069e-01
1.110479999999999927e+04 1.245005682018871795e-01
1.110510000000000036e+04 1.310329617287295245e-01
1.110539999999999964e+04 1.382076851746419366e-01
1.110570000000000073e+04 1.461165699374737947e-01
1.110589999999999964e+04 1.518500827360539929e-01
1.110629999999999927e+04 1.645945782426118109e-01
1.110660000000000036e+04 1.754510194921676813e-01
1.110689999999999964e+04 1.876280434555614163e-01
1.110720000000000073e+04 2.013573276789070166e-01
1.110750000000000000e+04 2.169234140250162479e-01
1.110779999999999927e+04 2.346783458896666563e-01
1.110810000000000036e+04 2.550609016744351254e-01
1.110839999999999964e+04 2.786218958196705064e-01
1.110870000000000073e+04 3.060573539632979179e-01
1.110900000000000000e+04 3.382515495807795203e-01
1.110929999999999927e+04 3.763314937269388039e-01
1.110960000000000036e+04 4.217324826543453753e-01
1.110989999999999964e+04 4.762684268131708309e-01
1.111020000000000073e+04 5.421860493678128945e-01
1.111050000000000000e+04 6.221494714531778936e-01
1.111079999999999927e+04 7.190373501021924962e-01
1.111110000000000036e+04 8.353285937900882807e-01
1.111139999999999964e+04 9.717297360734616918e-01
1.111170000000000073e+04 1.124681396454770832e+00
1.111200000000000000e+04 1.283111761192614164e+00
1.111229999999999927e+04 1.429175112732928410e+00
1.111260000000000036e+04 1.548675565535339249e+00
1.111289999999999964e+04 1.636624177520648704e+00
1.111320000000000073e+04 1.693518919197596784e+00
1.111350000000000000e+04 1.722710552774456838e+00
1.111379999999999927e+04 1.728985917125751337e+00
1.111410000000000036e+04 1.717487791460823310e+00
1.111439999999999964e+04 1.693016154077982449e+00
1.111470000000000073e+04 1.659681166475314829e+00
1.111500000000000000e+04 1.620802113204050210e+00
1.111529999999999927e+04 1.578935754708186145e+00
1.111560000000000036e+04 1.535979479927267688e+00
1.111589999999999964e+04 1.493291389708313988e+00
1.111620000000000073e+04 1.451802078713662736e+00
1.111650000000000000e+04 1.412124031795539025e+00
1.111679999999999927e+04 1.374634065674952499e+00
1.111710000000000036e+04 1.339547851443224413e+00
1.111739999999999964e+04 1.306972638999601255e+00
1.111770000000000073e+04 1.277894776683176525e+00
1.111800000000000000e+04 1.249992011735684416e+00
1.111829999999999927e+04 1.224450161728396935e+00
1.111860000000000036e+04 1.201142937380680342e+00
1.111889999999999964e+04 1.179366616639731413e+00
1.111920000000000073e+04 1.160300257019827974e+00
1.111950000000000000e+04 1.141780550333531208e+00
1.111979999999999927e+04 1.126491062725077708e+00
1.112010000000000036e+04 1.111201575116531393e+00
1.112039999999999964e+04 1.098752468827514761e+00
1.112070000000000073e+04 1.086746713649245466e+00
1.112100000000000000e+04 1.076202011239751011e+00
1.112129999999999927e+04 1.066996631789312033e+00
1.112160000000000036e+04 1.058061393320949728e+00
1.112189999999999964e+04 1.051205398558951565e+00
1.112220000000000073e+04 1.044349403796911879e+00
1.112250000000000000e+04 1.038733754016645250e+00
1.112279999999999927e+04 1.033801570652785440e+00
1.112310000000000036e+04 1.029038196331359289e+00
1.112339999999999964e+04 1.025627050622956782e+00
1.112370000000000073e+04 1.022215904914533624e+00
1.112400000000000000e+04 1.019395711888513967e+00
1.112429999999999927e+04 1.017134877516687963e+00
1.112450000000000000e+04 1.015627654602128116e+00
1.112489999999999964e+04 1.013314497989786123e+00
1.112520000000000073e+04 1.011875824310331184e+00
1.112550000000000000e+04 1.010507719707581131e+00
1.112579999999999927e+04 1.009617224267613134e+00
1.112610000000000036e+04 1.008726728827639363e+00
1.112639999999999964e+04 1.007949474394719491e+00
1.112670000000000073e+04 1.007391079131609413e+00
1.112700000000000000e+04 1.006832683868502887e+00
1.112729999999999927e+04 1.006349285875767219e+00
1.112760000000000036e+04 1.005944028935291223e+00
1.112789999999999964e+04 1.005538771994817671e+00
1.112820000000000073e+04 1.005130434369726933e+00
1.112850000000000000e+04 1.004719819594033225e+00
1.112879999999999927e+04 1.004309204818339518e+00
1.112910000000000036e+04 1.003813176623795433e+00
1.112939999999999964e+04 1.003259428094694039e+00
1.112970000000000073e+04 1.002705679565589092e+00
1.113000000000000000e+04 1.002025037903643057e+00
1.113029999999999927e+04 1.001242649041081068e+00
1.113060000000000036e+04 1.000460260178514416e+00
1.113089999999999964e+04 9.995911663192716956e-01
1.113120000000000073e+04 9.986159893613055782e-01
1.113150000000000000e+04 9.976408124033452340e-01
1.113179999999999927e+04 9.966568795325729813e-01
1.113210000000000036e+04 9.956505421676916656e-01
1.113229999999999927e+04 9.949796505911102651e-01
1.113270000000000073e+04 9.936464867272262191e-01
1.113300000000000000e+04 9.928169644262931914e-01
1.113329999999999927e+04 9.919874421253601637e-01
1.113360000000000036e+04 9.911579198244221400e-01
1.113389999999999964e+04 9.905439274082915579e-01
1.113420000000000073e+04 9.900006331904993573e-01
1.113450000000000000e+04 9.894573389727103763e-01
1.113479999999999927e+04 9.890010985954797995e-01
1.113510000000000036e+04 9.886788915409996381e-01
1.113539999999999964e+04 9.883566844865213641e-01
1.113570000000000073e+04 9.880344774320412027e-01
1.113600000000000000e+04 9.879593453217047072e-01
1.113629999999999927e+04 9.878915905071236070e-01
1.113660000000000036e+04 9.878238356925420627e-01
1.113689999999999964e+04 9.877986066145100219e-01
1.113720000000000073e+04 9.878185769937416483e-01
1.113750000000000000e+04 9.878385473729732746e-01
1.113770000000000073e+04 9.878518609591276922e-01
1.113810000000000036e+04 9.877526816226062101e-01
1.113839999999999964e+04 9.876381017180798638e-01
1.113870000000000073e+04 9.875235218135528514e-01
1.113900000000000000e+04 9.873024818077097420e-01
1.113920000000000073e+04 9.870055227819075627e-01
1.113960000000000036e+04 9.864116047303058687e-01
1.113989999999999964e+04 9.859661661916053754e-01
1.114020000000000073e+04 9.852033068385751546e-01
1.114050000000000000e+04 9.842657609227252191e-01
1.114070000000000073e+04 9.836407303121549317e-01
1.114110000000000036e+04 9.823906690910197970e-01
1.114139999999999964e+04 9.808899858780877334e-01
1.114170000000000073e+04 9.793300362299910411e-01
1.114200000000000000e+04 9.777700865819037856e-01
1.114220000000000073e+04 9.767301201498392871e-01
1.114260000000000036e+04 9.738874546581280933e-01
1.114289999999999964e+04 9.716347625644220498e-01
1.114320000000000073e+04 9.693820704707023506e-01
1.114350000000000000e+04 9.669647989738369143e-01
1.114379999999999927e+04 9.640081407714259365e-01
1.114410000000000036e+04 9.610514825689969731e-01
1.114439999999999964e+04 9.580948243665859954e-01
1.114470000000000073e+04 9.549444505558013496e-01
1.114500000000000000e+04 9.513485600544356879e-01
1.114520000000000073e+04 9.489512997201774436e-01
1.114560000000000036e+04 9.441567790516826042e-01
1.114589999999999964e+04 9.404110213176781752e-01
1.114620000000000073e+04 9.363298097019900901e-01
1.114650000000000000e+04 9.322485980863266519e-01
1.114670000000000073e+04 9.295277903425346322e-01
1.114710000000000036e+04 9.240236528480518796e-01
1.114739999999999964e+04 9.196934052814582650e-01
1.114770000000000073e+04 9.153631577148384491e-01
1.114800000000000000e+04 9.110329101482448344e-01
1.114820000000000073e+04 9.081460784371648831e-01
1.114860000000000036e+04 9.024171901413996499e-01
1.114889999999999964e+04 8.981265731569153532e-01
1.114920000000000073e+04 8.938359561724049662e-01
1.114950000000000000e+04 8.895453391879206695e-01
1.114979999999999927e+04 8.855462896590233779e-01
1.115010000000000036e+04 8.815641870893049514e-01
1.115039999999999964e+04 8.775820845196106168e-01
1.115070000000000073e+04 8.735999819498921903e-01
1.115100000000000000e+04 8.699943415490797305e-01
1.115129999999999927e+04 8.665524916222639984e-01
1.115160000000000036e+04 8.631106416954272831e-01
1.115189999999999964e+04 8.596687917686115510e-01
1.115220000000000073e+04 8.565110175480963317e-01
1.115250000000000000e+04 8.538068666372025106e-01
1.115279999999999927e+04 8.511027157263088005e-01
1.115310000000000036e+04 8.483985648153986592e-01
1.115339999999999964e+04 8.457030021409029930e-01
1.115370000000000073e+04 8.438715670978125249e-01
1.115400000000000000e+04 8.420401320547331592e-01
1.115429999999999927e+04 8.402086970116537934e-01
1.115460000000000036e+04 8.383772619685633254e-01
1.115479999999999927e+04 8.373806671121390988e-01
1.115520000000000073e+04 8.361969243122643336e-01
1.115550000000000000e+04 8.353091172123636721e-01
1.115579999999999927e+04 8.344213101124630105e-01
1.115610000000000036e+04 8.335973195332746499e-01
1.115639999999999964e+04 8.336363172614890127e-01
1.115670000000000073e+04 8.336753149897037085e-01
1.115700000000000000e+04 8.337143127179181823e-01
1.115729999999999927e+04 8.337533104461325451e-01
1.115760000000000036e+04 8.342319646258931076e-01
1.115789999999999964e+04 8.351448313745269969e-01
1.115820000000000073e+04 8.360576981231663263e-01
1.115850000000000000e+04 8.369705648718001045e-01
1.115879999999999927e+04 8.378834316204338828e-01
1.115910000000000036e+04 8.394968011601368074e-01
1.115939999999999964e+04 8.412112748599390732e-01
1.115970000000000073e+04 8.429257485597518862e-01
1.116000000000000000e+04 8.446402222595541520e-01
1.116029999999999927e+04 8.464812161142490909e-01
1.116060000000000036e+04 8.488941862171508479e-01
1.116089999999999964e+04 8.513071563200380609e-01
1.116120000000000073e+04 8.537201264229398179e-01
1.116150000000000000e+04 8.561330965258269199e-01
1.116179999999999927e+04 8.587982931035885725e-01
1.116210000000000036e+04 8.618048893038737779e-01
1.116239999999999964e+04 8.648114855041407756e-01
1.116270000000000073e+04 8.678180817044258699e-01
1.116300000000000000e+04 8.708246779046928676e-01
1.116329999999999927e+04 8.741142464541157286e-01
1.116360000000000036e+04 8.775884492368901668e-01
1.116389999999999964e+04 8.810626520196436218e-01
1.116420000000000073e+04 8.845368548024181710e-01
1.116450000000000000e+04 8.880110575851716259e-01
1.116479999999999927e+04 8.917431239033157819e-01
1.116510000000000036e+04 8.955745230139775526e-01
1.116539999999999964e+04 8.994059221246162306e-01
1.116560000000000036e+04 9.019601881983907443e-01
1.116600000000000000e+04 9.070687203459166792e-01
1.116629999999999927e+04 9.110870251672995579e-01
1.116660000000000036e+04 9.151595401042661448e-01
1.116689999999999964e+04 9.192320550412079738e-01
1.116700000000000000e+04 9.205895600201967621e-01
1.116839999999999964e+04 9.399604599165912733e-01
1.117000000000000000e+04 9.624967969961019110e-01
1.117150000000000000e+04 9.835521979098987844e-01
1.117300000000000000e+04 1.004135245978126756e+00
1.117450000000000000e+04 1.023887216427388891e+00
1.117600000000000000e+04 1.042507328280676937e+00
1.117750000000000000e+04 1.059745651868881922e+00
1.117900000000000000e+04 1.075372209708966853e+00
1.118050000000000000e+04 1.089199705158535147e+00
1.118200000000000000e+04 1.101061843553177599e+00
1.118350000000000000e+04 1.110565544654043668e+00
1.118500000000000000e+04 1.117734659024583133e+00
1.118650000000000000e+04 1.122613197754816383e+00
1.118800000000000000e+04 1.125220526171728075e+00
1.118950000000000000e+04 1.125630960686349047e+00
1.119100000000000000e+04 1.123959706133682568e+00
1.119239999999999964e+04 1.120721743192845787e+00
1.119400000000000000e+04 1.114771187032998823e+00
1.119550000000000000e+04 1.107666237238899454e+00
1.119700000000000000e+04 1.099438617678110131e+00
1.119850000000000000e+04 1.090334434788195805e+00
1.120000000000000000e+04 1.080577006119174177e+00

1.110000000000000000e+04 6.695809928147508638e-02
1.110029999999999927e+04 6.900383611585650390e-02
1.110060000000000036e+04 7.117084487852294583e-02
1.110089999999999964e+04 7.346966332144770628e-02
1.110120000000000073e+04 7.591203749364064390e-02
1.110150000000000000e+04 7.851109614224900668e-02
1.110179999999999927e+04 8.128155461795595615e-02
1.110210000000000036e+04 8.423995470811947162e-02
1.110239999999999964e+04 8.740494805201035056e-02
1.110260000000000036e+04 8.964002407232309066e-02
1.110300000000000000e+04 9.444195329960414220e-02
1.110329999999999927e+04 9.836518312654109197e-02
1.110360000000000036e+04 1.025985003044837529e-01
1.110389999999999964e+04 1.071776876357304620e-01
1.110420000000000073e+04 1.121439819988172409e-01
1.110450000000000000e+04 1.175451127463679052e-01
1.110479999999999927e+04 1.234365778882990927e-01
1.110510000000000036e+04 1.298832219219001605e-01
1.110539999999999964e+04 1.369611984158280449e-01
1.110570000000000073e+04 1.447604266725164290e-01
1.110589999999999964e+04 1.504125329301965741e-01
1.110629999999999927e+04 1.629705472486658591e-01
1.110660000000000036e+04 1.736623755785914325e-01
1.110689999999999964e+04 1.856487874309892816e-01
1.110720000000000073e+04 1.991559874671988972e-01
1.110750000000000000e+04 2.144616333891124493e-01
1.110779999999999927e+04 2.319090594965744767e-01
1.110810000000000036e+04 2.519259737854898651e-01
1.110839999999999964e+04 2.750490752864991895e-01
1.110870000000000073e+04 3.019563884834769452e-01
1.110900000000000000e+04 3.335093395008330019e-01
1.110929999999999927e+04 3.708063287727627610e-01
1.110960000000000036e+04 4.152478653789100638e-01
1.110989999999999964e+04 4.686081086044343591e-01
1.111020000000000073e+04 5.330943944788024691e-01
1.111050000000000000e+04 6.113462972418340913e-01
1.111079999999999927e+04 7.062652698720546240e-01
1.111110000000000036e+04 8.204629926619342317e-01
1.111139999999999964e+04 9.549891115876334435e-01
1.111170000000000073e+04 1.106953252990570125e+00
1.111200000000000000e+04 1.266213296736456106e+00
1.111229999999999927e+04 1.415173795668855261e+00
1.111260000000000036e+04 1.538529970687038784e+00
1.111289999999999964e+04 1.630357916683170982e+00
1.111320000000000073e+04 1.690738435125459516e+00
1.111350000000000000e+04 1.722814568197228668e+00
1.111379999999999927e+04 1.731309403259364776e+00
1.111410000000000036e+04 1.721402582639979473e+00
1.111439999999999964e+04 1.697983440776717812e+00
1.111470000000000073e+04 1.665268679214420899e+00
1.111500000000000000e+04 1.626680034437385958e+00
1.111529999999999927e+04 1.584863292540810598e+00
1.111560000000000036e+04 1.541789898170351725e+00
1.111589999999999964e+04 1.498872547752853057e+00
1.111620000000000073e+04 1.457085973039873084e+00
1.111650000000000000e+04 1.417071118374826355e+00
1.111679999999999927e+04 1.379227630119000292e+00
1.111710000000000036e+04 1.343783396599908420e+00
1.111739999999999964e+04 1.310855070152793678e+00
1.111770000000000073e+04 1.281309352639072197e+00
1.111800000000000000e+04 1.253364921946928723e+00
1.111829999999999927e+04 1.227259166540226598e+00
1.111860000000000036e+04 1.203923461512759419e+00
1.111889999999999964e+04 1.181634404689829276e+00
1.111920000000000073e+04 1.162549852524073168e+00
1.111950000000000000e+04 1.143578645550828332e+00
1.111979999999999927e+04 1.128278348997212799e+00
1.112010000000000036e+04 1.112978052443504451e+00
1.112039999999999964e+04 1.100145144243101170e+00
1.112070000000000073e+04 1.088133819808064562e+00
1.112100000000000000e+04 1.077263591274714827e+00
1.112129999999999927e+04 1.068056291018338211e+00
1.112160000000000036e+04 1.058849457735871802e+00
1.112189999999999964e+04 1.051994115587993495e+00
1.112220000000000073e+04 1.045138773440073443e+00
1.112250000000000000e+04 1.039303868226903793e+00
1.112279999999999927e+04 1.034374067778936812e+00
1.112310000000000036e+04 1.029444267330939855e+00
1.112339999999999964e+04 1.026030716327307024e+00
1.112370000000000073e+04 1.022622952644886452e+00
1.112400000000000000e+04 1.019674263058698127e+00
1.112429999999999927e+04 1.017417212006870297e+00
1.112450000000000000e+04 1.015912511305642640e+00
1.112489999999999964e+04 1.013509979307575914e+00
1.112520000000000073e+04 1.012075023981593658e+00
1.112550000000000000e+04 1.010647709840420738e+00
1.112579999999999927e+04 1.009760562833168285e+00
1.112610000000000036e+04 1.008873415825910280e+00
1.112639999999999964e+04 1.008061292851931912e+00
1.112670000000000073e+04 1.007505818085832727e+00
1.112700000000000000e+04 1.006950343319736874e+00
1.112729999999999927e+04 1.006452097661162393e+00
1.112760000000000036e+04 1.006049254071657462e+00
1.112789999999999964e+04 1.005646410482155195e+00
1.112820000000000073e+04 1.005240808066542035e+00
1.112850000000000000e+04 1.004831969656884594e+00
1.112879999999999927e+04 1.004423131247226930e+00
1.112910000000000036e+04 1.003944876641565287e+00
1.112939999999999964e+04 1.003392007276939557e+00
1.112970000000000073e+04 1.002839137912310719e+00
1.113000000000000000e+04 1.002185086994266339e+00
1.113029999999999927e+04 1.001402366633027174e+00
1.113060000000000036e+04 1.000619646271783125e+00
1.113089999999999964e+04 9.997720041277744496e-01
1.113120000000000073e+04 9.987954627029416166e-01
1.113150000000000000e+04 9.978189212781146678e-01
1.113179999999999927e+04 9.968371491662838535e-01
1.113210000000000036e+04 9.958291373238082889e-01
1.113229999999999927e+04 9.951571294288306113e-01
1.113270000000000073e+04 9.938131136388630438e-01
1.113300000000000000e+04 9.929708488868199678e-01
1.113329999999999927e+04 9.921403036166308587e-01
1.113360000000000036e+04 9.913097583464367535e-01
1.113389999999999964e+04 9.906626428786428074e-01
1.113420000000000073e+04 9.901195081398157516e-01
1.113450000000000000e+04 9.895763734009920265e-01
1.113479999999999927e+04 9.890949499862218275e-01
1.113510000000000036e+04 9.887730279122588506e-01
1.113539999999999964e+04 9.884511058382977611e-01
1.113570000000000073e+04 9.881291837643346732e-01
1.113600000000000000e+04 9.880261869965338839e-01
1.113629999999999927e+04 9.879599524793236665e-01
1.113660000000000036e+04 9.878937179621130049e-01
1.113689999999999964e+04 9.878601063331570176e-01
1.113720000000000073e+04 9.878820475878621332e-01
1.113750000000000000e+04 9.879039888425672489e-01
1.113770000000000073e+04 9.879186163457039926e-01
1.113810000000000036e+04 9.878374003858207963e-01
1.113839999999999964e+04 9.877246586690245911e-01
1.113870000000000073e+04 9.876119169522276087e-01
1.113900000000000000e+04 9.874305984125737456e-01
1.113920000000000073e+04 9.871345608414917594e-01
1.113960000000000036e+04 9.865424856993302294e-01
1.113989999999999964e+04 9.860984293427097480e-01
1.114020000000000073e+04 9.853930959929327882e-01
1.114050000000000000e+04 9.844562857434424608e-01
1.114070000000000073e+04 9.838317455771118381e-01
1.114110000000000036e+04 9.825826652444562548e-01
1.114139999999999964e+04 9.811534521507716544e-01
1.114170000000000073e+04 9.795933416232668334e-01
1.114200000000000000e+04 9.780332310957714492e-01
1.114220000000000073e+04 9.769931574107683092e-01
1.114260000000000036e+04 9.742288306817329380e-01
1.114289999999999964e+04 9.719750009867275109e-01
1.114320000000000073e+04 9.697211712917083171e-01
1.114350000000000000e+04 9.673834420974701809e-01
1.114379999999999927e+04 9.644245961997920391e-01
1.114410000000000036e+04 9.614657503020960228e-01
1.114439999999999964e+04 9.585069044044178810e-01
1.114470000000000073e+04 9.554275251503036026e-01
1.114500000000000000e+04 9.518284263612303286e-01
1.114520000000000073e+04 9.494290271685003058e-01
1.114560000000000036e+04 9.446302287830620203e-01
1.114589999999999964e+04 9.409368112924334504e-01
1.114620000000000073e+04 9.368515711680186486e-01
1.114650000000000000e+04 9.327663310436286048e-01
1.114670000000000073e+04 9.300428376273519593e-01
1.114710000000000036e+04 9.245618522256294769e-01
1.114739999999999964e+04 9.202271197358237176e-01
1.114770000000000073e+04 9.158923872459916460e-01
1.114800000000000000e+04 9.115576547561858867e-01
1.114820000000000073e+04 9.086678330962978389e-01
1.114860000000000036e+04 9.029284935938984846e-01
1.114889999999999964e+04 8.986334682300114451e-01
1.114920000000000073e+04 8.943384428660983154e-01
1.114950000000000000e+04 8.900434175022112759e-01
1.114979999999999927e+04 8.860048765223190737e-01
1.115010000000000036e+04 8.820187627959980015e-01
1.115039999999999964e+04 8.780326490697011321e-01
1.115070000000000073e+04 8.740465353433800599e-01
1.115100000000000000e+04 8.703752168238375608e-01
1.115129999999999927e+04 8.669299502499782095e-01
1.115160000000000036e+04 8.634846836760979860e-01
1.115189999999999964e+04 8.600394171022386347e-01
1.115220000000000073e+04 8.567937738009681059e-01
1.115250000000000000e+04 8.540870367058192025e-01
1.115279999999999927e+04 8.513802996106701881e-01
1.115310000000000036e+04 8.486735625155047424e-01
1.115339999999999964e+04 8.459668254203558391e-01
1.115370000000000073e+04 8.440420345163949234e-01
1.115400000000000000e+04 8.422089259983308596e-01
1.115429999999999927e+04 8.403758174802666847e-01
1.115460000000000036e+04 8.385427089621915187e-01
1.115479999999999927e+04 8.374368053270822010e-01
1.115520000000000073e+04 8.362521470454860051e-01
1.115550000000000000e+04 8.353636533342941872e-01
1.115579999999999927e+04 8.344751596231023694e-01
1.115610000000000036e+04 8.335866659119052224e-01
1.115639999999999964e+04 8.335831386550009992e-01
1.115670000000000073e+04 8.336222133988223648e-01
1.115700000000000000e+04 8.336612881426436195e-01
1.115729999999999927e+04 8.337003628864648741e-01
1.115760000000000036e+04 8.340790265779302048e-01
1.115789999999999964e+04 8.349925875999997249e-01
1.115820000000000073e+04 8.359061486220749071e-01
1.115850000000000000e+04 8.368197096441444272e-01
1.115879999999999927e+04 8.377332706662139472e-01
1.115910000000000036e+04 8.392557396759072752e-01
1.115939999999999964e+04 8.409714580281955065e-01
1.115970000000000073e+04 8.426871763804942850e-01
1.116000000000000000e+04 8.444028947327826273e-01
1.116029999999999927e+04 8.461649803999344854e-01
1.116060000000000036e+04 8.485795597208829477e-01
1.116089999999999964e+04 8.509941390418168661e-01
1.116120000000000073e+04 8.534087183627654394e-01
1.116150000000000000e+04 8.558232976836992467e-01
1.116179999999999927e+04 8.584220651232133958e-01
1.116210000000000036e+04 8.614305966099700118e-01
1.116239999999999964e+04 8.644391280967084201e-01
1.116270000000000073e+04 8.674476595834650361e-01
1.116300000000000000e+04 8.704561910702034444e-01
1.116329999999999927e+04 8.736940847936286447e-01
1.116360000000000036e+04 8.771703537617070445e-01
1.116389999999999964e+04 8.806466227297644611e-01
1.116420000000000073e+04 8.841228916978428609e-01
1.116450000000000000e+04 8.875991606659002775e-01
1.116479999999999927e+04 8.912923628206073090e-01
1.116510000000000036e+04 8.951259442248771236e-01
1.116539999999999964e+04 8.989595256291237346e-01
1.116560000000000036e+04 9.015152465653035740e-01
1.116600000000000000e+04 9.066266884376401602e-01
1.116629999999999927e+04 9.106195082008108344e-01
1.116660000000000036e+04 9.146942193158880130e-01
1.116689999999999964e+04 9.187689304309405447e-01
1.116700000000000000e+04 9.201271674692995672e-01
1.116839999999999964e+04 9.394929851444226987e-01
1.117000000000000000e+04 9.620363241117564357e-01
1.117150000000000000e+04 9.831077700259768237e-01
1.117300000000000000e+04 1.003715719763911718e+00
1.117450000000000000e+04 1.023501046410348003e+00
1.117600000000000000e+04 1.042160783288275328e+00
1.117750000000000000e+04 1.059445264061047443e+00
1.117900000000000000e+04 1.075123188873222002e+00
1.118050000000000000e+04 1.089006908303948418e+00
1.118200000000000000e+04 1.100929185185411718e+00
1.118350000000000000e+04 1.110435990774167436e+00
1.118500000000000000e+04 1.117666520257721396e+00
1.118650000000000000e+04 1.122607274631068019e+00
1.118800000000000000e+04 1.125275830823843970e+00
1.118950000000000000e+04 1.125744107820451312e+00
1.119100000000000000e+04 1.124125715148817317e+00
1.119239999999999964e+04 1.120884253974713252e+00
1.119400000000000000e+04 1.114977277567615221e+00
1.119550000000000000e+04 1.107907735829309681e+00
1.119700000000000000e+04 1.099705788602984402e+00
1.119850000000000000e+04 1.090617576980154491e+00
1.120000000000000000e+04 1.080867678015968503e+00

1.110000000000000000e+04 6.707682320681544741e-02
1.110029999999999927e+04 6.913231976290799830e-02
1.110060000000000036e+04 7.131002118507848153e-02
1.110089999999999964e+04 7.362057667762568480e-02
1.110120000000000073e+04 7.607586026069311502e-02
1.110150000000000000e+04 7.868914795140337370e-02
1.110179999999999927e+04 8.147532509518873312e-02
1.110210000000000036e+04 8.445113035857937378e-02
1.110239999999999964e+04 8.763544423313608667e-02
1.110260000000000036e+04 8.988459476416357785e-02
1.110300000000000000e+04 9.471795045907721589e-02
1.110329999999999927e+04 9.866804149395513868e-02
1.110360000000000036e+04 1.029315178102613998e-01
1.110389999999999964e+04 1.075446782981943350e-01
1.110420000000000073e+04 1.125493754766468540e-01
1.110450000000000000e+04 1.179940768062356093e-01
1.110479999999999927e+04 1.239351700170984727e-01
1.110510000000000036e+04 1.304385781574801118e-01
1.110539999999999964e+04 1.375817700058961368e-01
1.110570000000000073e+04 1.454562786798037077e-01
1.110589999999999964e+04 1.511651292217048304e-01
1.110629999999999927e+04 1.638556128190309380e-01
1.110660000000000036e+04 1.746669558352891838e-01
1.110689999999999964e+04 1.867944361743497372e-01
1.110720000000000073e+04 2.004692318398883233e-01
1.110750000000000000e+04 2.159753665403238987e-01
1.110779999999999927e+04 2.336643819342185124e-01
1.110810000000000036e+04 2.539746378404411087e-01
1.110839999999999964e+04 2.774567351057961040e-01
1.110870000000000073e+04 3.048069082913305028e-01
1.110900000000000000e+04 3.369104440887372154e-01
1.110929999999999927e+04 3.748968336800502232e-01
1.110960000000000036e+04 4.202064532605525593e-01
1.110989999999999964e+04 4.746627861141896609e-01
1.111020000000000073e+04 5.405296528373336740e-01
1.111050000000000000e+04 6.205002624789717203e-01
1.111079999999999927e+04 7.174998216433239318e-01
1.111110000000000036e+04 8.340749250189267716e-01
1.111139999999999964e+04 9.710144485301041017e-01
1.111170000000000073e+04 1.124818705332022217e+00
1.111200000000000000e+04 1.284338785803402105e+00
1.111229999999999927e+04 1.431412635766087682e+00
1.111260000000000036e+04 1.551605767122776092e+00
1.111289999999999964e+04 1.639932084108696841e+00
1.111320000000000073e+04 1.696945526878897770e+00
1.111350000000000000e+04 1.726059870131202656e+00
1.111379999999999927e+04 1.732125922872655543e+00
1.111410000000000036e+04 1.720341973055112383e+00
1.111439999999999964e+04 1.695550475399574930e+00
1.111470000000000073e+04 1.661891048651428449e+00
1.111500000000000000e+04 1.622701580013656164e+00
1.111529999999999927e+04 1.580549438143625363e+00
1.111560000000000036e+04 1.537336935164213214e+00
1.111589999999999964e+04 1.494423312540246185e+00
1.111620000000000073e+04 1.452738166410397769e+00
1.111650000000000000e+04 1.412891588236887763e+00
1.111679999999999927e+04 1.375257668355248875e+00
1.111710000000000036e+04 1.340049162273533767e+00
1.111739999999999964e+04 1.307371619326719303e+00
1.111770000000000073e+04 1.278209013071027300e+00
1.111800000000000000e+04 1.250244391762996177e+00
1.111829999999999927e+04 1.224629903538766440e+00
1.111860000000000036e+04 1.201280729343812803e+00
1.111889999999999964e+04 1.179448656637284820e+00
1.111920000000000073e+04 1.160355781860645807e+00
1.111950000000000000e+04 1.141793910023290781e+00
1.111979999999999927e+04 1.126488904202908259e+00
1.112010000000000036e+04 1.111183898382432922e+00
1.112039999999999964e+04 1.098710988997202875e+00
1.112070000000000073e+04 1.086697458260438953e+00
1.112100000000000000e+04 1.076134996640546460e+00
1.112129999999999927e+04 1.066927184279808705e+00
1.112160000000000036e+04 1.057979231291784172e+00
1.112189999999999964e+04 1.051124537527632352e+00
1.112220000000000073e+04 1.044269843763438788e+00
1.112250000000000000e+04 1.038648327369877888e+00
1.112279999999999927e+04 1.033719927444539222e+00
1.112310000000000036e+04 1.028953562502150199e+00
1.112339999999999964e+04 1.025547604094164011e+00
1.112370000000000073e+04 1.022141645686157396e+00
1.112400000000000000e+04 1.019321673081280410e+00
1.112429999999999927e+04 1.017066554542937817e+00
1.112450000000000000e+04 1.015563142184033651e+00
1.112489999999999964e+04 1.013253737444963054e+00
1.112520000000000073e+04 1.011820630006398325e+00
1.112550000000000000e+04 1.010455523978949000e+00
1.112579999999999927e+04 1.009570011260758626e+00
1.112610000000000036e+04 1.008684498542562924e+00
1.112639999999999964e+04 1.007910489370789753e+00
1.112670000000000073e+04 1.007356405658520249e+00
1.112700000000000000e+04 1.006802321946254075e+00
1.112729999999999927e+04 1.006322178357371255e+00
1.112760000000000036e+04 1.005920490794186328e+00
1.112789999999999964e+04 1.005518803231003622e+00
1.112820000000000073e+04 1.005113517927084255e+00
1.112850000000000000e+04 1.004705523351369756e+00
1.112879999999999927e+04 1.004297528775655479e+00
1.112910000000000036e+04 1.003803988762741906e+00
1.112939999999999964e+04 1.003251537310374975e+00
1.112970000000000073e+04 1.002699085858004491e+00
1.113000000000000000e+04 1.002019796379770789e+00
1.113029999999999927e+04 1.001236913984108634e+00
1.113060000000000036e+04 1.000454031588442039e+00
1.113089999999999964e+04 9.995846412380877677e-01
1.113120000000000073e+04 9.986074422048244470e-01
1.113150000000000000e+04 9.976302431715671215e-01
1.113179999999999927e+04 9.966443040908351536e-01
1.113210000000000036e+04 9.956354889657550444e-01
1.113229999999999927e+04 9.949629455490410779e-01
1.113270000000000073e+04 9.936257161883633726e-01
1.113300000000000000e+04 9.927946893444585807e-01
1.113329999999999927e+04 9.919636625005537889e-01
1.113360000000000036e+04 9.911326356566440010e-01
1.113389999999999964e+04 9.905171557663720039e-01
1.113420000000000073e+04 9.899741205528439503e-01
1.113450000000000000e+04 9.894310853393192273e-01
1.113479999999999927e+04 9.889741625030422645e-01
1.113510000000000036e+04 9.886523811617158319e-01
1.113539999999999964e+04 9.883305998203913978e-01
1.113570000000000073e+04 9.880088184790648542e-01
1.113600000000000000e+04 9.879347375232125916e-01
1.113629999999999927e+04 9.878692539902503844e-01
1.113660000000000036e+04 9.878037704572877331e-01
1.113689999999999964e+04 9.877807375148597302e-01
1.113720000000000073e+04 9.878036542200487879e-01
1.113750000000000000e+04 9.878265709252378457e-01
1.113770000000000073e+04 9.878418487286971805e-01
1.113810000000000036e+04 9.877470414702611556e-01
1.113839999999999964e+04 9.876352264725419827e-01
1.113870000000000073e+04 9.875234114748221437e-01
1.113900000000000000e+04 9.873064369867021739e-01
1.113920000000000073e+04 9.870108895730267395e-01
1.113960000000000036e+04 9.864197947456786464e-01
1.113989999999999964e+04 9.859764736251682704e-01
1.114020000000000073e+04 9.852173845593682477e-01
1.114050000000000000e+04 9.842810393777927658e-01
1.114070000000000073e+04 9.836568092567387067e-01
1.114110000000000036e+04 9.824083490146362507e-01
1.114139999999999964e+04 9.809105472797120528e-01
1.114170000000000073e+04 9.793505183326951524e-01
1.114200000000000000e+04 9.777904893856876889e-01
1.114220000000000073e+04 9.767504700876763479e-01
1.114260000000000036e+04 9.739093245407509647e-01
1.114289999999999964e+04 9.716551600057444782e-01
1.114320000000000073e+04 9.694009954707243359e-01
1.114350000000000000e+04 9.669851113102739815e-01
1.114379999999999927e+04 9.640254776717569474e-01
1.114410000000000036e+04 9.610658440332220387e-01
1.114439999999999964e+04 9.581062103947051156e-01
1.114470000000000073e+04 9.549553330881288549e-01
1.114500000000000000e+04 9.513550007028090949e-01
1.114520000000000073e+04 9.489547791125813037e-01
1.114560000000000036e+04 9.441543359321475926e-01
1.114589999999999964e+04 9.404059858556141904e-01
1.114620000000000073e+04 9.363191505979411300e-01
1.114650000000000000e+04 9.322323153402928275e-01
1.114670000000000073e+04 9.295077585018440836e-01
1.114710000000000036e+04 9.239970937719621524e-01
1.114739999999999964e+04 9.196605628981735503e-01
1.114770000000000073e+04 9.153240320243586359e-01
1.114800000000000000e+04 9.109875011505700337e-01
1.114820000000000073e+04 9.080964805680267204e-01
1.114860000000000036e+04 9.023591607194147990e-01
1.114889999999999964e+04 8.980623729180678971e-01
1.114920000000000073e+04 8.937655851166949050e-01
1.114950000000000000e+04 8.894687973153480032e-01
1.114979999999999927e+04 8.854627044928712332e-01
1.115010000000000036e+04 8.814749965633627005e-01
1.115039999999999964e+04 8.774872886338784816e-01
1.115070000000000073e+04 8.734995807043699489e-01
1.115100000000000000e+04 8.698864546616559279e-01
1.115129999999999927e+04 8.664398355249154360e-01
1.115160000000000036e+04 8.629932163881540719e-01
1.115189999999999964e+04 8.595465972514135800e-01
1.115220000000000073e+04 8.563811410918760192e-01
1.115250000000000000e+04 8.536733907460137827e-01
1.115279999999999927e+04 8.509656404001516572e-01
1.115310000000000036e+04 8.482578900542731004e-01
1.115339999999999964e+04 8.455547622675473329e-01
1.115370000000000073e+04 8.437210057743486091e-01
1.115400000000000000e+04 8.418872492811610986e-01
1.115429999999999927e+04 8.400534927879734770e-01
1.115460000000000036e+04 8.382197362947748642e-01
1.115479999999999927e+04 8.372176208884084536e-01
1.115520000000000073e+04 8.360326254736979434e-01
1.115550000000000000e+04 8.351438789126706119e-01
1.115579999999999927e+04 8.342551323516431694e-01
1.115610000000000036e+04 8.334260509319012522e-01
1.115639999999999964e+04 8.334651551534235647e-01
1.115670000000000073e+04 8.335042593749460993e-01
1.115700000000000000e+04 8.335433635964684118e-01
1.115729999999999927e+04 8.335824678179907243e-01
1.115760000000000036e+04 8.340576650210809184e-01
1.115789999999999964e+04 8.349714690817544582e-01
1.115820000000000073e+04 8.358852731424336602e-01
1.115850000000000000e+04 8.367990772031073110e-01
1.115879999999999927e+04 8.377128812637808508e-01
1.115910000000000036e+04 8.393241812373234412e-01
1.115939999999999964e+04 8.410403306229377041e-01
1.115970000000000073e+04 8.427564800085624031e-01
1.116000000000000000e+04 8.444726293941766659e-01
1.116029999999999927e+04 8.463122023736682209e-01
1.116060000000000036e+04 8.487273174200087311e-01
1.116089999999999964e+04 8.511424324663345864e-01
1.116120000000000073e+04 8.535575475126750966e-01
1.116150000000000000e+04 8.559726625590008409e-01
1.116179999999999927e+04 8.586374800936724672e-01
1.116210000000000036e+04 8.616466449105303349e-01
1.116239999999999964e+04 8.646558097273699950e-01
1.116270000000000073e+04 8.676649745442278627e-01
1.116300000000000000e+04 8.706741393610674118e-01
1.116329999999999927e+04 8.739642339869089227e-01
1.116360000000000036e+04 8.774411484368765946e-01
1.116389999999999964e+04 8.809180628868232832e-01
1.116420000000000073e+04 8.843949773367909550e-01
1.116450000000000000e+04 8.878718917867376437e-01
1.116479999999999927e+04 8.916051399547952894e-01
1.116510000000000036e+04 8.954393846580002148e-01
1.116539999999999964e+04 8.992736293611819365e-01
1.116560000000000036e+04 9.018297924966518497e-01
1.116600000000000000e+04 9.069421187675685836e-01
1.116629999999999927e+04 9.109621661821095673e-01
1.116660000000000036e+04 9.150375195926137017e-01
1.116689999999999964e+04 9.191128730030931893e-01
1.116700000000000000e+04 9.204713241399279378e-01
1.116839999999999964e+04 9.398545992997880960e-01
1.117000000000000000e+04 9.624050249944405833e-01
1.117150000000000000e+04 9.834733068079519747e-01
1.117300000000000000e+04 1.004068815525755110e+00
1.117450000000000000e+04 1.023832587038755904e+00
1.117600000000000000e+04 1.042463694457910650e+00
1.117750000000000000e+04 1.059712282323249433e+00
1.117900000000000000e+04 1.075348167949073730e+00
1.118050000000000000e+04 1.089184068910979075e+00
1.118200000000000000e+04 1.101053534430477931e+00
1.118350000000000000e+04 1.110560805998871858e+00
1.118500000000000000e+04 1.117734273240812426e+00
1.118650000000000000e+04 1.122615706593410367e+00
1.118800000000000000e+04 1.125224364519777698e+00
1.118950000000000000e+04 1.125634564179464947e+00
1.119100000000000000e+04 1.123961537060274463e+00
1.119239999999999964e+04 1.120718662436477553e+00
1.119400000000000000e+04 1.114763250964080799e+00
1.119550000000000000e+04 1.107652770637754580e+00
1.119700000000000000e+04 1.099418880785858477e+00
1.119850000000000000e+04 1.090307965708265048e+00
1.120000000000000000e+04 1.080543611426908024e+00

1.110000000000000000e+04 6.774759143888359203e-02
1.110029999999999927e+04 6.982364296053707176e-02
1.110060000000000036e+04 7.202312139692926274e-02
1.110089999999999964e+04 7.435678244440194207e-02
1.110120000000000073e+04 7.683661886330005186e-02
1.110150000000000000e+04 7.947603943091739731e-02
1.110179999999999927e+04 8.229007834614061878e-02
1.110210000000000036e+04 8.529564166216517529e-02
1.110239999999999964e+04 8.851179867546744851e-02
1.110260000000000036e+04 9.078344071180520503e-02
1.110300000000000000e+04 9.566512996366796640e-02
1.110329999999999927e+04 9.965472190889468340e-02
1.110360000000000036e+04 1.039608329883640048e-01
1.110389999999999964e+04 1.086201250811762720e-01
1.110420000000000073e+04 1.136748692314133169e-01
1.110450000000000000e+04 1.191740175742979635e-01
1.110479999999999927e+04 1.251745217172694491e-01
1.110510000000000036e+04 1.317429639390549079e-01
1.110539999999999964e+04 1.389575877059551212e-01
1.110570000000000073e+04 1.469108414666017715e-01
1.110589999999999964e+04 1.526767805139218614e-01
1.110629999999999927e+04 1.654941689472212429e-01
1.110660000000000036e+04 1.764136253936420817e-01
1.110689999999999964e+04 1.886623805360932160e-01
1.110720000000000073e+04 2.024739241582871885e-01
1.110750000000000000e+04 2.181351202057271454e-01
1.110779999999999927e+04 2.360010257535606892e-01
1.110810000000000036e+04 2.565143842188454815e-01
1.110839999999999964e+04 2.802313024568540700e-01
1.110870000000000073e+04 3.078549773742437767e-01
1.110900000000000000e+04 3.402795485296245537e-01
1.110929999999999927e+04 3.786458020168507188e-01
1.110960000000000036e+04 4.244085177931580244e-01
1.110989999999999964e+04 4.794094139753315442e-01
1.111020000000000073e+04 5.459349493657069674e-01
1.111050000000000000e+04 6.267052651037613442e-01
1.111079999999999927e+04 7.246748198597572355e-01
1.111110000000000036e+04 8.424156742691160105e-01
1.111139999999999964e+04 9.807245930154050439e-01
1.111170000000000073e+04 1.136066892385342531e+00
1.111200000000000000e+04 1.297182173661435955e+00
1.111229999999999927e+04 1.445726762123748621e+00
1.111260000000000036e+04 1.567121824794003748e+00
1.111289999999999964e+04 1.656331404949783703e+00
1.111320000000000073e+04 1.713914982147686672e+00
1.111350000000000000e+04 1.743320468832514569e+00
1.111379999999999927e+04 1.749447182101382170e+00
1.111410000000000036e+04 1.737545392785663667e+00
1.111439999999999964e+04 1.712505980153570695e+00
1.111470000000000073e+04 1.678509959137942875e+00
1.111500000000000000e+04 1.638928595813792688e+00
1.111529999999999927e+04 1.596354932525061443e+00
1.111560000000000036e+04 1.552710304515855233e+00
1.111589999999999964e+04 1.509367545665648569e+00
1.111620000000000073e+04 1.467265548074501824e+00
1.111650000000000000e+04 1.427020504119256517e+00
1.111679999999999927e+04 1.389010245038801550e+00
1.111710000000000036e+04 1.353449653896269256e+00
1.111739999999999964e+04 1.320445335519986330e+00
1.111770000000000073e+04 1.290991103201737600e+00
1.111800000000000000e+04 1.262746835680626178e+00
1.111829999999999927e+04 1.236876202574153982e+00
1.111860000000000036e+04 1.213293536637250813e+00
1.111889999999999964e+04 1.191243143203657429e+00
1.111920000000000073e+04 1.171959339679252254e+00
1.111950000000000000e+04 1.153211849123523702e+00
1.111979999999999927e+04 1.137753793244937306e+00
1.112010000000000036e+04 1.122295737366257429e+00
1.112039999999999964e+04 1.109698098887174966e+00
1.112070000000000073e+04 1.097564432843043392e+00
1.112100000000000000e+04 1.086896346606951891e+00
1.112129999999999927e+04 1.077596456122606794e+00
1.112160000000000036e+04 1.068559023604702007e+00
1.112189999999999964e+04 1.061635782902908609e+00
1.112220000000000073e+04 1.054712542201073244e+00
1.112250000000000000e+04 1.049034810643576732e+00
1.112279999999999927e+04 1.044057126718984430e+00
1.112310000000000036e+04 1.039243098127171638e+00
1.112339999999999964e+04 1.035803080135105692e+00
1.112370000000000073e+04 1.032363062143018873e+00
1.112400000000000000e+04 1.029514889812093159e+00
1.112429999999999927e+04 1.027237220088367264e+00
1.112450000000000000e+04 1.025718773605873935e+00
1.112489999999999964e+04 1.023386274819412911e+00
1.112520000000000073e+04 1.021938836306462317e+00
1.112550000000000000e+04 1.020560079218738592e+00
1.112579999999999927e+04 1.019665711373366257e+00
1.112610000000000036e+04 1.018771343527988593e+00
1.112639999999999964e+04 1.017989594264497644e+00
1.112670000000000073e+04 1.017429969715105464e+00
1.112700000000000000e+04 1.016870345165716616e+00
1.112729999999999927e+04 1.016385400140944917e+00
1.112760000000000036e+04 1.015979695702128094e+00
1.112789999999999964e+04 1.015573991263313713e+00
1.112820000000000073e+04 1.015164653106354953e+00
1.112850000000000000e+04 1.014752578584883436e+00
1.112879999999999927e+04 1.014340504063412141e+00
1.112910000000000036e+04 1.013842028650369320e+00
1.112939999999999964e+04 1.013284052683478542e+00
1.112970000000000073e+04 1.012726076716584434e+00
1.113000000000000000e+04 1.012039994343568283e+00
1.113029999999999927e+04 1.011249283123949683e+00
1.113060000000000036e+04 1.010458571904326197e+00
1.113089999999999964e+04 1.009580487650468594e+00
1.113120000000000073e+04 1.008593516626872688e+00
1.113150000000000000e+04 1.007606545603282777e+00
1.113179999999999927e+04 1.006610747131743366e+00
1.113210000000000036e+04 1.005591843855412559e+00
1.113229999999999927e+04 1.004912575004531350e+00
1.113270000000000073e+04 1.003561973350246994e+00
1.113300000000000000e+04 1.002722636237903142e+00
1.113329999999999927e+04 1.001883299125559290e+00
1.113360000000000036e+04 1.001043962013210331e+00
1.113389999999999964e+04 1.000422327324035576e+00
1.113420000000000073e+04 9.998738617583723398e-01
1.113450000000000000e+04 9.993253961927124340e-01
1.113479999999999927e+04 9.988639041280726882e-01
1.113510000000000036e+04 9.985389049733329747e-01
1.113539999999999964e+04 9.982139058185951486e-01
1.113570000000000073e+04 9.978889066638554350e-01
1.113600000000000000e+04 9.978140848984446976e-01
1.113629999999999927e+04 9.977479465301528627e-01
1.113660000000000036e+04 9.976818081618606948e-01
1.113689999999999964e+04 9.976585448900083808e-01
1.113720000000000073e+04 9.976816907622493291e-01
1.113750000000000000e+04 9.977048366344901664e-01
1.113770000000000073e+04 9.977202672159841690e-01
1.113810000000000036e+04 9.976245118849638160e-01
1.113839999999999964e+04 9.975115787372673681e-01
1.113870000000000073e+04 9.973986455895703651e-01
1.113900000000000000e+04 9.971795013565691868e-01
1.113920000000000073e+04 9.968809984687569958e-01
1.113960000000000036e+04 9.962839926931355006e-01
1.113989999999999964e+04 9.958362383614199898e-01
1.114020000000000073e+04 9.950695584049618070e-01
1.114050000000000000e+04 9.941238497715706446e-01
1.114070000000000073e+04 9.934933773493059839e-01
1.114110000000000036e+04 9.922324325047825466e-01
1.114139999999999964e+04 9.907196527525090612e-01
1.114170000000000073e+04 9.891440235160220418e-01
1.114200000000000000e+04 9.875683942795445702e-01
1.114220000000000073e+04 9.865179747885531869e-01
1.114260000000000036e+04 9.836484177861584133e-01
1.114289999999999964e+04 9.813717116058019441e-01
1.114320000000000073e+04 9.790950054254314860e-01
1.114350000000000000e+04 9.766549624233766824e-01
1.114379999999999927e+04 9.736657324484745413e-01
1.114410000000000036e+04 9.706765024735543035e-01
1.114439999999999964e+04 9.676872724986520513e-01
1.114470000000000073e+04 9.645048864190101101e-01
1.114500000000000000e+04 9.608685507098371215e-01
1.114520000000000073e+04 9.584443269037070667e-01
1.114560000000000036e+04 9.535958792914690507e-01
1.114589999999999964e+04 9.498100457141703812e-01
1.114620000000000073e+04 9.456823421039205479e-01
1.114650000000000000e+04 9.415546384936956947e-01
1.114670000000000073e+04 9.388028360868624356e-01
1.114710000000000036e+04 9.332370647096818184e-01
1.114739999999999964e+04 9.288571685271552747e-01
1.114770000000000073e+04 9.244772723446021967e-01
1.114800000000000000e+04 9.200973761620756530e-01
1.114820000000000073e+04 9.171774453737069344e-01
1.114860000000000036e+04 9.113827523266089248e-01
1.114889999999999964e+04 9.070429966472485228e-01
1.114920000000000073e+04 9.027032409678619196e-01
1.114950000000000000e+04 8.983634852885015176e-01
1.114979999999999927e+04 8.943173315378000199e-01
1.115010000000000036e+04 8.902897465289963952e-01
1.115039999999999964e+04 8.862621615202173064e-01
1.115070000000000073e+04 8.822345765114136817e-01
1.115100000000000000e+04 8.785853192082725416e-01
1.115129999999999927e+04 8.751042338801646725e-01
1.115160000000000036e+04 8.716231485520355982e-01
1.115189999999999964e+04 8.681420632239277291e-01
1.115220000000000073e+04 8.649449525027946839e-01
1.115250000000000000e+04 8.622101246534739083e-01
1.115279999999999927e+04 8.594752968041531327e-01
1.115310000000000036e+04 8.567404689548158148e-01
1.115339999999999964e+04 8.540103098902227519e-01
1.115370000000000073e+04 8.521582158320920586e-01
1.115400000000000000e+04 8.503061217739726896e-01
1.115429999999999927e+04 8.484540277158532096e-01
1.115460000000000036e+04 8.466019336577226273e-01
1.115479999999999927e+04 8.455897970972925393e-01
1.115520000000000073e+04 8.443929517284349817e-01
1.115550000000000000e+04 8.434953177017973092e-01
1.115579999999999927e+04 8.425976836751596366e-01
1.115610000000000036e+04 8.417603114412203213e-01
1.115639999999999964e+04 8.417998067049577982e-01
1.115670000000000073e+04 8.418393019686956080e-01
1.115700000000000000e+04 8.418787972324330848e-01
1.115729999999999927e+04 8.419182924961706727e-01
1.115760000000000036e+04 8.423982416712917365e-01
1.115789999999999964e+04 8.433211837725720361e-01
1.115820000000000073e+04 8.442441258738579979e-01
1.115850000000000000e+04 8.451670679751382975e-01
1.115879999999999927e+04 8.460900100764185972e-01
1.115910000000000036e+04 8.477174230496965501e-01
1.115939999999999964e+04 8.494507339291670345e-01
1.115970000000000073e+04 8.511840448086479549e-01
1.116000000000000000e+04 8.529173556881183282e-01
1.116029999999999927e+04 8.547753243974047788e-01
1.116060000000000036e+04 8.572145905942086808e-01
1.116089999999999964e+04 8.596538567909978168e-01
1.116120000000000073e+04 8.620931229878017188e-01
1.116150000000000000e+04 8.645323891845908548e-01
1.116179999999999927e+04 8.672238548946091807e-01
1.116210000000000036e+04 8.702631113596356327e-01
1.116239999999999964e+04 8.733023678246436550e-01
1.116270000000000073e+04 8.763416242896701069e-01
1.116300000000000000e+04 8.793808807546781292e-01
1.116329999999999927e+04 8.827038763267780475e-01
1.116360000000000036e+04 8.862155599212453438e-01
1.116389999999999964e+04 8.897272435156914350e-01
1.116420000000000073e+04 8.932389271101588424e-01
1.116450000000000000e+04 8.967506107046049335e-01
1.116479999999999927e+04 9.005211913543431645e-01
1.116510000000000036e+04 9.043937785045802480e-01
1.116539999999999964e+04 9.082663656547936837e-01
1.116560000000000036e+04 9.108480904216184060e-01
1.116600000000000000e+04 9.160115399552442028e-01
1.116629999999999927e+04 9.200717878439306219e-01
1.116660000000000036e+04 9.241878947885397988e-01
1.116689999999999964e+04 9.283040017331241067e-01
1.116700000000000000e+04 9.296760373813272027e-01
1.116839999999999964e+04 9.492531452927859270e-01
1.117000000000000000e+04 9.720290752443849769e-01
1.117150000000000000e+04 9.933080398760314456e-01
1.117300000000000000e+04 1.014109503681012603e+00
1.117450000000000000e+04 1.034070912909143436e+00
1.117600000000000000e+04 1.052888331402489719e+00
1.117750000000000000e+04 1.070309405146481874e+00
1.117900000000000000e+04 1.086101649628564481e+00
1.118050000000000000e+04 1.100075909600088941e+00
1.118200000000000000e+04 1.112064069774782560e+00
1.118350000000000000e+04 1.121666414058860584e+00
1.118500000000000000e+04 1.128911615973220650e+00
1.118650000000000000e+04 1.133841863659344362e+00
1.118800000000000000e+04 1.136476608164975310e+00
1.118950000000000000e+04 1.136890909821259621e+00
1.119100000000000000e+04 1.135201152430877158e+00
1.119239999999999964e+04 1.131925849060842371e+00
1.119400000000000000e+04 1.125910883473721702e+00
1.119550000000000000e+04 1.118729298344132150e+00
1.119700000000000000e+04 1.110413069593716884e+00
1.119850000000000000e+04 1.101211045365347418e+00
1.120000000000000000e+04 1.091349047541177120e+00

1.110000000000000000e+04 6.755741885640118016e-02
1.110029999999999927e+04 6.963850052487896569e-02
1.110060000000000036e+04 7.184378476057773355e-02
1.110089999999999964e+04 7.418413234598134065e-02
1.110120000000000073e+04 7.667165740301444543e-02
1.110150000000000000e+04 7.931990926983800705e-02
1.110179999999999927e+04 8.214408544181249494e-02
1.110210000000000036e+04 8.516128230445227376e-02
1.110239999999999964e+04 8.839079175210079464e-02
1.110260000000000036e+04 9.067241756006361175e-02
1.110300000000000000e+04 9.557707626944876578e-02
1.110329999999999927e+04 9.958694103285485599e-02
1.110360000000000036e+04 1.039164097332116454e-01
1.110389999999999964e+04 1.086026604545499152e-01
1.110420000000000073e+04 1.136885830752457083e-01
1.110450000000000000e+04 1.192238752497618987e-01
1.110479999999999927e+04 1.252663913811934981e-01
1.110510000000000036e+04 1.318838129332273179e-01
1.110539999999999964e+04 1.391557293533015049e-01
1.110570000000000073e+04 1.471762471705533870e-01
1.110589999999999964e+04 1.529935640255168650e-01
1.110629999999999927e+04 1.659327468832267893e-01
1.110660000000000036e+04 1.769638961698441759e-01
1.110689999999999964e+04 1.893462279621498934e-01
1.110720000000000073e+04 2.033184172970060877e-01
1.110750000000000000e+04 2.191739746144843459e-01
1.110779999999999927e+04 2.372765301365536705e-01
1.110810000000000036e+04 2.580799458588647899e-01
1.110839999999999964e+04 2.821548042620379282e-01
1.110870000000000073e+04 3.102231700345873255e-01
1.110900000000000000e+04 3.432036878989751516e-01
1.110929999999999927e+04 3.822685963061061565e-01
1.110960000000000036e+04 4.289119682242264475e-01
1.110989999999999964e+04 4.850218690491522322e-01
1.111020000000000073e+04 5.529327571874927960e-01
1.111050000000000000e+04 6.353983009741088761e-01
1.111079999999999927e+04 7.353542796564728201e-01
1.111110000000000036e+04 8.552279427019090496e-01
1.111139999999999964e+04 9.954261452449940650e-01
1.111170000000000073e+04 1.151634805556476460e+00
1.111200000000000000e+04 1.311492449982392783e+00
1.111229999999999927e+04 1.456540248884515609e+00
1.111260000000000036e+04 1.573702177859643170e+00
1.111289999999999964e+04 1.658892168042802595e+00
1.111320000000000073e+04 1.712980920586534284e+00
1.111350000000000000e+04 1.739532852517414518e+00
1.111379999999999927e+04 1.743444352883302573e+00
1.111410000000000036e+04 1.729890325407559937e+00
1.111439999999999964e+04 1.703659444309419735e+00
1.111470000000000073e+04 1.668831819337540434e+00
1.111500000000000000e+04 1.628691407334778685e+00
1.111529999999999927e+04 1.585760720118498668e+00
1.111560000000000036e+04 1.541906267166124778e+00
1.111589999999999964e+04 1.498459250196320314e+00
1.111620000000000073e+04 1.456327461756990793e+00
1.111650000000000000e+04 1.416104061908198819e+00
1.111679999999999927e+04 1.378149965850697045e+00
1.111710000000000036e+04 1.342667666377312052e+00
1.111739999999999964e+04 1.309754687756571112e+00
1.111770000000000073e+04 1.280398955081639034e+00
1.111800000000000000e+04 1.252254538498256631e+00
1.111829999999999927e+04 1.226481957602323813e+00
1.111860000000000036e+04 1.202995610066940557e+00
1.111889999999999964e+04 1.181037567944056343e+00
1.111920000000000073e+04 1.161838952961739002e+00
1.111950000000000000e+04 1.143174611735319424e+00
1.111979999999999927e+04 1.127787197830034671e+00
1.112010000000000036e+04 1.112399783924656660e+00
1.112039999999999964e+04 1.099859530722209433e+00
1.112070000000000073e+04 1.087781099659503203e+00
1.112100000000000000e+04 1.077160613438833847e+00
1.112129999999999927e+04 1.067901195328008868e+00
1.112160000000000036e+04 1.058902764133289764e+00
1.112189999999999964e+04 1.052006674923564589e+00
1.112220000000000073e+04 1.045110585713797668e+00
1.112250000000000000e+04 1.039452744492155523e+00
1.112279999999999927e+04 1.034490869716825800e+00
1.112310000000000036e+04 1.029691689506776475e+00
1.112339999999999964e+04 1.026258453524882208e+00
1.112370000000000073e+04 1.022825217542967069e+00
1.112400000000000000e+04 1.019980454631270739e+00
1.112429999999999927e+04 1.017702943357725820e+00
1.112450000000000000e+04 1.016184602508686918e+00
1.112489999999999964e+04 1.013848629006703250e+00
1.112520000000000073e+04 1.012397004476376372e+00
1.112550000000000000e+04 1.011013765599930725e+00
1.112579999999999927e+04 1.010112829980322813e+00
1.112610000000000036e+04 1.009211894360709572e+00
1.112639999999999964e+04 1.008423298566713422e+00
1.112670000000000073e+04 1.007856277678288448e+00
1.112700000000000000e+04 1.007289256789867027e+00
1.112729999999999927e+04 1.006797149616559972e+00
1.112760000000000036e+04 1.006384531522918513e+00
1.112789999999999964e+04 1.005971913429279718e+00
1.112820000000000073e+04 1.005556624257366138e+00
1.112850000000000000e+04 1.005139323635056980e+00
1.112879999999999927e+04 1.004722023012747822e+00
1.112910000000000036e+04 1.004219957295808596e+00
1.112939999999999964e+04 1.003659517527563327e+00
1.112970000000000073e+04 1.003099077759314950e+00
1.113000000000000000e+04 1.002412392139673480e+00
1.113029999999999927e+04 1.001622597251577540e+00
1.113060000000000036e+04 1.000832802363476715e+00
1.113089999999999964e+04 9.999568996258334508e-01
1.113120000000000073e+04 9.989736868277354631e-01
1.113150000000000000e+04 9.979904740296434706e-01
1.113179999999999927e+04 9.969987363129423352e-01
1.113210000000000036e+04 9.959846856263474546e-01
1.113229999999999927e+04 9.953086518352902701e-01
1.113270000000000073e+04 9.939644723479778010e-01
1.113300000000000000e+04 9.931289028169826283e-01
1.113329999999999927e+04 9.922933332859875666e-01
1.113360000000000036e+04 9.914577637549873979e-01
1.113389999999999964e+04 9.908381989991107419e-01
1.113420000000000073e+04 9.902912327923893976e-01
1.113450000000000000e+04 9.897442665856713839e-01
1.113479999999999927e+04 9.892836138870909624e-01
1.113510000000000036e+04 9.889584183306420195e-01
1.113539999999999964e+04 9.886332227741950751e-01
1.113570000000000073e+04 9.883080272177462433e-01
1.113600000000000000e+04 9.882309706158485252e-01
1.113629999999999927e+04 9.881625266591177459e-01
1.113660000000000036e+04 9.880940827023865225e-01
1.113689999999999964e+04 9.880682653087259348e-01
1.113720000000000073e+04 9.880885880400334109e-01
1.113750000000000000e+04 9.881089107713407760e-01
1.113770000000000073e+04 9.881224592588790934e-01
1.113810000000000036e+04 9.880244526468008326e-01
1.113839999999999964e+04 9.879103223302332371e-01
1.113870000000000073e+04 9.877961920136649754e-01
1.113900000000000000e+04 9.875769666552516313e-01
1.113920000000000073e+04 9.872800111413101432e-01
1.113960000000000036e+04 9.866861001134300535e-01
1.113989999999999964e+04 9.862406668425207634e-01
1.114020000000000073e+04 9.854795553464922309e-01
1.114050000000000000e+04 9.845412380990434809e-01
1.114070000000000073e+04 9.839156932674072431e-01
1.114110000000000036e+04 9.826646036041404297e-01
1.114139999999999964e+04 9.811649088318057377e-01
1.114170000000000073e+04 9.796029956062412003e-01
1.114200000000000000e+04 9.780410823806859888e-01
1.114220000000000073e+04 9.769998068969762972e-01
1.114260000000000036e+04 9.741562041263559513e-01
1.114289999999999964e+04 9.719002056079444340e-01
1.114320000000000073e+04 9.696442070895191501e-01
1.114350000000000000e+04 9.672264950865266941e-01
1.114379999999999927e+04 9.642650542528751201e-01
1.114410000000000036e+04 9.613036134192056714e-01
1.114439999999999964e+04 9.583421725855542084e-01
1.114470000000000073e+04 9.551894940015007718e-01
1.114500000000000000e+04 9.515873742462025442e-01
1.114520000000000073e+04 9.491859610759892929e-01
1.114560000000000036e+04 9.443831347355844397e-01
1.114589999999999964e+04 9.406330067432128184e-01
1.114620000000000073e+04 9.365444151893219660e-01
1.114650000000000000e+04 9.324558236354558716e-01
1.114670000000000073e+04 9.297300959328619330e-01
1.114710000000000036e+04 9.242171040248089442e-01
1.114739999999999964e+04 9.198788758806161203e-01
1.114770000000000073e+04 9.155406477363969842e-01
1.114800000000000000e+04 9.112024195922041603e-01
1.114820000000000073e+04 9.083102674960580325e-01
1.114860000000000036e+04 9.025707949762858950e-01
1.114889999999999964e+04 8.982724079760731062e-01
1.114920000000000073e+04 8.939740209758342271e-01
1.114950000000000000e+04 8.896756339756215493e-01
1.114979999999999927e+04 8.856680690481830709e-01
1.115010000000000036e+04 8.816788970517183133e-01
1.115039999999999964e+04 8.776897250552776475e-01
1.115070000000000073e+04 8.737005530588128899e-01
1.115100000000000000e+04 8.700860785340516212e-01
1.115129999999999927e+04 8.666381622943780672e-01
1.115160000000000036e+04 8.631902460546836409e-01
1.115189999999999964e+04 8.597423298150100868e-01
1.115220000000000073e+04 8.565756503377132125e-01
1.115250000000000000e+04 8.538667967891346855e-01
1.115279999999999927e+04 8.511579432405561585e-01
1.115310000000000036e+04 8.484490896919610892e-01
1.115339999999999964e+04 8.457448598174516219e-01
1.115370000000000073e+04 8.439102109234362104e-01
1.115400000000000000e+04 8.420755620294319010e-01
1.115429999999999927e+04 8.402409131354277028e-01
1.115460000000000036e+04 8.384062642414122912e-01
1.115479999999999927e+04 8.374036045686592544e-01
1.115520000000000073e+04 8.362177089636833038e-01
1.115550000000000000e+04 8.353282872599567810e-01
1.115579999999999927e+04 8.344388655562302581e-01
1.115610000000000036e+04 8.336091224292033752e-01
1.115639999999999964e+04 8.336477604417397158e-01
1.115670000000000073e+04 8.336863984542762784e-01
1.115700000000000000e+04 8.337250364668127300e-01
1.115729999999999927e+04 8.337636744793490706e-01
1.115760000000000036e+04 8.342385026464393949e-01
1.115789999999999964e+04 8.351520354042568650e-01
1.115820000000000073e+04 8.360655681620798862e-01
1.115850000000000000e+04 8.369791009198973564e-01
1.115879999999999927e+04 8.378926336777149375e-01
1.115910000000000036e+04 8.395038171200330801e-01
1.115939999999999964e+04 8.412198732401000578e-01
1.115970000000000073e+04 8.429359293601773606e-01
1.116000000000000000e+04 8.446519854802443383e-01
1.116029999999999927e+04 8.464914927752804630e-01
1.116060000000000036e+04 8.489066707517854971e-01
1.116089999999999964e+04 8.513218487282759872e-01
1.116120000000000073e+04 8.537370267047811323e-01
1.116150000000000000e+04 8.561522046812716225e-01
1.116179999999999927e+04 8.588171416771341882e-01
1.116210000000000036e+04 8.618265039131778327e-01
1.116239999999999964e+04 8.648358661492032695e-01
1.116270000000000073e+04 8.678452283852469140e-01
1.116300000000000000e+04 8.708545906212722398e-01
1.116329999999999927e+04 8.741449483640367779e-01
1.116360000000000036e+04 8.776221696202738398e-01
1.116389999999999964e+04 8.810993908764898075e-01
1.116420000000000073e+04 8.845766121327269804e-01
1.116450000000000000e+04 8.880538333889429481e-01
1.116479999999999927e+04 8.917874510522394438e-01
1.116510000000000036e+04 8.956220899503939403e-01
1.116539999999999964e+04 8.994567288485252332e-01
1.116560000000000036e+04 9.020131547806282679e-01
1.116600000000000000e+04 9.071260066448110226e-01
1.116629999999999927e+04 9.111464980759572674e-01
1.116660000000000036e+04 9.152223103329703013e-01
1.116689999999999964e+04 9.192981225899585773e-01
1.116700000000000000e+04 9.206567266756295886e-01
1.116839999999999964e+04 9.400422630486743314e-01
1.117000000000000000e+04 9.625954424156676348e-01
1.117150000000000000e+04 9.836663809503354283e-01
1.117300000000000000e+04 1.004264539484372110e+00
1.117450000000000000e+04 1.024030883410546711e+00
1.117600000000000000e+04 1.042664426410052636e+00
1.117750000000000000e+04 1.059915263361520754e+00
1.117900000000000000e+04 1.075553165983885950e+00
1.118050000000000000e+04 1.089390814490905468e+00
1.118200000000000000e+04 1.101261724598334046e+00
1.118350000000000000e+04 1.110770068731591786e+00
1.118500000000000000e+04 1.117944235112626084e+00
1.118650000000000000e+04 1.122825997310915813e+00
1.118800000000000000e+04 1.125434614476324757e+00
1.118950000000000000e+04 1.125844414526100845e+00
1.119100000000000000e+04 1.124170647140293022e+00
1.119239999999999964e+04 1.120926806443180768e+00
1.119400000000000000e+04 1.114969924444161986e+00
1.119550000000000000e+04 1.107857818699153230e+00
1.119700000000000000e+04 1.099622124436231640e+00
1.119850000000000000e+04 1.090509268054298486e+00
1.120000000000000000e+04 1.080742873759483302e+00

1.110000000000000000e+04 6.726869600229283541e-02
1.110029999999999927e+04 6.933032409997459677e-02
1.110060000000000036e+04 7.151450555264149411e-02
1.110089999999999964e+04 7.383191788912245312e-02
1.110120000000000073e+04 7.629446641553670749e-02
1.110150000000000000e+04 7.891546177138894502e-02
1.110179999999999927e+04 8.170982767586212892e-02
1.110210000000000036e+04 8.469434541206678768e-02
1.110239999999999964e+04 8.788794287631901403e-02
1.110260000000000036e+04 9.014362560076591424e-02
1.110300000000000000e+04 9.499094710322594781e-02
1.110329999999999927e+04 9.895237746651519561e-02
1.110360000000000036e+04 1.032280158144992799e-01
1.110389999999999964e+04 1.078542438204425080e-01
1.110420000000000073e+04 1.128730069401785580e-01
1.110450000000000000e+04 1.183328769656071811e-01
1.110479999999999927e+04 1.242903588564990836e-01
1.110510000000000036e+04 1.308115072029958081e-01
1.110539999999999964e+04 1.379739381565406042e-01
1.110570000000000073e+04 1.458693494289385606e-01
1.110589999999999964e+04 1.515931486795279726e-01
1.110629999999999927e+04 1.643162285226982822e-01
1.110660000000000036e+04 1.751546330263061557e-01
1.110689999999999964e+04 1.873116711260297551e-01
1.110720000000000073e+04 2.010187558003545816e-01
1.110750000000000000e+04 2.165601327240436469e-01
1.110779999999999927e+04 2.342875216763200541e-01
1.110810000000000036e+04 2.546393624090307339e-01
1.110839999999999964e+04 2.781661435044341935e-01
1.110870000000000073e+04 3.055636340870806489e-01
1.110900000000000000e+04 3.377160285942515383e-01
1.110929999999999927e+04 3.757506372521721150e-01
1.110960000000000036e+04 4.211037965963739249e-01
1.110989999999999964e+04 4.755918366949881126e-01
1.111020000000000073e+04 5.414663578026487345e-01
1.111050000000000000e+04 6.214005122984894713e-01
1.111079999999999927e+04 7.182884637337377809e-01
1.111110000000000036e+04 8.346333373788757948e-01
1.111139999999999964e+04 9.711741571659722183e-01
1.111170000000000073e+04 1.124382116672994369e+00
1.111200000000000000e+04 1.283176343505507244e+00
1.111229999999999927e+04 1.429615239299562468e+00
1.111260000000000036e+04 1.549408251626951838e+00
1.111289999999999964e+04 1.637549809148272084e+00
1.111320000000000073e+04 1.694547451502657953e+00
1.111350000000000000e+04 1.723767809920852656e+00
1.111379999999999927e+04 1.730016703800486555e+00
1.111410000000000036e+04 1.718455215625556587e+00
1.111439999999999964e+04 1.693898587400657130e+00
1.111470000000000073e+04 1.660468508674218580e+00
1.111500000000000000e+04 1.621492292696389725e+00
1.111529999999999927e+04 1.579531928243733230e+00
1.111560000000000036e+04 1.536487928648516466e+00
1.111589999999999964e+04 1.493719885130587066e+00
1.111620000000000073e+04 1.452158999771350434e+00
1.111650000000000000e+04 1.412417560431835861e+00
1.111679999999999927e+04 1.374871978485288970e+00
1.111710000000000036e+04 1.339737212001166133e+00
1.111739999999999964e+04 1.307120140580915857e+00
1.111770000000000073e+04 1.278003087928921255e+00
1.111800000000000000e+04 1.250079945379605428e+00
1.111829999999999927e+04 1.224500250286592262e+00
1.111860000000000036e+04 1.201179424887480307e+00
1.111889999999999964e+04 1.179372047603339135e+00
1.111920000000000073e+04 1.160297271911872707e+00
1.111950000000000000e+04 1.141752468350868188e+00
1.111979999999999927e+04 1.126458208419566009e+00
1.112010000000000036e+04 1.111163948488171016e+00
1.112039999999999964e+04 1.098697296001843737e+00
1.112070000000000073e+04 1.086689294029793418e+00
1.112100000000000000e+04 1.076130483007868843e+00
1.112129999999999927e+04 1.066924567877763907e+00
1.112160000000000036e+04 1.057978229260748693e+00
1.112189999999999964e+04 1.051122871333221243e+00
1.112220000000000073e+04 1.044267513405652270e+00
1.112250000000000000e+04 1.038644230494242704e+00
1.112279999999999927e+04 1.033713444464564368e+00
1.112310000000000036e+04 1.028944587685840739e+00
1.112339999999999964e+04 1.025535249741254651e+00
1.112370000000000073e+04 1.022125911796647912e+00
1.112400000000000000e+04 1.019302356970076762e+00
1.112429999999999927e+04 1.017043460834147206e+00
1.112450000000000000e+04 1.015537530076851880e+00
1.112489999999999964e+04 1.013223145085861310e+00
1.112520000000000073e+04 1.011786326696071825e+00
1.112550000000000000e+04 1.010417555672807000e+00
1.112579999999999927e+04 1.009528702068349215e+00
1.112610000000000036e+04 1.008639848463885880e+00
1.112639999999999964e+04 1.007862644725785017e+00
1.112670000000000073e+04 1.007305655043210679e+00
1.112700000000000000e+04 1.006748665360639672e+00
1.112729999999999927e+04 1.006265854227868628e+00
1.112760000000000036e+04 1.005861752109135532e+00
1.112789999999999964e+04 1.005457649990404878e+00
1.112820000000000073e+04 1.005050316372253727e+00
1.112850000000000000e+04 1.004640549279631978e+00
1.112879999999999927e+04 1.004230782187010451e+00
1.112910000000000036e+04 1.003735999522761269e+00
1.112939999999999964e+04 1.003182670314540559e+00
1.112970000000000073e+04 1.002629341106316518e+00
1.113000000000000000e+04 1.001949838956199379e+00
1.113029999999999927e+04 1.001167287085288349e+00
1.113060000000000036e+04 1.000384735214372878e+00
1.113089999999999964e+04 9.995161345034213607e-01
1.113120000000000073e+04 9.985402972713469660e-01
1.113150000000000000e+04 9.975644600392785666e-01
1.113179999999999927e+04 9.965799683393141706e-01
1.113210000000000036e+04 9.955728245894639450e-01
1.113229999999999927e+04 9.949013954229032342e-01
1.113270000000000073e+04 9.935663658122040331e-01
1.113300000000000000e+04 9.927363598199376860e-01
1.113329999999999927e+04 9.919063538276714498e-01
1.113360000000000036e+04 9.910763478354001066e-01
1.113389999999999964e+04 9.904610040151666794e-01
1.113420000000000073e+04 9.899178074992676102e-01
1.113450000000000000e+04 9.893746109833718716e-01
1.113479999999999927e+04 9.889174797119425486e-01
1.113510000000000036e+04 9.885954159670663488e-01
1.113539999999999964e+04 9.882733522221920364e-01
1.113570000000000073e+04 9.879512884773158365e-01
1.113600000000000000e+04 9.878757313104764570e-01
1.113629999999999927e+04 9.878087301307120205e-01
1.113660000000000036e+04 9.877417289509472509e-01
1.113689999999999964e+04 9.877169628058322104e-01
1.113720000000000073e+04 9.877379129849148676e-01
1.113750000000000000e+04 9.877588631639974137e-01
1.113770000000000073e+04 9.877728299500525555e-01
1.113810000000000036e+04 9.876755241354329140e-01
1.113839999999999964e+04 9.875618753182535681e-01
1.113870000000000073e+04 9.874482265010735560e-01
1.113900000000000000e+04 9.872295624809721559e-01
1.113920000000000073e+04 9.869330957567858942e-01
1.113960000000000036e+04 9.863401623084161463e-01
1.113989999999999964e+04 9.858954622221395292e-01
1.114020000000000073e+04 9.851354068746625003e-01
1.114050000000000000e+04 9.841983270713358101e-01
1.114070000000000073e+04 9.835736072024475751e-01
1.114110000000000036e+04 9.823241674646767674e-01
1.114139999999999964e+04 9.808264358711579201e-01
1.114170000000000073e+04 9.792665662588549980e-01
1.114200000000000000e+04 9.777066966465614017e-01
1.114220000000000073e+04 9.766667835716927870e-01
1.114260000000000036e+04 9.738269180378013035e-01
1.114289999999999964e+04 9.715738864668678199e-01
1.114320000000000073e+04 9.693208548959206805e-01
1.114350000000000000e+04 9.669063436678809742e-01
1.114379999999999927e+04 9.639488898066947975e-01
1.114410000000000036e+04 9.609914359454907462e-01
1.114439999999999964e+04 9.580339820843045695e-01
1.114470000000000073e+04 9.548855883209765860e-01
1.114500000000000000e+04 9.512884533803673826e-01
1.114520000000000073e+04 9.488903634199467030e-01
1.114560000000000036e+04 9.440941834991271042e-01
1.114589999999999964e+04 9.403492797086949739e-01
1.114620000000000073e+04 9.362664597847988324e-01
1.114650000000000000e+04 9.321836398609274488e-01
1.114670000000000073e+04 9.294617599116632434e-01
1.114710000000000036e+04 9.239565611727756922e-01
1.114739999999999964e+04 9.196245008483803218e-01
1.114770000000000073e+04 9.152924405239586392e-01
1.114800000000000000e+04 9.109603801995632688e-01
1.114820000000000073e+04 9.080723399832821841e-01
1.114860000000000036e+04 9.023408945685585936e-01
1.114889999999999964e+04 8.980485006244764978e-01
1.114920000000000073e+04 8.937561066803684229e-01
1.114950000000000000e+04 8.894637127362863271e-01
1.114979999999999927e+04 8.854616411540550125e-01
1.115010000000000036e+04 8.814779308987709117e-01
1.115039999999999964e+04 8.774942206435110137e-01
1.115070000000000073e+04 8.735105103882268018e-01
1.115100000000000000e+04 8.699009718333656771e-01
1.115129999999999927e+04 8.664577578508790845e-01
1.115160000000000036e+04 8.630145438683715087e-01
1.115189999999999964e+04 8.595713298858848050e-01
1.115220000000000073e+04 8.564089638083505207e-01
1.115250000000000000e+04 8.537037906376993002e-01
1.115279999999999927e+04 8.509986174670480796e-01
1.115310000000000036e+04 8.482934442963805388e-01
1.115339999999999964e+04 8.455928888733988957e-01
1.115370000000000073e+04 8.437607998444970336e-01
1.115400000000000000e+04 8.419287108156063848e-01
1.115429999999999927e+04 8.400966217867157360e-01
1.115460000000000036e+04 8.382645327578139849e-01
1.115479999999999927e+04 8.372632995063125083e-01
1.115520000000000073e+04 8.360792153426090945e-01
1.115550000000000000e+04 8.351911522198368631e-01
1.115579999999999927e+04 8.343030890970646318e-01
1.115610000000000036e+04 8.334746421873746591e-01
1.115639999999999964e+04 8.335136689661630793e-01
1.115670000000000073e+04 8.335526957449517216e-01
1.115700000000000000e+04 8.335917225237401418e-01
1.115729999999999927e+04 8.336307493025285620e-01
1.115760000000000036e+04 8.341055624720482564e-01
1.115789999999999964e+04 8.350186741409593161e-01
1.115820000000000073e+04 8.359317858098759269e-01
1.115850000000000000e+04 8.368448974787869865e-01
1.115879999999999927e+04 8.377580091476980462e-01
1.115910000000000036e+04 8.393681398320284037e-01
1.115939999999999964e+04 8.410830482399571650e-01
1.115970000000000073e+04 8.427979566478962514e-01
1.116000000000000000e+04 8.445128650558250127e-01
1.116029999999999927e+04 8.463511329583619514e-01
1.116060000000000036e+04 8.487646440235866452e-01
1.116089999999999964e+04 8.511781550887967951e-01
1.116120000000000073e+04 8.535916661540214889e-01
1.116150000000000000e+04 8.560051772192315278e-01
1.116179999999999927e+04 8.586682541252388390e-01
1.116210000000000036e+04 8.616754898723308909e-01
1.116239999999999964e+04 8.646827256194047351e-01
1.116270000000000073e+04 8.676899613664968980e-01
1.116300000000000000e+04 8.706971971135707422e-01
1.116329999999999927e+04 8.739852845320341679e-01
1.116360000000000036e+04 8.774601398126942176e-01
1.116389999999999964e+04 8.809349950933331730e-01
1.116420000000000073e+04 8.844098503739932227e-01
1.116450000000000000e+04 8.878847056546322891e-01
1.116479999999999927e+04 8.916158116127077538e-01
1.116510000000000036e+04 8.954478813875647036e-01
1.116539999999999964e+04 8.992799511623983388e-01
1.116560000000000036e+04 9.018346643456363054e-01
1.116600000000000000e+04 9.069440907120888129e-01
1.116629999999999927e+04 9.109619526194315808e-01
1.116660000000000036e+04 9.150351173738391353e-01
1.116689999999999964e+04 9.191082821282220428e-01
1.116700000000000000e+04 9.204660037130245609e-01
1.116839999999999964e+04 9.398392146369647371e-01
1.117000000000000000e+04 9.623784884288836272e-01
1.117150000000000000e+04 9.834367978317406500e-01
1.117300000000000000e+04 1.004022894540454569e+00
1.117450000000000000e+04 1.023777994056761953e+00
1.117600000000000000e+04 1.042401233710730457e+00
1.117750000000000000e+04 1.059642734236680983e+00
1.117900000000000000e+04 1.075272434910882646e+00
1.118050000000000000e+04 1.089103048843213184e+00
1.118200000000000000e+04 1.100968218889765149e+00
1.118350000000000000e+04 1.110472395763340669e+00
1.118500000000000000e+04 1.117643988870660410e+00
1.118650000000000000e+04 1.122524739113834435e+00
1.118800000000000000e+04 1.125133927800246791e+00
1.118950000000000000e+04 1.125545801328687201e+00
1.119100000000000000e+04 1.123875521024513047e+00
1.119239999999999964e+04 1.120636131424674220e+00
1.119400000000000000e+04 1.114685645109258161e+00
1.119550000000000000e+04 1.107580420060727544e+00
1.119700000000000000e+04 1.099352114535663949e+00
1.119850000000000000e+04 1.090246905947596767e+00
1.120000000000000000e+04 1.080488214468364960e+00

1.110000000000000000e+04 6.684888208583321390e-02
1.110029999999999927e+04 6.889103348602822197e-02
1.110060000000000036e+04 7.105424416859741632e-02
1.110089999999999964e+04 7.334903370331619099e-02
1.110120000000000073e+04 7.578712792400639497e-02
1.110150000000000000e+04 7.838163305645731715e-02
1.110179999999999927e+04 8.114723931071692042e-02
1.110210000000000036e+04 8.410046033478478511e-02
1.110239999999999964e+04 8.725991620641079805e-02
1.110260000000000036e+04 8.949108411197490009e-02
1.110300000000000000e+04 9.428462476832522032e-02
1.110329999999999927e+04 9.820101010841492117e-02
1.110360000000000036e+04 1.024269523425729161e-01
1.110389999999999964e+04 1.069981759748108302e-01
1.110420000000000073e+04 1.119558514751306105e-01
1.110450000000000000e+04 1.173476323121997594e-01
1.110479999999999927e+04 1.232289295789342765e-01
1.110510000000000036e+04 1.296644880034196479e-01
1.110539999999999964e+04 1.367303463648456563e-01
1.110570000000000073e+04 1.445162917216886445e-01
1.110589999999999964e+04 1.501588212081273188e-01
1.110629999999999927e+04 1.626957186256833277e-01
1.110660000000000036e+04 1.733697576082205705e-01
1.110689999999999964e+04 1.853364516245951943e-01
1.110720000000000073e+04 1.988217401720382971e-01
1.110750000000000000e+04 2.141029823280552191e-01
1.110779999999999927e+04 2.315231831002168839e-01
1.110810000000000036e+04 2.515097006646737632e-01
1.110839999999999964e+04 2.745988880081183803e-01
1.110870000000000073e+04 3.014684778980911695e-01
1.110900000000000000e+04 3.329797576972157724e-01
1.110929999999999927e+04 3.702313274653799002e-01
1.110960000000000036e+04 4.146245736872872234e-01
1.110989999999999964e+04 4.679358154401532244e-01
1.111020000000000073e+04 5.323768683999549056e-01
1.111050000000000000e+04 6.105957759092193182e-01
1.111079999999999927e+04 7.055088226444093946e-01
1.111110000000000036e+04 8.197514018886911114e-01
1.111139999999999964e+04 9.544061149095485197e-01
1.111170000000000073e+04 1.106616474382663862e+00
1.111200000000000000e+04 1.266240109550324844e+00
1.111229999999999927e+04 1.415589089749815788e+00
1.111260000000000036e+04 1.539250989623404120e+00
1.111289999999999964e+04 1.631281395848579452e+00
1.111320000000000073e+04 1.691771410339766080e+00
1.111350000000000000e+04 1.723880237714417785e+00
1.111379999999999927e+04 1.732350432190892020e+00
1.111410000000000036e+04 1.722380568336796314e+00
1.111439999999999964e+04 1.698875815054468275e+00
1.111470000000000073e+04 1.666064842458770068e+00
1.111500000000000000e+04 1.627377713233302714e+00
1.111529999999999927e+04 1.585465632197187391e+00
1.111560000000000036e+04 1.542303271788270091e+00
1.111589999999999964e+04 1.499304876158549904e+00
1.111620000000000073e+04 1.457445798630499612e+00
1.111650000000000000e+04 1.417366784866052498e+00
1.111679999999999927e+04 1.379467054474860843e+00
1.111710000000000036e+04 1.343973752671777877e+00
1.111739999999999964e+04 1.311003077913555526e+00
1.111770000000000073e+04 1.281417663964806719e+00
1.111800000000000000e+04 1.253453042656775596e+00
1.111829999999999927e+04 1.227308979640815423e+00
1.111860000000000036e+04 1.203959805445861786e+00
1.111889999999999964e+04 1.181639366428835380e+00
1.111920000000000073e+04 1.162546491652196368e+00
1.111950000000000000e+04 1.143550001052163756e+00
1.111979999999999927e+04 1.128244995231781456e+00
1.112010000000000036e+04 1.112939989411306119e+00
1.112039999999999964e+04 1.100089417323162788e+00
1.112070000000000073e+04 1.088075886586398644e+00
1.112100000000000000e+04 1.077191497818788646e+00
1.112129999999999927e+04 1.067983685458051113e+00
1.112160000000000036e+04 1.058775873097257403e+00
1.112189999999999964e+04 1.051911042698957965e+00
1.112220000000000073e+04 1.045056348934764623e+00
1.112250000000000000e+04 1.039213810258101445e+00
1.112279999999999927e+04 1.034285410332762556e+00
1.112310000000000036e+04 1.029357010407393913e+00
1.112339999999999964e+04 1.025938402573771002e+00
1.112370000000000073e+04 1.022532444165764165e+00
1.112400000000000000e+04 1.019580424595700308e+00
1.112429999999999927e+04 1.017325306057357714e+00
1.112450000000000000e+04 1.015821893698453549e+00
1.112489999999999964e+04 1.013418171692541669e+00
1.112520000000000073e+04 1.011985064253976718e+00
1.112550000000000000e+04 1.010557127399334343e+00
1.112579999999999927e+04 1.009671614681143970e+00
1.112610000000000036e+04 1.008786101962948267e+00
1.112639999999999964e+04 1.007974064742650055e+00
1.112670000000000073e+04 1.007419981030380551e+00
1.112700000000000000e+04 1.006865897318114378e+00
1.112729999999999927e+04 1.006368267848247289e+00
1.112760000000000036e+04 1.005966580285062140e+00
1.112789999999999964e+04 1.005564892721879655e+00
1.112820000000000073e+04 1.005160331082378011e+00
1.112850000000000000e+04 1.004752336506663513e+00
1.112879999999999927e+04 1.004344341930949236e+00
1.112910000000000036e+04 1.003867376849670867e+00
1.112939999999999964e+04 1.003314925397303936e+00
1.112970000000000073e+04 1.002762473944933452e+00
1.113000000000000000e+04 1.002109624032750501e+00
1.113029999999999927e+04 1.001326741637088347e+00
1.113060000000000036e+04 1.000543859241421529e+00
1.113089999999999964e+04 9.996967647142802615e-01
1.113120000000000073e+04 9.987195656810169409e-01
1.113150000000000000e+04 9.977423666477595043e-01
1.113179999999999927e+04 9.967600551863737834e-01
1.113210000000000036e+04 9.957512400612936743e-01
1.113229999999999927e+04 9.950786966445797077e-01
1.113270000000000073e+04 9.937336098111395621e-01
1.113300000000000000e+04 9.928900410746350769e-01
1.113329999999999927e+04 9.920590142307302850e-01
1.113360000000000036e+04 9.912279873868203861e-01
1.113389999999999964e+04 9.905794634373408236e-01
1.113420000000000073e+04 9.900364282238128810e-01
1.113450000000000000e+04 9.894933930102881581e-01
1.113479999999999927e+04 9.890110835818964885e-01
1.113510000000000036e+04 9.886893022405700560e-01
1.113539999999999964e+04 9.883675208992456218e-01
1.113570000000000073e+04 9.880457395579190782e-01
1.113600000000000000e+04 9.879422510809415803e-01
1.113629999999999927e+04 9.878767675479793731e-01
1.113660000000000036e+04 9.878112840150167218e-01
1.113689999999999964e+04 9.877781080601005792e-01
1.113720000000000073e+04 9.878010247652896370e-01
1.113750000000000000e+04 9.878239414704785837e-01
1.113770000000000073e+04 9.878392192739380295e-01
1.113810000000000036e+04 9.877598710840942431e-01
1.113839999999999964e+04 9.876480560863750702e-01
1.113870000000000073e+04 9.875362410886552311e-01
1.113900000000000000e+04 9.873573034974225671e-01
1.113920000000000073e+04 9.870617560837471327e-01
1.113960000000000036e+04 9.864706612563990396e-01
1.113989999999999964e+04 9.860273401358886636e-01
1.114020000000000073e+04 9.853248204788700448e-01
1.114050000000000000e+04 9.843884752972945629e-01
1.114070000000000073e+04 9.837642451762405038e-01
1.114110000000000036e+04 9.825157849341380478e-01
1.114139999999999964e+04 9.810895444568953350e-01
1.114170000000000073e+04 9.795295155098784345e-01
1.114200000000000000e+04 9.779694865628709710e-01
1.114220000000000073e+04 9.769294672648597411e-01
1.114260000000000036e+04 9.741679665931608501e-01
1.114289999999999964e+04 9.719138020581543636e-01
1.114320000000000073e+04 9.696596375231342213e-01
1.114350000000000000e+04 9.673246986415267035e-01
1.114379999999999927e+04 9.643650650030096694e-01
1.114410000000000036e+04 9.614054313644747607e-01
1.114439999999999964e+04 9.584457977259578376e-01
1.114470000000000073e+04 9.553684339700900807e-01
1.114500000000000000e+04 9.517681015847703208e-01
1.114520000000000073e+04 9.493678799945425295e-01
1.114560000000000036e+04 9.445674368141088184e-01
1.114589999999999964e+04 9.408749079074359978e-01
1.114620000000000073e+04 9.367880726497629373e-01
1.114650000000000000e+04 9.327012373921146349e-01
1.114670000000000073e+04 9.299766805536658909e-01
1.114710000000000036e+04 9.244946658116768301e-01
1.114739999999999964e+04 9.201581349378882280e-01
1.114770000000000073e+04 9.158216040640732025e-01
1.114800000000000000e+04 9.114850731902846004e-01
1.114820000000000073e+04 9.085940526077412871e-01
1.114860000000000036e+04 9.028521726528613289e-01
1.114889999999999964e+04 8.985553848515144271e-01
1.114920000000000073e+04 8.942585970501414350e-01
1.114950000000000000e+04 8.899618092487945331e-01
1.114979999999999927e+04 8.859202527096388113e-01
1.115010000000000036e+04 8.819325447801303897e-01
1.115039999999999964e+04 8.779448368506460598e-01
1.115070000000000073e+04 8.739571289211375271e-01
1.115100000000000000e+04 8.702819185390960888e-01
1.115129999999999927e+04 8.668352994023555969e-01
1.115160000000000036e+04 8.633886802655942327e-01
1.115189999999999964e+04 8.599420611288537408e-01
1.115220000000000073e+04 8.566918274219957885e-01
1.115250000000000000e+04 8.539840770761336630e-01
1.115279999999999927e+04 8.512763267302714265e-01
1.115310000000000036e+04 8.485685763843928697e-01
1.115339999999999964e+04 8.458608260385307442e-01
1.115370000000000073e+04 8.439314103546942114e-01
1.115400000000000000e+04 8.420976538615067009e-01
1.115429999999999927e+04 8.402638973683190793e-01
1.115460000000000036e+04 8.384301408751204665e-01
1.115479999999999927e+04 8.373195953587927454e-01
1.115520000000000073e+04 8.361345999440822352e-01
1.115550000000000000e+04 8.352458533830549037e-01
1.115579999999999927e+04 8.343571068220274611e-01
1.115610000000000036e+04 8.334683602609945785e-01
1.115639999999999964e+04 8.334606683486871503e-01
1.115670000000000073e+04 8.334997725702096849e-01
1.115700000000000000e+04 8.335388767917319974e-01
1.115729999999999927e+04 8.335779810132543099e-01
1.115760000000000036e+04 8.339528154619282319e-01
1.115789999999999964e+04 8.348666195226017717e-01
1.115820000000000073e+04 8.357804235832809736e-01
1.115850000000000000e+04 8.366942276439545134e-01
1.115879999999999927e+04 8.376080317046281642e-01
1.115910000000000036e+04 8.391272708554750048e-01
1.115939999999999964e+04 8.408434202410892677e-01
1.115970000000000073e+04 8.425595696267139667e-01
1.116000000000000000e+04 8.442757190123283406e-01
1.116029999999999927e+04 8.460350929157350874e-01
1.116060000000000036e+04 8.484502079620755977e-01
1.116089999999999964e+04 8.508653230084014529e-01
1.116120000000000073e+04 8.532804380547419631e-01
1.116150000000000000e+04 8.556955531010678184e-01
1.116179999999999927e+04 8.582922095722973488e-01
1.116210000000000036e+04 8.613013743891552165e-01
1.116239999999999964e+04 8.643105392059948766e-01
1.116270000000000073e+04 8.673197040228527444e-01
1.116300000000000000e+04 8.703288688396922934e-01
1.116329999999999927e+04 8.735652940357996332e-01
1.116360000000000036e+04 8.770422084857673051e-01
1.116389999999999964e+04 8.805191229357139937e-01
1.116420000000000073e+04 8.839960373856816656e-01
1.116450000000000000e+04 8.874729518356283542e-01
1.116479999999999927e+04 8.911652000550799313e-01
1.116510000000000036e+04 8.949994447582848567e-01
1.116539999999999964e+04 8.988336894614665784e-01
1.116560000000000036e+04 9.013898525969366027e-01
1.116600000000000000e+04 9.065021788678532255e-01
1.116629999999999927e+04 9.104945615534265624e-01
1.116660000000000036e+04 9.145699149639308079e-01
1.116689999999999964e+04 9.186452683744102954e-01
1.116700000000000000e+04 9.200037195112450439e-01
1.116839999999999964e+04 9.393718245399580447e-01
1.117000000000000000e+04 9.619180683216522754e-01
1.117150000000000000e+04 9.829923916457916633e-01
1.117300000000000000e+04 1.003603356898998378e+00
1.117450000000000000e+04 1.023391781406618017e+00
1.117600000000000000e+04 1.042054611738153280e+00
1.117750000000000000e+04 1.059342237462961522e+00
1.117900000000000000e+04 1.075023272966502574e+00
1.118050000000000000e+04 1.088910081034766053e+00
1.118200000000000000e+04 1.100835362225825120e+00
1.118350000000000000e+04 1.110342633794219047e+00
1.118500000000000000e+04 1.117575623194694279e+00
1.118650000000000000e+04 1.122518573891245541e+00
1.118800000000000000e+04 1.125188980017199913e+00
1.118950000000000000e+04 1.125658689018798730e+00
1.119100000000000000e+04 1.124041269839509694e+00
1.119239999999999964e+04 1.120798395215713006e+00
1.119400000000000000e+04 1.114891493764246455e+00
1.119550000000000000e+04 1.107821685007250423e+00
1.119700000000000000e+04 1.099619061185736602e+00
1.119850000000000000e+04 1.090529834332644832e+00
1.120000000000000000e+04 1.080778684833432868e+00

1.110000000000000000e+04 6.708162769261952207e-02
1.110029999999999927e+04 6.913726134773306997e-02
1.110060000000000036e+04 7.131510646685382260e-02
1.110089999999999964e+04 7.362581267603657276e-02
1.110120000000000073e+04 7.608125444153836237e-02
1.110150000000000000e+04 7.869470826081191583e-02
1.110179999999999927e+04 8.148105998451500576e-02
1.110210000000000036e+04 8.445704881768101302e-02
1.110239999999999964e+04 8.764155581543174589e-02
1.110260000000000036e+04 8.989084069436757696e-02
1.110300000000000000e+04 9.472447933577642087e-02
1.110329999999999927e+04 9.867479577770491006e-02
1.110360000000000036e+04 1.029385095106239156e-01
1.110389999999999964e+04 1.075519200358035776e-01
1.110420000000000073e+04 1.125568804299258707e-01
1.110450000000000000e+04 1.180018586431420546e-01
1.110479999999999927e+04 1.239432427753553861e-01
1.110510000000000036e+04 1.304469559922079303e-01
1.110539999999999964e+04 1.375904669035732664e-01
1.110570000000000073e+04 1.454653079433730345e-01
1.110589999999999964e+04 1.511743868153176129e-01
1.110629999999999927e+04 1.638653401966219669e-01
1.110660000000000036e+04 1.746770425952178518e-01
1.110689999999999964e+04 1.868048817550453933e-01
1.110720000000000073e+04 2.004800263154933038e-01
1.110750000000000000e+04 2.159864859209121302e-01
1.110779999999999927e+04 2.336757812630184117e-01
1.110810000000000036e+04 2.539862409727192127e-01
1.110839999999999964e+04 2.774684196130549618e-01
1.110870000000000073e+04 3.048184828393288859e-01
1.110900000000000000e+04 3.369216147406190465e-01
1.110929999999999927e+04 3.749071534934224625e-01
1.110960000000000036e+04 4.202152476348700594e-01
1.110989999999999964e+04 4.746690445204787556e-01
1.111020000000000073e+04 5.405318792545764639e-01
1.111050000000000000e+04 6.204962894129666395e-01
1.111079999999999927e+04 7.174866348974547892e-01
1.111110000000000036e+04 8.340486503373009119e-01
1.111139999999999964e+04 9.709708544811163078e-01
1.111170000000000073e+04 1.124754922014281844e+00
1.111200000000000000e+04 1.284257211046556657e+00
1.111229999999999927e+04 1.431323558070483060e+00
1.111260000000000036e+04 1.551520066477530158e+00
1.111289999999999964e+04 1.639856403509652338e+00
1.111320000000000073e+04 1.696883362579322929e+00
1.111350000000000000e+04 1.726012394428322105e+00
1.111379999999999927e+04 1.732092639816616320e+00
1.111410000000000036e+04 1.720321382233993557e+00
1.111439999999999964e+04 1.695540613176452105e+00
1.111470000000000073e+04 1.661889861335419161e+00
1.111500000000000000e+04 1.622707142036035943e+00
1.111529999999999927e+04 1.580560058252206357e+00
1.111560000000000036e+04 1.537351203936484945e+00
1.111589999999999964e+04 1.494440079081511330e+00
1.111620000000000073e+04 1.452756531585682298e+00
1.111650000000000000e+04 1.412910848016960763e+00
1.111679999999999927e+04 1.375277293192334493e+00
1.111710000000000036e+04 1.340068741488661841e+00
1.111739999999999964e+04 1.307390821465152841e+00
1.111770000000000073e+04 1.278226832497296517e+00
1.111800000000000000e+04 1.250262968767397842e+00
1.111829999999999927e+04 1.224646312631024303e+00
1.111860000000000036e+04 1.201297624087337201e+00
1.111889999999999964e+04 1.179463390629118313e+00
1.111920000000000073e+04 1.160370787656424207e+00
1.111950000000000000e+04 1.141806879206307412e+00
1.111979999999999927e+04 1.126501994846712540e+00
1.112010000000000036e+04 1.111197110487024853e+00
1.112039999999999964e+04 1.098722245613268589e+00
1.112070000000000073e+04 1.086708732500744956e+00
1.112100000000000000e+04 1.076144558391764372e+00
1.112129999999999927e+04 1.066936694379777339e+00
1.112160000000000036e+04 1.057987263596904315e+00
1.112189999999999964e+04 1.051132471435058946e+00
1.112220000000000073e+04 1.044277679273172055e+00
1.112250000000000000e+04 1.038654882711678384e+00
1.112279999999999927e+04 1.033726355442746492e+00
1.112310000000000036e+04 1.028958942384838426e+00
1.112339999999999964e+04 1.025552843455246999e+00
1.112370000000000073e+04 1.022146744525634698e+00
1.112400000000000000e+04 1.019325936267166943e+00
1.112429999999999927e+04 1.017070676895054815e+00
1.112450000000000000e+04 1.015567170646970885e+00
1.112489999999999964e+04 1.013257090049480613e+00
1.112520000000000073e+04 1.011823851589156442e+00
1.112550000000000000e+04 1.010458285806710155e+00
1.112579999999999927e+04 1.009572657847761956e+00
1.112610000000000036e+04 1.008687029888808429e+00
1.112639999999999964e+04 1.007912710859180327e+00
1.112670000000000073e+04 1.007358528365183359e+00
1.112700000000000000e+04 1.006804345871189499e+00
1.112729999999999927e+04 1.006324019587122365e+00
1.112760000000000036e+04 1.005922249990876427e+00
1.112789999999999964e+04 1.005520480394632710e+00
1.112820000000000073e+04 1.005115127927377561e+00
1.112850000000000000e+04 1.004707070729658813e+00
1.112879999999999927e+04 1.004299013531939844e+00
1.112910000000000036e+04 1.003805513250709547e+00
1.112939999999999964e+04 1.003253024732458476e+00
1.112970000000000073e+04 1.002700536214204297e+00
1.113000000000000000e+04 1.002021367147659658e+00
1.113029999999999927e+04 1.001238481012735937e+00
1.113060000000000036e+04 1.000455594877807330e+00
1.113089999999999964e+04 9.995863307825473276e-01
1.113120000000000073e+04 9.986091564628285511e-01
1.113150000000000000e+04 9.976319821431156587e-01
1.113179999999999927e+04 9.966460894580252416e-01
1.113210000000000036e+04 9.956373084347889257e-01
1.113229999999999927e+04 9.949647877526375250e-01
1.113270000000000073e+04 9.936274958060334894e-01
1.113300000000000000e+04 9.927964871976975303e-01
1.113329999999999927e+04 9.919654785893615712e-01
1.113360000000000036e+04 9.911344699810205050e-01
1.113389999999999964e+04 9.905188120061465540e-01
1.113420000000000073e+04 9.899757650663917330e-01
1.113450000000000000e+04 9.894327181266402427e-01
1.113479999999999927e+04 9.889756492527418397e-01
1.113510000000000036e+04 9.886538543842813276e-01
1.113539999999999964e+04 9.883320595158227029e-01
1.113570000000000073e+04 9.880102646473621908e-01
1.113600000000000000e+04 9.879359847957144281e-01
1.113629999999999927e+04 9.878704560592773687e-01
1.113660000000000036e+04 9.878049273228398652e-01
1.113689999999999964e+04 9.877817904259471593e-01
1.113720000000000073e+04 9.878046507360729311e-01
1.113750000000000000e+04 9.878275110461984809e-01
1.113770000000000073e+04 9.878427512529489585e-01
1.113810000000000036e+04 9.877479536037351293e-01
1.113839999999999964e+04 9.876360859108526125e-01
1.113870000000000073e+04 9.875242182179694295e-01
1.113900000000000000e+04 9.873073949050941156e-01
1.113920000000000073e+04 9.870118201085598120e-01
1.113960000000000036e+04 9.864206705154939803e-01
1.113989999999999964e+04 9.859773083206953004e-01
1.114020000000000073e+04 9.852184862910842167e-01
1.114050000000000000e+04 9.842821162594693751e-01
1.114070000000000073e+04 9.836578695717224097e-01
1.114110000000000036e+04 9.824093761962341409e-01
1.114139999999999964e+04 9.809119464681559375e-01
1.114170000000000073e+04 9.793519151522421806e-01
1.114200000000000000e+04 9.777918838363379717e-01
1.114220000000000073e+04 9.767518629590621337e-01
1.114260000000000036e+04 9.739111601755529035e-01
1.114289999999999964e+04 9.716570176766579081e-01
1.114320000000000073e+04 9.694028751777491459e-01
1.114350000000000000e+04 9.669874450758311202e-01
1.114379999999999927e+04 9.640278597218482348e-01
1.114410000000000036e+04 9.610682743678473638e-01
1.114439999999999964e+04 9.581086890138644785e-01
1.114470000000000073e+04 9.549582545375865372e-01
1.114500000000000000e+04 9.513579960784552814e-01
1.114520000000000073e+04 9.489578237723532705e-01
1.114560000000000036e+04 9.441574791601710093e-01
1.114589999999999964e+04 9.404095030855815773e-01
1.114620000000000073e+04 9.363227624516285985e-01
1.114650000000000000e+04 9.322360218177003777e-01
1.114670000000000073e+04 9.295115280617317621e-01
1.114710000000000036e+04 9.240011431445400714e-01
1.114739999999999964e+04 9.196647185278928882e-01
1.114770000000000073e+04 9.153282939112195038e-01
1.114800000000000000e+04 9.109918692945723206e-01
1.114820000000000073e+04 9.081009195501233977e-01
1.114860000000000036e+04 9.023637153445579484e-01
1.114889999999999964e+04 8.980670319927291922e-01
1.114920000000000073e+04 8.937703486408743458e-01
1.114950000000000000e+04 8.894736652890455897e-01
1.114979999999999927e+04 8.854674812233666037e-01
1.115010000000000036e+04 8.814798681207021147e-01
1.115039999999999964e+04 8.774922550180618286e-01
1.115070000000000073e+04 8.735046419153973396e-01
1.115100000000000000e+04 8.698912740918087749e-01
1.115129999999999927e+04 8.664447355365207937e-01
1.115160000000000036e+04 8.629981969812119402e-01
1.115189999999999964e+04 8.595516584259239590e-01
1.115220000000000073e+04 8.563858290481002333e-01
1.115250000000000000e+04 8.536781392560535142e-01
1.115279999999999927e+04 8.509704494640066841e-01
1.115310000000000036e+04 8.482627596719435337e-01
1.115339999999999964e+04 8.455591645462136041e-01
1.115370000000000073e+04 8.437254467633008570e-01
1.115400000000000000e+04 8.418917289803992121e-01
1.115429999999999927e+04 8.400580111974975672e-01
1.115460000000000036e+04 8.382242934145848201e-01
1.115479999999999927e+04 8.372216276346982067e-01
1.115520000000000073e+04 8.360366522817731516e-01
1.115550000000000000e+04 8.351479207670847726e-01
1.115579999999999927e+04 8.342591892523963937e-01
1.115610000000000036e+04 8.334295614342182024e-01
1.115639999999999964e+04 8.334686629474600261e-01
1.115670000000000073e+04 8.335077644607019609e-01
1.115700000000000000e+04 8.335468659739437847e-01
1.115729999999999927e+04 8.335859674871854974e-01
1.115760000000000036e+04 8.340606267872419100e-01
1.115789999999999964e+04 8.349744141265574848e-01
1.115820000000000073e+04 8.358882014658786108e-01
1.115850000000000000e+04 8.368019888051941857e-01
1.115879999999999927e+04 8.377157761445097606e-01
1.115910000000000036e+04 8.393265640563201124e-01
1.115939999999999964e+04 8.410426842685886362e-01
1.115970000000000073e+04 8.427588044808675960e-01
1.116000000000000000e+04 8.444749246931362308e-01
1.116029999999999927e+04 8.463140450370851831e-01
1.116060000000000036e+04 8.487291231342857234e-01
1.116089999999999964e+04 8.511442012314714978e-01
1.116120000000000073e+04 8.535592793286720381e-01
1.116150000000000000e+04 8.559743574258579235e-01
1.116179999999999927e+04 8.586387763137901530e-01
1.116210000000000036e+04 8.616478971276942955e-01
1.116239999999999964e+04 8.646570179415802304e-01
1.116270000000000073e+04 8.676661387554843730e-01
1.116300000000000000e+04 8.706752595693703078e-01
1.116329999999999927e+04 8.739650264121566758e-01
1.116360000000000036e+04 8.774418946694704236e-01
1.116389999999999964e+04 8.809187629267631880e-01
1.116420000000000073e+04 8.843956311840769358e-01
1.116450000000000000e+04 8.878724994413697003e-01
1.116479999999999927e+04 8.916054841195624192e-01
1.116510000000000036e+04 8.954396805214941413e-01
1.116539999999999964e+04 8.992738769234025487e-01
1.116560000000000036e+04 9.018300078580236967e-01
1.116600000000000000e+04 9.069422697272426781e-01
1.116629999999999927e+04 9.109621234734924800e-01
1.116660000000000036e+04 9.150374288873356354e-01
1.116689999999999964e+04 9.191127343011541440e-01
1.116700000000000000e+04 9.204711694391018995e-01
1.116839999999999964e+04 9.398541458018720984e-01
1.117000000000000000e+04 9.624043097402161795e-01
1.117150000000000000e+04 9.834724114005575224e-01
1.117300000000000000e+04 1.004067803337577613e+00
1.117450000000000000e+04 1.023831524118672620e+00
1.117600000000000000e+04 1.042462636552174748e+00
1.117750000000000000e+04 1.059711285123219771e+00
1.117900000000000000e+04 1.075347283517940289e+00
1.118050000000000000e+04 1.089183346856577916e+00
1.118200000000000000e+04 1.101053021900888274e+00
1.118350000000000000e+04 1.110560234950199510e+00
1.118500000000000000e+04 1.117733983511582041e+00
1.118650000000000000e+04 1.122615734361293915e+00
1.118800000000000000e+04 1.125224737399280084e+00
1.118950000000000000e+04 1.125635295156893090e+00
1.119100000000000000e+04 1.123962628764789695e+00
1.119239999999999964e+04 1.120719837724795109e+00
1.119400000000000000e+04 1.114764796489664977e+00
1.119550000000000000e+04 1.107654650942498042e+00
1.119700000000000000e+04 1.099421052164649026e+00
1.119850000000000000e+04 1.090310378720928952e+00
1.120000000000000000e+04 1.080546218586677210e+00

1.110000000000000000e+04 6.708162769261952207e-02
1.110029999999999927e+04 6.913726134773306997e-02
1.110060000000000036e+04 7.131510646685382260e-02
1.110089999999999964e+04 7.362581267603657276e-02
1.110120000000000073e+04 7.608125444153836237e-02
1.110150000000000000e+04 7.869470826081191583e-02
1.110179999999999927e+04 8.148105998451500576e-02
1.110210000000000036e+04 8.445704881768101302e-02
1.110239999999999964e+04 8.764155581543174589e-02
1.110260000000000036e+04 8.989084069436757696e-02
1.110300000000000000e+04 9.472447933577642087e-02
1.110329999999999927e+04 9.867479577770491006e-02
1.110360000000000036e+04 1.029385095106239156e-01
1.110389999999999964e+04 1.075519200358035776e-01
1.110420000000000073e+04 1.125568804299258707e-01
1.110450000000000000e+04 1.180018586431420546e-01
1.110479999999999927e+04 1.239432427753553861e-01
1.110510000000000036e+04 1.304469559922079303e-01
1.110539999999999964e+04 1.375904669035732664e-01
1.110570000000000073e+04 1.454653079433730345e-01
1.110589999999999964e+04 1.511743868153176129e-01
1.110629999999999927e+04 1.638653401966219669e-01
1.110660000000000036e+04 1.746770425952178518e-01
1.110689999999999964e+04 1.868048817550453933e-01
1.110720000000000073e+04 2.004800263154933038e-01
1.110750000000000000e+04 2.159864859209121302e-01
1.110779999999999927e+04 2.336757812630184117e-01
1.110810000000000036e+04 2.539862409727192127e-01
1.110839999999999964e+04 2.774684196130549618e-01
1.110870000000000073e+04 3.048184828393288859e-01
1.110900000000000000e+04 3.369216147406190465e-01
1.110929999999999927e+04 3.749071534934224625e-01
1.110960000000000036e+04 4.202152476348700594e-01
1.110989999999999964e+04 4.746690445204787556e-01
1.111020000000000073e+04 5.405318792545764639e-01
1.111050000000000000e+04 6.204962894129666395e-01
1.111079999999999927e+04 7.174866348974547892e-01
1.111110000000000036e+04 8.340486503373009119e-01
1.111139999999999964e+04 9.709708544811163078e-01
1.111170000000000073e+04 1.124754922014281844e+00
1.111200000000000000e+04 1.284257211046556657e+00
1.111229999999999927e+04 1.431323558070483060e+00
1.111260000000000036e+04 1.551520066477530158e+00
1.111289999999999964e+04 1.639856403509652338e+00
1.111320000000000073e+04 1.696883362579322929e+00
1.111350000000000000e+04 1.726012394428322105e+00
1.111379999999999927e+04 1.732092639816616320e+00
1.111410000000000036e+04 1.720321382233993557e+00
1.111439999999999964e+04 1.695540613176452105e+00
1.111470000000000073e+04 1.661889861335419161e+00
1.111500000000000000e+04 1.622707142036035943e+00
1.111529999999999927e+04 1.580560058252206357e+00
1.111560000000000036e+04 1.537351203936484945e+00
1.111589999999999964e+04 1.494440079081511330e+00
1.111620000000000073e+04 1.452756531585682298e+00
1.111650000000000000e+04 1.412910848016960763e+00
1.111679999999999927e+04 1.375277293192334493e+00
1.111710000000000036e+04 1.340068741488661841e+00
1.111739999999999964e+04 1.307390821465152841e+00
1.111770000000000073e+04 1.278226832497296517e+00
1.111800000000000000e+04 1.250262968767397842e+00
1.111829999999999927e+04 1.224646312631024303e+00
1.111860000000000036e+04 1.201297624087337201e+00
1.111889999999999964e+04 1.179463390629118313e+00
1.111920000000000073e+04 1.160370787656424207e+00
1.111950000000000000e+04 1.141806879206307412e+00
1.111979999999999927e+04 1.126501994846712540e+00
1.112010000000000036e+04 1.111197110487024853e+00
1.112039999999999964e+04 1.098722245613268589e+00
1.112070000000000073e+04 1.086708732500744956e+00
1.112100000000000000e+04 1.076144558391764372e+00
1.112129999999999927e+04 1.066936694379777339e+00
1.112160000000000036e+04 1.057987263596904315e+00
1.112189999999999964e+04 1.051132471435058946e+00
1.112220000000000073e+04 1.044277679273172055e+00
1.112250000000000000e+04 1.038654882711678384e+00
1.112279999999999927e+04 1.033726355442746492e+00
1.112310000000000036e+04 1.028958942384838426e+00
1.112339999999999964e+04 1.025552843455246999e+00
1.112370000000000073e+04 1.022146744525634698e+00
1.112400000000000000e+04 1.019325936267166943e+00
1.112429999999999927e+04 1.017070676895054815e+00
1.112450000000000000e+04 1.015567170646970885e+00
1.112489999999999964e+04 1.013257090049480613e+00
1.112520000000000073e+04 1.011823851589156442e+00
1.112550000000000000e+04 1.010458285806710155e+00
1.112579999999999927e+04 1.009572657847761956e+00
1.112610000000000036e+04 1.008687029888808429e+00
1.112639999999999964e+04 1.007912710859180327e+00
1.112670000000000073e+04 1.007358528365183359e+00
1.112700000000000000e+04 1.006804345871189499e+00
1.112729999999999927e+04 1.006324019587122365e+00
1.112760000000000036e+04 1.005922249990876427e+00
1.112789999999999964e+04 1.005520480394632710e+00
1.112820000000000073e+04 1.005115127927377561e+00
1.112850000000000000e+04 1.004707070729658813e+00
1.112879999999999927e+04 1.004299013531939844e+00
1.112910000000000036e+04 1.003805513250709547e+00
1.112939999999999964e+04 1.003253024732458476e+00
1.112970000000000073e+04 1.002700536214204297e+00
1.113000000000000000e+04 1.002021367147659658e+00
1.113029999999999927e+04 1.001238481012735937e+00
1.113060000000000036e+04 1.000455594877807330e+00
1.113089999999999964e+04 9.995863307825473276e-01
1.113120000000000073e+04 9.986091564628285511e-01
1.113150000000000000e+04 9.976319821431156587e-01
1.113179999999999927e+04 9.966460894580252416e-01
1.113210000000000036e+04 9.956373084347889257e-01
1.113229999999999927e+04 9.949647877526375250e-01
1.113270000000000073e+04 9.936274958060334894e-01
1.113300000000000000e+04 9.927964871976975303e-01
1.113329999999999927e+04 9.919654785893615712e-01
1.113360000000000036e+04 9.911344699810205050e-01
1.113389999999999964e+04 9.905188120061465540e-01
1.113420000000000073e+04 9.899757650663917330e-01
1.113450000000000000e+04 9.894327181266402427e-01
1.113479999999999927e+04 9.889756492527418397e-01
1.113510000000000036e+04 9.886538543842813276e-01
1.113539999999999964e+04 9.883320595158227029e-01
1.113570000000000073e+04 9.880102646473621908e-01
1.113600000000000000e+04 9.879359847957144281e-01
1.113629999999999927e+04 9.878704560592773687e-01
1.113660000000000036e+04 9.878049273228398652e-01
1.113689999999999964e+04 9.877817904259471593e-01
1.113720000000000073e+04 9.878046507360729311e-01
1.113750000000000000e+04 9.878275110461984809e-01
1.113770000000000073e+04 9.878427512529489585e-01
1.113810000000000036e+04 9.877479536037351293e-01
1.113839999999999964e+04 9.876360859108526125e-01
1.113870000000000073e+04 9.875242182179694295e-01
1.113900000000000000e+04 9.873073949050941156e-01
1.113920000000000073e+04 9.870118201085598120e-01
1.113960000000000036e+04 9.864206705154939803e-01
1.113989999999999964e+04 9.859773083206953004e-01
1.114020000000000073e+04 9.852184862910842167e-01
1.114050000000000000e+04 9.842821162594693751e-01
1.114070000000000073e+04 9.836578695717224097e-01
1.114110000000000036e+04 9.824093761962341409e-01
1.114139999999999964e+04 9.809119464681559375e-01
1.114170000000000073e+04 9.793519151522421806e-01
1.114200000000000000e+04 9.777918838363379717e-01
1.114220000000000073e+04 9.767518629590621337e-01
1.114260000000000036e+04 9.739111601755529035e-01
1.114289999999999964e+04 9.716570176766579081e-01
1.114320000000000073e+04 9.694028751777491459e-01
1.114350000000000000e+04 9.669874450758311202e-01
1.114379999999999927e+04 9.640278597218482348e-01
1.114410000000000036e+04 9.610682743678473638e-01
1.114439999999999964e+04 9.581086890138644785e-01
1.114470000000000073e+04 9.549582545375865372e-01
1.114500000000000000e+04 9.513579960784552814e-01
1.114520000000000073e+04 9.489578237723532705e-01
1.114560000000000036e+04 9.441574791601710093e-01
1.114589999999999964e+04 9.404095030855815773e-01
1.114620000000000073e+04 9.363227624516285985e-01
1.114650000000000000e+04 9.322360218177003777e-01
1.114670000000000073e+04 9.295115280617317621e-01
1.114710000000000036e+04 9.240011431445400714e-01
1.114739999999999964e+04 9.196647185278928882e-01
1.114770000000000073e+04 9.153282939112195038e-01
1.114800000000000000e+04 9.109918692945723206e-01
1.114820000000000073e+04 9.081009195501233977e-01
1.114860000000000036e+04 9.023637153445579484e-01
1.114889999999999964e+04 8.980670319927291922e-01
1.114920000000000073e+04 8.937703486408743458e-01
1.114950000000000000e+04 8.894736652890455897e-01
1.114979999999999927e+04 8.854674812233666037e-01
1.115010000000000036e+04 8.814798681207021147e-01
1.115039999999999964e+04 8.774922550180618286e-01
1.115070000000000073e+04 8.735046419153973396e-01
1.115100000000000000e+04 8.698912740918087749e-01
1.115129999999999927e+04 8.664447355365207937e-01
1.115160000000000036e+04 8.629981969812119402e-01
1.115189999999999964e+04 8.595516584259239590e-01
1.115220000000000073e+04 8.563858290481002333e-01
1.115250000000000000e+04 8.536781392560535142e-01
1.115279999999999927e+04 8.509704494640066841e-01
1.115310000000000036e+04 8.482627596719435337e-01
1.115339999999999964e+04 8.455591645462136041e-01
1.115370000000000073e+04 8.437254467633008570e-01
1.115400000000000000e+04 8.418917289803992121e-01
1.115429999999999927e+04 8.400580111974975672e-01
1.115460000000000036e+04 8.382242934145848201e-01
1.115479999999999927e+04 8.372216276346982067e-01
1.115520000000000073e+04 8.360366522817731516e-01
1.115550000000000000e+04 8.351479207670847726e-01
1.115579999999999927e+04 8.342591892523963937e-01
1.115610000000000036e+04 8.334295614342182024e-01
1.115639999999999964e+04 8.334686629474600261e-01
1.115670000000000073e+04 8.335077644607019609e-01
1.115700000000000000e+04 8.335468659739437847e-01
1.115729999999999927e+04 8.335859674871854974e-01
1.115760000000000036e+04 8.340606267872419100e-01
1.115789999999999964e+04 8.349744141265574848e-01
1.115820000000000073e+04 8.358882014658786108e-01
1.115850000000000000e+04 8.368019888051941857e-01
1.115879999999999927e+04 8.377157761445097606e-01
1.115910000000000036e+04 8.393265640563201124e-01
1.115939999999999964e+04 8.410426842685886362e-01
1.115970000000000073e+04 8.427588044808675960e-01
1.116000000000000000e+04 8.444749246931362308e-01
1.116029999999999927e+04 8.463140450370851831e-01
1.116060000000000036e+04 8.487291231342857234e-01
1.116089999999999964e+04 8.511442012314714978e-01
1.116120000000000073e+04 8.535592793286720381e-01
1.116150000000000000e+04 8.559743574258579235e-01
1.116179999999999927e+04 8.586387763137901530e-01
1.116210000000000036e+04 8.616478971276942955e-01
1.116239999999999964e+04 8.646570179415802304e-01
1.116270000000000073e+04 8.676661387554843730e-01
1.116300000000000000e+04 8.706752595693703078e-01
1.116329999999999927e+04 8.739650264121566758e-01
1.116360000000000036e+04 8.774418946694704236e-01
1.116389999999999964e+04 8.809187629267631880e-01
1.116420000000000073e+04 8.843956311840769358e-01
1.116450000000000000e+04 8.878724994413697003e-01
1.116479999999999927e+04 8.916054841195624192e-01
1.116510000000000036e+04 8.954396805214941413e-01
1.116539999999999964e+04 8.992738769234025487e-01
1.116560000000000036e+04 9.018300078580236967e-01
1.116600000000000000e+04 9.069422697272426781e-01
1.116629999999999927e+04 9.109621234734924800e-01
1.116660000000000036e+04 9.150374288873356354e-01
1.116689999999999964e+04 9.191127343011541440e-01
1.116700000000000000e+04 9.204711694391018995e-01
1.116839999999999964e+04 9.398541458018720984e-01
1.117000000000000000e+04 9.624043097402161795e-01
1.117150000000000000e+04 9.834724114005575224e-01
1.117300000000000000e+04 1.004067803337577613e+00
1.117450000000000000e+04 1.023831524118672620e+00
1.117600000000000000e+04 1.042462636552174748e+00
1.117750000000000000e+04 1.059711285123219771e+00
1.117900000000000000e+04 1.075347283517940289e+00
1.118050000000000000e+04 1.089183346856577916e+00
1.118200000000000000e+04 1.101053021900888274e+00
1.118350000000000000e+04 1.110560234950199510e+00
1.118500000000000000e+04 1.117733983511582041e+00
1.118650000000000000e+04 1.122615734361293915e+00
1.118800000000000000e+04 1.125224737399280084e+00
1.118950000000000000e+04 1.125635295156893090e+00
1.119100000000000000e+04 1.123962628764789695e+00
1.119239999999999964e+04 1.120719837724795109e+00
1.119400000000000000e+04 1.114764796489664977e+00
1.119550000000000000e+04 1.107654650942498042e+00
1.119700000000000000e+04 1.099421052164649026e+00
1.119850000000000000e+04 1.090310378720928952e+00
1.120000000000000000e+04 1.080546218586677210e+00

1.110000000000000000e+04 6.708162769261952207e-02
1.110029999999999927e+04 6.913726134773306997e-02
1.110060000000000036e+04 7.131510646685382260e-02
1.110089999999999964e+04 7.362581267603657276e-02
1.110120000000000073e+04 7.608125444153836237e-02
1.110150000000000000e+04 7.869470826081191583e-02
1.110179999999999927e+04 8.148105998451500576e-02
1.110210000000000036e+04 8.445704881768101302e-02
1.110239999999999964e+04 8.764155581543174589e-02
1.110260000000000036e+04 8.989084069436757696e-02
1.110300000000000000e+04 9.472447933577642087e-02
1.110329999999999927e+04 9.867479577770491006e-02
1.110360000000000036e+04 1.029385095106239156e-01
1.110389999999999964e+04 1.075519200358035776e-01
1.110420000000000073e+04 1.125568804299258707e-01
1.110450000000000000e+04 1.180018586431420546e-01
1.110479999999999927e+04 1.239432427753553861e-01
1.110510000000000036e+04 1.304469559922079303e-01
1.110539999999999964e+04 1.375904669035732664e-01
1.110570000000000073e+04 1.454653079433730345e-01
1.110589999999999964e+04 1.511743868153176129e-01
1.110629999999999927e+04 1.638653401966219669e-01
1.110660000000000036e+04 1.746770425952178518e-01
1.110689999999999964e+04 1.868048817550453933e-01
1.110720000000000073e+04 2.004800263154933038e-01
1.110750000000000000e+04 2.159864859209121302e-01
1.110779999999999927e+04 2.336757812630184117e-01
1.110810000000000036e+04 2.539862409727192127e-01
1.110839999999999964e+04 2.774684196130549618e-01
1.110870000000000073e+04 3.048184828393288859e-01
1.110900000000000000e+04 3.369216147406190465e-01
1.110929999999999927e+04 3.749071534934224625e-01
1.110960000000000036e+04 4.202152476348700594e-01
1.110989999999999964e+04 4.746690445204787556e-01
1.111020000000000073e+04 5.405318792545764639e-01
1.111050000000000000e+04 6.204962894129666395e-01
1.111079999999999927e+04 7.174866348974547892e-01
1.111110000000000036e+04 8.340486503373009119e-01
1.111139999999999964e+04 9.709708544811163078e-01
1.111170000000000073e+04 1.124754922014281844e+00
1.111200000000000000e+04 1.284257211046556657e+00
1.111229999999999927e+04 1.431323558070483060e+00
1.111260000000000036e+04 1.551520066477530158e+00
1.111289999999999964e+04 1.639856403509652338e+00
1.111320000000000073e+04 1.696883362579322929e+00
1.111350000000000000e+04 1.726012394428322105e+00
1.111379999999999927e+04 1.732092639816616320e+00
1.111410000000000036e+04 1.720321382233993557e+00
1.111439999999999964e+04 1.695540613176452105e+00
1.111470000000000073e+04 1.661889861335419161e+00
1.111500000000000000e+04 1.622707142036035943e+00
1.111529999999999927e+04 1.580560058252206357e+00
1.111560000000000036e+04 1.537351203936484945e+00
1.111589999999999964e+04 1.494440079081511330e+00
1.111620000000000073e+04 1.452756531585682298e+00
1.111650000000000000e+04 1.412910848016960763e+00
1.111679999999999927e+04 1.375277293192334493e+00
1.111710000000000036e+04 1.340068741488661841e+00
1.111739999999999964e+04 1.307390821465152841e+00
1.111770000000000073e+04 1.278226832497296517e+00
1.111800000000000000e+04 1.250262968767397842e+00
1.111829999999999927e+04 1.224646312631024303e+00
1.111860000000000036e+04 1.201297624087337201e+00
1.111889999999999964e+04 1.179463390629118313e+00
1.111920000000000073e+04 1.160370787656424207e+00
1.111950000000000000e+04 1.141806879206307412e+00
1.111979999999999927e+04 1.126501994846712540e+00
1.112010000000000036e+04 1.111197110487024853e+00
1.112039999999999964e+04 1.098722245613268589e+00
1.112070000000000073e+04 1.086708732500744956e+00
1.112100000000000000e+04 1.076144558391764372e+00
1.112129999999999927e+04 1.066936694379777339e+00
1.112160000000000036e+04 1.057987263596904315e+00
1.112189999999999964e+04 1.051132471435058946e+00
1.112220000000000073e+04 1.044277679273172055e+00
1.112250000000000000e+04 1.038654882711678384e+00
1.112279999999999927e+04 1.033726355442746492e+00
1.112310000000000036e+04 1.028958942384838426e+00
1.112339999999999964e+04 1.025552843455246999e+00
1.112370000000000073e+04 1.022146744525634698e+00
1.112400000000000000e+04 1.019325936267166943e+00
1.112429999999999927e+04 1.017070676895054815e+00
1.112450000000000000e+04 1.015567170646970885e+00
1.112489999999999964e+04 1.013257090049480613e+00
1.112520000000000073e+04 1.011823851589156442e+00
1.112550000000000000e+04 1.010458285806710155e+00
1.112579999999999927e+04 1.009572657847761956e+00
1.112610000000000036e+04 1.008687029888808429e+00
1.112639999999999964e+04 1.007912710859180327e+00
1.112670000000000073e+04 1.007358528365183359e+00
1.112700000000000000e+04 1.006804345871189499e+00
1.112729999999999927e+04 1.006324019587122365e+00
1.112760000000000036e+04 1.005922249990876427e+00
1.112789999999999964e+04 1.005520480394632710e+00
1.112820000000000073e+04 1.005115127927377561e+00
1.112850000000000000e+04 1.004707070729658813e+00
1.112879999999999927e+04 1.004299013531939844e+00
1.112910000000000036e+04 1.003805513250709547e+00
1.112939999999999964e+04 1.003253024732458476e+00
1.112970000000000073e+04 1.002700536214204297e+00
1.113000000000000000e+04 1.002021367147659658e+00
1.113029999999999927e+04 1.001238481012735937e+00
1.113060000000000036e+04 1.000455594877807330e+00
1.113089999999999964e+04 9.995863307825473276e-01
1.113120000000000073e+04 9.986091564628285511e-01
1.113150000000000000e+04 9.976319821431156587e-01
1.113179999999999927e+04 9.966460894580252416e-01
1.113210000000000036e+04 9.956373084347889257e-01
1.113229999999999927e+04 9.949647877526375250e-01
1.113270000000000073e+04 9.936274958060334894e-01
1.113300000000000000e+04 9.927964871976975303e-01
1.113329999999999927e+04 9.919654785893615712e-01
1.113360000000000036e+04 9.911344699810205050e-01
1.113389999999999964e+04 9.905188120061465540e-01
1.113420000000000073e+04 9.899757650663917330e-01
1.113450000000000000e+04 9.894327181266402427e-01
1.113479999999999927e+04 9.889756492527418397e-01
1.113510000000000036e+04 9.886538543842813276e-01
1.113539999999999964e+04 9.883320595158227029e-01
1.113570000000000073e+04 9.880102646473621908e-01
1.113600000000000000e+04 9.879359847957144281e-01
1.113629999999999927e+04 9.878704560592773687e-01
1.113660000000000036e+04 9.878049273228398652e-01
1.113689999999999964e+04 9.877817904259471593e-01
1.113720000000000073e+04 9.878046507360729311e-01
1.113750000000000000e+04 9.878275110461984809e-01
1.113770000000000073e+04 9.878427512529489585e-01
1.113810000000000036e+04 9.877479536037351293e-01
1.113839999999999964e+04 9.876360859108526125e-01
1.113870000000000073e+04 9.875242182179694295e-01
1.113900000000000000e+04 9.873073949050941156e-01
1.113920000000000073e+04 9.870118201085598120e-01
1.113960000000000036e+04 9.864206705154939803e-01
1.113989999999999964e+04 9.859773083206953004e-01
1.114020000000000073e+04 9.852184862910842167e-01
1.114050000000000000e+04 9.842821162594693751e-01
1.114070000000000073e+04 9.836578695717224097e-01
1.114110000000000036e+04 9.824093761962341409e-01
1.114139999999999964e+04 9.809119464681559375e-01
1.114170000000000073e+04 9.793519151522421806e-01
1.114200000000000000e+04 9.777918838363379717e-01
1.114220000000000073e+04 9.767518629590621337e-01
1.114260000000000036e+04 9.739111601755529035e-01
1.114289999999999964e+04 9.716570176766579081e-01
1.114320000000000073e+04 9.694028751777491459e-01
1.114350000000000000e+04 9.669874450758311202e-01
1.114379999999999927e+04 9.640278597218482348e-01
1.114410000000000036e+04 9.610682743678473638e-01
1.114439999999999964e+04 9.581086890138644785e-01
1.114470000000000073e+04 9.549582545375865372e-01
1.114500000000000000e+04 9.513579960784552814e-01
1.114520000000000073e+04 9.489578237723532705e-01
1.114560000000000036e+04 9.441574791601710093e-01
1.114589999999999964e+04 9.404095030855815773e-01
1.114620000000000073e+04 9.363227624516285985e-01
1.114650000000000000e+04 9.322360218177003777e-01
1.114670000000000073e+04 9.295115280617317621e-01
1.114710000000000036e+04 9.240011431445400714e-01
1.114739999999999964e+04 9.196647185278928882e-01
1.114770000000000073e+04 9.153282939112195038e-01
1.114800000000000000e+04 9.109918692945723206e-01
1.114820000000000073e+04 9.081009195501233977e-01
1.114860000000000036e+04 9.023637153445579484e-01
1.114889999999999964e+04 8.980670319927291922e-01
1.114920000000000073e+04 8.937703486408743458e-01
1.114950000000000000e+04 8.894736652890455897e-01
1.114979999999999927e+04 8.854674812233666037e-01
1.115010000000000036e+04 8.814798681207021147e-01
1.115039999999999964e+04 8.774922550180618286e-01
1.115070000000000073e+04 8.735046419153973396e-01
1.115100000000000000e+04 8.698912740918087749e-01
1.115129999999999927e+04 8.664447355365207937e-01
1.115160000000000036e+04 8.629981969812119402e-01
1.115189999999999964e+04 8.595516584259239590e-01
1.115220000000000073e+04 8.563858290481002333e-01
1.115250000000000000e+04 8.536781392560535142e-01
1.115279999999999927e+04 8.509704494640066841e-01
1.115310000000000036e+04 8.482627596719435337e-01
1.115339999999999964e+04 8.455591645462136041e-01
1.115370000000000073e+04 8.437254467633008570e-01
1.115400000000000000e+04 8.418917289803992121e-01
1.115429999999999927e+04 8.400580111974975672e-01
1.115460000000000036e+04 8.382242934145848201e-01
1.115479999999999927e+04 8.372216276346982067e-01
1.115520000000000073e+04 8.360366522817731516e-01
1.115550000000000000e+04 8.351479207670847726e-01
1.115579999999999927e+04 8.342591892523963937e-01
1.115610000000000036e+04 8.334295614342182024e-01
1.115639999999999964e+04 8.334686629474600261e-01
1.115670000000000073e+04 8.335077644607019609e-01
1.115700000000000000e+04 8.335468659739437847e-01
1.115729999999999927e+04 8.335859674871854974e-01
1.115760000000000036e+04 8.340606267872419100e-01
1.115789999999999964e+04 8.349744141265574848e-01
1.115820000000000073e+04 8.358882014658786108e-01
1.115850000000000000e+04 8.368019888051941857e-01
1.115879999999999927e+04 8.377157761445097606e-01
1.115910000000000036e+04 8.393265640563201124e-01
1.115939999999999964e+04 8.410426842685886362e-01
1.115970000000000073e+04 8.427588044808675960e-01
1.116000000000000000e+04 8.444749246931362308e-01
1.116029999999999927e+04 8.463140450370851831e-01
1.116060000000000036e+04 8.487291231342857234e-01
1.116089999999999964e+04 8.511442012314714978e-01
1.116120000000000073e+04 8.535592793286720381e-01
1.116150000000000000e+04 8.559743574258579235e-01
1.116179999999999927e+04 8.586387763137901530e-01
1.116210000000000036e+04 8.616478971276942955e-01
1.116239999999999964e+04 8.646570179415802304e-01
1.116270000000000073e+04 8.676661387554843730e-01
1.116300000000000000e+04 8.706752595693703078e-01
1.116329999999999927e+04 8.739650264121566758e-01
1.116360000000000036e+04 8.774418946694704236e-01
1.116389999999999964e+04 8.809187629267631880e-01
1.116420000000000073e+04 8.843956311840769358e-01
1.116450000000000000e+04 8.878724994413697003e-01
1.116479999999999927e+04 8.916054841195624192e-01
1.116510000000000036e+04 8.954396805214941413e-01
1.116539999999999964e+04 8.992738769234025487e-01
1.116560000000000036e+04 9.018300078580236967e-01
1.116600000000000000e+04 9.069422697272426781e-01
1.116629999999999927e+04 9.109621234734924800e-01
1.116660000000000036e+04 9.150374288873356354e-01
1.116689999999999964e+04 9.191127343011541440e-01
1.116700000000000000e+04 9.204711694391018995e-01
1.116839999999999964e+04 9.398541458018720984e-01
1.117000000000000000e+04 9.624043097402161795e-01
1.117150000000000000e+04 9.834724114005575224e-01
1.117300000000000000e+04 1.004067803337577613e+00
1.117450000000000000e+04 1.023831524118672620e+00
1.117600000000000000e+04 1.042462636552174748e+00
1.117750000000000000e+04 1.059711285123219771e+00
1.117900000000000000e+04 1.075347283517940289e+00
1.118050000000000000e+04 1.089183346856577916e+00
1.118200000000000000e+04 1.101053021900888274e+00
1.118350000000000000e+04 1.110560234950199510e+00
1.118500000000000000e+04 1.117733983511582041e+00
1.118650000000000000e+04 1.122615734361293915e+00
1.118800000000000000e+04 1.125224737399280084e+00
1.118950000000000000e+04 1.125635295156893090e+00
1.119100000000000000e+04 1.123962628764789695e+00
1.119239999999999964e+04 1.120719837724795109e+00
1.119400000000000000e+04 1.114764796489664977e+00
1.119550000000000000e+04 1.107654650942498042e+00
1.119700000000000000e+04 1.099421052164649026e+00
1.119850000000000000e+04 1.090310378720928952e+00
1.120000000000000000e+04 1.080546218586677210e+00

1.110000000000000000e+04 6.707953749691165923e-02
1.110029999999999927e+04 6.913510033150659095e-02
1.110060000000000036e+04 7.131287057865219603e-02
1.110089999999999964e+04 7.362349753785506212e-02
1.110120000000000073e+04 7.607885531623252706e-02
1.110150000000000000e+04 7.869222001085582341e-02
1.110179999999999927e+04 8.147847703304610112e-02
1.110210000000000036e+04 8.445436510049558754e-02
1.110239999999999964e+04 8.763876472638333637e-02
1.110260000000000036e+04 8.988797405839846211e-02
1.110300000000000000e+04 9.472145120218423975e-02
1.110329999999999927e+04 9.867163655719711490e-02
1.110360000000000036e+04 1.029352097271076516e-01
1.110389999999999964e+04 1.075484692845303791e-01
1.110420000000000073e+04 1.125532672635667503e-01
1.110450000000000000e+04 1.179980704388853135e-01
1.110479999999999927e+04 1.239392655827392664e-01
1.110510000000000036e+04 1.304427744023676228e-01
1.110539999999999964e+04 1.375860638526339441e-01
1.110570000000000073e+04 1.454606645368101969e-01
1.110589999999999964e+04 1.511695716881155394e-01
1.110629999999999927e+04 1.638601510819033824e-01
1.110660000000000036e+04 1.746715434819409163e-01
1.110689999999999964e+04 1.867990445124428633e-01
1.110720000000000073e+04 2.004738201961087096e-01
1.110750000000000000e+04 2.159798777007375659e-01
1.110779999999999927e+04 2.336687356306954289e-01
1.110810000000000036e+04 2.539787215586560842e-01
1.110839999999999964e+04 2.774603908475678504e-01
1.110870000000000073e+04 3.048099135095653223e-01
1.110900000000000000e+04 3.369124841781653279e-01
1.110929999999999927e+04 3.748974622769505882e-01
1.110960000000000036e+04 4.202050358071309222e-01
1.110989999999999964e+04 4.746584219091304901e-01
1.111020000000000073e+04 5.405210743492580017e-01
1.111050000000000000e+04 6.204857239415496606e-01
1.111079999999999927e+04 7.174770255245470629e-01
1.111110000000000036e+04 8.340411145408191951e-01
1.111139999999999964e+04 9.709669336590859290e-01
1.111170000000000073e+04 1.124756293085292791e+00
1.111200000000000000e+04 1.284264532634231681e+00
1.111229999999999927e+04 1.431334703928629049e+00
1.111260000000000036e+04 1.551531666871366122e+00
1.111289999999999964e+04 1.639866091240095303e+00
1.111320000000000073e+04 1.696889767409996308e+00
1.111350000000000000e+04 1.726014935369658332e+00
1.111379999999999927e+04 1.732091341679188545e+00
1.111410000000000036e+04 1.720316661728185093e+00
1.111439999999999964e+04 1.695533085572177745e+00
1.111470000000000073e+04 1.661880196015883993e+00
1.111500000000000000e+04 1.622695973803883529e+00
1.111529999999999927e+04 1.580547941971671699e+00
1.111560000000000036e+04 1.537338592346359833e+00
1.111589999999999964e+04 1.494427332468352354e+00
1.111620000000000073e+04 1.452743917828917208e+00
1.111650000000000000e+04 1.412898566895568031e+00
1.111679999999999927e+04 1.375265482233508196e+00
1.111710000000000036e+04 1.340057499714019551e+00
1.111739999999999964e+04 1.307380223078427273e+00
1.111770000000000073e+04 1.278217284899628492e+00
1.111800000000000000e+04 1.250253355773058850e+00
1.111829999999999927e+04 1.224638071515008475e+00
1.111860000000000036e+04 1.201289361921090260e+00
1.111889999999999964e+04 1.179456425996098456e+00
1.111920000000000073e+04 1.160363841140721330e+00
1.111950000000000000e+04 1.141801115703758862e+00
1.111979999999999927e+04 1.126496276853571565e+00
1.112010000000000036e+04 1.111191438003291676e+00
1.112039999999999964e+04 1.098717643238357855e+00
1.112070000000000073e+04 1.086704193868013979e+00
1.112100000000000000e+04 1.076140949219471121e+00
1.112129999999999927e+04 1.066933159961391375e+00
1.112160000000000036e+04 1.057984525956987110e+00
1.112189999999999964e+04 1.051129815162387793e+00
1.112220000000000073e+04 1.044275104367746954e+00
1.112250000000000000e+04 1.038652981335137948e+00
1.112279999999999927e+04 1.033724538084276334e+00
1.112310000000000036e+04 1.028957675591153142e+00
1.112339999999999964e+04 1.025551659463002308e+00
1.112370000000000073e+04 1.022145643334831044e+00
1.112400000000000000e+04 1.019325268260200978e+00
1.112429999999999927e+04 1.017070086995139677e+00
1.112450000000000000e+04 1.015566632818423187e+00
1.112489999999999964e+04 1.013256902023562667e+00
1.112520000000000073e+04 1.011823734221761084e+00
1.112550000000000000e+04 1.010458405838861262e+00
1.112579999999999927e+04 1.009572839496651442e+00
1.112610000000000036e+04 1.008687273154435848e+00
1.112639999999999964e+04 1.007913114375568187e+00
1.112670000000000073e+04 1.007358984676752778e+00
1.112700000000000000e+04 1.006804854977940700e+00
1.112729999999999927e+04 1.006324624059797168e+00
1.112760000000000036e+04 1.005922898702144908e+00
1.112789999999999964e+04 1.005521173344495089e+00
1.112820000000000073e+04 1.005115857901760057e+00
1.112850000000000000e+04 1.004707835669943483e+00
1.112879999999999927e+04 1.004299813438126687e+00
1.112910000000000036e+04 1.003806297143077009e+00
1.112939999999999964e+04 1.003253832259841660e+00
1.112970000000000073e+04 1.002701367376602981e+00
1.113000000000000000e+04 1.002022143674188959e+00
1.113029999999999927e+04 1.001239267275637168e+00
1.113060000000000036e+04 1.000456390877080715e+00
1.113089999999999964e+04 9.995870716919257326e-01
1.113120000000000073e+04 9.986098952622352032e-01
1.113150000000000000e+04 9.976327188325506690e-01
1.113179999999999927e+04 9.966468130969804440e-01
1.113210000000000036e+04 9.956380254299943555e-01
1.113229999999999927e+04 9.949655003186763658e-01
1.113270000000000073e+04 9.936282542278560559e-01
1.113300000000000000e+04 9.927972440067528437e-01
1.113329999999999927e+04 9.919662337856496315e-01
1.113360000000000036e+04 9.911352235645414233e-01
1.113389999999999964e+04 9.905196600379895244e-01
1.113420000000000073e+04 9.899766218992520628e-01
1.113450000000000000e+04 9.894335837605178208e-01
1.113479999999999927e+04 9.889765916149964031e-01
1.113510000000000036e+04 9.886548058203904477e-01
1.113539999999999964e+04 9.883330200257863796e-01
1.113570000000000073e+04 9.880112342311804241e-01
1.113600000000000000e+04 9.879370528146583785e-01
1.113629999999999927e+04 9.878715443376414607e-01
1.113660000000000036e+04 9.878060358606242097e-01
1.113689999999999964e+04 9.877829480865146783e-01
1.113720000000000073e+04 9.878058323424205867e-01
1.113750000000000000e+04 9.878287165983263840e-01
1.113770000000000073e+04 9.878439727689303229e-01
1.113810000000000036e+04 9.877491638470072832e-01
1.113839999999999964e+04 9.876373180554077758e-01
1.113870000000000073e+04 9.875254722638076021e-01
1.113900000000000000e+04 9.873085676400493726e-01
1.113920000000000073e+04 9.870130040831105456e-01
1.113960000000000036e+04 9.864218769692353339e-01
1.113989999999999964e+04 9.859785316338296468e-01
1.114020000000000073e+04 9.852195708391134898e-01
1.114050000000000000e+04 9.842832106361484312e-01
1.114070000000000073e+04 9.836589705008345064e-01
1.114110000000000036e+04 9.824104902302124298e-01
1.114139999999999964e+04 9.809128707642845724e-01
1.114170000000000073e+04 9.793528399505105897e-01
1.114200000000000000e+04 9.777928091367461549e-01
1.114220000000000073e+04 9.767527885942302035e-01
1.114260000000000036e+04 9.739118625600123869e-01
1.114289999999999964e+04 9.716577103901083978e-01
1.114320000000000073e+04 9.694035582201907530e-01
1.114350000000000000e+04 9.669878997308444246e-01
1.114379999999999927e+04 9.640282938982190908e-01
1.114410000000000036e+04 9.610686880655758824e-01
1.114439999999999964e+04 9.581090822329505485e-01
1.114470000000000073e+04 9.549584277753008221e-01
1.114500000000000000e+04 9.513581383922559143e-01
1.114520000000000073e+04 9.489579454702113948e-01
1.114560000000000036e+04 9.441575596261442271e-01
1.114589999999999964e+04 9.404094009537457000e-01
1.114620000000000073e+04 9.363226210042788766e-01
1.114650000000000000e+04 9.322358410548368113e-01
1.114670000000000073e+04 9.295113210885256327e-01
1.114710000000000036e+04 9.240008060486153418e-01
1.114739999999999964e+04 9.196643373828851109e-01
1.114770000000000073e+04 9.153278687171285677e-01
1.114800000000000000e+04 9.109914000513983368e-01
1.114820000000000073e+04 9.081004209408940486e-01
1.114860000000000036e+04 9.023631708443111688e-01
1.114889999999999964e+04 8.980664440292405182e-01
1.114920000000000073e+04 8.937697172141437774e-01
1.114950000000000000e+04 8.894729903990731268e-01
1.114979999999999927e+04 8.854668612273454142e-01
1.115010000000000036e+04 8.814792085080873640e-01
1.115039999999999964e+04 8.774915557888536277e-01
1.115070000000000073e+04 8.735039030695955775e-01
1.115100000000000000e+04 8.698906655795555221e-01
1.115129999999999927e+04 8.664440933218459095e-01
1.115160000000000036e+04 8.629975210641153138e-01
1.115189999999999964e+04 8.595509488064057013e-01
1.115220000000000073e+04 8.563853153759933834e-01
1.115250000000000000e+04 8.536776002123548368e-01
1.115279999999999927e+04 8.509698850487162902e-01
1.115310000000000036e+04 8.482621698850612013e-01
1.115339999999999964e+04 8.455588173357724280e-01
1.115370000000000073e+04 8.437250834000213917e-01
1.115400000000000000e+04 8.418913494642814577e-01
1.115429999999999927e+04 8.400576155285415236e-01
1.115460000000000036e+04 8.382238815927903763e-01
1.115479999999999927e+04 8.372214970430426062e-01
1.115520000000000073e+04 8.360365134820199051e-01
1.115550000000000000e+04 8.351477758112583194e-01
1.115579999999999927e+04 8.342590381404967337e-01
1.115610000000000036e+04 8.334296890823151838e-01
1.115639999999999964e+04 8.334687923108897722e-01
1.115670000000000073e+04 8.335078955394646938e-01
1.115700000000000000e+04 8.335469987680392823e-01
1.115729999999999927e+04 8.335861019966138707e-01
1.115760000000000036e+04 8.340610343435921337e-01
1.115789999999999964e+04 8.349748298421200143e-01
1.115820000000000073e+04 8.358886253406535571e-01
1.115850000000000000e+04 8.368024208391815488e-01
1.115879999999999927e+04 8.377162163377094295e-01
1.115910000000000036e+04 8.393272633664780047e-01
1.115939999999999964e+04 8.410433975094346870e-01
1.115970000000000073e+04 8.427595316524016944e-01
1.116000000000000000e+04 8.444756657953583767e-01
1.116029999999999927e+04 8.463150150168263774e-01
1.116060000000000036e+04 8.487301109734574078e-01
1.116089999999999964e+04 8.511452069300737833e-01
1.116120000000000073e+04 8.535603028867047026e-01
1.116150000000000000e+04 8.559753988433210781e-01
1.116179999999999927e+04 8.586400191537176818e-01
1.116210000000000036e+04 8.616491613239053438e-01
1.116239999999999964e+04 8.646583034940746870e-01
1.116270000000000073e+04 8.676674456642623490e-01
1.116300000000000000e+04 8.706765878344316922e-01
1.116329999999999927e+04 8.739665203407899208e-01
1.116360000000000036e+04 8.774434114983746813e-01
1.116389999999999964e+04 8.809203026559382366e-01
1.116420000000000073e+04 8.843971938135228861e-01
1.116450000000000000e+04 8.878740849710865524e-01
1.116479999999999927e+04 8.916072030383395131e-01
1.116510000000000036e+04 8.954414236732225474e-01
1.116539999999999964e+04 8.992756443080823781e-01
1.116560000000000036e+04 9.018317913980045120e-01
1.116600000000000000e+04 9.069440855778253541e-01
1.116629999999999927e+04 9.109640376751588775e-01
1.116660000000000036e+04 9.150393675946393302e-01
1.116689999999999964e+04 9.191146975140951358e-01
1.116700000000000000e+04 9.204731408205886201e-01
1.116839999999999964e+04 9.398562708171737112e-01
1.117000000000000000e+04 9.624065719964707277e-01
1.117150000000000000e+04 9.834747708655070531e-01
1.117300000000000000e+04 1.004070229030048722e+00
1.117450000000000000e+04 1.023833983625636490e+00
1.117600000000000000e+04 1.042465102293856249e+00
1.117750000000000000e+04 1.059713728991325654e+00
1.117900000000000000e+04 1.075349679244247625e+00
1.118050000000000000e+04 1.089185669030212633e+00
1.118200000000000000e+04 1.101055246331867910e+00
1.118350000000000000e+04 1.110562497434809393e+00
1.118500000000000000e+04 1.117736111534701982e+00
1.118650000000000000e+04 1.122617709397354613e+00
1.118800000000000000e+04 1.125226545496112784e+00
1.118950000000000000e+04 1.125636929642298112e+00
1.119100000000000000e+04 1.123964088145294360e+00
1.119239999999999964e+04 1.120721262262214246e+00
1.119400000000000000e+04 1.114766040738365716e+00
1.119550000000000000e+04 1.107655731705186941e+00
1.119700000000000000e+04 1.099421990636169300e+00
1.119850000000000000e+04 1.090311198601880083e+00
1.120000000000000000e+04 1.080546942329493554e+00

1.110000000000000000e+04 6.775033287188077236e-02
1.110029999999999927e+04 6.982645133482166810e-02
1.110060000000000036e+04 7.202599928443871591e-02
1.110089999999999964e+04 7.435973251323362010e-02
1.110120000000000073e+04 7.683964386939484692e-02
1.110150000000000000e+04 7.947914221096437359e-02
1.110179999999999927e+04 8.229326180337655228e-02
1.110210000000000036e+04 8.529890875150054896e-02
1.110239999999999964e+04 8.851515237364716848e-02
1.110260000000000036e+04 9.078685379898243646e-02
1.110300000000000000e+04 9.566866571420608312e-02
1.110329999999999927e+04 9.965835292276908897e-02
1.110360000000000036e+04 1.039645618243787151e-01
1.110389999999999964e+04 1.086239539773756757e-01
1.110420000000000073e+04 1.136787999362024182e-01
1.110450000000000000e+04 1.191780511432741635e-01
1.110479999999999927e+04 1.251786582385666646e-01
1.110510000000000036e+04 1.317472021463912957e-01
1.110539999999999964e+04 1.389619244911602658e-01
1.110570000000000073e+04 1.469152711821782864e-01
1.110589999999999964e+04 1.526812674049966567e-01
1.110629999999999927e+04 1.654987525927224257e-01
1.110660000000000036e+04 1.764182589167603288e-01
1.110689999999999964e+04 1.886670349575672589e-01
1.110720000000000073e+04 2.024785583980697745e-01
1.110750000000000000e+04 2.181396764777449315e-01
1.110779999999999927e+04 2.360054229870023612e-01
1.110810000000000036e+04 2.565185087742425929e-01
1.110839999999999964e+04 2.802349947560435761e-01
1.110870000000000073e+04 3.078580126446609500e-01
1.110900000000000000e+04 3.402816090199469734e-01
1.110929999999999927e+04 3.786464368997200514e-01
1.110960000000000036e+04 4.244070861652022852e-01
1.110989999999999964e+04 4.794050061282217334e-01
1.111020000000000073e+04 5.459262850927505406e-01
1.111050000000000000e+04 6.266905811809652116e-01
1.111079999999999927e+04 7.246517957797924403e-01
1.111110000000000036e+04 8.423815256862272616e-01
1.111139999999999964e+04 9.806766029956767161e-01
1.111170000000000073e+04 1.136003856016145619e+00
1.111200000000000000e+04 1.297107177960573843e+00
1.111229999999999927e+04 1.445648050967915266e+00
1.111260000000000036e+04 1.567046983540079763e+00
1.111289999999999964e+04 1.656264752152496245e+00
1.111320000000000073e+04 1.713858665084096344e+00
1.111350000000000000e+04 1.743275084723354906e+00
1.111379999999999927e+04 1.749412255095980306e+00
1.111410000000000036e+04 1.737519828345466699e+00
1.111439999999999964e+04 1.712488416427899507e+00
1.111470000000000073e+04 1.678498997976042517e+00
1.111500000000000000e+04 1.638922933541922200e+00
1.111529999999999927e+04 1.596353421391388361e+00
1.111560000000000036e+04 1.552711978269823545e+00
1.111589999999999964e+04 1.509371605793035753e+00
1.111620000000000073e+04 1.467271357007206234e+00
1.111650000000000000e+04 1.427027552564523738e+00
1.111679999999999927e+04 1.389018137055843427e+00
1.111710000000000036e+04 1.353458074711159753e+00
1.111739999999999964e+04 1.320454025309211410e+00
1.111770000000000073e+04 1.290999457748625012e+00
1.111800000000000000e+04 1.262755889330789527e+00
1.111829999999999927e+04 1.236884452230158526e+00
1.111860000000000036e+04 1.213302255540301244e+00
1.111889999999999964e+04 1.191250990256059517e+00
1.111920000000000073e+04 1.171967479552128655e+00
1.111950000000000000e+04 1.153219126860796528e+00
1.111979999999999927e+04 1.137761239622107290e+00
1.112010000000000036e+04 1.122303352383324571e+00
1.112039999999999964e+04 1.109704819670741527e+00
1.112070000000000073e+04 1.097571235806693801e+00
1.112100000000000000e+04 1.086902358711665739e+00
1.112129999999999927e+04 1.077602491561005182e+00
1.112160000000000036e+04 1.068564371216556896e+00
1.112189999999999964e+04 1.061641113314011564e+00
1.112220000000000073e+04 1.054717855411424265e+00
1.112250000000000000e+04 1.049039511148489368e+00
1.112279999999999927e+04 1.044061783465119131e+00
1.112310000000000036e+04 1.039247252347064610e+00
1.112339999999999964e+04 1.035807176057632395e+00
1.112370000000000073e+04 1.032367099768179308e+00
1.112400000000000000e+04 1.029518520942803050e+00
1.112429999999999927e+04 1.027240787865091098e+00
1.112450000000000000e+04 1.025722299146607286e+00
1.112489999999999964e+04 1.023389471043798071e+00
1.112520000000000073e+04 1.021941971563978591e+00
1.112550000000000000e+04 1.020562989897249917e+00
1.112579999999999927e+04 1.019668567891617750e+00
1.112610000000000036e+04 1.018774145885980253e+00
1.112639999999999964e+04 1.017992245519323768e+00
1.112670000000000073e+04 1.017432574523520206e+00
1.112700000000000000e+04 1.016872903527719973e+00
1.112729999999999927e+04 1.016387870300395013e+00
1.112760000000000036e+04 1.015982127689166070e+00
1.112789999999999964e+04 1.015576385077939792e+00
1.112820000000000073e+04 1.015167016480777340e+00
1.112850000000000000e+04 1.014754914026642751e+00
1.112879999999999927e+04 1.014342811572507941e+00
1.112910000000000036e+04 1.013844360114507737e+00
1.112939999999999964e+04 1.013286370582439977e+00
1.112970000000000073e+04 1.012728381050368887e+00
1.113000000000000000e+04 1.012042365110930930e+00
1.113029999999999927e+04 1.011251659948393611e+00
1.113060000000000036e+04 1.010460954785851406e+00
1.113089999999999964e+04 1.009582942408844941e+00
1.113120000000000073e+04 1.008595994214857461e+00
1.113150000000000000e+04 1.007609046020875976e+00
1.113179999999999927e+04 1.006613281227950241e+00
1.113210000000000036e+04 1.005594405684294257e+00
1.113229999999999927e+04 1.004915155321863152e+00
1.113270000000000073e+04 1.003564536770134463e+00
1.113300000000000000e+04 1.002725216446820333e+00
1.113329999999999927e+04 1.001885896123505981e+00
1.113360000000000036e+04 1.001046575800186744e+00
1.113389999999999964e+04 1.000424856638369331e+00
1.113420000000000073e+04 9.998763881182445301e-01
1.113450000000000000e+04 9.993279195981229490e-01
1.113479999999999927e+04 9.988663575311463871e-01
1.113510000000000036e+04 9.985413538785943288e-01
1.113539999999999964e+04 9.982163502260442689e-01
1.113570000000000073e+04 9.978913465734923216e-01
1.113600000000000000e+04 9.978164233428049590e-01
1.113629999999999927e+04 9.977502597810179452e-01
1.113660000000000036e+04 9.976840962192304874e-01
1.113689999999999964e+04 9.976607775673799194e-01
1.113720000000000073e+04 9.976838906658448414e-01
1.113750000000000000e+04 9.977070037643096523e-01
1.113770000000000073e+04 9.977224124966196372e-01
1.113810000000000036e+04 9.976266554854772428e-01
1.113839999999999964e+04 9.975136912359617858e-01
1.113870000000000073e+04 9.974007269864456626e-01
1.113900000000000000e+04 9.971816533164499230e-01
1.113920000000000073e+04 9.968831341239415833e-01
1.113960000000000036e+04 9.962860957389276795e-01
1.113989999999999964e+04 9.958383169501680010e-01
1.114020000000000073e+04 9.950717665475047324e-01
1.114050000000000000e+04 9.941260427425099300e-01
1.114070000000000073e+04 9.934955602058428425e-01
1.114110000000000036e+04 9.922345951325145519e-01
1.114139999999999964e+04 9.907219994719274059e-01
1.114170000000000073e+04 9.891463683500157922e-01
1.114200000000000000e+04 9.875707372281136154e-01
1.114220000000000073e+04 9.865203164801725766e-01
1.114260000000000036e+04 9.836509811856125607e-01
1.114289999999999964e+04 9.813742874940095673e-01
1.114320000000000073e+04 9.790975938023928071e-01
1.114350000000000000e+04 9.766577787281529588e-01
1.114379999999999927e+04 9.736685768372014271e-01
1.114410000000000036e+04 9.706793749462316878e-01
1.114439999999999964e+04 9.676901730552800451e-01
1.114470000000000073e+04 9.645080120530539203e-01
1.114500000000000000e+04 9.608717197761784679e-01
1.114520000000000073e+04 9.584475249249134743e-01
1.114560000000000036e+04 9.535991352224056916e-01
1.114589999999999964e+04 9.498134949632830448e-01
1.114620000000000073e+04 9.456858472143215844e-01
1.114650000000000000e+04 9.415581994653852149e-01
1.114670000000000073e+04 9.388064342994109079e-01
1.114710000000000036e+04 9.332408141091014242e-01
1.114739999999999964e+04 9.288609807567139720e-01
1.114770000000000073e+04 9.244811474042998745e-01
1.114800000000000000e+04 9.201013140519124223e-01
1.114820000000000073e+04 9.171814251503029869e-01
1.114860000000000036e+04 9.113868025527542827e-01
1.114889999999999964e+04 9.070471084695329589e-01
1.114920000000000073e+04 9.027074143862852118e-01
1.114950000000000000e+04 8.983677203030638880e-01
1.114979999999999927e+04 8.943215298396188784e-01
1.115010000000000036e+04 8.902940005931682110e-01
1.115039999999999964e+04 8.862664713467420796e-01
1.115070000000000073e+04 8.822389421002915233e-01
1.115100000000000000e+04 8.785895722353510573e-01
1.115129999999999927e+04 8.751085342550642965e-01
1.115160000000000036e+04 8.716274962747564414e-01
1.115189999999999964e+04 8.681464582944697916e-01
1.115220000000000073e+04 8.649491685297533428e-01
1.115250000000000000e+04 8.622143762144783841e-01
1.115279999999999927e+04 8.594795838992034254e-01
1.115310000000000036e+04 8.567447915839118133e-01
1.115339999999999964e+04 8.540144055091302144e-01
1.115370000000000073e+04 8.521623342340215457e-01
1.115400000000000000e+04 8.503102629589242012e-01
1.115429999999999927e+04 8.484581916838268567e-01
1.115460000000000036e+04 8.466061204087182990e-01
1.115479999999999927e+04 8.455937120134731089e-01
1.115520000000000073e+04 8.443968786168400964e-01
1.115550000000000000e+04 8.434992535693708327e-01
1.115579999999999927e+04 8.426016285219015689e-01
1.115610000000000036e+04 8.417639859731382845e-01
1.115639999999999964e+04 8.418034802339986467e-01
1.115670000000000073e+04 8.418429744948592308e-01
1.115700000000000000e+04 8.418824687557195929e-01
1.115729999999999927e+04 8.419219630165799551e-01
1.115760000000000036e+04 8.424016446870279395e-01
1.115789999999999964e+04 8.433245781405411812e-01
1.115820000000000073e+04 8.442475115940600849e-01
1.115850000000000000e+04 8.451704450475733266e-01
1.115879999999999927e+04 8.460933785010865682e-01
1.115910000000000036e+04 8.477205360001427437e-01
1.115939999999999964e+04 8.494538314845290206e-01
1.115970000000000073e+04 8.511871269689257336e-01
1.116000000000000000e+04 8.529204224533120104e-01
1.116029999999999927e+04 8.547781651669946745e-01
1.116060000000000036e+04 8.572174120831920208e-01
1.116089999999999964e+04 8.596566589993744900e-01
1.116120000000000073e+04 8.620959059155718363e-01
1.116150000000000000e+04 8.645351528317543055e-01
1.116179999999999927e+04 8.672264193452549064e-01
1.116210000000000036e+04 8.702656529371444183e-01
1.116239999999999964e+04 8.733048865290153895e-01
1.116270000000000073e+04 8.763441201209049014e-01
1.116300000000000000e+04 8.793833537127759836e-01
1.116329999999999927e+04 8.827061855441978855e-01
1.116360000000000036e+04 8.862178456133583682e-01
1.116389999999999964e+04 8.897295056824976456e-01
1.116420000000000073e+04 8.932411657516582393e-01
1.116450000000000000e+04 8.967528258207974057e-01
1.116479999999999927e+04 9.005232750687228727e-01
1.116510000000000036e+04 9.043958379099548139e-01
1.116539999999999964e+04 9.082684007511633295e-01
1.116560000000000036e+04 9.108501093119845127e-01
1.116600000000000000e+04 9.160135264336036753e-01
1.116629999999999927e+04 9.200736780519104263e-01
1.116660000000000036e+04 9.241897612705857190e-01
1.116689999999999964e+04 9.283058444892360317e-01
1.116700000000000000e+04 9.296778722287943886e-01
1.116839999999999964e+04 9.492548335253453429e-01
1.117000000000000000e+04 9.720306377164354972e-01
1.117150000000000000e+04 9.933095185741620536e-01
1.117300000000000000e+04 1.014110931320349129e+00
1.117450000000000000e+04 1.034072323461892928e+00
1.117600000000000000e+04 1.052889753316794907e+00
1.117750000000000000e+04 1.070310866281238837e+00
1.117900000000000000e+04 1.086103176036690154e+00
1.118050000000000000e+04 1.100077525720514870e+00
1.118200000000000000e+04 1.112065798795186744e+00
1.118350000000000000e+04 1.121668122409157586e+00
1.118500000000000000e+04 1.128913472650048933e+00
1.118650000000000000e+04 1.133843886491328279e+00
1.118800000000000000e+04 1.136478810951073726e+00
1.118950000000000000e+04 1.136893298938721264e+00
1.119100000000000000e+04 1.135203729026747377e+00
1.119239999999999964e+04 1.131928474884836389e+00
1.119400000000000000e+04 1.125913701145749402e+00
1.119550000000000000e+04 1.118732289022238868e+00
1.119700000000000000e+04 1.110416210542531035e+00
1.119850000000000000e+04 1.101214310587898870e+00
1.120000000000000000e+04 1.091352411752788409e+00

1.110000000000000000e+04 6.756015669044487804e-02
1.110029999999999927e+04 6.964130546812744016e-02
1.110060000000000036e+04 7.184665940149756458e-02
1.110089999999999964e+04 7.418707936800808533e-02
1.110120000000000073e+04 7.667467957843199233e-02
1.110150000000000000e+04 7.932300945236707423e-02
1.110179999999999927e+04 8.214726655223104912e-02
1.110210000000000036e+04 8.516454731387486377e-02
1.110239999999999964e+04 8.839414365445792676e-02
1.110260000000000036e+04 9.067582904787882536e-02
1.110300000000000000e+04 9.558061082996441304e-02
1.110329999999999927e+04 9.959057116250613628e-02
1.110360000000000036e+04 1.039201379983139550e-01
1.110389999999999964e+04 1.086064890953316597e-01
1.110420000000000073e+04 1.136925138096452625e-01
1.110450000000000000e+04 1.192279090926409574e-01
1.110479999999999927e+04 1.252705283434228933e-01
1.110510000000000036e+04 1.318880516447906714e-01
1.110539999999999964e+04 1.391600665531805281e-01
1.110570000000000073e+04 1.471806769780924506e-01
1.110589999999999964e+04 1.529980506120971195e-01
1.110629999999999927e+04 1.659373288370764588e-01
1.110660000000000036e+04 1.769685261937437581e-01
1.110689999999999964e+04 1.893508761184216072e-01
1.110720000000000073e+04 2.033230411627230394e-01
1.110750000000000000e+04 2.191785144426595111e-01
1.110779999999999927e+04 2.372809021130931062e-01
1.110810000000000036e+04 2.580840323661537927e-01
1.110839999999999964e+04 2.821584399979917279e-01
1.110870000000000073e+04 3.102261219680845228e-01
1.110900000000000000e+04 3.432056262805444624e-01
1.110929999999999927e+04 3.822690529529372272e-01
1.110960000000000036e+04 4.289102773826845572e-01
1.110989999999999964e+04 4.850170861383339416e-01
1.111020000000000073e+04 5.529235553799173308e-01
1.111050000000000000e+04 6.353828607670432005e-01
1.111079999999999927e+04 7.353302277983958524e-01
1.111110000000000036e+04 8.551924831173568498e-01
1.111139999999999964e+04 9.953766702996948990e-01
1.111170000000000073e+04 1.151570485489408213e+00
1.111200000000000000e+04 1.311417098623220978e+00
1.111229999999999927e+04 1.456462309456085791e+00
1.111260000000000036e+04 1.573628650232478776e+00
1.111289999999999964e+04 1.658827021047918793e+00
1.111320000000000073e+04 1.712926114916653697e+00
1.111350000000000000e+04 1.739488868519764253e+00
1.111379999999999927e+04 1.743410656678137993e+00
1.111410000000000036e+04 1.729865807284989732e+00
1.111439999999999964e+04 1.703642751557742807e+00
1.111470000000000073e+04 1.668821573850469475e+00
1.111500000000000000e+04 1.628686328403931016e+00
1.111529999999999927e+04 1.585759682360579292e+00
1.111560000000000036e+04 1.541908324057261748e+00
1.111589999999999964e+04 1.498463620102906679e+00
1.111620000000000073e+04 1.456333521191575331e+00
1.111650000000000000e+04 1.416111312848453485e+00
1.111679999999999927e+04 1.378158021499252373e+00
1.111710000000000036e+04 1.342676219613840871e+00
1.111739999999999964e+04 1.309763484887414897e+00
1.111770000000000073e+04 1.280407397535473057e+00
1.111800000000000000e+04 1.252263663574505026e+00
1.111829999999999927e+04 1.226490265513208833e+00
1.111860000000000036e+04 1.203004375183581276e+00
1.111889999999999964e+04 1.181045453660526379e+00
1.111920000000000073e+04 1.161847122777184493e+00
1.111950000000000000e+04 1.143181915342360577e+00
1.111979999999999927e+04 1.127794663666478403e+00
1.112010000000000036e+04 1.112407411990502970e+00
1.112039999999999964e+04 1.099866264292309159e+00
1.112070000000000073e+04 1.087787910820978698e+00
1.112100000000000000e+04 1.077166634248095445e+00
1.112129999999999927e+04 1.067907236247684244e+00
1.112160000000000036e+04 1.058908118063301984e+00
1.112189999999999964e+04 1.052012009330195230e+00
1.112220000000000073e+04 1.045115900597046510e+00
1.112250000000000000e+04 1.039457448187764532e+00
1.112279999999999927e+04 1.034495528062076009e+00
1.112310000000000036e+04 1.029695846468601683e+00
1.112339999999999964e+04 1.026262551070564966e+00
1.112370000000000073e+04 1.022829255672507376e+00
1.112400000000000000e+04 1.019984087318634103e+00
1.112429999999999927e+04 1.017706511968364147e+00
1.112450000000000000e+04 1.016188128401508406e+00
1.112489999999999964e+04 1.013851826048319138e+00
1.112520000000000073e+04 1.012400139989877879e+00
1.112550000000000000e+04 1.011016676694676653e+00
1.112579999999999927e+04 1.010115686460762108e+00
1.112610000000000036e+04 1.009214696226842234e+00
1.112639999999999964e+04 1.008425949163258117e+00
1.112670000000000073e+04 1.007858881497095682e+00
1.112700000000000000e+04 1.007291813830936578e+00
1.112729999999999927e+04 1.006799617983944239e+00
1.112760000000000036e+04 1.006386961394237778e+00
1.112789999999999964e+04 1.005974304804533981e+00
1.112820000000000073e+04 1.005558984338968287e+00
1.112850000000000000e+04 1.005141655411229129e+00
1.112879999999999927e+04 1.004724326483489749e+00
1.112910000000000036e+04 1.004222283547687722e+00
1.112939999999999964e+04 1.003661829875677647e+00
1.112970000000000073e+04 1.003101376203664463e+00
1.113000000000000000e+04 1.002414755574116745e+00
1.113029999999999927e+04 1.001624966223078506e+00
1.113060000000000036e+04 1.000835176872035603e+00
1.113089999999999964e+04 9.999593446318921774e-01
1.113120000000000073e+04 9.989761541112557319e-01
1.113150000000000000e+04 9.979929635906251706e-01
1.113179999999999927e+04 9.970012586639790397e-01
1.113210000000000036e+04 9.959872351180693029e-01
1.113229999999999927e+04 9.953112194208023622e-01
1.113270000000000073e+04 9.939670225744682286e-01
1.113300000000000000e+04 9.931314693570406638e-01
1.113329999999999927e+04 9.922959161396130989e-01
1.113360000000000036e+04 9.914603629221805381e-01
1.113389999999999964e+04 9.908407140877208974e-01
1.113420000000000073e+04 9.902937447118076442e-01
1.113450000000000000e+04 9.897467753358976106e-01
1.113479999999999927e+04 9.892860529547639059e-01
1.113510000000000036e+04 9.889608527636324364e-01
1.113539999999999964e+04 9.886356525725030764e-01
1.113570000000000073e+04 9.883104523813716069e-01
1.113600000000000000e+04 9.882332950069748767e-01
1.113629999999999927e+04 9.881648259294526504e-01
1.113660000000000036e+04 9.880963568519299800e-01
1.113689999999999964e+04 9.880704843298535600e-01
1.113720000000000073e+04 9.880907744121493197e-01
1.113750000000000000e+04 9.881110644944448573e-01
1.113770000000000073e+04 9.881245912159752898e-01
1.113810000000000036e+04 9.880265826450579381e-01
1.113839999999999964e+04 9.879124213927320541e-01
1.113870000000000073e+04 9.877982601404055041e-01
1.113900000000000000e+04 9.875791044366846183e-01
1.113920000000000073e+04 9.872821326693712596e-01
1.113960000000000036e+04 9.866881891347472067e-01
1.113989999999999964e+04 9.862427314837799441e-01
1.114020000000000073e+04 9.854817481202554630e-01
1.114050000000000000e+04 9.845434157928455443e-01
1.114070000000000073e+04 9.839178609079016757e-01
1.114110000000000036e+04 9.826667511380198228e-01
1.114139999999999964e+04 9.811672384824172699e-01
1.114170000000000073e+04 9.796053232564191360e-01
1.114200000000000000e+04 9.780434080304305500e-01
1.114220000000000073e+04 9.770021312130984237e-01
1.114260000000000036e+04 9.741587477918873805e-01
1.114289999999999964e+04 9.719027615321712554e-01
1.114320000000000073e+04 9.696467752724413636e-01
1.114350000000000000e+04 9.672292888350204620e-01
1.114379999999999927e+04 9.642678757394671507e-01
1.114410000000000036e+04 9.613064626438958538e-01
1.114439999999999964e+04 9.583450495483424314e-01
1.114470000000000073e+04 9.551925937412830692e-01
1.114500000000000000e+04 9.515905169263555452e-01
1.114520000000000073e+04 9.491891323830559113e-01
1.114560000000000036e+04 9.443863632964785149e-01
1.114589999999999964e+04 9.406364266381197492e-01
1.114620000000000073e+04 9.365478903338937400e-01
1.114650000000000000e+04 9.324593540296924887e-01
1.114670000000000073e+04 9.297336631602084456e-01
1.114710000000000036e+04 9.242208208496586197e-01
1.114739999999999964e+04 9.198826548677287995e-01
1.114770000000000073e+04 9.155444888857727781e-01
1.114800000000000000e+04 9.112063229038430689e-01
1.114820000000000073e+04 9.083142122492057213e-01
1.114860000000000036e+04 9.025748093923050552e-01
1.114889999999999964e+04 8.982764833335195043e-01
1.114920000000000073e+04 8.939781572747078631e-01
1.114950000000000000e+04 8.896798312159223121e-01
1.114979999999999927e+04 8.856722298616176436e-01
1.115010000000000036e+04 8.816831130384409354e-01
1.115039999999999964e+04 8.776939962152884300e-01
1.115070000000000073e+04 8.737048793921117218e-01
1.115100000000000000e+04 8.700902933341418954e-01
1.115129999999999927e+04 8.666424239375868366e-01
1.115160000000000036e+04 8.631945545410109055e-01
1.115189999999999964e+04 8.597466851444559577e-01
1.115220000000000073e+04 8.565798283031457183e-01
1.115250000000000000e+04 8.538710099020085931e-01
1.115279999999999927e+04 8.511621915008714678e-01
1.115310000000000036e+04 8.484533730997180223e-01
1.115339999999999964e+04 8.457489183651872855e-01
1.115370000000000073e+04 8.439142919950133326e-01
1.115400000000000000e+04 8.420796656248503709e-01
1.115429999999999927e+04 8.402450392546875202e-01
1.115460000000000036e+04 8.384104128845134563e-01
1.115479999999999927e+04 8.374074839826500805e-01
1.115520000000000073e+04 8.362216001938627130e-01
1.115550000000000000e+04 8.353321873522775443e-01
1.115579999999999927e+04 8.344427745106922645e-01
1.115610000000000036e+04 8.336127636547733255e-01
1.115639999999999964e+04 8.336514006430866264e-01
1.115670000000000073e+04 8.336900376314002603e-01
1.115700000000000000e+04 8.337286746197135612e-01
1.115729999999999927e+04 8.337673116080268620e-01
1.115760000000000036e+04 8.342418748303150888e-01
1.115789999999999964e+04 8.351553989957961610e-01
1.115820000000000073e+04 8.360689231612828953e-01
1.115850000000000000e+04 8.369824473267640785e-01
1.115879999999999927e+04 8.378959714922452617e-01
1.115910000000000036e+04 8.395069019093323037e-01
1.115939999999999964e+04 8.412229427596267239e-01
1.115970000000000073e+04 8.429389836099315803e-01
1.116000000000000000e+04 8.446550244602260005e-01
1.116029999999999927e+04 8.464943079241962209e-01
1.116060000000000036e+04 8.489094667868112287e-01
1.116089999999999964e+04 8.513246256494115816e-01
1.116120000000000073e+04 8.537397845120265893e-01
1.116150000000000000e+04 8.561549433746269422e-01
1.116179999999999927e+04 8.588196830806895665e-01
1.116210000000000036e+04 8.618290226426587042e-01
1.116239999999999964e+04 8.648383622046094121e-01
1.116270000000000073e+04 8.678477017665785498e-01
1.116300000000000000e+04 8.708570413285292577e-01
1.116329999999999927e+04 8.741472368947054150e-01
1.116360000000000036e+04 8.776244348358617220e-01
1.116389999999999964e+04 8.811016327769969347e-01
1.116420000000000073e+04 8.845788307181531307e-01
1.116450000000000000e+04 8.880560286592883434e-01
1.116479999999999927e+04 8.917895161735339693e-01
1.116510000000000036e+04 8.956241309812779106e-01
1.116539999999999964e+04 8.994587457889985371e-01
1.116560000000000036e+04 9.020151556608277943e-01
1.116600000000000000e+04 9.071279754044631050e-01
1.116629999999999927e+04 9.111483714774912812e-01
1.116660000000000036e+04 9.152241602219139960e-01
1.116689999999999964e+04 9.192999489663119528e-01
1.116700000000000000e+04 9.206585452144528947e-01
1.116839999999999964e+04 9.400439363171378959e-01
1.117000000000000000e+04 9.625969910997435042e-01
1.117150000000000000e+04 9.836678466274195731e-01
1.117300000000000000e+04 1.004265954478285483e+00
1.117450000000000000e+04 1.024032281408218337e+00
1.117600000000000000e+04 1.042665835638457716e+00
1.117750000000000000e+04 1.059916711385001653e+00
1.117900000000000000e+04 1.075554678615293636e+00
1.118050000000000000e+04 1.089392415822937332e+00
1.118200000000000000e+04 1.101263437740327644e+00
1.118350000000000000e+04 1.110771761411863290e+00
1.118500000000000000e+04 1.117946074525549394e+00
1.118650000000000000e+04 1.122828001219822625e+00
1.118800000000000000e+04 1.125436796583559662e+00
1.118950000000000000e+04 1.125846781143654107e+00
1.119100000000000000e+04 1.124173199380239296e+00
1.119239999999999964e+04 1.120929407344795958e+00
1.119400000000000000e+04 1.114972715309472839e+00
1.119550000000000000e+04 1.107860780937174772e+00
1.119700000000000000e+04 1.099625235441882065e+00
1.119850000000000000e+04 1.090512502058735844e+00
1.120000000000000000e+04 1.080746205770616086e+00

1.110000000000000000e+04 6.727140841723010245e-02
1.110029999999999927e+04 6.933310263380711158e-02
1.110060000000000036e+04 7.151735273777840018e-02
1.110089999999999964e+04 7.383483634935611439e-02
1.110120000000000073e+04 7.629745886275327016e-02
1.110150000000000000e+04 7.891853099224069301e-02
1.110179999999999927e+04 8.171297652281926671e-02
1.110210000000000036e+04 8.469757678277660407e-02
1.110239999999999964e+04 8.789125968869151984e-02
1.110260000000000036e+04 9.014700098859003419e-02
1.110300000000000000e+04 9.499444343943677649e-02
1.110329999999999927e+04 9.895596769146414173e-02
1.110360000000000036e+04 1.032317024125079669e-01
1.110389999999999964e+04 1.078580289557823646e-01
1.110420000000000073e+04 1.128768922720986140e-01
1.110450000000000000e+04 1.183368634622548182e-01
1.110479999999999927e+04 1.242944465052002734e-01
1.110510000000000036e+04 1.308156946383768615e-01
1.110539999999999964e+04 1.379782221832521472e-01
1.110570000000000073e+04 1.458737243037263598e-01
1.110589999999999964e+04 1.515975792860040361e-01
1.110629999999999927e+04 1.643207529160252978e-01
1.110660000000000036e+04 1.751592049962260866e-01
1.110689999999999964e+04 1.873162616947567638e-01
1.110720000000000073e+04 2.010233239311691733e-01
1.110750000000000000e+04 2.165646207736996454e-01
1.110779999999999927e+04 2.342918488787872899e-01
1.110810000000000036e+04 2.546434156572200957e-01
1.110839999999999964e+04 2.781697641245355346e-01
1.110870000000000073e+04 3.055665987884552126e-01
1.110900000000000000e+04 3.377180220029479263e-01
1.110929999999999927e+04 3.757512123775954560e-01
1.110960000000000036e+04 4.211023186702884114e-01
1.110989999999999964e+04 4.755874058128309878e-01
1.111020000000000073e+04 5.414577094078528718e-01
1.111050000000000000e+04 6.213859077628448579e-01
1.111079999999999927e+04 7.182656199820577347e-01
1.111110000000000036e+04 8.345995232144423071e-01
1.111139999999999964e+04 9.711267212797165538e-01
1.111170000000000073e+04 1.124319908740304186e+00
1.111200000000000000e+04 1.283102413751845639e+00
1.111229999999999927e+04 1.429537641018012728e+00
1.111260000000000036e+04 1.549334424125060838e+00
1.111289999999999964e+04 1.637484017572632178e+00
1.111320000000000073e+04 1.694491823982969159e+00
1.111350000000000000e+04 1.723722946728826200e+00
1.111379999999999927e+04 1.729982146709032165e+00
1.111410000000000036e+04 1.718429894169654304e+00
1.111439999999999964e+04 1.693881164728606725e+00
1.111470000000000073e+04 1.660457609484858654e+00
1.111500000000000000e+04 1.621486632814469031e+00
1.111529999999999927e+04 1.579530376181019991e+00
1.111560000000000036e+04 1.536489530544545401e+00
1.111589999999999964e+04 1.493723852357076165e+00
1.111620000000000073e+04 1.452164702094186577e+00
1.111650000000000000e+04 1.412424494062005209e+00
1.111679999999999927e+04 1.374879751473864875e+00
1.111710000000000036e+04 1.339745512598148558e+00
1.111739999999999964e+04 1.307128711821771150e+00
1.111770000000000073e+04 1.278011332312820381e+00
1.111800000000000000e+04 1.250088882922432143e+00
1.111829999999999927e+04 1.224508396595784587e+00
1.111860000000000036e+04 1.201188036615082222e+00
1.111889999999999964e+04 1.179379800004189294e+00
1.111920000000000073e+04 1.160305315126021419e+00
1.111950000000000000e+04 1.141759661013371341e+00
1.111979999999999927e+04 1.126465568725949273e+00
1.112010000000000036e+04 1.111171476438434391e+00
1.112039999999999964e+04 1.098703940766958542e+00
1.112070000000000073e+04 1.086696020799623241e+00
1.112100000000000000e+04 1.076136428410668477e+00
1.112129999999999927e+04 1.066930536912187533e+00
1.112160000000000036e+04 1.057983518562616521e+00
1.112189999999999964e+04 1.051128144072121628e+00
1.112220000000000073e+04 1.044272769581585214e+00
1.112250000000000000e+04 1.038648880974836652e+00
1.112279999999999927e+04 1.033718052031184387e+00
1.112310000000000036e+04 1.028948698399312134e+00
1.112339999999999964e+04 1.025539303057920293e+00
1.112370000000000073e+04 1.022129907716507580e+00
1.112400000000000000e+04 1.019305950894123347e+00
1.112429999999999927e+04 1.017046992418144447e+00
1.112450000000000000e+04 1.015541020100815928e+00
1.112489999999999964e+04 1.013226309361422217e+00
1.112520000000000073e+04 1.011789430772983778e+00
1.112550000000000000e+04 1.010420437452773434e+00
1.112579999999999927e+04 1.009531530420818113e+00
1.112610000000000036e+04 1.008642623388857240e+00
1.112639999999999964e+04 1.007865270087010323e+00
1.112670000000000073e+04 1.007308234543453640e+00
1.112700000000000000e+04 1.006751198999900510e+00
1.112729999999999927e+04 1.006268300500618107e+00
1.112760000000000036e+04 1.005864160678556107e+00
1.112789999999999964e+04 1.005460020856496550e+00
1.112820000000000073e+04 1.005052656999821492e+00
1.112850000000000000e+04 1.004642862342347120e+00
1.112879999999999927e+04 1.004233067684872527e+00
1.112910000000000036e+04 1.003738308545499613e+00
1.112939999999999964e+04 1.003184965966944953e+00
1.112970000000000073e+04 1.002631623388386739e+00
1.113000000000000000e+04 1.001952186699805125e+00
1.113029999999999927e+04 1.001169640858297738e+00
1.113060000000000036e+04 1.000387095016785466e+00
1.113089999999999964e+04 9.995185651436833130e-01
1.113120000000000073e+04 9.985427504283602707e-01
1.113150000000000000e+04 9.975669357130431125e-01
1.113179999999999927e+04 9.965824771718990727e-01
1.113210000000000036e+04 9.955753607662770621e-01
1.113229999999999927e+04 9.949039498292018280e-01
1.113270000000000073e+04 9.935689035325500074e-01
1.113300000000000000e+04 9.927389141079495660e-01
1.113329999999999927e+04 9.919089246833490137e-01
1.113360000000000036e+04 9.910789352587433543e-01
1.113389999999999964e+04 9.904635081825140519e-01
1.113420000000000073e+04 9.899203087984217442e-01
1.113450000000000000e+04 9.893771094143326561e-01
1.113479999999999927e+04 9.889199088931402981e-01
1.113510000000000036e+04 9.885978406657477402e-01
1.113539999999999964e+04 9.882757724383570697e-01
1.113570000000000073e+04 9.879537042109645117e-01
1.113600000000000000e+04 9.878780470786708845e-01
1.113629999999999927e+04 9.878110210882727893e-01
1.113660000000000036e+04 9.877439950978742500e-01
1.113689999999999964e+04 9.877191743598836560e-01
1.113720000000000073e+04 9.877400921645741461e-01
1.113750000000000000e+04 9.877610099692644141e-01
1.113770000000000073e+04 9.877749551723913335e-01
1.113810000000000036e+04 9.876776477786682884e-01
1.113839999999999964e+04 9.875639682682898490e-01
1.113870000000000073e+04 9.874502887579107435e-01
1.113900000000000000e+04 9.872316945508455843e-01
1.113920000000000073e+04 9.869352117152684345e-01
1.113960000000000036e+04 9.863422460441166884e-01
1.113989999999999964e+04 9.858975217907536281e-01
1.114020000000000073e+04 9.851375946045419774e-01
1.114050000000000000e+04 9.842004998806949123e-01
1.114070000000000073e+04 9.835757700647930202e-01
1.114110000000000036e+04 9.823263104329950091e-01
1.114139999999999964e+04 9.808287608532477719e-01
1.114170000000000073e+04 9.792688893747419909e-01
1.114200000000000000e+04 9.777090178962457578e-01
1.114220000000000073e+04 9.766691035772419038e-01
1.114260000000000036e+04 9.738294572710007868e-01
1.114289999999999964e+04 9.715764380691106483e-01
1.114320000000000073e+04 9.693234188672068541e-01
1.114350000000000000e+04 9.669091329981431837e-01
1.114379999999999927e+04 9.639517069258275450e-01
1.114410000000000036e+04 9.609942808534939207e-01
1.114439999999999964e+04 9.580368547811782820e-01
1.114470000000000073e+04 9.548886835389387429e-01
1.114500000000000000e+04 9.512915915560385960e-01
1.114520000000000073e+04 9.488935302340906208e-01
1.114560000000000036e+04 9.440974075902164309e-01
1.114589999999999964e+04 9.403526949071420171e-01
1.114620000000000073e+04 9.362699302172364790e-01
1.114650000000000000e+04 9.321871655273556989e-01
1.114670000000000073e+04 9.294653224007519698e-01
1.114710000000000036e+04 9.239602731147812387e-01
1.114739999999999964e+04 9.196282749130910705e-01
1.114770000000000073e+04 9.152962767113747011e-01
1.114800000000000000e+04 9.109642785096845330e-01
1.114820000000000073e+04 9.080762797085403237e-01
1.114860000000000036e+04 9.023449039640675240e-01
1.114889999999999964e+04 8.980525709291057312e-01
1.114920000000000073e+04 8.937602378941179593e-01
1.114950000000000000e+04 8.894679048591561665e-01
1.114979999999999927e+04 8.854657969897297143e-01
1.115010000000000036e+04 8.814821418903081574e-01
1.115039999999999964e+04 8.774984867909106923e-01
1.115070000000000073e+04 8.735148316914890243e-01
1.115100000000000000e+04 8.699051818134735381e-01
1.115129999999999927e+04 8.664620146590603644e-01
1.115160000000000036e+04 8.630188475046264296e-01
1.115189999999999964e+04 8.595756803502132559e-01
1.115220000000000073e+04 8.564131372055427960e-01
1.115250000000000000e+04 8.537079991885032637e-01
1.115279999999999927e+04 8.510028611714638425e-01
1.115310000000000036e+04 8.482977231544079899e-01
1.115339999999999964e+04 8.455969432108274564e-01
1.115370000000000073e+04 8.437648767255645499e-01
1.115400000000000000e+04 8.419328102403128566e-01
1.115429999999999927e+04 8.401007437550610524e-01
1.115460000000000036e+04 8.382686772697981459e-01
1.115479999999999927e+04 8.372671751665820006e-01
1.115520000000000073e+04 8.360831028855117975e-01
1.115550000000000000e+04 8.351950486747145019e-01
1.115579999999999927e+04 8.343069944639172064e-01
1.115610000000000036e+04 8.334782801638289662e-01
1.115639999999999964e+04 8.335173059726997957e-01
1.115670000000000073e+04 8.335563317815707363e-01
1.115700000000000000e+04 8.335953575904415658e-01
1.115729999999999927e+04 8.336343833993122843e-01
1.115760000000000036e+04 8.341089319194617824e-01
1.115789999999999964e+04 8.350220350509769407e-01
1.115820000000000073e+04 8.359351381824975391e-01
1.115850000000000000e+04 8.368482413140125864e-01
1.115879999999999927e+04 8.377613444455276337e-01
1.115910000000000036e+04 8.393712223835141373e-01
1.115939999999999964e+04 8.410861155856849125e-01
1.115970000000000073e+04 8.428010087878661238e-01
1.116000000000000000e+04 8.445159019900368991e-01
1.116029999999999927e+04 8.463539462779940958e-01
1.116060000000000036e+04 8.487674382824962338e-01
1.116089999999999964e+04 8.511809302869837168e-01
1.116120000000000073e+04 8.535944222914858548e-01
1.116150000000000000e+04 8.560079142959733378e-01
1.116179999999999927e+04 8.586707941069053884e-01
1.116210000000000036e+04 8.616780072447604022e-01
1.116239999999999964e+04 8.646852203825972083e-01
1.116270000000000073e+04 8.676924335204523331e-01
1.116300000000000000e+04 8.706996466582891392e-01
1.116329999999999927e+04 8.739875720292049621e-01
1.116360000000000036e+04 8.774624040479475084e-01
1.116389999999999964e+04 8.809372360666689605e-01
1.116420000000000073e+04 8.844120680854115069e-01
1.116450000000000000e+04 8.878869001041329589e-01
1.116479999999999927e+04 8.916178760256551206e-01
1.116510000000000036e+04 8.954499217617700735e-01
1.116539999999999964e+04 8.992819674978617117e-01
1.116560000000000036e+04 9.018366646552715693e-01
1.116600000000000000e+04 9.069460589700681918e-01
1.116629999999999927e+04 9.109638255904920490e-01
1.116660000000000036e+04 9.150369668790767630e-01
1.116689999999999964e+04 9.191101081676368301e-01
1.116700000000000000e+04 9.204678219304983644e-01
1.116839999999999964e+04 9.398408877920505500e-01
1.117000000000000000e+04 9.623800372126858349e-01
1.117150000000000000e+04 9.834382637490887147e-01
1.117300000000000000e+04 1.004024309927763703e+00
1.117450000000000000e+04 1.023779392531719568e+00
1.117600000000000000e+04 1.042402643452591704e+00
1.117750000000000000e+04 1.059644182846134486e+00
1.117900000000000000e+04 1.075273948200876406e+00
1.118050000000000000e+04 1.089104650884944236e+00
1.118200000000000000e+04 1.100969932714247035e+00
1.118350000000000000e+04 1.110474089282915244e+00
1.118500000000000000e+04 1.117645829178176342e+00
1.118650000000000000e+04 1.122526743909749491e+00
1.118800000000000000e+04 1.125136110717195104e+00
1.118950000000000000e+04 1.125548168624918688e+00
1.119100000000000000e+04 1.123878073833379787e+00
1.119239999999999964e+04 1.120638733062067294e+00
1.119400000000000000e+04 1.114688436659884152e+00
1.119550000000000000e+04 1.107583382878754907e+00
1.119700000000000000e+04 1.099355226034450794e+00
1.119850000000000000e+04 1.090250140449259719e+00
1.120000000000000000e+04 1.080491547077196968e+00

1.110000000000000000e+04 6.685159106912642868e-02
1.110029999999999927e+04 6.889380848867773799e-02
1.110060000000000036e+04 7.105708771983801353e-02
1.110089999999999964e+04 7.335194842650451241e-02
1.110120000000000073e+04 7.579011652847035541e-02
1.110150000000000000e+04 7.838469833028988143e-02
1.110179999999999927e+04 8.115038410661921942e-02
1.110210000000000036e+04 8.410368755467521884e-02
1.110239999999999964e+04 8.726322877368633546e-02
1.110260000000000036e+04 8.949445519665158444e-02
1.110300000000000000e+04 9.428811669991073174e-02
1.110329999999999927e+04 9.820459587408494895e-02
1.110360000000000036e+04 1.024306344558387344e-01
1.110389999999999964e+04 1.070019566238489539e-01
1.110420000000000073e+04 1.119597323719716403e-01
1.110450000000000000e+04 1.173516144812170175e-01
1.110479999999999927e+04 1.232330130985428013e-01
1.110510000000000036e+04 1.296686716274805251e-01
1.110539999999999964e+04 1.367346270356800675e-01
1.110570000000000073e+04 1.445206639066090037e-01
1.110589999999999964e+04 1.501632497195808658e-01
1.110629999999999927e+04 1.627002425648182427e-01
1.110660000000000036e+04 1.733743309326949700e-01
1.110689999999999964e+04 1.853410460291348705e-01
1.110720000000000073e+04 1.988263155811355876e-01
1.110750000000000000e+04 2.141074824115977993e-01
1.110779999999999927e+04 2.315275289450524354e-01
1.110810000000000036e+04 2.515137817810559895e-01
1.110839999999999964e+04 2.746025494678022150e-01
1.110870000000000073e+04 3.014715018207668185e-01
1.110900000000000000e+04 3.329818366035863231e-01
1.110929999999999927e+04 3.702320259431989280e-01
1.110960000000000036e+04 4.146232740115570192e-01
1.110989999999999964e+04 4.679316427297705028e-01
1.111020000000000073e+04 5.323685941275410061e-01
1.111050000000000000e+04 6.105817113326449386e-01
1.111079999999999927e+04 7.054867478282759174e-01
1.111110000000000036e+04 8.197186507453709803e-01
1.111139999999999964e+04 9.543600666124077980e-01
1.111170000000000073e+04 1.106555886376650033e+00
1.111200000000000000e+04 1.266167677166613270e+00
1.111229999999999927e+04 1.415512462584630260e+00
1.111260000000000036e+04 1.539177612502052650e+00
1.111289999999999964e+04 1.631215655962199973e+00
1.111320000000000073e+04 1.691715543400821309e+00
1.111350000000000000e+04 1.723834945344877356e+00
1.111379999999999927e+04 1.732315341481158066e+00
1.111410000000000036e+04 1.722354672471003711e+00
1.111439999999999964e+04 1.698857820339187974e+00
1.111470000000000073e+04 1.666053400118560068e+00
1.111500000000000000e+04 1.627371553682917638e+00
1.111529999999999927e+04 1.585463629993198120e+00
1.111560000000000036e+04 1.542304474341721576e+00
1.111589999999999964e+04 1.499308492559612294e+00
1.111620000000000073e+04 1.457451194863899513e+00
1.111650000000000000e+04 1.417373452568261749e+00
1.111679999999999927e+04 1.379474597214499054e+00
1.111710000000000036e+04 1.343981854823454780e+00
1.111739999999999964e+04 1.311011480515890559e+00
1.111770000000000073e+04 1.281425773221950060e+00
1.111800000000000000e+04 1.253461844095380195e+00
1.111829999999999927e+04 1.227317024881462437e+00
1.111860000000000036e+04 1.203968315287544222e+00
1.111889999999999964e+04 1.181647045750345848e+00
1.111920000000000073e+04 1.162554460894968722e+00
1.111950000000000000e+04 1.143557142065561472e+00
1.111979999999999927e+04 1.128252303215374175e+00
1.112010000000000036e+04 1.112947464365094286e+00
1.112039999999999964e+04 1.100096026506347746e+00
1.112070000000000073e+04 1.088082577136003648e+00
1.112100000000000000e+04 1.077197420367542735e+00
1.112129999999999927e+04 1.067989631109463211e+00
1.112160000000000036e+04 1.058781841851327732e+00
1.112189999999999964e+04 1.051916301905284845e+00
1.112220000000000073e+04 1.045061591110644006e+00
1.112250000000000000e+04 1.039218454539781122e+00
1.112279999999999927e+04 1.034290011288919509e+00
1.112310000000000036e+04 1.029361568038027919e+00
1.112339999999999964e+04 1.025942454437605011e+00
1.112370000000000073e+04 1.022536438309433748e+00
1.112400000000000000e+04 1.019584020266076640e+00
1.112429999999999927e+04 1.017328839001015561e+00
1.112450000000000000e+04 1.015825384824298849e+00
1.112489999999999964e+04 1.013421338935670546e+00
1.112520000000000073e+04 1.011988171133869185e+00
1.112550000000000000e+04 1.010560012778814576e+00
1.112579999999999927e+04 1.009674446436604534e+00
1.112610000000000036e+04 1.008788880094389162e+00
1.112639999999999964e+04 1.007976693376202881e+00
1.112670000000000073e+04 1.007422563677387695e+00
1.112700000000000000e+04 1.006868433978575617e+00
1.112729999999999927e+04 1.006370716692665868e+00
1.112760000000000036e+04 1.005968991335013607e+00
1.112789999999999964e+04 1.005567265977363789e+00
1.112820000000000073e+04 1.005162673017050423e+00
1.112850000000000000e+04 1.004754650785233627e+00
1.112879999999999927e+04 1.004346628553417053e+00
1.112910000000000036e+04 1.003869685128303768e+00
1.112939999999999964e+04 1.003317220245068198e+00
1.112970000000000073e+04 1.002764755361829518e+00
1.113000000000000000e+04 1.002111968311177881e+00
1.113029999999999927e+04 1.001329091912626090e+00
1.113060000000000036e+04 1.000546215514069415e+00
1.113089999999999964e+04 9.996991896689559898e-01
1.113120000000000073e+04 9.987220132392655714e-01
1.113150000000000000e+04 9.977448368095809261e-01
1.113179999999999927e+04 9.967625580423548071e-01
1.113210000000000036e+04 9.957537703753687186e-01
1.113229999999999927e+04 9.950812452640507288e-01
1.113270000000000073e+04 9.937361950414026479e-01
1.113300000000000000e+04 9.928925913586242880e-01
1.113329999999999927e+04 9.920615811375211868e-01
1.113360000000000036e+04 9.912305709164128675e-01
1.113389999999999964e+04 9.905819664298709526e-01
1.113420000000000073e+04 9.900389282911334909e-01
1.113450000000000000e+04 9.894958901523992489e-01
1.113479999999999927e+04 9.890135122479877250e-01
1.113510000000000036e+04 9.886917264533816585e-01
1.113539999999999964e+04 9.883699406587777014e-01
1.113570000000000073e+04 9.880481548641716349e-01
1.113600000000000000e+04 9.879445690396698732e-01
1.113629999999999927e+04 9.878790605626529553e-01
1.113660000000000036e+04 9.878135520856357044e-01
1.113689999999999964e+04 9.877803224230213841e-01
1.113720000000000073e+04 9.878032066789272925e-01
1.113750000000000000e+04 9.878260909348330898e-01
1.113770000000000073e+04 9.878413471054370287e-01
1.113810000000000036e+04 9.877619966615457381e-01
1.113839999999999964e+04 9.876501508699462306e-01
1.113870000000000073e+04 9.875383050783460570e-01
1.113900000000000000e+04 9.873594356108902348e-01
1.113920000000000073e+04 9.870638720539512967e-01
1.113960000000000036e+04 9.864727449400761961e-01
1.113989999999999964e+04 9.860293996046705089e-01
1.114020000000000073e+04 9.853270056978954416e-01
1.114050000000000000e+04 9.843906454949302720e-01
1.114070000000000073e+04 9.837664053596163471e-01
1.114110000000000036e+04 9.825179250889942706e-01
1.114139999999999964e+04 9.810918635169041391e-01
1.114170000000000073e+04 9.795318327031302674e-01
1.114200000000000000e+04 9.779718018893658327e-01
1.114220000000000073e+04 9.769317813468498812e-01
1.114260000000000036e+04 9.741704964909287945e-01
1.114289999999999964e+04 9.719163443210248055e-01
1.114320000000000073e+04 9.696621921511071607e-01
1.114350000000000000e+04 9.673274750712650416e-01
1.114379999999999927e+04 9.643678692386397078e-01
1.114410000000000036e+04 9.614082634059964994e-01
1.114439999999999964e+04 9.584486575733711655e-01
1.114470000000000073e+04 9.553715130177284909e-01
1.114500000000000000e+04 9.517712236346834720e-01
1.114520000000000073e+04 9.493710307126389525e-01
1.114560000000000036e+04 9.445706448685717849e-01
1.114589999999999964e+04 9.408783045074748941e-01
1.114620000000000073e+04 9.367915245580080708e-01
1.114650000000000000e+04 9.327047446085661164e-01
1.114670000000000073e+04 9.299802246422549379e-01
1.114710000000000036e+04 9.244983580561008107e-01
1.114739999999999964e+04 9.201618893903705798e-01
1.114770000000000073e+04 9.158254207246141476e-01
1.114800000000000000e+04 9.114889520588839167e-01
1.114820000000000073e+04 9.085979729483795175e-01
1.114860000000000036e+04 9.028561630038879349e-01
1.114889999999999964e+04 8.985594361888172843e-01
1.114920000000000073e+04 8.942627093737205435e-01
1.114950000000000000e+04 8.899659825586498929e-01
1.114979999999999927e+04 8.859243912520148312e-01
1.115010000000000036e+04 8.819367385327568920e-01
1.115039999999999964e+04 8.779490858135230447e-01
1.115070000000000073e+04 8.739614330942651055e-01
1.115100000000000000e+04 8.702861138297225407e-01
1.115129999999999927e+04 8.668395415720129282e-01
1.115160000000000036e+04 8.633929693142824435e-01
1.115189999999999964e+04 8.599463970565728310e-01
1.115220000000000073e+04 8.566959896179208167e-01
1.115250000000000000e+04 8.539882744542821591e-01
1.115279999999999927e+04 8.512805592906436125e-01
1.115310000000000036e+04 8.485728441269885236e-01
1.115339999999999964e+04 8.458651289633499770e-01
1.115370000000000073e+04 8.439354799395217821e-01
1.115400000000000000e+04 8.421017460037818481e-01
1.115429999999999927e+04 8.402680120680419140e-01
1.115460000000000036e+04 8.384342781322908777e-01
1.115479999999999927e+04 8.373234678506976669e-01
1.115520000000000073e+04 8.361384842896750769e-01
1.115550000000000000e+04 8.352497466189133801e-01
1.115579999999999927e+04 8.343610089481517944e-01
1.115610000000000036e+04 8.334722712773847686e-01
1.115639999999999964e+04 8.334643057363573249e-01
1.115670000000000073e+04 8.335034089649322464e-01
1.115700000000000000e+04 8.335425121935068349e-01
1.115729999999999927e+04 8.335816154220814234e-01
1.115760000000000036e+04 8.339561884840297479e-01
1.115789999999999964e+04 8.348699839825576285e-01
1.115820000000000073e+04 8.357837794810911713e-01
1.115850000000000000e+04 8.366975749796191630e-01
1.115879999999999927e+04 8.376113704781470437e-01
1.115910000000000036e+04 8.391303598364950878e-01
1.115939999999999964e+04 8.408464939794517701e-01
1.115970000000000073e+04 8.425626281224187775e-01
1.116000000000000000e+04 8.442787622653754598e-01
1.116029999999999927e+04 8.460379149305324864e-01
1.116060000000000036e+04 8.484530108871635168e-01
1.116089999999999964e+04 8.508681068437798922e-01
1.116120000000000073e+04 8.532832028004108116e-01
1.116150000000000000e+04 8.556982987570271870e-01
1.116179999999999927e+04 8.582947601785038128e-01
1.116210000000000036e+04 8.613039023486914747e-01
1.116239999999999964e+04 8.643130445188608180e-01
1.116270000000000073e+04 8.673221866890483689e-01
1.116300000000000000e+04 8.703313288592178232e-01
1.116329999999999927e+04 8.735675934007832710e-01
1.116360000000000036e+04 8.770444845583680316e-01
1.116389999999999964e+04 8.805213757159315868e-01
1.116420000000000073e+04 8.839982668735162363e-01
1.116450000000000000e+04 8.874751580310799026e-01
1.116479999999999927e+04 8.911672773012776494e-01
1.116510000000000036e+04 8.950014979361606837e-01
1.116539999999999964e+04 8.988357185710205144e-01
1.116560000000000036e+04 9.013918656609426483e-01
1.116600000000000000e+04 9.065041598407634904e-01
1.116629999999999927e+04 9.104964478598293054e-01
1.116660000000000036e+04 9.145717777793097580e-01
1.116689999999999964e+04 9.186471076987655637e-01
1.116700000000000000e+04 9.200055510052590479e-01
1.116839999999999964e+04 9.393735111069013710e-01
1.117000000000000000e+04 9.619196303177425245e-01
1.117150000000000000e+04 9.829938703468322769e-01
1.117300000000000000e+04 1.003604784457474031e+00
1.117450000000000000e+04 1.023393191124525092e+00
1.117600000000000000e+04 1.042056031693802343e+00
1.117750000000000000e+04 1.059343694980557249e+00
1.117900000000000000e+04 1.075024793708929227e+00
1.118050000000000000e+04 1.088911689017041606e+00
1.118200000000000000e+04 1.100837080250820943e+00
1.118350000000000000e+04 1.110344331353762648e+00
1.118500000000000000e+04 1.117577465736285358e+00
1.118650000000000000e+04 1.122520579014887998e+00
1.118800000000000000e+04 1.125191161350139968e+00
1.118950000000000000e+04 1.125661052988597088e+00
1.119100000000000000e+04 1.124043817659877709e+00
1.119239999999999964e+04 1.120800991776797595e+00
1.119400000000000000e+04 1.114894278832752050e+00
1.119550000000000000e+04 1.107824640163843410e+00
1.119700000000000000e+04 1.099622164281480075e+00
1.119850000000000000e+04 1.090533059990340226e+00
1.120000000000000000e+04 1.080782008292023644e+00

1.110000000000000000e+04 6.708047168733388688e-02
1.110029999999999927e+04 6.913606747674946873e-02
1.110060000000000036e+04 7.131387262530389237e-02
1.110089999999999964e+04 7.362453659483615687e-02
1.110120000000000073e+04 7.607993367257846751e-02
1.110150000000000000e+04 7.869334015500098478e-02
1.110179999999999927e+04 8.147964167532899260e-02
1.110210000000000036e+04 8.445557719769689053e-02
1.110239999999999964e+04 8.764002751168695204e-02
1.110260000000000036e+04 8.988927258381670948e-02
1.110300000000000000e+04 9.472282633680681463e-02
1.110329999999999927e+04 9.867307408510063438e-02
1.110360000000000036e+04 1.029367143724846390e-01
1.110389999999999964e+04 1.075500462510753236e-01
1.110420000000000073e+04 1.125549223260896986e-01
1.110450000000000000e+04 1.179998100014817697e-01
1.110479999999999927e+04 1.239410967720867701e-01
1.110510000000000036e+04 1.304447051686951076e-01
1.110539999999999964e+04 1.375881030673017646e-01
1.110570000000000073e+04 1.454628221630225871e-01
1.110589999999999964e+04 1.511718143658619673e-01
1.110629999999999927e+04 1.638625803610005705e-01
1.110660000000000036e+04 1.746741289541330622e-01
1.110689999999999964e+04 1.868018020186991979e-01
1.110720000000000073e+04 2.004767675619972267e-01
1.110750000000000000e+04 2.159830348634605990e-01
1.110779999999999927e+04 2.336721248150387953e-01
1.110810000000000036e+04 2.539823672092075268e-01
1.110839999999999964e+04 2.774643194446422823e-01
1.110870000000000073e+04 3.048141527557764463e-01
1.110900000000000000e+04 3.369170613830738681e-01
1.110929999999999927e+04 3.749024011091211528e-01
1.110960000000000036e+04 4.202103502363873644e-01
1.110989999999999964e+04 4.746641052829056462e-01
1.111020000000000073e+04 5.405270806513110537e-01
1.111050000000000000e+04 6.204919370708669168e-01
1.111079999999999927e+04 7.174832138687642358e-01
1.111110000000000036e+04 8.340468760678453330e-01
1.111139999999999964e+04 9.709716618881565342e-01
1.111170000000000073e+04 1.124759253546891991e+00
1.111200000000000000e+04 1.284265303607377451e+00
1.111229999999999927e+04 1.431334006064364894e+00
1.111260000000000036e+04 1.551530837168162424e+00
1.111289999999999964e+04 1.639866079529349374e+00
1.111320000000000073e+04 1.696891107302168855e+00
1.111350000000000000e+04 1.726017831118582979e+00
1.111379999999999927e+04 1.732095745143099386e+00
1.111410000000000036e+04 1.720322364086363853e+00
1.111439999999999964e+04 1.695539800412123377e+00
1.111470000000000073e+04 1.661887621580404817e+00
1.111500000000000000e+04 1.622703830628174027e+00
1.111529999999999927e+04 1.580555991586255260e+00
1.111560000000000036e+04 1.537346645400869516e+00
1.111589999999999964e+04 1.494435242881296144e+00
1.111620000000000073e+04 1.452751582055471946e+00
1.111650000000000000e+04 1.412905911490367261e+00
1.111679999999999927e+04 1.375272461391947809e+00
1.111710000000000036e+04 1.340064083662234840e+00
1.111739999999999964e+04 1.307386392402771769e+00
1.111770000000000073e+04 1.278222855691983462e+00
1.111800000000000000e+04 1.250258891990907451e+00
1.111829999999999927e+04 1.224642863733059972e+00
1.111860000000000036e+04 1.201294115955999553e+00
1.111889999999999964e+04 1.179460487490824550e+00
1.111920000000000073e+04 1.160367859331970397e+00
1.111950000000000000e+04 1.141804509432211789e+00
1.111979999999999927e+04 1.126499624163727065e+00
1.112010000000000036e+04 1.111194738895149525e+00
1.112039999999999964e+04 1.098720392009488123e+00
1.112070000000000073e+04 1.086706894967311765e+00
1.112100000000000000e+04 1.076143172610420917e+00
1.112129999999999927e+04 1.066935335908005822e+00
1.112160000000000036e+04 1.057986293791420618e+00
1.112189999999999964e+04 1.051131536443344006e+00
1.112220000000000073e+04 1.044276779095225871e+00
1.112250000000000000e+04 1.038654315290868713e+00
1.112279999999999927e+04 1.033725827222234050e+00
1.112310000000000036e+04 1.028958686777105669e+00
1.112339999999999964e+04 1.025552628463842764e+00
1.112370000000000073e+04 1.022146570150559430e+00
1.112400000000000000e+04 1.019325978303733615e+00
1.112429999999999927e+04 1.017070758499742045e+00
1.112450000000000000e+04 1.015567278630405301e+00
1.112489999999999964e+04 1.013257374068418537e+00
1.112520000000000073e+04 1.011824172027743662e+00
1.112550000000000000e+04 1.010458726025872389e+00
1.112579999999999927e+04 1.009573130102112692e+00
1.112610000000000036e+04 1.008687534178347445e+00
1.112639999999999964e+04 1.007913296471060205e+00
1.112670000000000073e+04 1.007359141559518445e+00
1.112700000000000000e+04 1.006804986647980238e+00
1.112729999999999927e+04 1.006324709118755933e+00
1.112760000000000036e+04 1.005922962607828985e+00
1.112789999999999964e+04 1.005521216096904480e+00
1.112820000000000073e+04 1.005115882854241693e+00
1.112850000000000000e+04 1.004707843658619648e+00
1.112879999999999927e+04 1.004299804462997603e+00
1.112910000000000036e+04 1.003806296275246313e+00
1.112939999999999964e+04 1.003253819372399658e+00
1.112970000000000073e+04 1.002701342469549894e+00
1.113000000000000000e+04 1.002022145295341282e+00
1.113029999999999927e+04 1.001239262735350799e+00
1.113060000000000036e+04 1.000456380175355653e+00
1.113089999999999964e+04 9.995870868306714341e-01
1.113120000000000073e+04 9.986099092143658762e-01
1.113150000000000000e+04 9.976327315980662025e-01
1.113179999999999927e+04 9.966468300943533976e-01
1.113210000000000036e+04 9.956380433130825880e-01
1.113229999999999927e+04 9.949655187922414878e-01
1.113270000000000073e+04 9.936282465477005443e-01
1.113300000000000000e+04 9.927972354188919768e-01
1.113329999999999927e+04 9.919662242900835203e-01
1.113360000000000036e+04 9.911352131612699567e-01
1.113389999999999964e+04 9.905196016454257402e-01
1.113420000000000073e+04 9.899765586809152751e-01
1.113450000000000000e+04 9.894335157164080297e-01
1.113479999999999927e+04 9.889764848568622924e-01
1.113510000000000036e+04 9.886546943223741835e-01
1.113539999999999964e+04 9.883329037878879619e-01
1.113570000000000073e+04 9.880111132533998530e-01
1.113600000000000000e+04 9.879368836664281783e-01
1.113629999999999927e+04 9.878713661648516053e-01
1.113660000000000036e+04 9.878058486632745883e-01
1.113689999999999964e+04 9.877827376591987729e-01
1.113720000000000073e+04 9.878056115287351391e-01
1.113750000000000000e+04 9.878284853982712832e-01
1.113770000000000073e+04 9.878437346446288236e-01
1.113810000000000036e+04 9.877489333581865871e-01
1.113839999999999964e+04 9.876370780701306806e-01
1.113870000000000073e+04 9.875252227820742190e-01
1.113900000000000000e+04 9.873083601264857068e-01
1.113920000000000073e+04 9.870127915860799073e-01
1.113960000000000036e+04 9.864216545052710838e-01
1.113989999999999964e+04 9.859783016946650491e-01
1.114020000000000073e+04 9.852194107897453978e-01
1.114050000000000000e+04 9.842830458890955425e-01
1.114070000000000073e+04 9.836588026219917902e-01
1.114110000000000036e+04 9.824103160877900587e-01
1.114139999999999964e+04 9.809127908430161913e-01
1.114170000000000073e+04 9.793527589989441395e-01
1.114200000000000000e+04 9.777927271548816357e-01
1.114220000000000073e+04 9.767527059255002309e-01
1.114260000000000036e+04 9.739118892649097914e-01
1.114289999999999964e+04 9.716577400126625852e-01
1.114320000000000073e+04 9.694035907604018343e-01
1.114350000000000000e+04 9.669880443132985448e-01
1.114379999999999927e+04 9.640284456244527789e-01
1.114410000000000036e+04 9.610688469355890273e-01
1.114439999999999964e+04 9.581092482467431504e-01
1.114470000000000073e+04 9.549587003740048763e-01
1.114500000000000000e+04 9.513584222071685970e-01
1.114520000000000073e+04 9.489582367625964965e-01
1.114560000000000036e+04 9.441578658734741669e-01
1.114589999999999964e+04 9.404097940029442215e-01
1.114620000000000073e+04 9.363230285567909483e-01
1.114650000000000000e+04 9.322362631106624331e-01
1.114670000000000073e+04 9.295117528132269547e-01
1.114710000000000036e+04 9.240012958524881359e-01
1.114739999999999964e+04 9.196648435596342930e-01
1.114770000000000073e+04 9.153283912667540267e-01
1.114800000000000000e+04 9.109919389739001838e-01
1.114820000000000073e+04 9.081009707786465990e-01
1.114860000000000036e+04 9.023637361977685512e-01
1.114889999999999964e+04 8.980670255584615180e-01
1.114920000000000073e+04 8.937703149191283947e-01
1.114950000000000000e+04 8.894736042798213616e-01
1.114979999999999927e+04 8.854674425391217962e-01
1.115010000000000036e+04 8.814798045504449453e-01
1.115039999999999964e+04 8.774921665617922972e-01
1.115070000000000073e+04 8.735045285731155573e-01
1.115100000000000000e+04 8.698912213178375819e-01
1.115129999999999927e+04 8.664446615658060180e-01
1.115160000000000036e+04 8.629981018137535820e-01
1.115189999999999964e+04 8.595515420617220181e-01
1.115220000000000073e+04 8.563858066617678899e-01
1.115250000000000000e+04 8.536781008565448303e-01
1.115279999999999927e+04 8.509703950513218818e-01
1.115310000000000036e+04 8.482626892460823909e-01
1.115339999999999964e+04 8.455592120425993174e-01
1.115370000000000073e+04 8.437254839844446908e-01
1.115400000000000000e+04 8.418917559263012773e-01
1.115429999999999927e+04 8.400580278681577528e-01
1.115460000000000036e+04 8.382242998100031262e-01
1.115479999999999927e+04 8.372217734174169923e-01
1.115520000000000073e+04 8.360367926655305482e-01
1.115550000000000000e+04 8.351480571016210996e-01
1.115579999999999927e+04 8.342593215377116511e-01
1.115610000000000036e+04 8.334298321459926440e-01
1.115639999999999964e+04 8.334689345521871795e-01
1.115670000000000073e+04 8.335080369583819371e-01
1.115700000000000000e+04 8.335471393645764726e-01
1.115729999999999927e+04 8.335862417707710081e-01
1.115760000000000036e+04 8.340610380085501374e-01
1.115789999999999964e+04 8.349748303116669712e-01
1.115820000000000073e+04 8.358886226147894671e-01
1.115850000000000000e+04 8.368024149179063009e-01
1.115879999999999927e+04 8.377162072210232457e-01
1.115910000000000036e+04 8.393271262007928613e-01
1.115939999999999964e+04 8.410432550285620312e-01
1.115970000000000073e+04 8.427593838563415263e-01
1.116000000000000000e+04 8.444755126841108073e-01
1.116029999999999927e+04 8.463147491800930844e-01
1.116060000000000036e+04 8.487298384140574692e-01
1.116089999999999964e+04 8.511449276480071990e-01
1.116120000000000073e+04 8.535600168819716949e-01
1.116150000000000000e+04 8.559751061159214247e-01
1.116179999999999927e+04 8.586396280977075524e-01
1.116210000000000036e+04 8.616487622857516016e-01
1.116239999999999964e+04 8.646578964737773321e-01
1.116270000000000073e+04 8.676670306618213813e-01
1.116300000000000000e+04 8.706761648498471118e-01
1.116329999999999927e+04 8.739660173579441027e-01
1.116360000000000036e+04 8.774429000293989533e-01
1.116389999999999964e+04 8.809197827008325987e-01
1.116420000000000073e+04 8.843966653722874494e-01
1.116450000000000000e+04 8.878735480437210947e-01
1.116479999999999927e+04 8.916066025195993339e-01
1.116510000000000036e+04 8.954408142209731025e-01
1.116539999999999964e+04 8.992750259223236675e-01
1.116560000000000036e+04 9.018311670565728466e-01
1.116600000000000000e+04 9.069434493250480012e-01
1.116629999999999927e+04 9.109633554855361970e-01
1.116660000000000036e+04 9.150386764230798997e-01
1.116689999999999964e+04 9.191139973605988445e-01
1.116700000000000000e+04 9.204724376731134861e-01
1.116839999999999964e+04 9.398555060808615469e-01
1.117000000000000000e+04 9.624057558733938311e-01
1.117150000000000000e+04 9.834739218080845724e-01
1.117300000000000000e+04 1.004069361843649144e+00
1.117450000000000000e+04 1.023833113597532707e+00
1.117600000000000000e+04 1.042464242144661490e+00
1.117750000000000000e+04 1.059712891595837148e+00
1.117900000000000000e+04 1.075348876344780269e+00
1.118050000000000000e+04 1.089184912031736063e+00
1.118200000000000000e+04 1.101054545840749910e+00
1.118350000000000000e+04 1.110561783614689935e+00
1.118500000000000000e+04 1.117735468805326926e+00
1.118650000000000000e+04 1.122617145280202733e+00
1.118800000000000000e+04 1.125226065095685790e+00
1.118950000000000000e+04 1.125636534520561671e+00
1.119100000000000000e+04 1.123963777429439537e+00
1.119239999999999964e+04 1.120720964655670171e+00
1.119400000000000000e+04 1.114765826756950018e+00
1.119550000000000000e+04 1.107655592385095700e+00
1.119700000000000000e+04 1.099421914680342116e+00
1.119850000000000000e+04 1.090311173738284012e+00
1.120000000000000000e+04 1.080546957175449796e+00

1.110000000000000000e+04 6.708001469541263750e-02
1.110029999999999927e+04 6.913559400022815937e-02
1.110060000000000036e+04 7.131338168730753935e-02
1.110089999999999964e+04 7.362402713583449110e-02
1.110120000000000073e+04 7.607940454343220527e-02
1.110150000000000000e+04 7.869279010642919736e-02
1.110179999999999927e+04 8.147906934698928572e-02
1.110210000000000036e+04 8.445498110566104777e-02
1.110239999999999964e+04 8.763940603189300516e-02
1.110260000000000036e+04 8.988863320272315327e-02
1.110300000000000000e+04 9.472214857770556995e-02
1.110329999999999927e+04 9.867236506432407184e-02
1.110360000000000036e+04 1.029359717238230859e-01
1.110389999999999964e+04 1.075492673620919298e-01
1.110420000000000073e+04 1.125541043143361286e-01
1.110450000000000000e+04 1.179989496407371219e-01
1.110479999999999927e+04 1.239401905027143203e-01
1.110510000000000036e+04 1.304437490104273512e-01
1.110539999999999964e+04 1.375870925874325690e-01
1.110570000000000073e+04 1.454617523702658177e-01
1.110589999999999964e+04 1.511707019759808701e-01
1.110629999999999927e+04 1.638613745531969923e-01
1.110660000000000036e+04 1.746728449679841033e-01
1.110689999999999964e+04 1.868004319664762214e-01
1.110720000000000073e+04 2.004753025670191757e-01
1.110750000000000000e+04 2.159814650165385597e-01
1.110779999999999927e+04 2.336704390835244449e-01
1.110810000000000036e+04 2.539805535040718376e-01
1.110839999999999964e+04 2.774623646808441757e-01
1.110870000000000073e+04 3.048120433276936270e-01
1.110900000000000000e+04 3.369147839659673571e-01
1.110929999999999927e+04 3.748999443421260902e-01
1.110960000000000036e+04 4.202077078176554847e-01
1.110989999999999964e+04 4.746612815180409894e-01
1.111020000000000073e+04 5.405240999789384659e-01
1.111050000000000000e+04 6.204888597088471514e-01
1.111079999999999927e+04 7.174801588209719361e-01
1.111110000000000036e+04 8.340440488363105587e-01
1.111139999999999964e+04 9.709693709837369235e-01
1.111170000000000073e+04 1.124757869389126030e+00
1.111200000000000000e+04 1.284265026643855334e+00
1.111229999999999927e+04 1.431334426387824932e+00
1.111260000000000036e+04 1.551531226767712823e+00
1.111289999999999964e+04 1.639865935781956718e+00
1.111320000000000073e+04 1.696890161274908548e+00
1.111350000000000000e+04 1.726015995748376275e+00
1.111379999999999927e+04 1.732093070123277956e+00
1.111410000000000036e+04 1.720318983641195398e+00
1.111439999999999964e+04 1.695535886961481387e+00
1.111470000000000073e+04 1.661883351444110923e+00
1.111500000000000000e+04 1.622699363953507445e+00
1.111529999999999927e+04 1.580551462758768677e+00
1.111560000000000036e+04 1.537342159267794273e+00
1.111589999999999964e+04 1.494430878942347940e+00
1.111620000000000073e+04 1.452747395095947747e+00
1.111650000000000000e+04 1.412901939335289958e+00
1.111679999999999927e+04 1.375268726151898768e+00
1.111710000000000036e+04 1.340060598821073201e+00
1.111739999999999964e+04 1.307383165720595875e+00
1.111770000000000073e+04 1.278219993735510984e+00
1.111800000000000000e+04 1.250256054147308227e+00
1.111829999999999927e+04 1.224640475786282989e+00
1.111860000000000036e+04 1.201291751274515374e+00
1.111889999999999964e+04 1.179458539521249794e+00
1.111920000000000073e+04 1.160365935734016141e+00
1.111950000000000000e+04 1.141802960106394371e+00
1.111979999999999927e+04 1.126498099942102815e+00
1.112010000000000036e+04 1.111193239777718444e+00
1.112039999999999964e+04 1.098719222184736610e+00
1.112070000000000073e+04 1.086705750512730884e+00
1.112100000000000000e+04 1.076142312493508779e+00
1.112129999999999927e+04 1.066934500899562321e+00
1.112160000000000036e+04 1.057985701141493484e+00
1.112189999999999964e+04 1.051130968385437514e+00
1.112220000000000073e+04 1.044276235629340022e+00
1.112250000000000000e+04 1.038653973799137820e+00
1.112279999999999927e+04 1.033725509527229969e+00
1.112310000000000036e+04 1.028958533339217718e+00
1.112339999999999964e+04 1.025552497540452634e+00
1.112370000000000073e+04 1.022146461741667123e+00
1.112400000000000000e+04 1.019325997752394963e+00
1.112429999999999927e+04 1.017070798621614092e+00
1.112450000000000000e+04 1.015567332534417666e+00
1.112489999999999964e+04 1.013257529576734761e+00
1.112520000000000073e+04 1.011824346000353092e+00
1.112550000000000000e+04 1.010458968742189656e+00
1.112579999999999927e+04 1.009573388924418502e+00
1.112610000000000036e+04 1.008687809106642019e+00
1.112639999999999964e+04 1.007913617328364930e+00
1.112670000000000073e+04 1.007359476185358815e+00
1.112700000000000000e+04 1.006805335042355809e+00
1.112729999999999927e+04 1.006325084303987705e+00
1.112760000000000036e+04 1.005923349390513533e+00
1.112789999999999964e+04 1.005521614477041803e+00
1.112820000000000073e+04 1.005116290956823200e+00
1.112850000000000000e+04 1.004708261088996579e+00
1.112879999999999927e+04 1.004300231221169737e+00
1.112910000000000036e+04 1.003806717421346750e+00
1.112939999999999964e+04 1.003254247141045274e+00
1.112970000000000073e+04 1.002701776860740468e+00
1.113000000000000000e+04 1.002022563298641256e+00
1.113029999999999927e+04 1.001239684211706171e+00
1.113060000000000036e+04 1.000456805124766202e+00
1.113089999999999964e+04 9.995874961218415011e-01
1.113120000000000073e+04 9.986103193075944739e-01
1.113150000000000000e+04 9.976331424933532199e-01
1.113179999999999927e+04 9.966472385622283658e-01
1.113210000000000036e+04 9.956384514588537682e-01
1.113229999999999927e+04 9.949659267232768833e-01
1.113270000000000073e+04 9.936286705048388290e-01
1.113300000000000000e+04 9.927976599205795560e-01
1.113329999999999927e+04 9.919666493363202830e-01
1.113360000000000036e+04 9.911356387520560141e-01
1.113389999999999964e+04 9.905200559137751215e-01
1.113420000000000073e+04 9.899770155512552794e-01
1.113450000000000000e+04 9.894339751887387679e-01
1.113479999999999927e+04 9.889769673626908064e-01
1.113510000000000036e+04 9.886551794272193661e-01
1.113539999999999964e+04 9.883333914917500351e-01
1.113570000000000073e+04 9.880116035562787058e-01
1.113600000000000000e+04 9.879374023751635869e-01
1.113629999999999927e+04 9.878718896877263234e-01
1.113660000000000036e+04 9.878063770002886157e-01
1.113689999999999964e+04 9.877832792845716581e-01
1.113720000000000073e+04 9.878061586169402108e-01
1.113750000000000000e+04 9.878290379493086526e-01
1.113770000000000073e+04 9.878442908375544285e-01
1.113810000000000036e+04 9.877494839276768079e-01
1.113839999999999964e+04 9.876376336025386449e-01
1.113870000000000073e+04 9.875257832773997047e-01
1.113900000000000000e+04 9.873088945870039934e-01
1.113920000000000073e+04 9.870133285474345097e-01
1.113960000000000036e+04 9.864221964682985400e-01
1.113989999999999964e+04 9.859788474089471455e-01
1.114020000000000073e+04 9.852199136930717138e-01
1.114050000000000000e+04 9.842835509306181452e-01
1.114070000000000073e+04 9.836593090889785840e-01
1.114110000000000036e+04 9.824108254057052347e-01
1.114139999999999964e+04 9.809132427612972105e-01
1.114170000000000073e+04 9.793532108971230166e-01
1.114200000000000000e+04 9.777931790329583706e-01
1.114220000000000073e+04 9.767531577901755746e-01
1.114260000000000036e+04 9.739122744871123727e-01
1.114289999999999964e+04 9.716581229212964965e-01
1.114320000000000073e+04 9.694039713554669646e-01
1.114350000000000000e+04 9.669883568808776975e-01
1.114379999999999927e+04 9.640287534070369757e-01
1.114410000000000036e+04 9.610691499331782683e-01
1.114439999999999964e+04 9.581095464593375466e-01
1.114470000000000073e+04 9.549589339400630372e-01
1.114500000000000000e+04 9.513586486577799706e-01
1.114520000000000073e+04 9.489584584695767155e-01
1.114560000000000036e+04 9.441580780931920769e-01
1.114589999999999964e+04 9.404099536089907119e-01
1.114620000000000073e+04 9.363231791680234339e-01
1.114650000000000000e+04 9.322364047270808030e-01
1.114670000000000073e+04 9.295118884331026177e-01
1.114710000000000036e+04 9.240013961607760340e-01
1.114739999999999964e+04 9.196649338171479782e-01
1.114770000000000073e+04 9.153284714734936101e-01
1.114800000000000000e+04 9.109920091298655542e-01
1.114820000000000073e+04 9.081010342340960495e-01
1.114860000000000036e+04 9.023637900394386735e-01
1.114889999999999964e+04 8.980670694534650389e-01
1.114920000000000073e+04 8.937703488674653141e-01
1.114950000000000000e+04 8.894736282814917905e-01
1.114979999999999927e+04 8.854674859407519749e-01
1.115010000000000036e+04 8.814798388603330981e-01
1.115039999999999964e+04 8.774921917799384241e-01
1.115070000000000073e+04 8.735045446995194363e-01
1.115100000000000000e+04 8.698912792555540952e-01
1.115129999999999927e+04 8.664447117623426120e-01
1.115160000000000036e+04 8.629981442691102567e-01
1.115189999999999964e+04 8.595515767758987735e-01
1.115220000000000073e+04 8.563859025904074773e-01
1.115250000000000000e+04 8.536781909443887928e-01
1.115279999999999927e+04 8.509704792983702193e-01
1.115310000000000036e+04 8.482627676523352145e-01
1.115339999999999964e+04 8.455593653304296353e-01
1.115370000000000073e+04 8.437256335654599315e-01
1.115400000000000000e+04 8.418919018005013299e-01
1.115429999999999927e+04 8.400581700355427284e-01
1.115460000000000036e+04 8.382244382705730246e-01
1.115479999999999927e+04 8.372219972139656186e-01
1.115520000000000073e+04 8.360370145952514820e-01
1.115550000000000000e+04 8.351482776312211254e-01
1.115579999999999927e+04 8.342595406671908798e-01
1.115610000000000036e+04 8.334301356813879069e-01
1.115639999999999964e+04 8.334692385670628978e-01
1.115670000000000073e+04 8.335083414527381107e-01
1.115700000000000000e+04 8.335474443384132126e-01
1.115729999999999927e+04 8.335865472240882035e-01
1.115760000000000036e+04 8.340614255067181348e-01
1.115789999999999964e+04 8.349752198704970541e-01
1.115820000000000073e+04 8.358890142342815244e-01
1.115850000000000000e+04 8.368028085980605546e-01
1.115879999999999927e+04 8.377166029618394738e-01
1.115910000000000036e+04 8.393275993318025652e-01
1.115939999999999964e+04 8.410437316400268815e-01
1.115970000000000073e+04 8.427598639482615228e-01
1.116000000000000000e+04 8.444759962564858391e-01
1.116029999999999927e+04 8.463153009613653133e-01
1.116060000000000036e+04 8.487303946940659705e-01
1.116089999999999964e+04 8.511454884267520837e-01
1.116120000000000073e+04 8.535605821594527409e-01
1.116150000000000000e+04 8.559756758921387432e-01
1.116179999999999927e+04 8.586402576090368388e-01
1.116210000000000036e+04 8.616493971918571804e-01
1.116239999999999964e+04 8.646585367746592032e-01
1.116270000000000073e+04 8.676676763574795448e-01
1.116300000000000000e+04 8.706768159402815677e-01
1.116329999999999927e+04 8.739667173157661395e-01
1.116360000000000036e+04 8.774436058418721984e-01
1.116389999999999964e+04 8.809204943679570521e-01
1.116420000000000073e+04 8.843973828940631110e-01
1.116450000000000000e+04 8.878742714201479647e-01
1.116479999999999927e+04 8.916073650264219053e-01
1.116510000000000036e+04 8.954415829679505112e-01
1.116539999999999964e+04 8.992758009094559135e-01
1.116560000000000036e+04 9.018319462038083545e-01
1.116600000000000000e+04 9.069442367924899218e-01
1.116629999999999927e+04 9.109641715583902677e-01
1.116660000000000036e+04 9.150394988643799632e-01
1.116689999999999964e+04 9.191148261703450117e-01
1.116700000000000000e+04 9.204732686056750213e-01
1.116839999999999964e+04 9.398563788134164376e-01
1.117000000000000000e+04 9.624066652231570984e-01
1.117150000000000000e+04 9.834748564987257913e-01
1.117300000000000000e+04 1.004070312956374611e+00
1.117450000000000000e+04 1.023834071819737401e+00
1.117600000000000000e+04 1.042465199639618145e+00
1.117750000000000000e+04 1.059713840289179698e+00
1.117900000000000000e+04 1.075349808808769181e+00
1.118050000000000000e+04 1.089185820953129102e+00
1.118200000000000000e+04 1.101055424282454842e+00
1.118350000000000000e+04 1.110562673136750833e+00
1.118500000000000000e+04 1.117736317953681668e+00
1.118650000000000000e+04 1.122617949000321635e+00
1.118800000000000000e+04 1.125226819773144316e+00
1.118950000000000000e+04 1.125637238655856409e+00
1.119100000000000000e+04 1.123964431026599931e+00
1.119239999999999964e+04 1.120721610276290470e+00
1.119400000000000000e+04 1.114766421282254782e+00
1.119550000000000000e+04 1.107656140844107684e+00
1.119700000000000000e+04 1.099422423479989197e+00
1.119850000000000000e+04 1.090311649923533466e+00
1.120000000000000000e+04 1.080547407309774277e+00

1.110000000000000000e+04 6.707964948252240212e-02
1.110029999999999927e+04 6.913521793775923019e-02
1.110060000000000036e+04 7.131299423361009415e-02
1.110089999999999964e+04 7.362362771388207550e-02
1.110120000000000073e+04 7.607899253515182370e-02
1.110150000000000000e+04 7.869236485323943819e-02
1.110179999999999927e+04 8.147863014533063275e-02
1.110210000000000036e+04 8.445452720167043181e-02
1.110239999999999964e+04 8.763893662240111737e-02
1.110260000000000036e+04 8.988815298121476116e-02
1.110300000000000000e+04 9.472164551818239298e-02
1.110329999999999927e+04 9.867184374204858444e-02
1.110360000000000036e+04 1.029354310937286576e-01
1.110389999999999964e+04 1.075487063201143317e-01
1.110420000000000073e+04 1.125535216754936785e-01
1.110450000000000000e+04 1.179983441814663886e-01
1.110479999999999927e+04 1.239395609197520148e-01
1.110510000000000036e+04 1.304430939531391886e-01
1.110539999999999964e+04 1.375864106666190301e-01
1.110570000000000073e+04 1.454610422046695994e-01
1.110589999999999964e+04 1.511699722172270555e-01
1.110629999999999927e+04 1.638606038974610157e-01
1.110660000000000036e+04 1.746720423613322692e-01
1.110689999999999964e+04 1.867995966487064896e-01
1.110720000000000073e+04 2.004744343053501687e-01
1.110750000000000000e+04 2.159805644029869354e-01
1.110779999999999927e+04 2.336695079962382571e-01
1.110810000000000036e+04 2.539795957615213484e-01
1.110839999999999964e+04 2.774613871000694565e-01
1.110870000000000073e+04 3.048110571880111030e-01
1.110900000000000000e+04 3.369138073471733552e-01
1.110929999999999927e+04 3.748990055677936528e-01
1.110960000000000036e+04 4.202068506395821856e-01
1.110989999999999964e+04 4.746605726874289499e-01
1.111020000000000073e+04 5.405236398493348249e-01
1.111050000000000000e+04 6.204887956483128297e-01
1.111079999999999927e+04 7.174806983345596301e-01
1.111110000000000036e+04 8.340454619137520620e-01
1.111139999999999964e+04 9.709719565530137153e-01
1.111170000000000073e+04 1.124761835296197887e+00
1.111200000000000000e+04 1.284270206037376738e+00
1.111229999999999927e+04 1.431340062620053644e+00
1.111260000000000036e+04 1.551536507230772077e+00
1.111289999999999964e+04 1.639870374811238429e+00
1.111320000000000073e+04 1.696893518502033293e+00
1.111350000000000000e+04 1.726018210081983861e+00
1.111379999999999927e+04 1.732094206726585206e+00
1.111410000000000036e+04 1.720319181529177399e+00
1.111439999999999964e+04 1.695535315940144061e+00
1.111470000000000073e+04 1.661882183078071007e+00
1.111500000000000000e+04 1.622697755149628440e+00
1.111529999999999927e+04 1.580549548081136457e+00
1.111560000000000036e+04 1.537340048105310331e+00
1.111589999999999964e+04 1.494428658400068111e+00
1.111620000000000073e+04 1.452745130964810727e+00
1.111650000000000000e+04 1.412899681611725855e+00
1.111679999999999927e+04 1.375266510569110645e+00
1.111710000000000036e+04 1.340058452034389447e+00
1.111739999999999964e+04 1.307381108259160651e+00
1.111770000000000073e+04 1.278218109172401418e+00
1.111800000000000000e+04 1.250254134628137281e+00
1.111829999999999927e+04 1.224638794967879862e+00
1.111860000000000036e+04 1.201290050380632524e+00
1.111889999999999964e+04 1.179457068156534394e+00
1.111920000000000073e+04 1.160364456153021084e+00
1.111950000000000000e+04 1.141801691842213584e+00
1.111979999999999927e+04 1.126496831722846315e+00
1.112010000000000036e+04 1.111191971603386452e+00
1.112039999999999964e+04 1.098718148583530674e+00
1.112070000000000073e+04 1.086704682499123109e+00
1.112100000000000000e+04 1.076141413646476197e+00
1.112129999999999927e+04 1.066933611165610030e+00
1.112160000000000036e+04 1.057984956440955582e+00
1.112189999999999964e+04 1.051130235127965218e+00
1.112220000000000073e+04 1.044275513814933554e+00
1.112250000000000000e+04 1.038653375268510093e+00
1.112279999999999927e+04 1.033724923665184869e+00
1.112310000000000036e+04 1.028958047948878463e+00
1.112339999999999964e+04 1.025552025096380104e+00
1.112370000000000073e+04 1.022146002243861096e+00
1.112400000000000000e+04 1.019325617318116883e+00
1.112429999999999927e+04 1.017070430676236814e+00
1.112450000000000000e+04 1.015566972914974331e+00
1.112489999999999964e+04 1.013257233061809259e+00
1.112520000000000073e+04 1.011824060866483022e+00
1.112550000000000000e+04 1.010458726377980287e+00
1.112579999999999927e+04 1.009573156465789490e+00
1.112610000000000036e+04 1.008687586553593141e+00
1.112639999999999964e+04 1.007913423313246071e+00
1.112670000000000073e+04 1.007359290658756734e+00
1.112700000000000000e+04 1.006805158004270950e+00
1.112729999999999927e+04 1.006324923846842578e+00
1.112760000000000036e+04 1.005923195989865571e+00
1.112789999999999964e+04 1.005521468132891005e+00
1.112820000000000073e+04 1.005116150407061815e+00
1.112850000000000000e+04 1.004708126018594383e+00
1.112879999999999927e+04 1.004300101630126729e+00
1.112910000000000036e+04 1.003806583816718945e+00
1.112939999999999964e+04 1.003254117046786131e+00
1.112970000000000073e+04 1.002701650276849987e+00
1.113000000000000000e+04 1.002022425566631680e+00
1.113029999999999927e+04 1.001239547491481474e+00
1.113060000000000036e+04 1.000456669416326605e+00
1.113089999999999964e+04 9.995873492766991220e-01
1.113120000000000073e+04 9.986101713467386842e-01
1.113150000000000000e+04 9.976329934167841307e-01
1.113179999999999927e+04 9.966470863241551070e-01
1.113210000000000036e+04 9.956382972962805056e-01
1.113229999999999927e+04 9.949657712777034702e-01
1.113270000000000073e+04 9.936285227923499219e-01
1.113300000000000000e+04 9.927975114137483903e-01
1.113329999999999927e+04 9.919665000351468587e-01
1.113360000000000036e+04 9.911354886565403310e-01
1.113389999999999964e+04 9.905199231386527803e-01
1.113420000000000073e+04 9.899768840030261918e-01
1.113450000000000000e+04 9.894338448674029340e-01
1.113479999999999927e+04 9.889768510699543658e-01
1.113510000000000036e+04 9.886550644788416609e-01
1.113539999999999964e+04 9.883332778877309543e-01
1.113570000000000073e+04 9.880114912966182494e-01
1.113600000000000000e+04 9.879373083755427221e-01
1.113629999999999927e+04 9.878717992479082444e-01
1.113660000000000036e+04 9.878062901202733226e-01
1.113689999999999964e+04 9.877832014294281038e-01
1.113720000000000073e+04 9.878060850903733758e-01
1.113750000000000000e+04 9.878289687513185369e-01
1.113770000000000073e+04 9.878442245252819776e-01
1.113810000000000036e+04 9.877494153167957203e-01
1.113839999999999964e+04 9.876375689951516490e-01
1.113870000000000073e+04 9.875257226735070226e-01
1.113900000000000000e+04 9.873088186088132545e-01
1.113920000000000073e+04 9.870132546793978223e-01
1.113960000000000036e+04 9.864221268205696225e-01
1.113989999999999964e+04 9.859787809264490832e-01
1.114020000000000073e+04 9.852198211838326669e-01
1.114050000000000000e+04 9.842834603870838084e-01
1.114070000000000073e+04 9.836592198559140909e-01
1.114110000000000036e+04 9.824107387935803182e-01
1.114139999999999964e+04 9.809131206753619603e-01
1.114170000000000073e+04 9.793530891293382723e-01
1.114200000000000000e+04 9.777930575833240212e-01
1.114220000000000073e+04 9.767530365526415626e-01
1.114260000000000036e+04 9.739121117304379016e-01
1.114289999999999964e+04 9.716579587268912022e-01
1.114320000000000073e+04 9.694038057233308470e-01
1.114350000000000000e+04 9.669881487061046110e-01
1.114379999999999927e+04 9.640285419032427194e-01
1.114410000000000036e+04 9.610689351003628422e-01
1.114439999999999964e+04 9.581093282975009506e-01
1.114470000000000073e+04 9.549586749579577205e-01
1.114500000000000000e+04 9.513583844902532283e-01
1.114520000000000073e+04 9.489581908451023562e-01
1.114560000000000036e+04 9.441578035548224834e-01
1.114589999999999964e+04 9.404096453813934886e-01
1.114620000000000073e+04 9.363228642550741609e-01
1.114650000000000000e+04 9.322360831287797023e-01
1.114670000000000073e+04 9.295115623779001135e-01
1.114710000000000036e+04 9.240010465885728497e-01
1.114739999999999964e+04 9.196645767157239915e-01
1.114770000000000073e+04 9.153281068428489320e-01
1.114800000000000000e+04 9.109916369700000738e-01
1.114820000000000073e+04 9.081006570547499601e-01
1.114860000000000036e+04 9.023634052475842937e-01
1.114889999999999964e+04 8.980666772525657260e-01
1.114920000000000073e+04 8.937699492575211790e-01
1.114950000000000000e+04 8.894732212625026113e-01
1.114979999999999927e+04 8.854670899734652378e-01
1.115010000000000036e+04 8.814794361663043087e-01
1.115039999999999964e+04 8.774917823591674715e-01
1.115070000000000073e+04 8.735041285520065424e-01
1.115100000000000000e+04 8.698908882785753027e-01
1.115129999999999927e+04 8.664443150731538923e-01
1.115160000000000036e+04 8.629977418677114986e-01
1.115189999999999964e+04 8.595511686622900882e-01
1.115220000000000073e+04 8.563855319055229121e-01
1.115250000000000000e+04 8.536778159757731910e-01
1.115279999999999927e+04 8.509701000460235809e-01
1.115310000000000036e+04 8.482623841162574285e-01
1.115339999999999964e+04 8.455590279066077519e-01
1.115370000000000073e+04 8.437252934220975664e-01
1.115400000000000000e+04 8.418915589375984831e-01
1.115429999999999927e+04 8.400578244530992889e-01
1.115460000000000036e+04 8.382240899685891033e-01
1.115479999999999927e+04 8.372217019758900758e-01
1.115520000000000073e+04 8.360367179893487544e-01
1.115550000000000000e+04 8.351479799994482311e-01
1.115579999999999927e+04 8.342592420095475969e-01
1.115610000000000036e+04 8.334298895727310086e-01
1.115639999999999964e+04 8.334689927050379366e-01
1.115670000000000073e+04 8.335080958373449755e-01
1.115700000000000000e+04 8.335471989696519035e-01
1.115729999999999927e+04 8.335863021019587205e-01
1.115760000000000036e+04 8.340612315603276317e-01
1.115789999999999964e+04 8.349750271740183916e-01
1.115820000000000073e+04 8.358888227877148136e-01
1.115850000000000000e+04 8.368026184014055735e-01
1.115879999999999927e+04 8.377164140150963334e-01
1.115910000000000036e+04 8.393274586698696860e-01
1.115939999999999964e+04 8.410435931222742800e-01
1.115970000000000073e+04 8.427597275746891992e-01
1.116000000000000000e+04 8.444758620270937932e-01
1.116029999999999927e+04 8.463152092723206232e-01
1.116060000000000036e+04 8.487303057076686086e-01
1.116089999999999964e+04 8.511454021430019390e-01
1.116120000000000073e+04 8.535604985783499243e-01
1.116150000000000000e+04 8.559755950136832547e-01
1.116179999999999927e+04 8.586402138945445905e-01
1.116210000000000036e+04 8.616493566856027186e-01
1.116239999999999964e+04 8.646584994766426391e-01
1.116270000000000073e+04 8.676676422677008782e-01
1.116300000000000000e+04 8.706767850587407986e-01
1.116329999999999927e+04 8.739667167055348296e-01
1.116360000000000036e+04 8.774436085991474954e-01
1.116389999999999964e+04 8.809205004927390670e-01
1.116420000000000073e+04 8.843973923863517328e-01
1.116450000000000000e+04 8.878742842799434154e-01
1.116479999999999927e+04 8.916074019621368363e-01
1.116510000000000036e+04 8.954416234204569669e-01
1.116539999999999964e+04 8.992758448787538939e-01
1.116560000000000036e+04 9.018319925176339069e-01
1.116600000000000000e+04 9.069442877953708404e-01
1.116629999999999927e+04 9.109642399656548983e-01
1.116660000000000036e+04 9.150395707712254412e-01
1.116689999999999964e+04 9.191149015767713371e-01
1.116700000000000000e+04 9.204733451786282217e-01
1.116839999999999964e+04 9.398564789652521512e-01
1.117000000000000000e+04 9.624067849576440903e-01
1.117150000000000000e+04 9.834749886138279829e-01
1.117300000000000000e+04 1.004070451789167429e+00
1.117450000000000000e+04 1.023834211492999247e+00
1.117600000000000000e+04 1.042465335202239718e+00
1.117750000000000000e+04 1.059713966850066136e+00
1.117900000000000000e+04 1.075349921833920641e+00
1.118050000000000000e+04 1.089185916100624985e+00
1.118200000000000000e+04 1.101055497640566427e+00
1.118350000000000000e+04 1.110562750828956613e+00
1.118500000000000000e+04 1.117736368129034208e+00
1.118650000000000000e+04 1.122617968790681653e+00
1.118800000000000000e+04 1.125226807157201803e+00
1.118950000000000000e+04 1.125637192982247514e+00
1.119100000000000000e+04 1.123964352605554051e+00
1.119239999999999964e+04 1.120721525947421249e+00
1.119400000000000000e+04 1.114766304336903380e+00
1.119550000000000000e+04 1.107655994792431153e+00
1.119700000000000000e+04 1.099422252626363061e+00
1.119850000000000000e+04 1.090311459028407537e+00
1.120000000000000000e+04 1.080547200845436429e+00

1.110000000000000000e+04 6.707964418948246521e-02
1.110029999999999927e+04 6.913521265489068479e-02
1.110060000000000036e+04 7.131298897106223833e-02
1.110089999999999964e+04 7.362362248349649252e-02
1.110120000000000073e+04 7.607898735075557806e-02
1.110150000000000000e+04 7.869235973099093784e-02
1.110179999999999927e+04 8.147862510413129977e-02
1.110210000000000036e+04 8.445452226365754433e-02
1.110239999999999964e+04 8.763893181354091844e-02
1.110260000000000036e+04 8.988814827509265803e-02
1.110300000000000000e+04 9.472164106457513222e-02
1.110329999999999927e+04 9.867183952642724631e-02
1.110360000000000036e+04 1.029354271662573511e-01
1.110389999999999964e+04 1.075487027403164292e-01
1.110420000000000073e+04 1.125535185142201022e-01
1.110450000000000000e+04 1.179983415233400862e-01
1.110479999999999927e+04 1.239395588662212111e-01
1.110510000000000036e+04 1.304430926263127899e-01
1.110539999999999964e+04 1.375864102141128309e-01
1.110570000000000073e+04 1.454610428057667437e-01
1.110589999999999964e+04 1.511699736394697402e-01
1.110629999999999927e+04 1.638606073119508177e-01
1.110660000000000036e+04 1.746720476481394002e-01
1.110689999999999964e+04 1.867996042191582273e-01
1.110720000000000073e+04 2.004744446732072416e-01
1.110750000000000000e+04 2.159805782140548358e-01
1.110779999999999927e+04 2.336695260675520081e-01
1.110810000000000036e+04 2.539796191332987507e-01
1.110839999999999964e+04 2.774614171044866850e-01
1.110870000000000073e+04 3.048110955395721966e-01
1.110900000000000000e+04 3.369138562593532171e-01
1.110929999999999927e+04 3.748990678980224089e-01
1.110960000000000036e+04 4.202069300555166809e-01
1.110989999999999964e+04 4.746606738229048328e-01
1.111020000000000073e+04 5.405237683601540333e-01
1.111050000000000000e+04 6.204889579533444666e-01
1.111079999999999927e+04 7.174809005937429207e-01
1.111110000000000036e+04 8.340457074446608887e-01
1.111139999999999964e+04 9.709722405785006227e-01
1.111170000000000073e+04 1.124762136209008112e+00
1.111200000000000000e+04 1.284270476866369970e+00
1.111229999999999927e+04 1.431340246655048443e+00
1.111260000000000036e+04 1.551536576721293859e+00
1.111289999999999964e+04 1.639870328825760781e+00
1.111320000000000073e+04 1.696893368557774506e+00
1.111350000000000000e+04 1.726017974011609057e+00
1.111379999999999927e+04 1.732093904467498335e+00
1.111410000000000036e+04 1.720318832122754715e+00
1.111439999999999964e+04 1.695534935900739226e+00
1.111470000000000073e+04 1.661881785799325550e+00
1.111500000000000000e+04 1.622697350956760598e+00
1.111529999999999927e+04 1.580549144588579979e+00
1.111560000000000036e+04 1.537339650641344813e+00
1.111589999999999964e+04 1.494428270570024919e+00
1.111620000000000073e+04 1.452744754975048735e+00
1.111650000000000000e+04 1.412899318733544352e+00
1.111679999999999927e+04 1.375266161328807746e+00
1.111710000000000036e+04 1.340058116531889887e+00
1.111739999999999964e+04 1.307380786287669183e+00
1.111770000000000073e+04 1.278217803645167461e+00
1.111800000000000000e+04 1.250253833882727150e+00
1.111829999999999927e+04 1.224638512953517555e+00
1.111860000000000036e+04 1.201289772358892671e+00
1.111889999999999964e+04 1.179456807102465143e+00
1.111920000000000073e+04 1.160364198363777577e+00
1.111950000000000000e+04 1.141801449005027669e+00
1.111979999999999927e+04 1.126496591502782918e+00
1.112010000000000036e+04 1.111191734000445575e+00
1.112039999999999964e+04 1.098717923348040859e+00
1.112070000000000073e+04 1.086704459317929139e+00
1.112100000000000000e+04 1.076141200995673453e+00
1.112129999999999927e+04 1.066933400089336459e+00
1.112160000000000036e+04 1.057984754211691358e+00
1.112189999999999964e+04 1.051130034070854702e+00
1.112220000000000073e+04 1.044275313929976301e+00
1.112250000000000000e+04 1.038653182334579927e+00
1.112279999999999927e+04 1.033724731574017230e+00
1.112310000000000036e+04 1.028957861406764041e+00
1.112339999999999964e+04 1.025551839136693788e+00
1.112370000000000073e+04 1.022145816866602663e+00
1.112400000000000000e+04 1.019325436001613516e+00
1.112429999999999927e+04 1.017070249745369193e+00
1.112450000000000000e+04 1.015566792241197058e+00
1.112489999999999964e+04 1.013257055339011226e+00
1.112520000000000073e+04 1.011823883388756506e+00
1.112550000000000000e+04 1.010458550836468739e+00
1.112579999999999927e+04 1.009572981075709697e+00
1.112610000000000036e+04 1.008687411314945548e+00
1.112639999999999964e+04 1.007913249237568420e+00
1.112670000000000073e+04 1.007359116677835509e+00
1.112700000000000000e+04 1.006804984118105928e+00
1.112729999999999927e+04 1.006324750516693012e+00
1.112760000000000036e+04 1.005923022728411054e+00
1.112789999999999964e+04 1.005521294940131760e+00
1.112820000000000073e+04 1.005115977264032789e+00
1.112850000000000000e+04 1.004707952945337324e+00
1.112879999999999927e+04 1.004299928626641858e+00
1.112910000000000036e+04 1.003806410448488728e+00
1.112939999999999964e+04 1.003253943773027457e+00
1.112970000000000073e+04 1.002701477097562854e+00
1.113000000000000000e+04 1.002022251787038520e+00
1.113029999999999927e+04 1.001239373845759895e+00
1.113060000000000036e+04 1.000456495904476828e+00
1.113089999999999964e+04 9.995871753093362733e-01
1.113120000000000073e+04 9.986099975464726164e-01
1.113150000000000000e+04 9.976328197836149547e-01
1.113179999999999927e+04 9.966469127612822554e-01
1.113210000000000036e+04 9.956381239059099997e-01
1.113229999999999927e+04 9.949655980023346391e-01
1.113270000000000073e+04 9.936283502984409877e-01
1.113300000000000000e+04 9.927973390619418970e-01
1.113329999999999927e+04 9.919663278254429173e-01
1.113360000000000036e+04 9.911353165889387196e-01
1.113389999999999964e+04 9.905197520717485826e-01
1.113420000000000073e+04 9.899767130289814920e-01
1.113450000000000000e+04 9.894336739862176211e-01
1.113479999999999927e+04 9.889766809548889981e-01
1.113510000000000036e+04 9.886548944188016108e-01
1.113539999999999964e+04 9.883331078827162219e-01
1.113570000000000073e+04 9.880113213466288347e-01
1.113600000000000000e+04 9.879371392351212755e-01
1.113629999999999927e+04 9.878716301186888371e-01
1.113660000000000036e+04 9.878061210022559546e-01
1.113689999999999964e+04 9.877830325902120512e-01
1.113720000000000073e+04 9.878059162472442312e-01
1.113750000000000000e+04 9.878287999042763001e-01
1.113770000000000073e+04 9.878440556756310498e-01
1.113810000000000036e+04 9.877492460644204941e-01
1.113839999999999964e+04 9.876373997619021239e-01
1.113870000000000073e+04 9.875255534593831985e-01
1.113900000000000000e+04 9.873086484009976349e-01
1.113920000000000073e+04 9.870130845221234406e-01
1.113960000000000036e+04 9.864219567643777165e-01
1.113989999999999964e+04 9.859786109460690895e-01
1.114020000000000073e+04 9.852196498002279146e-01
1.114050000000000000e+04 9.842832891635961978e-01
1.114070000000000073e+04 9.836590487391712045e-01
1.114110000000000036e+04 9.824105678903269911e-01
1.114139999999999964e+04 9.809129480889258179e-01
1.114170000000000073e+04 9.793529168096666293e-01
1.114200000000000000e+04 9.777928855304169886e-01
1.114220000000000073e+04 9.767528646775776036e-01
1.114260000000000036e+04 9.739119381828326150e-01
1.114289999999999964e+04 9.716577855647448025e-01
1.114320000000000073e+04 9.694036329466433344e-01
1.114350000000000000e+04 9.669879741489177949e-01
1.114379999999999927e+04 9.640283678521469612e-01
1.114410000000000036e+04 9.610687615553582530e-01
1.114439999999999964e+04 9.581091552585874194e-01
1.114470000000000073e+04 9.549585004656285792e-01
1.114500000000000000e+04 9.513582106135717309e-01
1.114520000000000073e+04 9.489580173788526585e-01
1.114560000000000036e+04 9.441576309094361630e-01
1.114589999999999964e+04 9.404094718642204143e-01
1.114620000000000073e+04 9.363226914367384079e-01
1.114650000000000000e+04 9.322359110092812706e-01
1.114670000000000073e+04 9.295113907242932294e-01
1.114710000000000036e+04 9.240008751008658150e-01
1.114739999999999964e+04 9.196644059695507911e-01
1.114770000000000073e+04 9.153279368382095660e-01
1.114800000000000000e+04 9.109914677068946531e-01
1.114820000000000073e+04 9.081004882860004290e-01
1.114860000000000036e+04 9.023632375834771402e-01
1.114889999999999964e+04 8.980665103231966206e-01
1.114920000000000073e+04 8.937697830628900109e-01
1.114950000000000000e+04 8.894730558026094913e-01
1.114979999999999927e+04 8.854669261596700425e-01
1.115010000000000036e+04 8.814792730343956606e-01
1.115039999999999964e+04 8.774916199091453706e-01
1.115070000000000073e+04 8.735039667838709887e-01
1.115100000000000000e+04 8.698907288107662339e-01
1.115129999999999927e+04 8.664441561947069381e-01
1.115160000000000036e+04 8.629975835786266591e-01
1.115189999999999964e+04 8.595510109625673634e-01
1.115220000000000073e+04 8.563853770445640778e-01
1.115250000000000000e+04 8.536776615778322030e-01
1.115279999999999927e+04 8.509699461111004393e-01
1.115310000000000036e+04 8.482622306443522442e-01
1.115339999999999964e+04 8.455588776145790408e-01
1.115370000000000073e+04 8.437251434436363606e-01
1.115400000000000000e+04 8.418914092727047827e-01
1.115429999999999927e+04 8.400576751017732047e-01
1.115460000000000036e+04 8.382239409308305245e-01
1.115479999999999927e+04 8.372215560479612240e-01
1.115520000000000073e+04 8.360365722640515918e-01
1.115550000000000000e+04 8.351478344261246134e-01
1.115579999999999927e+04 8.342590965881977461e-01
1.115610000000000036e+04 8.334297471782781130e-01
1.115639999999999964e+04 8.334688503038983898e-01
1.115670000000000073e+04 8.335079534295188886e-01
1.115700000000000000e+04 8.335470565551390543e-01
1.115729999999999927e+04 8.335861596807593310e-01
1.115760000000000036e+04 8.340610917777304678e-01
1.115789999999999964e+04 8.349748872351627771e-01
1.115820000000000073e+04 8.358886826926005265e-01
1.115850000000000000e+04 8.368024781500327247e-01
1.115879999999999927e+04 8.377162736074649230e-01
1.115910000000000036e+04 8.393273204815853150e-01
1.115939999999999964e+04 8.410434546405318734e-01
1.115970000000000073e+04 8.427595887994887569e-01
1.116000000000000000e+04 8.444757229584353153e-01
1.116029999999999927e+04 8.463150720625240986e-01
1.116060000000000036e+04 8.487301680848918783e-01
1.116089999999999964e+04 8.511452641072451142e-01
1.116120000000000073e+04 8.535603601296130050e-01
1.116150000000000000e+04 8.559754561519662408e-01
1.116179999999999927e+04 8.586400764243382611e-01
1.116210000000000036e+04 8.616492187008347736e-01
1.116239999999999964e+04 8.646583609773129675e-01
1.116270000000000073e+04 8.676675032538094801e-01
1.116300000000000000e+04 8.706766455302876739e-01
1.116329999999999927e+04 8.739665780689489516e-01
1.116360000000000036e+04 8.774434693680150943e-01
1.116389999999999964e+04 8.809203606670600317e-01
1.116420000000000073e+04 8.843972519661261744e-01
1.116450000000000000e+04 8.878741432651712229e-01
1.116479999999999927e+04 8.916072614201030477e-01
1.116510000000000036e+04 8.954414822227735327e-01
1.116539999999999964e+04 8.992757030254205919e-01
1.116560000000000036e+04 9.018318502272009152e-01
1.116600000000000000e+04 9.069441446307381360e-01
1.116629999999999927e+04 9.109640968633307967e-01
1.116660000000000036e+04 9.150394269720221185e-01
1.116689999999999964e+04 9.191147570806886824e-01
1.116700000000000000e+04 9.204732004502524934e-01
1.116839999999999964e+04 9.398563313334874492e-01
1.117000000000000000e+04 9.624066335831243935e-01
1.117150000000000000e+04 9.834748334729370711e-01
1.117300000000000000e+04 1.004070292707595735e+00
1.117450000000000000e+04 1.023834048363745364e+00
1.117600000000000000e+04 1.042465168027385980e+00
1.117750000000000000e+04 1.059713795667784009e+00
1.117900000000000000e+04 1.075349746754340030e+00
1.118050000000000000e+04 1.089185737275518040e+00
1.118200000000000000e+04 1.101055315273166357e+00
1.118350000000000000e+04 1.110562566835822107e+00
1.118500000000000000e+04 1.117736181296168807e+00
1.118650000000000000e+04 1.122617779455949760e+00
1.118800000000000000e+04 1.125226615702988875e+00
1.118950000000000000e+04 1.125636999845158970e+00
1.119100000000000000e+04 1.123964158247550138e+00
1.119239999999999964e+04 1.120721332143938875e+00
1.119400000000000000e+04 1.114766110237140007e+00
1.119550000000000000e+04 1.107655800806328195e+00
1.119700000000000000e+04 1.099422059200914292e+00
1.119850000000000000e+04 1.090311266573144700e+00
1.120000000000000000e+04 1.080547009702002015e+00

1.110000000000000000e+04 6.707953749691165923e-02
1.110029999999999927e+04 6.913510033150659095e-02
1.110060000000000036e+04 7.131287057865219603e-02
1.110089999999999964e+04 7.362349753785506212e-02
1.110120000000000073e+04 7.607885531623252706e-02
1.110150000000000000e+04 7.869222001085582341e-02
1.110179999999999927e+04 8.147847703304610112e-02
1.110210000000000036e+04 8.445436510049558754e-02
1.110239999999999964e+04 8.763876472638333637e-02
1.110260000000000036e+04 8.988797405839846211e-02
1.110300000000000000e+04 9.472145120218423975e-02
1.110329999999999927e+04 9.867163655719711490e-02
1.110360000000000036e+04 1.029352097271076516e-01
1.110389999999999964e+04 1.075484692845303791e-01
1.110420000000000073e+04 1.125532672635667503e-01
1.110450000000000000e+04 1.179980704388853135e-01
1.110479999999999927e+04 1.239392655827392664e-01
1.110510000000000036e+04 1.304427744023676228e-01
1.110539999999999964e+04 1.375860638526339441e-01
1.110570000000000073e+04 1.454606645368101969e-01
1.110589999999999964e+04 1.511695716881155394e-01
1.110629999999999927e+04 1.638601510819033824e-01
1.110660000000000036e+04 1.746715434819409163e-01
1.110689999999999964e+04 1.867990445124428633e-01
1.110720000000000073e+04 2.004738201961087096e-01
1.110750000000000000e+04 2.159798777007375659e-01
1.110779999999999927e+04 2.336687356306954289e-01
1.110810000000000036e+04 2.539787215586560842e-01
1.110839999999999964e+04 2.774603908475678504e-01
1.110870000000000073e+04 3.048099135095653223e-01
1.110900000000000000e+04 3.369124841781653279e-01
1.110929999999999927e+04 3.748974622769505882e-01
1.110960000000000036e+04 4.202050358071309222e-01
1.110989999999999964e+04 4.746584219091304901e-01
1.111020000000000073e+04 5.405210743492580017e-01
1.111050000000000000e+04 6.204857239415496606e-01
1.111079999999999927e+04 7.174770255245470629e-01
1.111110000000000036e+04 8.340411145408191951e-01
1.111139999999999964e+04 9.709669336590859290e-01
1.111170000000000073e+04 1.124756293085292791e+00
1.111200000000000000e+04 1.284264532634231681e+00
1.111229999999999927e+04 1.431334703928629049e+00
1.111260000000000036e+04 1.551531666871366122e+00
1.111289999999999964e+04 1.639866091240095303e+00
1.111320000000000073e+04 1.696889767409996308e+00
1.111350000000000000e+04 1.726014935369658332e+00
1.111379999999999927e+04 1.732091341679188545e+00
1.111410000000000036e+04 1.720316661728185093e+00
1.111439999999999964e+04 1.695533085572177745e+00
1.111470000000000073e+04 1.661880196015883993e+00
1.111500000000000000e+04 1.622695973803883529e+00
1.111529999999999927e+04 1.580547941971671699e+00
1.111560000000000036e+04 1.537338592346359833e+00
1.111589999999999964e+04 1.494427332468352354e+00
1.111620000000000073e+04 1.452743917828917208e+00
1.111650000000000000e+04 1.412898566895568031e+00
1.111679999999999927e+04 1.375265482233508196e+00
1.111710000000000036e+04 1.340057499714019551e+00
1.111739999999999964e+04 1.307380223078427273e+00
1.111770000000000073e+04 1.278217284899628492e+00
1.111800000000000000e+04 1.250253355773058850e+00
1.111829999999999927e+04 1.224638071515008475e+00
1.111860000000000036e+04 1.201289361921090260e+00
1.111889999999999964e+04 1.179456425996098456e+00
1.111920000000000073e+04 1.160363841140721330e+00
1.111950000000000000e+04 1.141801115703758862e+00
1.111979999999999927e+04 1.126496276853571565e+00
1.112010000000000036e+04 1.111191438003291676e+00
1.112039999999999964e+04 1.098717643238357855e+00
1.112070000000000073e+04 1.086704193868013979e+00
1.112100000000000000e+04 1.076140949219471121e+00
1.112129999999999927e+04 1.066933159961391375e+00
1.112160000000000036e+04 1.057984525956987110e+00
1.112189999999999964e+04 1.051129815162387793e+00
1.112220000000000073e+04 1.044275104367746954e+00
1.112250000000000000e+04 1.038652981335137948e+00
1.112279999999999927e+04 1.033724538084276334e+00
1.112310000000000036e+04 1.028957675591153142e+00
1.112339999999999964e+04 1.025551659463002308e+00
1.112370000000000073e+04 1.022145643334831044e+00
1.112400000000000000e+04 1.019325268260200978e+00
1.112429999999999927e+04 1.017070086995139677e+00
1.112450000000000000e+04 1.015566632818423187e+00
1.112489999999999964e+04 1.013256902023562667e+00
1.112520000000000073e+04 1.011823734221761084e+00
1.112550000000000000e+04 1.010458405838861262e+00
1.112579999999999927e+04 1.009572839496651442e+00
1.112610000000000036e+04 1.008687273154435848e+00
1.112639999999999964e+04 1.007913114375568187e+00
1.112670000000000073e+04 1.007358984676752778e+00
1.112700000000000000e+04 1.006804854977940700e+00
1.112729999999999927e+04 1.006324624059797168e+00
1.112760000000000036e+04 1.005922898702144908e+00
1.112789999999999964e+04 1.005521173344495089e+00
1.112820000000000073e+04 1.005115857901760057e+00
1.112850000000000000e+04 1.004707835669943483e+00
1.112879999999999927e+04 1.004299813438126687e+00
1.112910000000000036e+04 1.003806297143077009e+00
1.112939999999999964e+04 1.003253832259841660e+00
1.112970000000000073e+04 1.002701367376602981e+00
1.113000000000000000e+04 1.002022143674188959e+00
1.113029999999999927e+04 1.001239267275637168e+00
1.113060000000000036e+04 1.000456390877080715e+00
1.113089999999999964e+04 9.995870716919257326e-01
1.113120000000000073e+04 9.986098952622352032e-01
1.113150000000000000e+04 9.976327188325506690e-01
1.113179999999999927e+04 9.966468130969804440e-01
1.113210000000000036e+04 9.956380254299943555e-01
1.113229999999999927e+04 9.949655003186763658e-01
1.113270000000000073e+04 9.936282542278560559e-01
1.113300000000000000e+04 9.927972440067528437e-01
1.113329999999999927e+04 9.919662337856496315e-01
1.113360000000000036e+04 9.911352235645414233e-01
1.113389999999999964e+04 9.905196600379895244e-01
1.113420000000000073e+04 9.899766218992520628e-01
1.113450000000000000e+04 9.894335837605178208e-01
1.113479999999999927e+04 9.889765916149964031e-01
1.113510000000000036e+04 9.886548058203904477e-01
1.113539999999999964e+04 9.883330200257863796e-01
1.113570000000000073e+04 9.880112342311804241e-01
1.113600000000000000e+04 9.879370528146583785e-01
1.113629999999999927e+04 9.878715443376414607e-01
1.113660000000000036e+04 9.878060358606242097e-01
1.113689999999999964e+04 9.877829480865146783e-01
1.113720000000000073e+04 9.878058323424205867e-01
1.113750000000000000e+04 9.878287165983263840e-01
1.113770000000000073e+04 9.878439727689303229e-01
1.113810000000000036e+04 9.877491638470072832e-01
1.113839999999999964e+04 9.876373180554077758e-01
1.113870000000000073e+04 9.875254722638076021e-01
1.113900000000000000e+04 9.873085676400493726e-01
1.113920000000000073e+04 9.870130040831105456e-01
1.113960000000000036e+04 9.864218769692353339e-01
1.113989999999999964e+04 9.859785316338296468e-01
1.114020000000000073e+04 9.852195708391134898e-01
1.114050000000000000e+04 9.842832106361484312e-01
1.114070000000000073e+04 9.836589705008345064e-01
1.114110000000000036e+04 9.824104902302124298e-01
1.114139999999999964e+04 9.809128707642845724e-01
1.114170000000000073e+04 9.793528399505105897e-01
1.114200000000000000e+04 9.777928091367461549e-01
1.114220000000000073e+04 9.767527885942302035e-01
1.114260000000000036e+04 9.739118625600123869e-01
1.114289999999999964e+04 9.716577103901083978e-01
1.114320000000000073e+04 9.694035582201907530e-01
1.114350000000000000e+04 9.669878997308444246e-01
1.114379999999999927e+04 9.640282938982190908e-01
1.114410000000000036e+04 9.610686880655758824e-01
1.114439999999999964e+04 9.581090822329505485e-01
1.114470000000000073e+04 9.549584277753008221e-01
1.114500000000000000e+04 9.513581383922559143e-01
1.114520000000000073e+04 9.489579454702113948e-01
1.114560000000000036e+04 9.441575596261442271e-01
1.114589999999999964e+04 9.404094009537457000e-01
1.114620000000000073e+04 9.363226210042788766e-01
1.114650000000000000e+04 9.322358410548368113e-01
1.114670000000000073e+04 9.295113210885256327e-01
1.114710000000000036e+04 9.240008060486153418e-01
1.114739999999999964e+04 9.196643373828851109e-01
1.114770000000000073e+04 9.153278687171285677e-01
1.114800000000000000e+04 9.109914000513983368e-01
1.114820000000000073e+04 9.081004209408940486e-01
1.114860000000000036e+04 9.023631708443111688e-01
1.114889999999999964e+04 8.980664440292405182e-01
1.114920000000000073e+04 8.937697172141437774e-01
1.114950000000000000e+04 8.894729903990731268e-01
1.114979999999999927e+04 8.854668612273454142e-01
1.115010000000000036e+04 8.814792085080873640e-01
1.115039999999999964e+04 8.774915557888536277e-01
1.115070000000000073e+04 8.735039030695955775e-01
1.115100000000000000e+04 8.698906655795555221e-01
1.115129999999999927e+04 8.664440933218459095e-01
1.115160000000000036e+04 8.629975210641153138e-01
1.115189999999999964e+04 8.595509488064057013e-01
1.115220000000000073e+04 8.563853153759933834e-01
1.115250000000000000e+04 8.536776002123548368e-01
1.115279999999999927e+04 8.509698850487162902e-01
1.115310000000000036e+04 8.482621698850612013e-01
1.115339999999999964e+04 8.455588173357724280e-01
1.115370000000000073e+04 8.437250834000213917e-01
1.115400000000000000e+04 8.418913494642814577e-01
1.115429999999999927e+04 8.400576155285415236e-01
1.115460000000000036e+04 8.382238815927903763e-01
1.115479999999999927e+04 8.372214970430426062e-01
1.115520000000000073e+04 8.360365134820199051e-01
1.115550000000000000e+04 8.351477758112583194e-01
1.115579999999999927e+04 8.342590381404967337e-01
1.115610000000000036e+04 8.334296890823151838e-01
1.115639999999999964e+04 8.334687923108897722e-01
1.115670000000000073e+04 8.335078955394646938e-01
1.115700000000000000e+04 8.335469987680392823e-01
1.115729999999999927e+04 8.335861019966138707e-01
1.115760000000000036e+04 8.340610343435921337e-01
1.115789999999999964e+04 8.349748298421200143e-01
1.115820000000000073e+04 8.358886253406535571e-01
1.115850000000000000e+04 8.368024208391815488e-01
1.115879999999999927e+04 8.377162163377094295e-01
1.115910000000000036e+04 8.393272633664780047e-01
1.115939999999999964e+04 8.410433975094346870e-01
1.115970000000000073e+04 8.427595316524016944e-01
1.116000000000000000e+04 8.444756657953583767e-01
1.116029999999999927e+04 8.463150150168263774e-01
1.116060000000000036e+04 8.487301109734574078e-01
1.116089999999999964e+04 8.511452069300737833e-01
1.116120000000000073e+04 8.535603028867047026e-01
1.116150000000000000e+04 8.559753988433210781e-01
1.116179999999999927e+04 8.586400191537176818e-01
1.116210000000000036e+04 8.616491613239053438e-01
1.116239999999999964e+04 8.646583034940746870e-01
1.116270000000000073e+04 8.676674456642623490e-01
1.116300000000000000e+04 8.706765878344316922e-01
1.116329999999999927e+04 8.739665203407899208e-01
1.116360000000000036e+04 8.774434114983746813e-01
1.116389999999999964e+04 8.809203026559382366e-01
1.116420000000000073e+04 8.843971938135228861e-01
1.116450000000000000e+04 8.878740849710865524e-01
1.116479999999999927e+04 8.916072030383395131e-01
1.116510000000000036e+04 8.954414236732225474e-01
1.116539999999999964e+04 8.992756443080823781e-01
1.116560000000000036e+04 9.018317913980045120e-01
1.116600000000000000e+04 9.069440855778253541e-01
1.116629999999999927e+04 9.109640376751588775e-01
1.116660000000000036e+04 9.150393675946393302e-01
1.116689999999999964e+04 9.191146975140951358e-01
1.116700000000000000e+04 9.204731408205886201e-01
1.116839999999999964e+04 9.398562708171737112e-01
1.117000000000000000e+04 9.624065719964707277e-01
1.117150000000000000e+04 9.834747708655070531e-01
1.117300000000000000e+04 1.004070229030048722e+00
1.117450000000000000e+04 1.023833983625636490e+00
1.117600000000000000e+04 1.042465102293856249e+00
1.117750000000000000e+04 1.059713728991325654e+00
1.117900000000000000e+04 1.075349679244247625e+00
1.118050000000000000e+04 1.089185669030212633e+00
1.118200000000000000e+04 1.101055246331867910e+00
1.118350000000000000e+04 1.110562497434809393e+00
1.118500000000000000e+04 1.117736111534701982e+00
1.118650000000000000e+04 1.122617709397354613e+00
1.118800000000000000e+04 1.125226545496112784e+00
1.118950000000000000e+04 1.125636929642298112e+00
1.119100000000000000e+04 1.123964088145294360e+00
1.119239999999999964e+04 1.120721262262214246e+00
1.119400000000000000e+04 1.114766040738365716e+00
1.119550000000000000e+04 1.107655731705186941e+00
1.119700000000000000e+04 1.099421990636169300e+00
1.119850000000000000e+04 1.090311198601880083e+00
1.120000000000000000e+04 1.080546942329493554e+00

