1.500001740000000139e-01 0.000000000000000000e+00 0.000000000000000000e+00
2.999992800999999876e-01 0.000000000000000000e+00 0.000000000000000000e+00
4.499982122000000251e-01 0.000000000000000000e+00 0.000000000000000000e+00
5.499982122000000029e-01 0.000000000000000000e+00 0.000000000000000000e+00
6.499988728000000160e-01 0.000000000000000000e+00 0.000000000000000000e+00
7.499996907000000546e-01 0.000000000000000000e+00 0.000000000000000000e+00
8.499999240000000178e-01 0.000000000000000000e+00 0.000000000000000000e+00
9.500001739999999195e-01 0.000000000000000000e+00 0.000000000000000000e+00
1.050000347999999972e+00 0.000000000000000000e+00 0.000000000000000000e+00
1.150000348000000061e+00 0.000000000000000000e+00 0.000000000000000000e+00
1.299999280100000210e+00 0.000000000000000000e+00 0.000000000000000000e+00
1.449998872800000171e+00 0.000000000000000000e+00 0.000000000000000000e+00
1.549999690699999988e+00 0.000000000000000000e+00 0.000000000000000000e+00
1.649999848000000213e+00 0.000000000000000000e+00 0.000000000000000000e+00
1.749999924000000151e+00 0.000000000000000000e+00 0.000000000000000000e+00
1.850000000000000311e+00 0.000000000000000000e+00 0.000000000000000000e+00
1.950000174000000142e+00 0.000000000000000000e+00 0.000000000000000000e+00
2.050000347999999750e+00 0.000000000000000000e+00 0.000000000000000000e+00
2.150000348000000283e+00 0.000000000000000000e+00 0.000000000000000000e+00
2.250000347999999928e+00 0.000000000000000000e+00 0.000000000000000000e+00
2.399999280099999854e+00 0.000000000000000000e+00 0.000000000000000000e+00
2.549998212200000225e+00 0.000000000000000000e+00 0.000000000000000000e+00
2.649998212200000314e+00 0.000000000000000000e+00 0.000000000000000000e+00
2.749998872799999994e+00 0.000000000000000000e+00 0.000000000000000000e+00
2.849999533400000118e+00 0.000000000000000000e+00 0.000000000000000000e+00
2.949999533400000207e+00 0.000000000000000000e+00 0.000000000000000000e+00
3.049999533399999851e+00 0.000000000000000000e+00 0.000000000000000000e+00
3.149999533400000384e+00 0.000000000000000000e+00 0.000000000000000000e+00
3.249999690700000610e+00 0.000000000000000000e+00 0.000000000000000000e+00
3.349999847999999947e+00 0.000000000000000000e+00 0.000000000000000000e+00
3.449999924000000551e+00 0.000000000000000000e+00 0.000000000000000000e+00
3.549999999999999822e+00 0.000000000000000000e+00 0.000000000000000000e+00
3.650000000000000355e+00 0.000000000000000000e+00 0.000000000000000000e+00
3.750000000000000444e+00 0.000000000000000000e+00 0.000000000000000000e+00
3.850000000000000089e+00 0.000000000000000000e+00 0.000000000000000000e+00
3.950000174000000364e+00 0.000000000000000000e+00 0.000000000000000000e+00
4.099999280100000476e+00 0.000000000000000000e+00 0.000000000000000000e+00
4.249998212200000403e+00 0.000000000000000000e+00 0.000000000000000000e+00
4.349998872799999639e+00 0.000000000000000000e+00 0.000000000000000000e+00
4.449999690699999455e+00 0.000000000000000000e+00 0.000000000000000000e+00
4.549999847999999680e+00 0.000000000000000000e+00 0.000000000000000000e+00
4.649999924000000284e+00 0.000000000000000000e+00 0.000000000000000000e+00
4.750000000000000000e+00 0.000000000000000000e+00 0.000000000000000000e+00
4.850000174000000719e+00 0.000000000000000000e+00 0.000000000000000000e+00
4.950000347999999661e+00 0.000000000000000000e+00 0.000000000000000000e+00
5.056825680100001108e+00 0.000000000000000000e+00 0.000000000000000000e+00
5.206824612200000146e+00 0.000000000000000000e+00 0.000000000000000000e+00
5.349998872799999639e+00 0.000000000000000000e+00 0.000000000000000000e+00
5.449999690700000343e+00 0.000000000000000000e+00 0.000000000000000000e+00
5.549999848000000569e+00 0.000000000000000000e+00 0.000000000000000000e+00
5.649999924000000284e+00 0.000000000000000000e+00 0.000000000000000000e+00
5.750000000000000000e+00 0.000000000000000000e+00 0.000000000000000000e+00
5.850000174000000719e+00 0.000000000000000000e+00 0.000000000000000000e+00
5.950000347999999661e+00 0.000000000000000000e+00 0.000000000000000000e+00
6.064887030100000409e+00 0.000000000000000000e+00 0.000000000000000000e+00
6.214885962200000336e+00 0.000000000000000000e+00 0.000000000000000000e+00
6.349998872800000527e+00 0.000000000000000000e+00 0.000000000000000000e+00
6.449999690699999455e+00 0.000000000000000000e+00 0.000000000000000000e+00
6.549999847999999680e+00 0.000000000000000000e+00 0.000000000000000000e+00
6.649999924000000284e+00 0.000000000000000000e+00 0.000000000000000000e+00
6.750000000000000000e+00 0.000000000000000000e+00 0.000000000000000000e+00
6.850000174000000719e+00 0.000000000000000000e+00 0.000000000000000000e+00
6.950000348000000550e+00 0.000000000000000000e+00 0.000000000000000000e+00
7.076948880099999784e+00 0.000000000000000000e+00 0.000000000000000000e+00
7.214285662200000893e+00 8.102732324158282040e+00 3.614219788566342739e+00
7.337336062200000342e+00 1.959238948151861948e+01 8.370758983397365682e+00
7.449998212200000580e+00 2.307081617781554783e+01 9.270988256161375674e+00
7.549998872800000704e+00 2.439098574613863946e+01 9.760000416896213338e+00
7.649999690699999633e+00 2.532435458013264551e+01 1.012747704511632918e+01
7.749999923999999929e+00 2.604034675281244304e+01 1.043691096704277577e+01
7.850000173999999831e+00 2.661078968290951607e+01 1.070196118335016067e+01
7.950000347999999661e+00 2.707518538231502347e+01 1.093789811412340107e+01
8.050000951999999543e+00 2.745739429523890607e+01 1.114955181317348476e+01
8.150001806000000570e+00 2.777317239303415874e+01 1.134345760363064315e+01
8.297405634100000427e+00 2.816244094182043156e+01 1.160450317624811767e+01
8.447403712199999859e+00 2.844022693184553319e+01 1.184071192388911342e+01
8.549998872799999816e+00 2.858856375022568841e+01 1.199150601343218447e+01
8.649999690700001409e+00 2.870534284734904773e+01 1.212948490823741921e+01
8.749999847999999858e+00 2.879728431261521848e+01 1.225987328591588188e+01
8.849999924000000462e+00 2.886704712218351787e+01 1.238513088876071322e+01
8.950000173999999475e+00 2.891671071085825062e+01 1.250395431407177327e+01
9.050000952000001320e+00 2.894851624672931933e+01 1.261645551735498039e+01
9.150001806000002347e+00 2.896409450332483004e+01 1.272447014831937118e+01
9.256429505999999918e+00 2.896608576273408886e+01 1.283585082995334048e+01
9.385897374099998913e+00 2.895419107723254726e+01 1.296372167721327884e+01
9.529468027200000080e+00 2.891669503286866316e+01 1.309656378481843930e+01
9.649998907799998804e+00 2.886307165104550521e+01 1.320471853115880911e+01
9.749999705699998742e+00 2.881163819670797821e+01 1.329018632733723670e+01
9.849999928999999099e+00 2.875282606071939639e+01 1.337125704820094008e+01
9.950000183999998526e+00 2.868735889883972945e+01 1.344931219876841944e+01
1.005000096200000037e+01 2.861564927186978480e+01 1.352703258535597008e+01
1.015000180600000057e+01 2.853752355418411923e+01 1.360153964158043571e+01
1.027752404410000153e+01 2.843581357480476512e+01 1.369185307711257948e+01
1.042752214719999948e+01 2.830517722048665874e+01 1.379121518299718652e+01
1.054999890779999916e+01 2.818642911575388510e+01 1.387138351480348675e+01
1.064999970569999910e+01 2.808707321133535473e+01 1.393400811518743687e+01
1.074999992899999945e+01 2.798495592032416468e+01 1.399340529096693508e+01
1.085000018400000066e+01 2.788028744191590746e+01 1.404968696002597284e+01
1.095000096200000073e+01 2.777298592694420165e+01 1.410502827680322646e+01
1.105000180600000093e+01 2.766312030442896486e+01 1.416031101144634441e+01
1.115000205599999994e+01 2.755063643211859770e+01 1.421328129145989827e+01
1.130000015909999966e+01 2.738672747256056894e+01 1.428887084819894504e+01
1.144999890779999951e+01 2.721093513378482953e+01 1.435628149584728597e+01
1.154999970569999945e+01 2.709225797573225236e+01 1.440275512970340976e+01
1.164999992899999981e+01 2.697296904781740423e+01 1.444758917654651498e+01
1.175000018399999924e+01 2.685284808139730828e+01 1.449023475365929770e+01
1.185000036799999990e+01 2.673188677549229197e+01 1.453031004225283240e+01
1.195000096200000073e+01 2.661004543325512017e+01 1.456761007543405206e+01
1.205000180599999915e+01 2.648759627836607677e+01 1.460369776149850018e+01
1.215000205599999816e+01 2.636412227005498821e+01 1.464094810109178368e+01
1.230000015909999966e+01 2.618372334022174641e+01 1.469492230918050346e+01
1.244999890779999951e+01 2.599667769139860241e+01 1.474252872117081203e+01
1.254999970569999945e+01 2.587180169361093363e+01 1.477123512088827617e+01
1.264999992900000159e+01 2.574729630603906116e+01 1.479833519655458041e+01
1.275000018399999924e+01 2.562278378573596527e+01 1.482737408513781929e+01
1.285000036799999990e+01 2.549844938846937126e+01 1.485516515253850045e+01
1.295000096199999895e+01 2.537397146011383597e+01 1.488123712329743320e+01
1.305000180599999915e+01 2.524970469689028008e+01 1.490528252386361530e+01
1.315000205599999994e+01 2.512525294192800374e+01 1.492684789511050880e+01
1.330000015909999966e+01 2.494329028715193175e+01 1.495805802342075630e+01
1.344999890779999951e+01 2.475770184641368843e+01 1.498731715358152172e+01
1.354999970570000123e+01 2.463448827055499635e+01 1.500611803221971741e+01
1.364999992899999981e+01 2.451231992882414445e+01 1.502335073316250913e+01
1.375000018399999924e+01 2.439059975208915532e+01 1.503867471029315972e+01
1.385000036800000167e+01 2.426941023458333646e+01 1.505168368636087983e+01
1.395000096200000073e+01 2.414881637464301534e+01 1.506270823573450457e+01
1.405000180600000270e+01 2.402913300498146754e+01 1.507441003604103180e+01
1.415000205600000172e+01 2.390980277537973464e+01 1.508636097547650401e+01
1.430000015910000144e+01 2.373544573053186468e+01 1.510271075927870044e+01
1.444999890780000129e+01 2.355985779191858143e+01 1.511406621266559469e+01
1.454999970569999945e+01 2.344384641209149933e+01 1.511924745720499708e+01
1.464999992900000159e+01 2.332924621923656616e+01 1.512229806762809403e+01
1.475000018400000101e+01 2.321566091407536092e+01 1.512499561220048072e+01
1.485000036799999990e+01 2.310355241399548021e+01 1.512889847964914658e+01
1.495000096200000250e+01 2.299250769956876539e+01 1.513172326748680874e+01
1.505000180599999737e+01 2.288275469635956227e+01 1.513308071131919874e+01
1.515000205599999994e+01 2.277418109200057117e+01 1.513270777190539995e+01
1.530000015910000322e+01 2.261638652409055439e+01 1.512920754359544695e+01
1.544999890780000307e+01 2.245961776770388951e+01 1.511975049643731950e+01
1.554999970570000123e+01 2.235718700916784840e+01 1.511401404192242914e+01
1.564999992900000159e+01 2.225649882658117917e+01 1.510828053243326075e+01
1.575000018400000279e+01 2.215798132827292122e+01 1.510120254531047479e+01
1.585000036799999812e+01 2.206126538103496060e+01 1.509245002283928194e+01
1.595000096200000073e+01 2.196654153735957493e+01 1.508178017558508266e+01
1.605000180600000093e+01 2.187355382037628004e+01 1.506892854383417912e+01
1.616787921909999781e+01 2.176726397137427327e+01 1.505062891553226301e+01
1.631787732219999754e+01 2.163729807610027223e+01 1.502384535830901768e+01
1.644999890779999774e+01 2.152539161744590501e+01 1.500027053887231610e+01
1.654999955339999929e+01 2.144376317639322238e+01 1.498027556719586606e+01
1.664999955340000071e+01 2.136435644173423398e+01 1.495784946459139775e+01
1.674999970570000229e+01 2.128732439884969452e+01 1.493257601450897099e+01
1.684999985800000033e+01 2.121265646753691314e+01 1.490398764350019967e+01
1.694999992900000052e+01 2.113990357213984339e+01 1.487145259045622581e+01
1.705000000000000071e+01 2.106893537606854139e+01 1.483437709234288526e+01
1.715000018400000315e+01 2.099915136459372178e+01 1.479361966950449414e+01
1.725000096200000144e+01 2.093290660535506120e+01 1.475021061927190935e+01
1.735000180600000164e+01 2.088011979462984158e+01 1.470040261878227739e+01
1.750000102800000334e+01 2.080545122242597245e+01 1.460874361300803237e+01
1.765000077799999900e+01 2.072533149715776091e+01 1.448131232178792338e+01
1.775000155600000085e+01 2.066053982133017541e+01 1.435916628963396846e+01
1.785000180600000164e+01 2.056824575984811077e+01 1.416309045385046872e+01
1.798733965599999962e+01 2.051134371599142980e+01 1.431307645129638573e+01
1.813733862799999841e+01 2.078097894226370457e+01 1.531124612070670565e+01
1.825000000000000000e+01 2.092503207916033148e+01 1.567613511141873950e+01
1.835000000000000142e+01 2.100665048131504520e+01 1.586400453319310166e+01
1.845000077799999971e+01 2.106745214317242798e+01 1.596774768261652255e+01
1.855000180600000093e+01 2.111658772060059164e+01 1.603680656704869989e+01
1.870000102800000263e+01 2.117789143985276468e+01 1.608421266150048368e+01
1.885000000000000142e+01 2.122946397058859702e+01 1.609235835686895655e+01
1.895000077800000327e+01 2.125825705074394278e+01 1.608274995883247982e+01
1.905000180600000093e+01 2.128514878576462621e+01 1.606630935969753082e+01
1.920000102799999908e+01 2.135532440959924827e+01 1.602907094902378660e+01
1.935000000000000142e+01 2.143665593773034672e+01 1.597682468954005053e+01
1.945000077800000327e+01 2.149562900425548406e+01 1.593541641863389913e+01
1.955000180600000093e+01 2.155802923572060692e+01 1.588845510129148408e+01
1.970000102799999908e+01 2.165797232479625123e+01 1.581620764048735950e+01
1.985000000000000142e+01 2.176374912368393311e+01 1.573194380880847731e+01
1.995000077800000327e+01 2.183744064971557819e+01 1.567561122840174015e+01
2.005000180600000093e+01 2.191699008329761611e+01 1.562115144425014712e+01
2.017947155600000286e+01 2.203189620597323639e+01 1.554622097474266873e+01
2.032947052800000520e+01 2.217555422874223581e+01 1.545301029992876174e+01
2.045000078300000368e+01 2.229866393540980596e+01 1.538092433608943388e+01
2.055000182100000217e+01 2.240617609110938346e+01 1.531826436542844583e+01
2.065000207599999982e+01 2.251871739350347568e+01 1.525183049837236737e+01
2.075482214410000026e+01 2.264251021487355686e+01 1.518021040293464452e+01
2.088247351720000111e+01 2.280281935696401163e+01 1.509808018479368918e+01
2.102765241110000005e+01 2.299544072979017884e+01 1.500561346971898935e+01
2.115000000000000213e+01 2.315102583354146759e+01 1.492414836971029679e+01
2.125000078300000084e+01 2.328110486657607225e+01 1.485886191604185491e+01
2.135000156599999954e+01 2.341502068590684971e+01 1.479585809579245037e+01
2.145000156600000452e+01 2.355356684313543525e+01 1.473168805659148717e+01
2.155000182099999861e+01 2.369753129219979115e+01 1.466540705079724738e+01
2.165000207599999982e+01 2.384787620663722407e+01 1.459696182460800706e+01
2.176821749409999640e+01 2.403583229930042720e+01 1.451736439668328060e+01
2.191195449219999603e+01 2.428601503309615239e+01 1.442386255866911071e+01
2.204373803610000238e+01 2.453685514331723283e+01 1.434030795090183652e+01
2.215000000000000213e+01 2.469634530135341421e+01 1.427119236795099511e+01
2.225000078300000084e+01 2.484058047266377756e+01 1.420567953375035408e+01
2.235000156599999954e+01 2.498418119872923171e+01 1.414431662870131490e+01
2.245000156600000096e+01 2.512961219159561210e+01 1.408282145255729390e+01
2.255000182100000217e+01 2.527879701902486786e+01 1.402047598262704220e+01
2.265000207599999626e+01 2.543366453155732998e+01 1.395669441240491793e+01
2.280000103800000133e+01 2.568264980219706928e+01 1.386060642460299164e+01
2.295000078300000368e+01 2.596636853807155987e+01 1.376457131041285997e+01
2.305000182099999861e+01 2.618452411367107757e+01 1.370519656045218326e+01
2.315000207599999982e+01 2.637233085579222447e+01 1.364600822374312372e+01
2.329766101600000283e+01 2.654533988702749525e+01 1.355796530385720722e+01
2.344765997800000079e+01 2.668692642528039372e+01 1.346667986388564131e+01
2.355000000000000071e+01 2.677396724213459578e+01 1.340752656698343692e+01
2.365000000000000213e+01 2.685481330306166470e+01 1.334968140876241627e+01
2.375000078300000084e+01 2.693368589751616682e+01 1.329134231571551972e+01
2.385000156599999599e+01 2.701289212476241985e+01 1.323218470020859172e+01
2.395000156600000096e+01 2.709562975491882142e+01 1.317169849387617120e+01
2.405000182099999861e+01 2.718812861988453378e+01 1.311117703273802881e+01
2.415000207599999982e+01 2.729637259049960818e+01 1.305485511729329140e+01
2.430000103800000488e+01 2.740350009615372073e+01 1.297340814567440859e+01
2.445000078300000368e+01 2.741704950007874686e+01 1.289154509308780128e+01
2.455000182100000217e+01 2.740462050760543988e+01 1.283669797047095784e+01
2.465000207599999982e+01 2.737856803587571264e+01 1.278127858648475268e+01
2.480000103800000488e+01 2.731758299866067929e+01 1.269883282768154942e+01
2.495000078300000368e+01 2.722933110530901146e+01 1.261673141957583155e+01
2.505000182100000217e+01 2.715568487663491481e+01 1.256183310436240141e+01
2.515000207599999982e+01 2.706916749380745912e+01 1.250687350154676025e+01
2.525400947910000227e+01 2.696242822245207904e+01 1.245154833854789267e+01
2.538779357409999804e+01 2.680508955621662182e+01 1.238199888511347879e+01
2.553378513299999852e+01 2.664777544181434266e+01 1.230634276030865593e+01
2.565000000000000213e+01 2.651496653303850337e+01 1.224749171706781148e+01
2.575000078300000084e+01 2.639301220441020845e+01 1.219689156125153673e+01
2.585000156599999954e+01 2.626270597679416952e+01 1.214614903414541480e+01
2.595000156600000452e+01 2.612289276148175432e+01 1.209516403782627592e+01
2.605000182099999861e+01 2.597227548836170286e+01 1.204383428153720814e+01
2.615000207599999982e+01 2.580917802923002213e+01 1.199200906204473505e+01
2.625848810409999956e+01 2.561535826297118490e+01 1.193530020123473001e+01
2.640325681719999906e+01 2.531879542369813763e+01 1.186202769527223033e+01
2.654476975109999870e+01 2.496551725526047960e+01 1.179380155288711407e+01
2.665000000000000213e+01 2.475918530531500394e+01 1.174335910118624682e+01
2.675000078300000084e+01 2.457457356417389605e+01 1.169545940998007261e+01
2.685000156599999954e+01 2.439279716130389986e+01 1.164749631050726286e+01
2.695000156600000096e+01 2.421035747621829515e+01 1.159939360326725399e+01
2.705000182100000217e+01 2.402507724470326878e+01 1.155119636004388184e+01
2.715000207599999626e+01 2.383517183720088894e+01 1.150309362066065688e+01
2.730000103800000133e+01 2.353885049205183222e+01 1.143101877577845826e+01
2.745000078300000013e+01 2.322157601277039518e+01 1.135780040469903440e+01
2.755000182099999861e+01 2.299361703332266771e+01 1.130923861765520222e+01
2.765000207599999982e+01 2.274374816958672341e+01 1.126259330685581439e+01
2.778793162599999533e+01 2.237977006913840583e+01 1.119979686012969289e+01
2.793793058800000040e+01 2.205243220162077122e+01 1.113156673561785404e+01
2.805000000000000071e+01 2.181978173063511406e+01 1.108070376020402570e+01
2.815000000000000568e+01 2.161502640063181957e+01 1.103530646897719159e+01
2.830000000000000071e+01 2.130809807123260313e+01 1.096729066709939104e+01
2.850000000000000000e+01 2.089062457721034249e+01 1.087594474238002107e+01
2.865000000000000568e+01 2.056533649597683677e+01 1.080666164710146759e+01
2.879141072299999848e+01 2.024329657073995037e+01 1.074225721875262529e+01
2.894141072300000062e+01 1.987379583165052921e+01 1.067531572450972277e+01
2.905000000000000426e+01 1.960380269090319416e+01 1.062813947699090811e+01
2.914999999999999858e+01 1.938507847959363062e+01 1.058485281895942265e+01
2.929999999999999716e+01 1.907055944398221214e+01 1.052021728757412511e+01
2.950000000000000355e+01 1.865872140927247003e+01 1.043385486342952895e+01
2.965000000000000213e+01 1.834931267186480852e+01 1.036881236707156262e+01
2.975148958200000138e+01 1.813772449054486202e+01 1.032457525635004991e+01
2.990148958199999996e+01 1.782151383999841698e+01 1.025873069121323766e+01
3.004999999999999716e+01 1.750431894154851520e+01 1.019290973685212620e+01
3.015000000000000213e+01 1.728347937862223915e+01 1.014985239190874111e+01
3.030000000000000071e+01 1.695161739074892537e+01 1.008787310848333441e+01
3.050000000000000355e+01 1.654128369912064400e+01 1.000565880678619024e+01
3.065000000000000213e+01 1.624931756967221474e+01 9.943934463340774244e+00
3.080000000000000071e+01 1.596316096225572068e+01 9.881846998894525669e+00
3.100000000000000355e+01 1.559317067247908639e+01 9.798556342719461298e+00
3.115000000000000213e+01 1.532093787606854640e+01 9.735723067975941447e+00
3.129746040610000080e+01 1.505454581678760384e+01 9.673923579828564101e+00
3.144746040609999937e+01 1.478150034771050159e+01 9.611373309638654661e+00
3.155000000000000071e+01 1.459138996874134975e+01 9.570967146067760112e+00
3.165000000000000213e+01 1.440717969588620839e+01 9.531635005211001044e+00
3.180000000000000071e+01 1.416227303338053467e+01 9.472319565432869126e+00
3.200000000000000711e+01 1.386403372822253210e+01 9.393081000673547010e+00
3.215000000000000568e+01 1.365445889855662998e+01 9.333542746760812747e+00
3.225000000000000000e+01 1.351918479071790991e+01 9.293918286818936281e+00
3.240000000000000568e+01 1.332185269612256739e+01 9.234619740886440553e+00
3.255000000000000426e+01 1.312969370701043736e+01 9.175011578843633941e+00
3.265000000000000568e+01 1.300383311530624297e+01 9.135085783417622451e+00
3.275000000000000000e+01 1.287908926253739672e+01 9.095009688702988981e+00
3.287861015610000237e+01 1.272350509118144224e+01 9.045077847628197887e+00
3.302861015610000095e+01 1.255653015127202643e+01 8.988151711398545629e+00
3.314999999999999858e+01 1.244004303064721917e+01 8.942236203107137626e+00
3.325000000000000000e+01 1.234960705785429447e+01 8.904519349000839412e+00
3.340000000000000568e+01 1.222169507596903237e+01 8.848190796871840291e+00
3.354999999999999716e+01 1.210205296460389057e+01 8.791734140088042437e+00
3.364999999999999858e+01 1.202690525451044401e+01 8.754232898915704553e+00
3.375000000000000000e+01 1.195590092086014877e+01 8.716504101673121951e+00
3.390000000000000568e+01 1.184900142196643280e+01 8.659286706622895124e+00
3.404999999999999716e+01 1.173720296910569871e+01 8.601595528980819694e+00
3.414999999999999858e+01 1.166061205439012127e+01 8.563404475498648694e+00
3.425000000000000000e+01 1.158437214730328257e+01 8.526317014531942462e+00
3.439999999999999858e+01 1.147598727687193332e+01 8.472350750429919586e+00
3.454999999999999716e+01 1.137695371265503574e+01 8.418478170580572240e+00
3.464999999999999858e+01 1.131640245754259766e+01 8.382747970951610839e+00
3.475000000000000711e+01 1.125913369249801121e+01 8.347120442092260006e+00
3.488191770299999916e+01 1.118974787602356535e+01 8.299832457940482300e+00
3.503191770300000485e+01 1.110752247665292280e+01 8.245483378033849675e+00
3.514999999999999858e+01 1.101845926747565407e+01 8.202664419707767607e+00
3.525000000000000711e+01 1.094086175719993292e+01 8.166413172129365350e+00
3.540000000000000568e+01 1.082327291760086752e+01 8.112116421442856051e+00
3.554999999999999716e+01 1.070499243807336676e+01 8.057495684443178874e+00
3.565000000000000568e+01 1.062624571798927064e+01 8.021945568583864983e+00
3.575000000000000711e+01 1.054752511722893615e+01 7.987771204803636671e+00
3.587041768800000341e+01 1.045567577236334600e+01 7.946914940430876761e+00
3.602041768800000199e+01 1.034879217699717380e+01 7.895831730545312510e+00
3.615000000000000568e+01 1.025638117081283518e+01 7.851266500037436202e+00
3.625000000000000711e+01 1.017495270082009817e+01 7.816940617554344328e+00
3.640000000000000568e+01 1.004992627900589852e+01 7.765624223602988430e+00
3.655000000000000426e+01 9.923781028762723722e+00 7.714179014088845321e+00
3.665000000000000568e+01 9.839626902745179038e+00 7.679967497176495961e+00
3.675000000000000711e+01 9.755489917074767092e+00 7.645772989199068448e+00
3.689999999999999858e+01 9.629598041850359280e+00 7.594595961412138330e+00
3.705000000000000426e+01 9.503679251130282779e+00 7.543405405625905225e+00
3.715000000000000568e+01 9.419891705067481524e+00 7.510117324548094331e+00
3.725000000000000711e+01 9.336246825688764517e+00 7.477406452237944201e+00
3.739999999999999858e+01 9.214688879793376586e+00 7.428542286370190872e+00
3.755000000000000426e+01 9.096671480528007336e+00 7.379655254988086277e+00
3.765000000000000568e+01 9.018811126393366351e+00 7.347189834473994985e+00
3.775000000000000000e+01 8.941472695671944138e+00 7.314778355860146242e+00
3.789999999999999858e+01 8.826510561270177746e+00 7.266354080572439145e+00
3.805000000000000426e+01 8.712305875188206983e+00 7.217861294913528347e+00
3.814999999999999858e+01 8.636739605717135504e+00 7.185641687007994882e+00
3.825000000000000000e+01 8.561537270061434057e+00 7.153474219240580467e+00
3.835000000000000142e+01 8.486630790262545077e+00 7.121198035334717069e+00
3.845420163800000779e+01 8.408732516496352005e+00 7.087272929990072967e+00
3.860420163799999926e+01 8.300874183369375103e+00 7.038916960730784211e+00
3.875000000000000000e+01 8.200379094623087894e+00 6.992419774540378441e+00
3.885000000000000853e+01 8.132826520053141550e+00 6.960942140039160897e+00
3.900000000000000000e+01 8.034337865027493919e+00 6.913941286529594166e+00
3.914999999999999858e+01 7.937136829140253980e+00 6.866896180148513551e+00
3.925000000000000711e+01 7.873092811930252566e+00 6.835640755517896849e+00
3.935000000000000853e+01 7.809559832427295234e+00 6.804432043980990663e+00
3.949063755800001019e+01 7.721081177418740893e+00 6.760690006000636743e+00
3.964063755800000166e+01 7.627417293340277737e+00 6.713791251027361184e+00
3.975000000000000711e+01 7.560061039834121033e+00 6.679304886351856041e+00
3.985000000000000853e+01 7.500651012335831425e+00 6.647777510786511357e+00
4.001598810610000356e+01 7.405994005231468336e+00 6.595563358176884883e+00
4.024516166220000457e+01 7.277657735530270955e+00 6.524611379842959913e+00
4.061388893409999667e+01 7.080666459115273703e+00 6.414370389187741495e+00
4.096378425599999673e+01 6.900146969990833767e+00 6.309044737703268346e+00
4.138848618409999602e+01 6.696533873176222507e+00 6.181984473973583860e+00
4.183471031220000214e+01 6.491142056144219907e+00 6.048644229115616611e+00
4.207275508409999532e+01 6.386762366360297705e+00 5.981823327611900609e+00
4.229196795600000058e+01 6.294715132275604752e+00 5.920268498309233962e+00
4.286602128410000034e+01 6.069765373010707066e+00 5.760905291300171704e+00
4.345039313409999693e+01 5.848309558773201466e+00 5.597884841882275531e+00
4.365748950599999745e+01 5.774866456883762211e+00 5.545153203453691226e+00
4.435757405599999714e+01 5.558718224791681095e+00 5.370656006891815437e+00
4.506034890600000153e+01 5.350222691760228244e+00 5.193482872592041666e+00
4.577910240599999980e+01 5.163258663515650326e+00 5.036261474282720307e+00
4.650054615599999863e+01 4.983059703855198030e+00 4.876776911039264029e+00
4.677849528410000346e+01 4.917134821736991235e+00 4.818768779472947017e+00
4.741080308410000299e+01 4.777725850980048428e+00 4.696355037869288651e+00
4.797808125600000295e+01 4.657377886326528049e+00 4.586995138254718718e+00
4.826276628409999603e+01 4.598907716399577517e+00 4.532645304559313360e+00
4.856628326219999536e+01 4.537605201044650372e+00 4.476699193466686211e+00
4.903768958410000067e+01 4.448271854511025580e+00 4.396265965827767630e+00
4.949295420600000028e+01 4.364317059262678100e+00 4.318266912503717414e+00
4.990832168409999525e+01 4.289783742677516720e+00 4.247859132137743465e+00
5.034252111220000359e+01 4.212888821197280365e+00 4.175424134801970055e+00
5.070191388410000144e+01 4.152866049216044964e+00 4.119698093611642520e+00
5.104516500599999773e+01 4.096983750247340517e+00 4.066424789362467429e+00
5.159121493410000170e+01 4.010231564847322794e+00 3.982776011992481102e+00
5.215609676220000068e+01 3.921384257547754881e+00 3.896678433076307790e+00
5.240347598409999819e+01 3.884468397696060116e+00 3.861474988631539151e+00
5.263471360599999826e+01 3.850893177544664425e+00 3.828647978957531173e+00
5.331144598409999702e+01 3.754881457699924763e+00 3.734109651080213865e+00
5.400701026219999790e+01 3.656811172873369209e+00 3.636641671831885247e+00
5.426094198410000757e+01 3.622902759984091059e+00 3.603283427634673242e+00
5.506901488409999956e+01 3.519356733639443124e+00 3.499243324532978150e+00
5.589526166220000647e+01 3.413644514368755711e+00 3.391834671010461211e+00
5.676804978410000047e+01 3.311333410867060234e+00 3.288074239385724074e+00
5.759210133410000054e+01 3.214715269142005116e+00 3.188218336498240379e+00
5.782085091220000805e+01 3.188988375549170584e+00 3.162007130301926594e+00
5.860029443410000027e+01 3.105191615570538577e+00 3.076156849442913899e+00
5.936628655600000570e+01 3.022839975206933261e+00 2.990563288177241485e+00
5.956696138409999719e+01 3.001818603208609826e+00 2.968522194447928086e+00
5.978377791220000148e+01 2.979695118061056025e+00 2.945727731444667707e+00
6.046987683409999192e+01 2.911977111572464860e+00 2.876198561209583282e+00
6.114252435600000979e+01 2.845621175014931836e+00 2.807292178320936138e+00
6.145521278409999866e+01 2.815711856845396710e+00 2.775759533012729818e+00
6.178404286220001040e+01 2.784800404289930142e+00 2.743506714177099681e+00
6.237679713410000204e+01 2.730834351905243373e+00 2.688261605403848176e+00
6.295610005600001102e+01 2.678176516544160446e+00 2.633871729862893307e+00
6.338080198410000321e+01 2.640884102099394060e+00 2.594588078621956839e+00
6.382164556219998985e+01 2.602631943360568911e+00 2.554542840858645469e+00
6.432105528409999806e+01 2.560606833917770331e+00 2.511773814717075837e+00
6.480701360599999816e+01 2.519847991039491308e+00 2.469986259337734857e+00
6.534372908409999070e+01 2.476430098142515579e+00 2.424488761992813490e+00
6.589658621220000612e+01 2.432045660516423791e+00 2.378141018757502501e+00
6.630265128410000841e+01 2.400473142314219821e+00 2.346224800882711570e+00
6.669526500599999963e+01 2.370116975645868429e+00 2.315332135193826524e+00
6.734399398409999549e+01 2.321668684326975374e+00 2.264978905902706785e+00
6.800886461219998580e+01 2.272183284238848966e+00 2.213637223403982723e+00
6.832158508409999342e+01 2.249724821731863056e+00 2.191063590951816575e+00
6.862085415600000715e+01 2.228432734829755457e+00 2.169496804397638812e+00
6.938159668410000336e+01 2.175939411623805775e+00 2.115398311693806210e+00
7.015848091220001947e+01 2.122322376139540445e+00 2.060149760315698853e+00
7.037785678410000401e+01 2.107794082846327299e+00 2.045590700015867736e+00
7.058378125600000885e+01 2.094346919626169257e+00 2.031995731835537278e+00
7.145653733410000541e+01 2.038760411323665700e+00 1.975172906440257448e+00
7.231254613410000331e+01 1.983932615967591406e+00 1.919033610791146982e+00
7.258404615599999943e+01 1.967529107084101891e+00 1.902583059349820527e+00
7.356881573409999930e+01 1.909608729839420205e+00 1.843971908503778678e+00
7.456972696219999364e+01 1.850371411726196902e+00 1.783905844600668811e+00
7.563853878410000675e+01 1.792116463368921941e+00 1.725653836011914910e+00
7.660639813410000443e+01 1.738420259964908121e+00 1.671702615378023449e+00
7.675724748409999165e+01 1.730486441534586417e+00 1.663806740088227043e+00
7.692154818410000416e+01 1.722039805329800055e+00 1.655475870639408376e+00
7.782549293409999791e+01 1.676432042682918233e+00 1.610438228616043244e+00
7.880886795600000028e+01 1.626007916050290047e+00 1.560478179759459572e+00
7.912986148410000453e+01 1.610305033225785110e+00 1.545047148809904902e+00
8.004978488410000637e+01 1.567240646899190626e+00 1.503018859818296749e+00
8.095848420600000850e+01 1.524181248751926843e+00 1.460891821368171417e+00
8.120583138410000856e+01 1.512613920409182855e+00 1.449592529462560009e+00
8.146662996220000252e+01 1.500949076450962538e+00 1.438277325084894587e+00
8.231141468410000073e+01 1.464458539626019462e+00 1.402991394208488618e+00
8.314543830599998842e+01 1.428055871529923415e+00 1.367737461736096449e+00
8.348613008409999736e+01 1.413360662572226367e+00 1.353552809248088851e+00
8.384027326220000020e+01 1.398595055410837729e+00 1.339339917005098579e+00
8.461038233409999521e+01 1.367973871623753279e+00 1.309951217587552730e+00
8.536973030600000811e+01 1.337517163895565186e+00 1.280702882540179166e+00
8.580376668410001173e+01 1.320291485453350511e+00 1.264236496541397026e+00
8.625125441219999800e+01 1.302998869120636449e+00 1.247714638468101711e+00
8.694668778409999277e+01 1.277589331374653581e+00 1.223471837564553466e+00
8.763136005599999123e+01 1.252398505537102302e+00 1.199444340268405851e+00
8.815874108410000076e+01 1.233183732812541900e+00 1.181217245725243892e+00
8.869957351219998998e+01 1.213889846032957687e+00 1.162898297141171211e+00
8.932033118410001293e+01 1.193089058367634570e+00 1.143136581158916698e+00
8.993032775600001116e+01 1.172540957720051402e+00 1.123637608123183806e+00
9.055105338410000115e+01 1.151823145962950878e+00 1.104095892219394859e+00
9.118523036220000222e+01 1.131002463222906096e+00 1.084420769114016858e+00
9.173131233409998231e+01 1.114250667724128174e+00 1.068548282233151347e+00
9.226663320599999452e+01 1.097768248258718771e+00 1.052964007150393178e+00
9.298070343410000760e+01 1.075973395457301196e+00 1.032485412137410075e+00
9.370822506220000037e+01 1.054040930694189804e+00 1.011827155925039134e+00
9.417963138410000568e+01 1.040812306809786758e+00 9.993108705349826870e-01
9.464027660600000047e+01 1.027859528713423343e+00 9.870944743125616982e-01
9.544769143409999401e+01 1.005355246531937086e+00 9.659989885897086737e-01
9.626855761219999863e+01 9.826757493585354108e-01 9.446782112330516235e-01
9.666528823410001792e+01 9.725049530458369507e-01 9.350568224519527627e-01
9.705125775599999827e+01 9.626051636842121173e-01 9.257334294286575505e-01
9.736850188569999887e+01 9.544654880054441737e-01 9.181118017534295461e-01
9.809419951380000668e+01 9.360063845376904723e-01 9.008172647910219766e-01
9.886622801219999701e+01 9.165892560886822471e-01 8.825688752699812900e-01
9.918828298409999888e+01 9.090504883904696465e-01 8.754333481650028448e-01
9.949957680599999321e+01 9.017710633274960141e-01 8.685853635860202315e-01
1.004936808341000045e+02 8.787387008814014910e-01 8.470120262276260581e-01
1.015012362622000097e+02 8.554448623626486059e-01 8.251238163933714009e-01
1.017486154840999859e+02 8.501534992053314532e-01 8.201097955557359320e-01
1.019852336560000055e+02 8.451047424204349845e-01 8.153665210694622800e-01
1.030726823340999800e+02 8.221270707878074457e-01 7.938259534513446569e-01
1.041523921840999805e+02 7.992588908612723309e-01 7.723220072003458281e-01
1.045082284060000006e+02 7.923184745094257186e-01 7.657741218516799231e-01
1.056890216341000013e+02 7.695674061356455598e-01 7.444160445400199722e-01
1.067847101340999956e+02 7.482242632935629523e-01 7.243303665178686401e-01
1.070685609559999989e+02 7.431694042328411687e-01 7.195611737426489407e-01
1.083426987841000084e+02 7.207640816302410824e-01 6.984914080294374328e-01
1.096428791341000135e+02 6.977759814268519323e-01 6.768358166322718805e-01
1.109823903560000105e+02 6.762313440629573735e-01 6.565342761686553397e-01
1.121613596340999948e+02 6.568802193779433862e-01 6.382813158163771483e-01
1.123525630840999980e+02 6.539652019474646583e-01 6.355383744247752320e-01
1.136360675059999892e+02 6.350764851865189353e-01 6.177106548473971781e-01
1.149056911341000102e+02 6.160124359495667834e-01 5.997054085892665753e-01
1.162591879340999981e+02 5.976215230659803757e-01 5.823346854012584339e-01
1.176873604340999862e+02 5.779637710035003817e-01 5.637436095764726263e-01
1.190595261840999939e+02 5.607479433568259841e-01 5.474605543133334029e-01
1.205063673840999883e+02 5.425011280872394925e-01 5.301801378367801965e-01
1.218972020840999875e+02 5.263757450377534175e-01 5.149140312714691747e-01
1.233627125840999952e+02 5.094197190181118939e-01 4.988429817986935744e-01
1.247722161341000060e+02 4.943117870643543021e-01 4.845277390237560100e-01
1.262563956341000164e+02 4.785463901526523789e-01 4.695722597502814399e-01
1.276845681840999873e+02 4.643764613361588411e-01 4.561334536293595865e-01
1.291874161840999875e+02 4.496977937585731611e-01 4.421970173606185051e-01
1.306342576840999925e+02 4.364162333954604289e-01 4.295897896740745181e-01
1.321557746841000096e+02 4.227562250903311725e-01 4.166092975027866352e-01
1.336212851841000031e+02 4.103030123107737626e-01 4.047759767068503378e-01
1.351614711840999803e+02 3.975833784110601177e-01 3.926767110279426598e-01
1.366456501840999920e+02 3.859110124089152327e-01 3.815712971721749724e-01
1.382045051840999861e+02 3.740662946671075573e-01 3.702889874697731787e-01
1.397073536841000134e+02 3.631293670001169982e-01 3.598662202923232356e-01
1.412848776840999676e+02 3.521073421316153751e-01 3.493487688147894898e-01
1.428063946840999847e+02 3.418690637777933583e-01 3.395705735876210496e-01
1.444025876841000127e+02 3.316185734209310954e-01 3.297652116460789151e-01
1.459427736841000183e+02 3.220422053497352111e-01 3.205934778328253243e-01
1.468253404357000136e+02 3.167510181186040108e-01 3.155274052171432309e-01
1.477727719638000110e+02 3.112407303475185349e-01 3.102244610195122876e-01
1.491164901841000017e+02 3.035658683454048878e-01 3.028502377415152602e-01
1.507500211841000066e+02 2.947100861768606195e-01 2.943182873911454056e-01
1.523275451840999892e+02 2.863399123247055700e-01 2.862388849720852169e-01
1.539797446841000124e+02 2.781127683506925408e-01 2.782744346177407069e-01
1.555759371840999847e+02 2.702977475892139880e-01 2.706930711753042784e-01
1.572468056840999679e+02 2.626535851680521505e-01 2.632514049379418575e-01
1.588616676841000128e+02 2.553499598945292992e-01 2.561252799113310497e-01
1.605512051841000130e+02 2.482487033139252341e-01 2.491686410889411285e-01
1.621847356840999907e+02 2.414302237989500166e-01 2.424739484288862268e-01
1.638929416841000091e+02 2.348276274448466150e-01 2.359619065717173947e-01
1.655451411840999754e+02 2.284538021043357459e-01 2.296618308882389936e-01
1.672720166841000093e+02 2.223079204047237745e-01 2.235570989454083723e-01
1.689428851840999926e+02 2.163446444255937295e-01 2.176218009303029777e-01
1.706884291840999879e+02 2.106218994930869060e-01 2.118965299592324436e-01
1.723779666840999880e+02 2.050428104260530182e-01 2.063052900923334210e-01
1.741421796841000003e+02 1.996996409931625083e-01 2.009233466865773532e-01
1.758503861840999889e+02 1.944648721412475800e-01 1.956429588917469320e-01
1.776332681840999896e+02 1.894747940994016833e-01 1.905846719580618631e-01
1.793601431840999965e+02 1.845643584348347910e-01 1.856015338297979933e-01
1.811616941841000141e+02 1.798972012671541387e-01 1.808440715493015716e-01
1.829072381841000094e+02 1.752843000787151773e-01 1.761381314704514311e-01
1.847228071559999876e+02 1.709203635839114943e-01 1.716685964154922583e-01
1.877186609357000009e+02 1.638165164481434899e-01 1.643806245416336853e-01
1.895015429356999732e+02 1.597661758419630929e-01 1.602167375820605644e-01
1.901134426840999936e+02 1.583841152839858268e-01 1.587951031509957922e-01
1.919149936841000113e+02 1.546359613543298595e-01 1.549331738013476345e-01
1.937725511841000241e+02 1.506952167312125279e-01 1.508718575445018861e-01
1.955927706841000031e+02 1.471562833822600558e-01 1.472211272996972464e-01
1.974689971841000045e+02 1.434503965908006107e-01 1.433978593039180738e-01
1.993078861840999707e+02 1.401094593813941580e-01 1.399512153422659000e-01
2.012027816840999890e+02 1.366241459510726952e-01 1.363560300007022330e-01
2.030603391841000018e+02 1.334673880053993955e-01 1.331029409784322826e-01
2.049739036841000370e+02 1.301865917120222649e-01 1.297231564519740754e-01
2.068501306841000371e+02 1.272030364457713836e-01 1.266552353448908985e-01
2.087823641840999755e+02 1.241132884742753850e-01 1.234799310687729329e-01
2.106772596840999938e+02 1.212902538209461312e-01 1.205861781222142964e-01
2.126281621841000060e+02 1.183768823472562820e-01 1.176022538877603413e-01
2.145417266841000128e+02 1.157037341391982388e-01 1.148730015874349919e-01
2.165112976841000147e+02 1.129539990950887418e-01 1.120685025127996365e-01
2.184435311840999816e+02 1.104203147317529832e-01 1.094936007153343299e-01
2.204317716840999708e+02 1.078225575339637338e-01 1.068569023559643588e-01
2.220903205138000089e+02 1.057710728309492476e-01 1.047830173959997946e-01
2.235325104857000156e+02 1.039944431631220495e-01 1.029848428160872464e-01
2.243895826840999916e+02 1.029653189926928725e-01 1.019492453478848121e-01
2.263591541841000208e+02 1.006900660169161299e-01 9.966096851759288777e-02
2.283847321841000166e+02 9.837091190547121722e-02 9.733217409981836932e-02
2.303729721840999787e+02 9.620731670574618477e-02 9.516796408574586252e-02
2.324172191841000199e+02 9.400736203831198956e-02 9.297092693091403570e-02
2.344241281840999989e+02 9.194661140605629723e-02 9.092052244313188203e-02
2.364870436840999730e+02 8.985681674187112611e-02 8.884460889952115747e-02
2.385126216840999689e+02 8.789294573303491065e-02 8.690039405262919847e-02
2.405942066841000155e+02 8.590619737161925284e-02 8.493660987330703405e-02
2.426384536840999999e+02 8.403253218454832807e-02 8.309022125036484574e-02
2.447387071841000079e+02 8.214169337746395072e-02 8.122955146596348708e-02
2.468016231841000092e+02 8.035341813794918964e-02 7.947436171195937371e-02
2.489205461841000044e+02 7.855307649471456044e-02 7.770955624170676479e-02
2.510021306840999671e+02 7.687532114812491157e-02 7.606905572705222052e-02
2.531397221841000089e+02 7.521565461786629270e-02 7.444852661932921389e-02
2.552399761841000156e+02 7.364109758868417344e-02 7.291399468788282989e-02
2.573962366840999607e+02 7.206536056531608059e-02 7.137970102377212689e-02
2.595151591841000140e+02 7.056582496709205843e-02 6.992170448931457616e-02
2.616900881841000341e+02 6.906994463096466363e-02 6.846823962190386192e-02
2.638276796841000191e+02 6.764418653200623965e-02 6.708438917666480206e-02
2.660212781840999696e+02 6.622592082452390116e-02 6.570836445603971121e-02
2.680530152137999949e+02 6.494705377585412165e-02 6.446841424023710965e-02
2.690844891857000221e+02 6.431346576572873064e-02 6.385396208971502729e-02
2.696085524856999882e+02 6.402611206918806808e-02 6.357626090989128287e-02
2.705134867154000062e+02 6.354130186403304792e-02 6.310809221704762051e-02
2.712947399138000719e+02 6.313250089573842205e-02 6.271359570327128541e-02
2.717814653638000095e+02 6.288780669851382066e-02 6.247763782512083530e-02
2.724603885653999669e+02 6.256494420025419945e-02 6.216664823508370741e-02
2.732436583856999732e+02 6.220633124635205347e-02 6.182165161673101872e-02
2.736930459856999960e+02 6.201079258590613819e-02 6.163380704331600235e-02
2.740135610653999834e+02 6.190814337041571080e-02 6.151083205723476693e-02
2.742499018153999941e+02 6.184113935332632983e-02 6.142362388985053018e-02
2.743499018154000169e+02 6.179962122027634480e-02 6.138673915218578747e-02
2.744499020654000105e+02 6.175847538332383813e-02 6.134984536585297299e-02
2.745499023154000042e+02 6.171771401961539949e-02 6.131294231339702583e-02
2.746999020654000105e+02 6.165749589288466864e-02 6.126015572914753071e-02
2.748499018154000169e+02 6.159786285270387601e-02 6.120962785176286419e-02
2.749499020654000105e+02 6.155876744218945207e-02 6.117730760070188428e-02
2.750499023154000042e+02 6.152012322089540908e-02 6.114497692131911494e-02
2.751999020654000105e+02 6.146323951383451251e-02 6.109647533415689391e-02
2.753499018154000169e+02 6.140705266517423877e-02 6.104791913741332982e-02
2.754499020654000105e+02 6.137037119610447289e-02 6.101554306091604846e-02
2.755499023154000042e+02 6.133422360292244135e-02 6.098572596674458474e-02
2.756999020654000105e+02 6.128128266431066840e-02 6.094560831050689631e-02
2.758499018154000169e+02 6.122917817866964374e-02 6.090581527661883404e-02
2.759499020654000105e+02 6.119536438899582376e-02 6.087927807195864238e-02
2.760499023154000042e+02 6.116276502300171253e-02 6.085329271019581515e-02
2.761997106153999653e+02 6.111687532697100689e-02 6.081574373949761442e-02
2.763497103654000284e+02 6.107222196129179215e-02 6.078218563551469195e-02
2.764499020654000105e+02 6.104350417320018179e-02 6.076484122111368985e-02
2.765499023154000042e+02 6.101561441731569863e-02 6.074751370497297187e-02
2.766999020654000674e+02 6.097563081917261457e-02 6.072150079389559280e-02
2.768499018154000169e+02 6.093688926262559591e-02 6.069542687821791876e-02
2.769499020654000105e+02 6.091241008108701921e-02 6.067802738968891552e-02
2.770499023154000042e+02 6.088887447750759851e-02 6.066314503950374221e-02
2.771999020654000105e+02 6.085584069356957809e-02 6.064948254495781260e-02
2.773499018154000169e+02 6.082434694567977890e-02 6.063820046757090187e-02
2.774499020654000105e+02 6.080501556706036786e-02 6.063065622644347313e-02
2.775499023154000042e+02 6.078685585055291357e-02 6.062308860919816272e-02
2.776804655653999703e+02 6.076534965364471103e-02 6.061317521041435091e-02
2.778304653154000334e+02 6.074288682869442846e-02 6.061087907982463246e-02
2.779499020654000105e+02 6.072755280393440924e-02 6.061792677930732259e-02
2.780499023154000042e+02 6.071751542146007485e-02 6.062472030386076294e-02
2.781999020654000105e+02 6.070666141804909738e-02 6.063544609784671940e-02
2.783499018154000169e+02 6.069828869983503322e-02 6.064609410394135314e-02
2.784499020654000105e+02 6.069537640062047656e-02 6.065883263386782909e-02
2.785499023154000042e+02 6.069436873522716935e-02 6.068039673949059132e-02
2.786999020654000105e+02 6.069749018829014020e-02 6.071744265333411245e-02
2.788499018154000169e+02 6.070385285290593597e-02 6.075440410474002711e-02
2.789499020654000105e+02 6.071158429251051480e-02 6.077899256754169116e-02
2.790499023154000042e+02 6.072182489007126732e-02 6.080676826604470425e-02
2.791999020654000105e+02 6.074332780985054053e-02 6.087091808799192927e-02
2.793499018153999600e+02 6.076916970198644602e-02 6.094384375789806824e-02
2.794499020654000105e+02 6.079108140130137783e-02 6.099239042150873119e-02
2.795499023154000042e+02 6.081639097243982800e-02 6.104088097272189484e-02
2.796999020654000105e+02 6.086274000337797002e-02 6.113480058026998093e-02
2.798499018154000169e+02 6.091507339925779363e-02 6.124543437499475190e-02
2.799499020654000105e+02 6.095645301277437256e-02 6.132732725599931989e-02
2.800499023154000042e+02 6.100259127131335557e-02 6.140914706938788853e-02
2.801679483654000364e+02 6.106460866826617789e-02 6.150562613406148488e-02
2.803179481154000428e+02 6.115426095836096199e-02 6.166720519178984367e-02
2.804499020654000105e+02 6.124241531132509214e-02 6.183781955539605080e-02
2.805499023153999474e+02 6.131902743657041688e-02 6.196753550861062304e-02
2.806806467654000130e+02 6.143402768514361761e-02 6.213807444788186501e-02
2.808306465153999625e+02 6.158095074571189737e-02 6.238190385498395413e-02
2.809499020654000105e+02 6.171188394468682392e-02 6.262018228343980975e-02
2.810499023154000042e+02 6.183472652900517258e-02 6.281982002236344287e-02
2.811746762653999667e+02 6.200760361933634751e-02 6.306867644717430166e-02
2.813246760154000299e+02 6.223993951790705859e-02 6.344558527951646432e-02
2.814499020654000105e+02 6.245674818004448570e-02 6.382478160128006450e-02
2.815499023154000042e+02 6.265235811007470457e-02 6.412732354237397903e-02
2.816500368154000284e+02 6.286814013497921128e-02 6.443003042326113372e-02
2.818000365654000348e+02 6.324396949619173758e-02 6.504275192627859137e-02
2.819499020654000105e+02 6.365974382325735592e-02 6.573470605030745650e-02
2.820499023154000042e+02 6.398359053455114631e-02 6.619589809081273535e-02
2.821999020654000105e+02 6.455830414720270527e-02 6.712561725727800299e-02
2.823499018154000169e+02 6.520318739465010005e-02 6.818307511957272249e-02
2.824499020654000105e+02 6.571701810703968472e-02 6.892185545339016284e-02
2.825499023154000042e+02 6.630072994899371963e-02 6.987525348251380497e-02
2.826999020654000105e+02 6.737767204101241525e-02 7.159256877213737713e-02
2.828499018154000169e+02 6.862174502359881523e-02 7.358031204052459251e-02
2.829499020654000105e+02 6.966150326161985040e-02 7.537468128738671058e-02
2.830499023154000611e+02 7.089226657158002876e-02 7.727537481792688678e-02
2.831999020654000105e+02 7.336130391838169285e-02 8.134957041875864880e-02
2.833499018154000169e+02 7.640720232897370290e-02 8.623262069353770931e-02
2.834499020654000105e+02 7.926038229909192212e-02 9.115226843402240986e-02
2.835499023154000042e+02 8.301486077369991945e-02 9.746936981028402058e-02
2.836999020654000105e+02 9.267313458665782377e-02 1.131979747492263266e-01
2.838499018154000169e+02 1.076364947093787078e-01 1.410627239918655629e-01
2.839499020654000105e+02 1.297429314585009930e-01 1.853207503998965944e-01
2.840499023154000042e+02 1.852669192785038332e-01 2.982125789955744066e-01
2.841872399154000277e+02 6.496862589959757628e-01 1.161794216672829005e+00
2.843372396653999772e+02 1.179902971110985410e+00 2.041556684686372858e+00
2.844499020654000105e+02 1.303813806499555916e+00 2.156243111440098392e+00
2.845499023154000042e+02 1.332797579458518067e+00 2.173473662598275347e+00
2.846999020654000674e+02 1.358829404360091031e+00 2.162193967430731778e+00
2.848499018154000169e+02 1.379873684392187272e+00 2.143995697275568268e+00
2.849499020654000105e+02 1.391461003154735643e+00 2.127008320923656992e+00
2.850499023154000042e+02 1.402142832673195505e+00 2.108528008886576988e+00
2.851999020653999537e+02 1.416630592288322887e+00 2.079796446116938924e+00
2.853499018154000169e+02 1.430133435498609273e+00 2.050442611772553381e+00
2.854499020654000105e+02 1.438088185514257766e+00 2.030938728782287317e+00
2.855499023154000042e+02 1.445271557912153781e+00 2.011555538762229922e+00
2.856559934154000189e+02 1.451871633215304103e+00 1.990947218447467471e+00
2.858059931654000252e+02 1.459016338565831461e+00 1.962633078201520886e+00
2.859499018354000555e+02 1.464186762839447598e+00 1.935912554394621843e+00
2.860499020703999804e+02 1.465996706223232193e+00 1.917515386659401466e+00
2.861499022854000032e+02 1.466435056639695089e+00 1.899700019514668714e+00
2.862999020703999804e+02 1.463826698061703402e+00 1.873556922970335270e+00
2.864499018554000145e+02 1.458977124723358942e+00 1.847641054060292110e+00
2.865499020703999804e+02 1.453497229367848975e+00 1.831118045572782904e+00
2.866499022854000032e+02 1.446522737033839601e+00 1.814984451222990902e+00
2.867661884707000013e+02 1.436393910047679690e+00 1.796208840494931014e+00
2.869161882556999785e+02 1.420692927539341621e+00 1.772734497413967381e+00
2.870499020704000372e+02 1.404795482656969074e+00 1.752561490900254926e+00
2.871499022854000032e+02 1.391332620756567495e+00 1.737754833427374912e+00
2.872774259554000196e+02 1.372572398622078138e+00 1.718861904657702944e+00
2.874274257403999968e+02 1.349128255528990961e+00 1.697599392902676252e+00
2.875499020704000372e+02 1.329024476845080960e+00 1.681090426252685122e+00
2.876499022854000032e+02 1.312028821178978122e+00 1.667605857304490957e+00
2.877794564003999653e+02 1.289609277401688958e+00 1.650128230272007501e+00
2.879294561853999994e+02 1.263500325436695437e+00 1.630790416371660889e+00
2.880499020704000372e+02 1.242605219052751231e+00 1.616090485919125852e+00
2.881499022854000032e+02 1.225458853710046592e+00 1.603882573038801107e+00
2.882999020703999804e+02 1.200467144942880537e+00 1.585565464037145267e+00
2.884499018553999576e+02 1.176090945895598150e+00 1.567835976789614172e+00
2.885499020703999804e+02 1.160598595403729449e+00 1.556830666712014644e+00
2.886499022854000032e+02 1.145668404262695450e+00 1.545826259936667890e+00
2.887999020703999804e+02 1.124695809121644352e+00 1.529317007925352412e+00
2.889499018554000145e+02 1.104713420047804151e+00 1.512909859756867093e+00
2.890499020704000372e+02 1.092430249539688702e+00 1.502570478386732633e+00
2.891499022854000032e+02 1.080879769125670187e+00 1.492677691792057892e+00
2.892999020704000372e+02 1.065181181447068193e+00 1.477838246950513357e+00
2.894499018554000145e+02 1.050559853957785617e+00 1.462988176606166979e+00
2.895499020703999804e+02 1.041941977894486282e+00 1.453110226848377096e+00
2.896499022854000032e+02 1.034049270829711542e+00 1.443743719623834076e+00
2.897999020703999804e+02 1.023785048203776249e+00 1.430435511756592559e+00
2.899499018554000145e+02 1.014567311670708794e+00 1.417120152971258040e+00
2.900499020703999804e+02 1.009475875575760906e+00 1.408242704914618004e+00
2.901499022854000032e+02 1.005076096029350108e+00 1.399363044862713679e+00
2.902999020703999804e+02 9.999627433711305580e-01 1.386749748639353408e+00
2.904499018554000145e+02 9.958346182979097572e-01 1.374599275652570674e+00
2.905499020703999804e+02 9.940654340370870257e-01 1.366651808949836733e+00
2.906499022853999463e+02 9.929359566580272523e-01 1.358703330125897280e+00
2.907999020703999804e+02 9.926447467610616249e-01 1.346780266056204045e+00
2.909499018554000713e+02 9.932874645770474187e-01 1.335106676506661927e+00
2.910499020704000372e+02 9.946283749338409308e-01 1.327838039878888932e+00
2.911499022854000032e+02 9.965631646612542749e-01 1.320738466719938886e+00
2.912657934707000322e+02 9.996633322171518676e-01 1.312510605421115750e+00
2.914157932556999526e+02 1.004856465683588329e+00 1.301860816854953473e+00
2.915499020704000372e+02 1.010381720746917456e+00 1.292336165693018790e+00
2.916499022854000032e+02 1.015341968539942297e+00 1.285356591276450411e+00
2.917999020704000372e+02 1.024200718172152413e+00 1.275588745074904162e+00
2.919499018554000145e+02 1.033992621592459527e+00 1.266075895561363351e+00
2.920499020704000372e+02 1.041488964512737869e+00 1.259734617670502210e+00
2.921499022854000032e+02 1.049631525769750384e+00 1.253392711466326803e+00
2.922999020703999804e+02 1.063333223624010948e+00 1.243880080110623787e+00
2.924499018554000145e+02 1.078091649701805599e+00 1.234586700234234558e+00
2.925499020703999804e+02 1.088974169419202553e+00 1.228804162645635412e+00
2.926499022854000032e+02 1.100586777968941776e+00 1.223133225488959308e+00
2.927999020704000372e+02 1.119762147953401010e+00 1.214628065765567921e+00
2.929499018554000145e+02 1.140120499371585661e+00 1.206118829738985987e+00
2.930499020704000372e+02 1.154915786430430025e+00 1.200446274429512128e+00
2.931499022854000600e+02 1.170611932153492907e+00 1.194772849102849532e+00
2.932999020704000372e+02 1.196227501952354944e+00 1.186765651757977436e+00
2.934499018554000145e+02 1.223250155860933441e+00 1.179062602870137422e+00
2.935499020703999804e+02 1.242772992849995983e+00 1.174001226222352479e+00
2.936499022854000032e+02 1.263374034132092483e+00 1.168939652350653446e+00
2.937999020703999804e+02 1.296821078697916185e+00 1.161348079263858191e+00
2.939499018554000145e+02 1.332120953498818317e+00 1.153752598263988238e+00
2.940499020703999804e+02 1.357668175710242453e+00 1.148753347685172121e+00
2.941499022854000032e+02 1.385013375130384139e+00 1.144020627525531575e+00
2.945765515319000087e+02 1.530862746121292473e+00 1.124724438551723216e+00
2.950179612519000329e+02 1.685574032729477922e+00 1.105019166981588752e+00
2.954753498345500020e+02 1.905110938184975344e+00 1.086521632219949796e+00
2.959354286938499854e+02 2.136816581838881568e+00 1.068148152165438791e+00
2.964114861986999472e+02 2.400623855837206833e+00 1.050885447321557864e+00
2.968902339794000227e+02 2.671737351183711251e+00 1.033746939576538404e+00
2.973849604053999656e+02 2.807336610640891461e+00 1.017704931390391199e+00
2.978823771104000571e+02 2.920211450243291651e+00 1.001772641866874647e+00
2.983957724603999964e+02 2.772564292155031751e+00 9.868323567282294428e-01
2.989118580854000129e+02 2.577648012337020678e+00 9.719922113561170196e-01
2.994439223553999909e+02 2.294032851004516704e+00 9.580741658842494290e-01
2.999786769003999893e+02 1.993148536279209626e+00 9.442465062296427902e-01
3.002495037056999649e+02 1.870212610038854972e+00 9.378554817936232135e-01
3.007220250406999753e+02 1.676713633205412002e+00 9.267071484317427332e-01
3.010828335553999864e+02 1.528671367532669301e+00 9.183797101277024755e-01
3.016522356704000458e+02 1.375693368736182753e+00 9.063286716548106803e-01
3.022243280604000120e+02 1.235111764321752625e+00 8.943538374922650469e-01
3.028123990953999964e+02 1.142517000481859890e+00 8.831156599037918165e-01
3.034031604104000053e+02 1.057958464027762391e+00 8.719486993701111022e-01
3.040099003653999716e+02 1.001113067540011503e+00 8.614822589012675058e-01
3.046193305953999584e+02 9.488907827228050262e-01 8.510805566276766765e-01
3.048808231057000171e+02 9.320169155862715327e-01 8.469936978670158378e-01
3.054172590256999911e+02 9.032840454645671979e-01 8.386177117706362649e-01
3.058728386553999599e+02 8.788586639809612411e-01 8.316269330052102893e-01
3.065169164653999587e+02 8.544298236537524183e-01 8.225273374557982020e-01
3.071636845154000071e+02 8.315222896068090730e-01 8.134809684688092402e-01
3.077845373637999842e+02 8.151417058478369615e-01 8.055270892816229766e-01
3.084499743637999813e+02 7.986200187706911091e-01 7.970887745957138115e-01
3.091454078356999844e+02 7.848401726853632132e-01 7.889470562792075814e-01
3.098295137356999476e+02 7.721023728402305331e-01 7.810658927023522713e-01
3.105574743153999293e+02 7.607671612833196706e-01 7.733423123739707750e-01
3.112602491654000119e+02 7.502388721693731277e-01 7.659812535177403792e-01
3.119790026654000030e+02 7.407736516305135632e-01 7.590577190197491664e-01
3.127004464654000344e+02 7.314530058459582929e-01 7.521678637764925845e-01
3.129385864138000102e+02 7.285326393022484304e-01 7.500699838505300310e-01
3.135708941638000624e+02 7.211085290662002656e-01 7.445115103314529081e-01
3.141779815154000062e+02 7.139634207265438404e-01 7.392415007270648486e-01
3.143367950356999927e+02 7.121270520163726081e-01 7.379648373702827335e-01
3.149850814857000501e+02 7.049177128072418030e-01 7.327727909281893659e-01
3.156928544653999893e+02 6.970188442037030807e-01 7.271903286427434665e-01
3.164676147154000319e+02 6.888243567752676544e-01 7.217558118037944448e-01
3.172450652654000010e+02 6.806392200333951648e-01 7.163795413543677659e-01
3.176138877138000112e+02 6.768523176527723173e-01 7.141218476725236242e-01
3.182941314138000166e+02 6.699424237840658769e-01 7.099618107569322101e-01
3.188346138654000015e+02 6.644360903631935100e-01 7.067079968412686153e-01
3.190307651357000509e+02 6.624094342997431939e-01 7.056042131970138298e-01
3.197269874857000218e+02 6.551409727937377303e-01 7.017027218861709992e-01
3.204615003154000306e+02 6.474153720246281773e-01 6.974965593777773254e-01
3.212922673654000505e+02 6.375657639745747618e-01 6.923308639657719255e-01
3.221257246654000141e+02 6.274586649782881720e-01 6.870221689468440918e-01
3.224758783138000240e+02 6.231037719580478917e-01 6.845488769546895780e-01
3.232040580137999655e+02 6.139764187827043695e-01 6.794113762001924295e-01
3.237874779856999794e+02 6.066595632919939973e-01 6.752997025905750350e-01
3.246555828356999882e+02 5.965908405470380371e-01 6.693485656282833762e-01
3.255661868154000445e+02 5.861250030689534318e-01 6.631481006832792291e-01
3.264529605654000193e+02 5.773829497754883189e-01 6.575984628863227321e-01
3.273424246654000171e+02 5.688425564120583866e-01 6.520733426408696909e-01
3.275245582638000315e+02 5.672931922074020417e-01 6.510290647967014177e-01
3.281234466841000312e+02 5.627736522049038292e-01 6.476067215829423018e-01
3.288467558357000371e+02 5.573004002333019624e-01 6.434607105850574937e-01
3.291560003654000184e+02 5.550939325060715301e-01 6.417479675452611998e-01
3.300801119654000217e+02 5.500235344889702338e-01 6.368678466842729868e-01
3.310069138654000653e+02 5.452168502494306734e-01 6.319955450379722839e-01
3.318144561138000199e+02 5.424961262649188320e-01 6.280208110417225820e-01
3.326225290137999764e+02 5.399123185125607183e-01 6.240264762299760903e-01
3.328951652654000100e+02 5.391737329466960160e-01 6.227282272524208295e-01
3.332686709356999586e+02 5.385437327452450296e-01 6.210114750897889335e-01
3.340927224356999545e+02 5.374271366763887503e-01 6.172328184394200168e-01
3.348207544653999435e+02 5.365452865997866194e-01 6.139258121896302711e-01
3.358008728653999810e+02 5.364668953793113593e-01 6.097263108075603455e-01
3.367836815154000192e+02 5.365378655984599510e-01 6.055225962156469688e-01
3.371805073638000181e+02 5.368158774363890329e-01 6.039075764591160800e-01
3.379059611841000219e+02 5.374060600358122608e-01 6.009592022151620805e-01
3.385079226857000094e+02 5.378977222701349925e-01 5.985091200852823423e-01
3.387839464653999926e+02 5.381625140909126470e-01 5.974161995887602439e-01
3.398014026654000190e+02 5.393399841753597768e-01 5.934902042680598733e-01
3.408215491653999720e+02 5.405377039834363684e-01 5.895538849754242694e-01
3.416944324638000126e+02 5.415644856420723796e-01 5.863271228454046691e-01
3.425823985637999840e+02 5.426041867162788579e-01 5.830296406844333035e-01
3.428964897654000197e+02 5.429545012630869749e-01 5.818900233853726567e-01
3.431673163856999622e+02 5.432307313149090655e-01 5.809284766159057423e-01
3.440712611357000128e+02 5.441269700153652522e-01 5.777342873870888740e-01
3.450087682154000390e+02 5.450213001460142426e-01 5.744232777894164865e-01
3.460822312153999860e+02 5.458387771845266689e-01 5.707670170557965772e-01
3.471583844653999336e+02 5.466153642348556829e-01 5.670940821455444647e-01
3.473778555137999433e+02 5.467275621618714609e-01 5.663669278026921550e-01
3.478378276840999774e+02 5.469654609200597095e-01 5.648479971908678676e-01
3.487104885356999944e+02 5.474206592244352798e-01 5.619671508515159397e-01
3.493453385654000272e+02 5.477055342478853728e-01 5.598841266568480579e-01
3.504561394153999458e+02 5.479563492796295510e-01 5.563315206104653132e-01
3.515696305653999616e+02 5.481466498234215390e-01 5.527591182086591948e-01
3.521158078638000006e+02 5.480831204837565140e-01 5.510512908825744294e-01
3.528597676841000066e+02 5.479977305824355049e-01 5.487246338093515474e-01
3.534430601857000056e+02 5.479337907394334906e-01 5.469027199583619270e-01
3.538312604154000383e+02 5.478343304004659187e-01 5.457022416275872922e-01
3.549793990654000027e+02 5.473082695755756566e-01 5.422059704906539990e-01
3.561302280154000073e+02 5.467102430518114842e-01 5.386872452444966264e-01
3.569471048638000639e+02 5.460383580195440345e-01 5.362446016552981920e-01
3.579190456841000127e+02 5.452356288460910028e-01 5.333302315287458129e-01
3.584386577357000192e+02 5.447480750621127576e-01 5.317839617707262878e-01
3.596520100654000203e+02 5.433319698261629416e-01 5.282261506397909478e-01
3.608401768653999966e+02 5.418581638606265738e-01 5.247242091334046732e-01
3.618717460637999466e+02 5.402700573992853528e-01 5.217279764645060824e-01
3.629035199638000222e+02 5.386708246232355668e-01 5.187151388529323004e-01
3.631882374356999890e+02 5.381947885168777423e-01 5.178905519056994367e-01
3.633632992356999694e+02 5.378668466624791922e-01 5.173871509484325726e-01
3.644739724153999987e+02 5.358007613535593627e-01 5.142110077290440451e-01
3.656994770654000035e+02 5.334451429230463448e-01 5.106840762085387286e-01
3.668897324138000045e+02 5.308589313518581321e-01 5.073059944727653647e-01
3.679534636637999938e+02 5.285291755433358940e-01 5.042653563419245977e-01
3.681851339653999844e+02 5.279787000418778575e-01 5.036146862625355825e-01
3.694452861654000344e+02 5.249277337172717495e-01 5.001039551237272951e-01
3.707081286653999541e+02 5.218059608607985567e-01 4.965683602778616645e-01
3.719869498154000098e+02 5.184191492162016912e-01 4.930553651280244476e-01
3.732684612154000092e+02 5.149659785560283254e-01 4.895188617237898332e-01
3.745659512654000309e+02 5.112985298861687511e-01 4.860261408281228990e-01
3.758661316154000360e+02 5.075664665563159872e-01 4.825084274973072684e-01
3.771822906153999497e+02 5.036297652076457965e-01 4.790136089291829879e-01
3.785011398653999777e+02 4.996302301145599256e-01 4.754920577341634758e-01
3.798359677653999711e+02 4.954585171621188611e-01 4.719963177961249978e-01
3.823098644637999541e+02 4.875425750488208698e-01 4.655242251403285403e-01
3.837755021840999916e+02 4.827348185920721790e-01 4.616846540115815412e-01
3.851708924856999943e+02 4.780849848631500976e-01 4.580940016083967503e-01
3.876958480138000027e+02 4.695359262046233106e-01 4.515810918086987091e-01
3.890588066840999772e+02 4.648493139758940185e-01 4.480560399756546297e-01
3.905942142856999340e+02 4.595561688289337976e-01 4.441475844982090693e-01
3.931751768138000216e+02 4.505725393720579897e-01 4.375523296915036497e-01
3.943794496840999955e+02 4.463530729056490731e-01 4.344736190527172526e-01
3.946640392856999711e+02 4.453617249620091534e-01 4.337510944622396392e-01
3.963347805654000240e+02 4.395651622383936474e-01 4.295457111624045865e-01
3.987478499637999789e+02 4.311719515806262670e-01 4.234510383026274249e-01
4.002133599637999737e+02 4.261017249343765356e-01 4.197644957147193545e-01
4.021968217154000058e+02 4.193572994031672385e-01 4.148361082393826060e-01
4.043998819357000230e+02 4.119081235811424269e-01 4.093553683470451121e-01
4.059027299356999947e+02 4.069224972892321879e-01 4.056558913465491134e-01
4.082082142154000053e+02 3.994386582691930587e-01 4.000353139836034799e-01
4.101219064356999979e+02 3.932955609289461862e-01 3.953661153067535849e-01
4.105654051840999728e+02 3.919155553257154256e-01 3.942969944675934757e-01
4.117134164638000016e+02 3.883644627056948018e-01 3.915484863628006518e-01
4.143689587154000264e+02 3.803314588546389818e-01 3.852248337513825005e-01
4.160259369638000067e+02 3.753901967763512704e-01 3.812782156020533830e-01
4.176034609637999893e+02 3.709409148873508144e-01 3.776154611625655022e-01
4.202497964356999773e+02 3.636043670315206588e-01 3.714764406544124875e-01
4.215427306840999790e+02 3.601163991327154812e-01 3.684952499462604836e-01
4.219719884637999598e+02 3.589644672481820398e-01 3.675112991508669436e-01
4.238901087154000038e+02 3.540758188023795938e-01 3.631934929762560826e-01
4.262145169356999759e+02 3.482711913574657592e-01 3.579661297622022120e-01
4.270874006840999755e+02 3.461848524375442659e-01 3.560305019906789270e-01
4.280113849637999692e+02 3.439878699872510048e-01 3.539929538706835799e-01
4.304242317153999693e+02 3.384958446627343021e-01 3.487469246437646664e-01
4.322725824357000306e+02 3.343711225033568213e-01 3.447319551426388240e-01
4.326694081840999502e+02 3.335403607131722792e-01 3.438909595579640044e-01
4.341441254637999805e+02 3.304680922669319676e-01 3.407809313481080515e-01
4.367344544357000018e+02 3.252229410113732788e-01 3.353571763437649400e-01
4.382887536841000156e+02 3.221638821102838501e-01 3.321250542223917468e-01
4.386620049638000296e+02 3.214326031457819255e-01 3.313524144200886701e-01
4.405054492153999490e+02 3.180500555541184160e-01 3.276418437865296629e-01
4.429418709356999670e+02 3.136424922200893306e-01 3.227409710135386023e-01
4.439454371840999443e+02 3.119055604916588509e-01 3.207588432756531271e-01
4.449440969637999501e+02 3.101856448266882560e-01 3.187955464240950776e-01
4.474129502153999738e+02 3.061079905370952536e-01 3.140378281711999620e-01
4.492426319356999898e+02 3.031187947227282908e-01 3.105139844782403569e-01
4.496394581841000218e+02 3.025058057654799182e-01 3.097733356690669515e-01
4.513195334637999281e+02 2.999210966955808133e-01 3.066491014134125059e-01
4.538538554356999271e+02 2.960846899606468519e-01 3.019748644199073961e-01
4.553708171841000194e+02 2.938393670442399630e-01 2.992121325316952074e-01
4.559867639638000583e+02 2.929316199569357293e-01 2.980946345888927929e-01
4.580542352153999559e+02 2.900042801360548372e-01 2.944558742478770585e-01
4.603039679356999159e+02 2.868253799905644552e-01 2.904987447817169444e-01
4.611395136840999953e+02 2.856787407686528502e-01 2.890678722316805116e-01
4.625115519638000023e+02 2.838035611544429959e-01 2.867265484343688997e-01
4.650085364356999662e+02 2.804416740923916240e-01 2.825402459922994880e-01
4.668474254357000177e+02 2.779780599458114287e-01 2.794787999366044051e-01
4.672721274638000182e+02 2.774141611640779104e-01 2.787794372350663186e-01
4.691296849638000594e+02 2.749994123911713717e-01 2.758092305765226793e-01
4.716080004356999211e+02 2.717645576198322033e-01 2.718510649243876531e-01
4.727889211840999337e+02 2.702437608825936644e-01 2.700120418501317232e-01
4.739462664638000433e+02 2.687584683713294398e-01 2.682150493781078060e-01
4.764059129356999165e+02 2.656267336424545378e-01 2.644844872505076605e-01
4.783008089356999335e+02 2.631996025465365152e-01 2.616125184950874316e-01
4.788001864638000598e+02 2.625681098168726191e-01 2.608782853073769448e-01
4.807137504638000678e+02 2.601617782967712844e-01 2.580982708065595044e-01
4.831547279357000662e+02 2.570807348320429675e-01 2.545742596280484160e-01
4.845876791841000113e+02 2.552795712177416410e-01 2.525491698726380352e-01
4.856236769637999942e+02 2.539809187355392406e-01 2.510885474284602070e-01
4.880459859357000028e+02 2.509669662031173143e-01 2.477726224985808412e-01
4.905430656840999859e+02 2.478415349036674209e-01 2.443751934541810167e-01
4.925405124637999847e+02 2.453700039481596928e-01 2.417448681952451273e-01
4.949441524357000048e+02 2.423943500144086494e-01 2.386136512434041956e-01
4.965357896840999388e+02 2.404340643849668668e-01 2.365837154841382295e-01
4.975437839637999673e+02 2.391949393549996361e-01 2.353003102177166905e-01
4.999287549357000557e+02 2.362886450339037048e-01 2.323535218582856998e-01
5.025658511841000404e+02 2.330603847477276114e-01 2.291121938325519358e-01
5.046099704637999821e+02 2.305955025123977709e-01 2.266803535793102953e-01
5.069762724356999684e+02 2.277467605647794102e-01 2.238942466839577705e-01
5.086332506841000054e+02 2.257673384753751122e-01 2.219823669722077453e-01
5.097065864638000221e+02 2.244867079935676801e-01 2.207453207713986898e-01
5.120542194357000199e+02 2.217303782602402518e-01 2.181224900325682559e-01
5.141171354356999927e+02 2.192916800383633291e-01 2.158086815387450785e-01
5.148405399637999835e+02 2.184562574881956654e-01 2.150262815256990812e-01
5.169221244637999462e+02 2.160613325628167047e-01 2.127884686578826179e-01
5.192510884357001260e+02 2.133914464999875915e-01 2.103047883113407235e-01
5.208800631840999813e+02 2.115507241931244287e-01 2.086056780459922544e-01
5.221120844637999880e+02 2.101594549552446844e-01 2.073214099117344500e-01
5.244223799356999507e+02 2.076056613341171475e-01 2.049814830829272405e-01
5.265413029357000596e+02 2.052565184861053493e-01 2.028328417333031264e-01
5.273393829637999488e+02 2.043918222065065349e-01 2.020453270035080240e-01
5.294769744637999338e+02 2.021031678001586063e-01 1.999660946842048148e-01
5.317686009356999648e+02 1.996554115764141157e-01 1.977442823772242730e-01
5.332762276840999220e+02 1.980801639232498967e-01 1.963180705903246059e-01
5.347602794637999750e+02 1.965297782153789252e-01 1.949143876312510459e-01
5.370332369356999607e+02 1.942136397163793105e-01 1.928194118105416577e-01
5.392081659356999808e+02 1.920064332648153127e-01 1.908233823522132999e-01
5.400809219637999377e+02 1.911331570778774247e-01 1.900332664163137397e-01
5.422745204638000587e+02 1.889898737627604131e-01 1.880925160799242490e-01
5.445288084356999434e+02 1.867840564860681341e-01 1.860936501895927297e-01
5.458217426841000588e+02 1.855636918066087826e-01 1.849848628718173404e-01
5.476511699637999300e+02 1.838362872911916135e-01 1.834154322241369484e-01
5.498867894357000523e+02 1.817676709684361569e-01 1.815296736882552053e-01
5.521177254356999811e+02 1.797283359255864577e-01 1.796659497777447489e-01
5.552819802153999262e+02 1.769297071854694370e-01 1.770957154507050157e-01
5.585164824638000027e+02 1.741159946219351107e-01 1.744986691510574950e-01
5.607847564638000222e+02 1.722028278430803583e-01 1.727216845827255487e-01
5.629830379357000538e+02 1.703750944973771997e-01 1.710167673146740508e-01
5.649200501840999777e+02 1.688032558270785299e-01 1.695415048497782018e-01
5.662920884637999279e+02 1.676889275419674863e-01 1.684956612072311399e-01
5.684717009356999142e+02 1.659860910857456351e-01 1.668821225020243049e-01
5.707773124356999688e+02 1.641847400623822895e-01 1.651717676728183259e-01
5.718367574638000406e+02 1.633778994153355646e-01 1.644005501465642671e-01
5.741610384638000824e+02 1.616438671449948461e-01 1.627335959519319863e-01
5.763219824356999652e+02 1.600352547602579834e-01 1.611833060327018674e-01
5.778389436841000588e+02 1.589496031103364293e-01 1.601260838274044807e-01
5.797617149638000456e+02 1.575716115755750046e-01 1.587841793053766659e-01
5.819039899356999967e+02 1.560766025413405367e-01 1.573162803286075884e-01
5.842656089356999018e+02 1.544522063189132932e-01 1.557127799020107117e-01
5.853997299637999276e+02 1.536738063241648578e-01 1.549436320201503792e-01
5.876121241840999119e+02 1.522183583192473766e-01 1.534873627160168730e-01
5.899036229357000138e+02 1.506968616387270032e-01 1.519649612566523478e-01
5.910750819638000166e+02 1.499494263020476892e-01 1.512086669529471017e-01
5.934740379638000149e+02 1.484261990533396747e-01 1.496643303321525398e-01
5.955789749357001028e+02 1.471042336447249410e-01 1.483184168067469000e-01
5.974973181840999814e+02 1.459353804417986011e-01 1.471182585766873385e-01
5.992053969638000126e+02 1.448925462827782562e-01 1.460475201806208934e-01
6.012916649356999415e+02 1.436564010871285713e-01 1.447670619604322639e-01
6.037279594356999723e+02 1.422192040129935109e-01 1.432741867408723335e-01
6.049740939637999873e+02 1.414940187163553909e-01 1.425184753723905684e-01
6.074290569638000079e+02 1.401096798114490338e-01 1.410652136425326886e-01
6.107801284637999970e+02 1.382307002346112312e-01 1.390864831856969686e-01
6.132537604637999493e+02 1.368710481193410045e-01 1.376470690585837042e-01
6.153026909356999568e+02 1.357611084375785482e-01 1.364685037375525656e-01
6.174917336840999269e+02 1.346024147751944955e-01 1.352330518852566388e-01
6.191158024637999233e+02 1.337405051243197862e-01 1.343141030871043418e-01
6.211460639356999991e+02 1.326909686422092505e-01 1.331907645303714860e-01
6.236570339357000421e+02 1.313912880149094298e-01 1.317989081743740076e-01
6.250151819637999324e+02 1.306984364268731214e-01 1.310561378496729878e-01
6.275448204637999652e+02 1.294339605296354889e-01 1.296983556342907462e-01
6.295564124356999400e+02 1.284216925591456504e-01 1.286115229553182471e-01
6.310080326841000442e+02 1.277111751856355448e-01 1.278487918380143973e-01
6.335002064638000547e+02 1.264872009417966903e-01 1.265349190956921444e-01
6.354931299356999261e+02 1.255193739503508987e-01 1.254969268357354895e-01
6.378221891841000115e+02 1.244061074783400916e-01 1.243043663831657764e-01
6.394929299638000657e+02 1.236049731086342890e-01 1.234462422777380247e-01
6.414671844357000055e+02 1.226797439989418814e-01 1.224589885944728646e-01
6.440528304357000025e+02 1.214650105437099781e-01 1.211636938400197649e-01
6.455229919637999956e+02 1.207798964620548227e-01 1.204352222026958408e-01
6.480994306840999570e+02 1.195932037527194652e-01 1.191782728062909247e-01
6.515625156841000489e+02 1.180036096740672003e-01 1.175005778095029180e-01
6.542133749637999927e+02 1.167989601387317417e-01 1.162351751618779100e-01
6.561502919357000110e+02 1.159243907061029977e-01 1.153201681369021708e-01
6.584886856841000053e+02 1.148808286520433264e-01 1.142347135335850944e-01
6.603367814637999800e+02 1.140530999408140705e-01 1.133738087157731000e-01
6.622550294356998393e+02 1.132088636509994417e-01 1.125034537754026343e-01
6.649153504356999065e+02 1.120365999856843819e-01 1.112970628688066954e-01
6.664975254638000024e+02 1.113423716532936786e-01 1.105853708080619668e-01
6.689339476841000760e+02 1.102849541614096401e-01 1.095094735172178063e-01
6.710760949356999845e+02 1.093497818707971775e-01 1.085579872082856334e-01
6.726956074638000018e+02 1.086555966287442304e-01 1.078585316855175530e-01
6.753932664638001597e+02 1.074992644808179243e-01 1.066954507675335201e-01
6.772741764357001557e+02 1.066955431804688104e-01 1.058896903984812149e-01
6.794912226840999665e+02 1.057619216538932400e-01 1.049611461483461322e-01
6.816473559638000097e+02 1.048503283609146797e-01 1.040545181331221092e-01
6.835095969357000740e+02 1.040730828650665851e-01 1.032874224816742598e-01
6.862445939357000952e+02 1.029338695027572359e-01 1.021663227035477656e-01
6.879387824637999529e+02 1.022293504283266208e-01 1.014742607333010693e-01
6.901045046840999930e+02 1.013455593053525783e-01 1.006129283653107859e-01
6.925360204357000384e+02 1.003483227048502513e-01 9.964100720709952175e-02
6.942675469637999868e+02 9.964964012236235402e-02 9.896383052352683563e-02
6.970398814637999294e+02 9.853807107482739913e-02 9.788961396546344562e-02
6.988647844356999030e+02 9.780511477789398389e-02 9.718177932861755963e-02
7.008298001841000087e+02 9.703241531495378214e-02 9.644014967952571626e-02
7.034246529638000993e+02 9.600744011659718968e-02 9.545634753990103749e-02
7.052308869357001413e+02 9.530399109740965435e-02 9.478311928597894787e-02
7.080173346841000921e+02 9.423186560816446122e-02 9.375960975268426978e-02
7.116111021841001048e+02 9.286377218553694413e-02 9.245584242949188292e-02
7.144626689357000942e+02 9.179056768510268638e-02 9.143498050849539760e-02
7.163062089638000316e+02 9.110475251467517466e-02 9.078310903544728472e-02
7.188546441841000387e+02 9.017180112474033893e-02 8.989729722513989385e-02
7.209221159357001625e+02 8.941170246686609702e-02 8.917555925085042523e-02
7.228029934637999077e+02 8.873956575992054951e-02 8.853741102553182307e-02
7.256686729637999633e+02 8.771698272920416817e-02 8.756652440557231853e-02
7.274189004357000385e+02 8.709660187487672234e-02 8.697727363365015396e-02
7.298039666841000326e+02 8.627308835970430578e-02 8.619420276960243488e-02
7.322214649638000310e+02 8.543427147019551360e-02 8.539651454930388685e-02
7.339530234357000609e+02 8.484862208800705852e-02 8.483843151679941463e-02
7.368560404357000380e+02 8.387566991164031871e-02 8.391038923936236515e-02
7.388115939637999645e+02 8.322146797837252918e-02 8.328594467850493344e-02
7.408092961840999351e+02 8.257439397313363905e-02 8.266603399638562666e-02
7.434461699357000271e+02 8.171730423134790366e-02 8.184485401513594272e-02
7.454390614638000443e+02 8.108265709856349313e-02 8.123501486680963224e-02
7.482021891840998933e+02 8.021730943803105640e-02 8.040137146417390690e-02
7.500736369356999376e+02 7.962909867966307120e-02 7.983468574834844123e-02
7.521038664638000455e+02 7.901481099809992692e-02 7.923936751880072960e-02
7.550628904638000449e+02 7.811841066043447024e-02 7.837011359386623910e-02
7.567384419356999388e+02 7.761702917487925402e-02 7.788278549875583823e-02
7.593755386840999790e+02 7.684975713486873194e-02 7.713344902094740330e-02
7.617837019638000129e+02 7.614533790550337411e-02 7.644544632696929909e-02
7.634405849357000307e+02 7.567661836133021680e-02 7.598498600137978953e-02
7.664369469356998934e+02 7.483509178202614465e-02 7.515692128623105428e-02
7.685418519638000134e+02 7.424686804232358273e-02 7.457720261164237086e-02
7.706048951841000871e+02 7.368936354755104001e-02 7.402442359816066575e-02
7.731950964357000657e+02 7.298748493427831274e-02 7.332845379916910766e-02
7.753373394638000491e+02 7.241996198671407647e-02 7.276336325223783930e-02
7.781471396841000114e+02 7.168813447101890501e-02 7.203220461554558918e-02
7.799905844357000433e+02 7.120665577713101990e-02 7.155115739881531822e-02
7.821701649638000617e+02 7.065920504191600116e-02 7.100063253412783326e-02
7.852225334638000049e+02 6.989214553717010281e-02 7.022867729493494082e-02
7.868234094357000004e+02 6.949459727615917015e-02 6.982777594352733430e-02
7.895445161840999617e+02 6.883864206710112177e-02 6.916318340640559281e-02
7.921113654637999844e+02 6.821627673927486979e-02 6.853261467137941598e-02
7.936935724357000481e+02 6.784482177658511526e-02 6.815452812002749383e-02
7.967832789356999683e+02 6.712538824542223226e-02 6.742122383855386758e-02
7.990375354638000545e+02 6.660206482129468752e-02 6.688732970551912460e-02
8.009978996841000480e+02 6.616202784343784560e-02 6.643647870472339789e-02
8.037094489357000384e+02 6.555218668262850767e-02 6.581163832789244106e-02
8.060010434637999879e+02 6.504591548727862993e-02 6.529182517046946965e-02
8.086894956841000521e+02 6.446244279403745558e-02 6.469145291642207363e-02
8.106729569357000855e+02 6.403114400956511076e-02 6.424765998176783233e-02
8.130018889637999564e+02 6.354055626533786083e-02 6.374151855014648094e-02
8.161476024638000126e+02 6.287988102538924484e-02 6.305948023344033759e-02
8.176738029356999959e+02 6.256104060529275868e-02 6.273020134453030638e-02
8.203108991840999806e+02 6.202767348563867356e-02 6.217834596926019586e-02
8.232044544637999479e+02 6.143874428281658612e-02 6.156902809226581091e-02
8.247119859356999996e+02 6.113932977149419412e-02 6.125899561576415159e-02
8.278950374357000328e+02 6.051545831493191502e-02 6.061272484213515305e-02
8.302986454638000851e+02 6.004316752922372880e-02 6.012349414825223642e-02
8.319883101840999871e+02 5.972167573564021031e-02 5.979040754350460618e-02
8.349892279357000007e+02 5.914993660814685250e-02 5.919806583272457096e-02
8.374301734638000880e+02 5.868964629087623092e-02 5.872134730212610204e-02
8.398292571841000154e+02 5.824605845893064682e-02 5.826214901395818796e-02
8.421207559356998900e+02 5.782182672221213710e-02 5.782299828778621198e-02
8.445990394638000680e+02 5.737268246465657140e-02 5.735860696269980130e-02
8.477075421841000207e+02 5.681355733846721323e-02 5.678084516118729608e-02
8.492896219356999836e+02 5.652856630831081669e-02 5.648635612188049326e-02
8.518052429637999694e+02 5.608989232680879761e-02 5.603415491966451389e-02
8.550629694637999592e+02 5.551920818032335392e-02 5.544597497109216705e-02
8.564958254356999987e+02 5.527117583294761938e-02 5.519065501061745649e-02
8.596089796841000634e+02 5.474304559135372700e-02 5.464814533928750301e-02
8.623251804637999385e+02 5.427914990911410914e-02 5.417164938110929917e-02
8.637393674357000464e+02 5.404395834966921330e-02 5.393090200356186192e-02
8.670344319357000131e+02 5.349766855361738627e-02 5.337200786524712998e-02
8.696247284638000110e+02 5.306913141825440883e-02 5.293401234871790428e-02
8.715664236841000729e+02 5.275536895661586678e-02 5.261444855434293383e-02
8.743339799356999720e+02 5.230781436720417094e-02 5.215864427804048353e-02
8.769616149637998888e+02 5.188749998186120704e-02 5.173159823735701962e-02
8.795940606840998726e+02 5.147149257225117069e-02 5.131002137046936085e-02
8.816708664356999634e+02 5.114309119897884198e-02 5.097723317592433440e-02
8.843358389638000290e+02 5.073035875431856218e-02 5.056060094669167365e-02
8.876590346841001065e+02 5.021736114435206705e-02 5.004347627228444145e-02
8.917195251841000072e+02 4.960179177121908783e-02 4.942513911108807612e-02
8.951171414638000670e+02 4.908809069179143753e-02 4.891008188859866102e-02
8.964566524357001072e+02 4.888839263052872225e-02 4.871036603915699509e-02
8.998405061841000361e+02 4.839184842175147522e-02 4.821520988276629949e-02
9.039009966841000505e+02 4.779708214124293864e-02 4.762308684264728725e-02
9.073126304357001572e+02 4.730658484831861549e-02 4.713650966682998711e-02
9.100896164638000982e+02 4.690845205675044788e-02 4.674203963585400051e-02
9.120779841840999325e+02 4.662914126730494796e-02 4.646631821326461381e-02
9.148175369356999909e+02 4.624436914752280692e-02 4.608650744029670759e-02
9.176318609638000225e+02 4.585325664076848190e-02 4.570127341557705253e-02
9.202923101840999607e+02 4.548757845906423875e-02 4.534190898749906190e-02
9.223597814356999152e+02 4.520344451712091094e-02 4.506268796971974605e-02
9.252114429637999820e+02 4.481922611936428602e-02 4.468617645074169503e-02
9.285439731841000821e+02 4.437177226597185248e-02 4.424816204875527126e-02
9.299393634357001019e+02 4.418441262782559636e-02 4.406475560364418037e-02
9.328283629637999184e+02 4.380712857547440497e-02 4.369656076784547705e-02
9.363101169638000556e+02 4.334986782909739517e-02 4.325036157901089584e-02
9.375562834357000384e+02 4.318836653409531545e-02 4.309292076299441054e-02
9.410054781841000704e+02 4.274984053903166381e-02 4.266603053064656204e-02
9.439830439638001280e+02 4.236848243590433244e-02 4.229477431013278083e-02
9.452105419356998937e+02 4.221560331621319190e-02 4.214614878735069292e-02
9.487296334357000660e+02 4.177815316197264206e-02 4.172090539906225803e-02
9.516933084638000082e+02 4.141030625465162013e-02 4.136334893647727190e-02
9.535229906840997955e+02 4.118850694385088607e-02 4.114783944056928794e-02
9.564398984356998881e+02 4.083522443611057456e-02 4.080458036060754384e-02
9.594409114637999210e+02 4.047539920497813387e-02 4.045488736008347186e-02
9.619240051840999968e+02 4.018217304168623244e-02 4.016983718220584754e-02
9.641875004357000307e+02 3.991513303166698001e-02 3.991024508013277933e-02
9.672258514637998132e+02 3.956354914390344812e-02 3.956814982959253740e-02
9.703623576841000613e+02 3.920325811421762618e-02 3.921739181444455768e-02
9.719724409356999786e+02 3.901843810110164346e-02 3.903746228598460599e-02
9.750481299638000792e+02 3.867486844240027033e-02 3.870230078909239757e-02
9.786418974637999781e+02 3.827281840604142976e-02 3.830993795978505229e-02
9.797947194356999034e+02 3.814466223852788079e-02 3.818480598082022587e-02
9.831038971840998784e+02 3.778762807559496451e-02 3.783527424431634006e-02
9.865201824637999835e+02 3.741616853062604969e-02 3.747160117706446747e-02
9.876543354356998634e+02 3.729594383118543105e-02 3.735356590464426058e-02
9.912854404357001386e+02 3.691509329343829748e-02 3.697923825766868955e-02
9.944358049637999102e+02 3.658378338031417765e-02 3.665342971821931167e-02
9.959014426841000613e+02 3.643410581125325343e-02 3.650565405215852599e-02
9.992010634357000072e+02 3.609760881001233823e-02 3.617341736035135924e-02
1.002388765963799983e+03 3.577469938005851252e-02 3.585410909665270873e-02
1.004489146684100092e+03 3.556665477890989108e-02 3.564769892416421587e-02
1.007154023935700138e+03 3.530310832892660788e-02 3.538621074766637453e-02
1.010379064463799978e+03 3.498870859923788185e-02 3.507345822425957799e-02
1.013114188684099986e+03 3.472546619335621643e-02 3.481094439026549692e-02
1.015144322435700019e+03 3.453032403055928540e-02 3.461633408832624076e-02
1.018406698963799954e+03 3.422403156724734830e-02 3.430977717238600788e-02
1.021776566684100089e+03 3.390933087666512386e-02 3.399433061591212307e-02
1.023171958935699990e+03 3.377918169101071233e-02 3.386387010950276527e-02
1.026471674963800069e+03 3.348082964677267376e-02 3.356348272497631374e-02
1.030196124963800230e+03 3.314292643987920561e-02 3.322310451141984033e-02
1.031236933435699939e+03 3.304940792144706041e-02 3.312879109233228536e-02
1.034854146184099818e+03 3.273266353223131669e-02 3.280827286669364684e-02
1.038317103463800095e+03 3.242695505974826226e-02 3.249892426898488146e-02
1.039339246935699975e+03 3.233937684476981267e-02 3.241000148794766916e-02
1.043101034935700000e+03 3.201904746117450323e-02 3.208456128996773488e-02
1.046475422824400084e+03 3.173137755280956013e-02 3.179216064839322786e-02
1.047987732544700066e+03 3.160597706146592301e-02 3.166434846156782751e-02
1.051259351435699955e+03 3.133525822696709567e-02 3.138839833832832854e-02
1.054671079324399898e+03 3.105463917373871632e-02 3.110212529581228222e-02
1.056799462544699963e+03 3.088284703539992404e-02 3.092659061543299309e-02
1.059455006935700112e+03 3.066895696031542509e-02 3.070802360549792012e-02
1.062904073463799932e+03 3.039451742446718993e-02 3.042736171719779073e-02
1.065648531184099966e+03 3.017849147952302719e-02 3.020627897581132718e-02
1.067688001435700016e+03 3.001829251433619020e-02 3.004231960660277978e-02
1.071174407963800149e+03 2.974995413829139776e-02 2.976754545702075400e-02
1.074534941184100035e+03 2.949253494289600167e-02 2.950390385129456755e-02
1.075958334935700123e+03 2.938371141767431860e-02 2.939244522533477830e-02
1.079482076463800013e+03 2.912057027554866562e-02 2.912298534248366350e-02
1.083337208963799867e+03 2.883182627025483030e-02 2.882733047593831130e-02
1.084266007435699976e+03 2.876264309459341736e-02 2.875650011457707086e-02
1.087948561184099844e+03 2.849574487712037626e-02 2.848348911098552358e-02
1.091700884963799808e+03 2.822148542234782440e-02 2.820296081745073818e-02
1.092611013435699988e+03 2.815653763779600235e-02 2.813662351286204746e-02
1.096503483935700160e+03 2.788114768419464387e-02 2.785543858276488122e-02
1.100101900463799893e+03 2.762559797019907559e-02 2.759459516986288719e-02
1.101418186184100023e+03 2.753418929211002425e-02 2.750150286016657397e-02
1.104904497935699965e+03 2.729269280320300098e-02 2.725555109754560293e-02
1.108540254463800238e+03 2.704136333682523319e-02 2.699981084383070232e-02
1.110453946184100005e+03 2.691122721813272653e-02 2.686768388138240440e-02
1.113342850935699971e+03 2.671529331707658828e-02 2.666875001211199692e-02
1.117015943824399983e+03 2.646842560391077237e-02 2.641848556363760384e-02
1.119527042544699952e+03 2.630177026840531049e-02 2.624985866219475827e-02
1.121818542935699952e+03 2.615010717054909103e-02 2.609640149367842624e-02
1.125528972081699976e+03 2.590777689697161892e-02 2.585175772297352084e-02
1.128637473801999931e+03 2.570583814879214002e-02 2.564818941405046931e-02
1.130331568435699864e+03 2.559604870960503070e-02 2.553751542864418286e-02
1.134079339963800066e+03 2.535772434356907412e-02 2.529797515405314209e-02
1.137785246184099833e+03 2.512205829176782437e-02 2.506131844537917014e-02
1.138881933435699921e+03 2.505247683543852452e-02 2.499144490321253756e-02
1.142667042581699889e+03 2.481824461318971747e-02 2.475705843236026410e-02
1.146671526081699994e+03 2.456901056688086046e-02 2.450773182969009922e-02
1.147469641935699883e+03 2.451990750449906109e-02 2.445867519029806467e-02
1.151492794935699976e+03 2.427706191216199086e-02 2.421663128485695288e-02
1.155315236463800147e+03 2.404457522548524365e-02 2.398493188707065404e-02
1.156192801184099835e+03 2.399262012645957121e-02 2.393332109581084929e-02
1.160136501435699984e+03 2.375981718998558534e-02 2.370208064348677465e-02
1.163996285581700022e+03 2.353161466629061227e-02 2.347553147320650610e-02
1.165452588802000037e+03 2.344728473634727708e-02 2.339201765746474690e-02
1.168817551935699839e+03 2.325300392563696070e-02 2.319963378529792813e-02
1.172714673463799954e+03 2.302902086311862592e-02 2.297802772533258028e-02
1.174749711184100306e+03 2.291404487145833058e-02 2.286446956719454665e-02
1.177535936435700023e+03 2.275707612026586432e-02 2.270944967087211788e-02
1.181470397963799769e+03 2.253756673209554584e-02 2.249288620477171013e-02
1.184084176184100215e+03 2.239334495608535230e-02 2.235075557665441512e-02
1.186291664435699886e+03 2.227189427697982144e-02 2.223107533371728936e-02
1.190263458581699979e+03 2.205678718152200707e-02 2.201932111546207188e-02
1.193455973801999789e+03 2.188492791827994360e-02 2.185024025746820989e-02
1.195084726935699791e+03 2.179750166508687831e-02 2.176423303312596466e-02
1.199093858463799961e+03 2.158697463297925070e-02 2.155730392534695172e-02
1.202865106184099886e+03 2.138909416886399309e-02 2.136284921295932004e-02
1.203915122935700083e+03 2.133414465900337204e-02 2.130885299334564845e-02
1.207961595824400092e+03 2.112799289813855480e-02 2.110638536792280862e-02
1.212115430824400164e+03 2.091531246619507400e-02 2.089750789654018157e-02
1.212782862935699995e+03 2.088150977179509954e-02 2.086431015026134900e-02
1.216955366935699885e+03 2.067505612771282364e-02 2.066157594167667214e-02
1.221039176081699907e+03 2.047144023013654224e-02 2.046161868829551173e-02
1.221795393801999808e+03 2.043493606557785988e-02 2.042575451630876046e-02
1.225879109935699944e+03 2.023849587601355554e-02 2.023277338165606343e-02
1.230000257824400251e+03 2.003997600020086811e-02 2.003771490710032008e-02
1.231316542544700269e+03 1.997818076682155233e-02 1.997694803167588892e-02
1.234840191935699977e+03 1.981331887886775972e-02 1.981483861259460827e-02
1.238998678463799934e+03 1.961947317934559232e-02 1.962414541775249141e-02
1.240875031184099953e+03 1.953367540571678343e-02 1.953965797513182792e-02
1.243838612435700043e+03 1.939867348455824245e-02 1.940672348537431438e-02
1.248034436581700220e+03 1.920951262698546505e-02 1.922031367704852764e-02
1.250470858802000066e+03 1.910136470300017805e-02 1.911362875867481798e-02
1.252874372435700025e+03 1.899505710741652628e-02 1.900876132211693631e-02
1.257107533963800051e+03 1.881065374546973465e-02 1.882663430286609860e-02
1.260104021184100020e+03 1.868133042726855680e-02 1.869878627544984892e-02
1.261947465935699938e+03 1.860207417131757093e-02 1.862043459758959060e-02
1.266217967463799823e+03 1.842231731228605868e-02 1.844242586731483988e-02
1.269774526184099841e+03 1.827322266824352170e-02 1.829466931211606168e-02
1.271057903435699927e+03 1.821962277370817174e-02 1.824155013315786888e-02
1.275365739963800024e+03 1.804455646659011356e-02 1.806767177519594605e-02
1.279482366184099874e+03 1.787705382586131375e-02 1.790122678202023601e-02
1.280205674935700017e+03 1.784772042212950244e-02 1.787207846504967890e-02
1.284550847824399852e+03 1.767690752800557541e-02 1.770187991601339730e-02
1.288872703324399936e+03 1.750578772785243639e-02 1.753135207870947995e-02
1.289390785435700082e+03 1.748577709257144452e-02 1.751137193937507205e-02
1.293731311435700036e+03 1.732053902502462758e-02 1.734622264889174731e-02
1.298113822963799976e+03 1.715284193028156559e-02 1.717857163901583689e-02
1.299010056184099994e+03 1.711946336510624181e-02 1.714511600365415181e-02
1.302972421435700198e+03 1.697250160147041609e-02 1.699780391025972059e-02
1.307392272963799996e+03 1.680874730172798870e-02 1.683356152266428721e-02
1.308829911184099956e+03 1.675687355358739319e-02 1.678141944514813244e-02
1.312250881435699966e+03 1.663397326162899259e-02 1.665787299267350308e-02
1.316708067963799976e+03 1.647462883501951345e-02 1.649755244835695439e-02
1.318687101184100129e+03 1.640510951640469783e-02 1.642748839833841137e-02
1.321566671435700073e+03 1.630437833670915493e-02 1.632595894233830267e-02
1.326061195581700076e+03 1.614887035350475245e-02 1.616905302062498356e-02
1.328581628802000068e+03 1.606289591378228312e-02 1.608219744171465390e-02
1.330919801435700037e+03 1.598345361723627414e-02 1.600193393009121529e-02
1.335451662963799890e+03 1.583169813530008532e-02 1.584843664311414921e-02
1.338513491184100076e+03 1.572998898509713958e-02 1.574547652679549395e-02
1.340310266435699987e+03 1.567057499427567183e-02 1.568532636169035072e-02
1.344879469324400134e+03 1.552237824133081805e-02 1.553513107133082383e-02
1.348482697544699931e+03 1.540589346604215142e-02 1.541702223758235901e-02
1.349738071435699794e+03 1.536547965106557258e-02 1.537604182891335984e-02
1.354344610581699953e+03 1.522068821187558610e-02 1.522909396037593066e-02
1.358489238802000045e+03 1.509023113929947729e-02 1.509667155209394943e-02
1.359203216435700142e+03 1.506785014631948846e-02 1.507395215039694647e-02
1.363847094324399905e+03 1.492598693350921310e-02 1.492987545757454813e-02
1.368336969324399888e+03 1.478793940649247157e-02 1.478967371360489363e-02
1.368705696435700020e+03 1.477680194938030961e-02 1.477836261315610723e-02
1.373214241435699932e+03 1.464295237914668181e-02 1.464241669570013477e-02
1.377895457963800027e+03 1.450311628796894375e-02 1.450040142530601393e-02
1.378614336184100011e+03 1.448216621258878456e-02 1.447913738337802333e-02
1.382772726435699951e+03 1.436154578692351580e-02 1.435669978143054581e-02
1.387491280581699812e+03 1.422441683443565613e-02 1.421753847752881862e-02
1.388732893801999808e+03 1.418906194532938009e-02 1.418169369666905447e-02
1.392368556435699929e+03 1.408607907168432476e-02 1.407727655295665757e-02
1.397124447963800094e+03 1.395165147774501957e-02 1.394104654284991814e-02
1.398888786184100127e+03 1.390257854302153102e-02 1.389137375080646934e-02
1.402001716435700018e+03 1.381635029585951552e-02 1.380408817598877819e-02
1.406794947963800041e+03 1.368437037950002294e-02 1.367060668789743701e-02
1.409082021184100086e+03 1.362216238808835501e-02 1.360776968793757195e-02
1.411672221435700067e+03 1.355209560910468694e-02 1.353699184606554223e-02
1.416502785581699982e+03 1.342249207221786131e-02 1.340624251905720050e-02
1.419312588801999937e+03 1.334759892858122625e-02 1.333077816274265762e-02
1.421380061435699872e+03 1.329273517259568424e-02 1.327549542777792420e-02
1.426247962963800092e+03 1.316506016178279649e-02 1.314706572139916554e-02
1.429580491184100083e+03 1.307792640195543782e-02 1.305950688209788109e-02
1.431125236435700117e+03 1.303774345483458760e-02 1.301912795760336305e-02
1.436030480581699976e+03 1.291241854798218583e-02 1.289345518116487982e-02
1.439885738802000105e+03 1.281398469267529087e-02 1.279482397403499533e-02
1.440907751435699993e+03 1.278802532208830195e-02 1.276881296191636171e-02
1.445850332963799929e+03 1.266485898375694502e-02 1.264570216584556470e-02
1.450228321184100196e+03 1.255535447172139059e-02 1.253629835393674230e-02
1.450727601435700080e+03 1.254291785029632358e-02 1.252387341444522253e-02
1.455684073215400076e+03 1.242226484985885920e-02 1.240365446358005636e-02
1.460584796435700127e+03 1.230221619732780637e-02 1.228407006713970982e-02
1.465280031435700039e+03 1.219014391507488790e-02 1.217271326465839236e-02
1.470297284324399925e+03 1.206976187104613282e-02 1.205312798766131066e-02
1.471025497544700102e+03 1.205266803103261994e-02 1.203618220157324538e-02
1.475193226435700126e+03 1.195528681707005644e-02 1.193965106769079992e-02
1.480247822963799990e+03 1.183699886728161593e-02 1.182244097572121219e-02
1.481480096184100148e+03 1.180870521231016171e-02 1.179444776643478673e-02
1.485143761435700071e+03 1.172501553451156357e-02 1.171165350023428350e-02
1.490235692963800147e+03 1.160896151742066978e-02 1.159689160336211528e-02
1.491972031184099933e+03 1.157001488978991362e-02 1.155841765464150385e-02
1.495131636435700102e+03 1.149952431473356788e-02 1.148878889741167600e-02
1.500260902963800163e+03 1.138561622986954125e-02 1.137631370008418234e-02
1.502501301184100157e+03 1.133638378016977102e-02 1.132772625120256026e-02
1.505156846435699890e+03 1.127832872881965633e-02 1.127043699610207755e-02
1.510323452963799809e+03 1.116630009476196270e-02 1.115990779471417657e-02
1.513067911184100012e+03 1.110724264165453487e-02 1.110165169458176768e-02
1.515219396435699991e+03 1.106118352068522284e-02 1.105622166572163209e-02
1.520423342963799996e+03 1.095110761250918038e-02 1.094764009571970800e-02
1.523671861184100180e+03 1.088271303767470929e-02 1.088016928260176867e-02
1.525319281435700077e+03 1.084822277165352518e-02 1.084614805286983168e-02
1.530560562963800066e+03 1.074054162753228930e-02 1.073988784419690340e-02
1.534313146184100106e+03 1.066366309313275355e-02 1.066400868110744735e-02
1.535456506435700021e+03 1.064035354795583865e-02 1.064100395821910780e-02
1.540735124324400203e+03 1.053449770030656998e-02 1.053643702629730033e-02
1.544991767544699997e+03 1.044891737772163723e-02 1.045187659505110271e-02
1.545631066435700177e+03 1.043612952831553427e-02 1.043924205234903271e-02
1.550947024324400218e+03 1.033271149113022640e-02 1.033693096423327420e-02
1.555810279324399971e+03 1.023768517594332052e-02 1.024290390877969845e-02
1.560827443215399853e+03 1.014247625515285120e-02 1.014852958715052600e-02
1.566078187963800019e+03 1.004226429446045121e-02 1.004917440305796821e-02
1.570978777963799985e+03 9.951586063462301499e-03 9.959098096605608491e-03
1.576378781435699921e+03 9.851402585712137200e-03 9.859542976651513788e-03
1.581298041435700043e+03 9.762651740939490980e-03 9.771182443372921494e-03
1.586702696435699863e+03 9.665292827374364140e-03 9.674195875449978152e-03
1.591640626435699915e+03 9.578465812156830919e-03 9.587549499669670988e-03
1.597063946435700018e+03 9.483485066485160958e-03 9.492691861843666895e-03
1.602020546435699998e+03 9.398200653747135203e-03 9.407384404489455357e-03
1.607462536435700258e+03 9.305499716386701758e-03 9.314571303519123685e-03
1.609847601184100085e+03 9.265432049558628563e-03 9.274403157217772295e-03
1.612498462963800193e+03 9.221135028754892660e-03 9.229994275499314380e-03
1.617898466435699902e+03 9.131783416186626048e-03 9.140323013046335390e-03
1.620787591184099938e+03 9.084387903159478819e-03 9.092710788944635691e-03
1.622971727963800049e+03 9.048737335774719934e-03 9.056896074187836473e-03
1.628371731435699985e+03 8.961803998495620344e-03 8.969467043752496482e-03
1.631764917544699983e+03 8.907495416475690389e-03 8.914809819438252597e-03
1.633482329324399871e+03 8.880160205530854278e-03 8.887297710236349499e-03
1.638882331435700053e+03 8.795711467279289375e-03 8.802213111316263203e-03
1.642779578802000060e+03 8.734927262280769988e-03 8.740943305491688520e-03
1.644030270581700279e+03 8.715506151326091883e-03 8.721365933184791613e-03
1.649430271435700206e+03 8.633255412764327327e-03 8.638376776259743678e-03
1.653831581184099832e+03 8.566140957710549619e-03 8.570643440200701596e-03
1.654615552963800155e+03 8.554248312074535024e-03 8.558640211696017658e-03
1.660015556435699864e+03 8.474237902347837859e-03 8.477826768990514433e-03
1.664920923802000061e+03 8.401254053217383985e-03 8.404103922890326234e-03
1.665238165581699832e+03 8.396556384176941459e-03 8.399358298154090824e-03
1.670488688215400089e+03 8.320807583870763746e-03 8.322803027201678555e-03
1.675725446435700178e+03 8.244758399020368431e-03 8.245944439813501434e-03
1.676047596184100030e+03 8.240201301182395813e-03 8.241338263060542929e-03
1.681004067963800026e+03 8.170415978341978927e-03 8.170797713267641607e-03
1.686404071435700189e+03 8.094053776263977068e-03 8.093612667127858193e-03
1.687211613802000102e+03 8.082905997795264419e-03 8.082346989870694762e-03
1.691720030581699802e+03 8.020959467304532992e-03 8.019740571669422766e-03
1.697120031435699957e+03 7.946630446045967189e-03 7.944629959879451891e-03
1.698412966184100014e+03 7.929159065047671970e-03 7.926983247349228198e-03
1.702473332963800203e+03 7.874520879579764362e-03 7.871792572950470773e-03
1.707873336435699912e+03 7.801964066833534141e-03 7.798521469321544400e-03
1.709651661184099794e+03 7.778462129971013862e-03 7.774803148647113117e-03
1.713263967963799814e+03 7.730956385757527249e-03 7.726856121175962322e-03
1.718663971435699978e+03 7.660247007614279235e-03 7.655521237372879366e-03
1.720927688802000148e+03 7.630994200943908533e-03 7.626031290096092242e-03
1.724091940581699873e+03 7.590292302729555185e-03 7.584996436712273214e-03
1.729491941435699800e+03 7.521360137123014704e-03 7.515543831394755521e-03
1.732241051184099888e+03 7.486640425819977504e-03 7.480588000397928906e-03
1.734957252963800101e+03 7.452486006786981053e-03 7.446199139159372961e-03
1.740357256435699810e+03 7.385218693900221822e-03 7.378527746460363315e-03
1.743591757544700158e+03 7.345194702148254672e-03 7.338292349532698523e-03
1.745859904324400077e+03 7.317265215235056221e-03 7.310213836342288260e-03
1.751259906435700259e+03 7.251696088630255228e-03 7.244364490961415284e-03
1.754979798802000005e+03 7.206750450552562755e-03 7.199255227778346422e-03
1.756799890581699856e+03 7.184839824716441996e-03 7.177264058859962950e-03
1.762199891435699783e+03 7.120815749771857404e-03 7.113085400946249186e-03
1.766405178801999909e+03 7.071021649958497864e-03 7.063196254303245880e-03
1.767777220581699794e+03 7.054842437353677984e-03 7.046985812558456685e-03
1.773177221435699948e+03 6.992355040390853434e-03 6.984467774550886382e-03
1.777867896184099891e+03 6.938006566971980683e-03 6.930112053305557442e-03
1.778791882963799935e+03 6.927347984901522683e-03 6.919451994243336172e-03
1.784191886435700098e+03 6.866351601609340174e-03 6.858542578416655308e-03
1.789367953801999647e+03 6.807635213799114945e-03 6.799921239708568536e-03
1.789843885581700079e+03 6.802257230164803804e-03 6.794552019373143424e-03
1.795243886435700006e+03 6.742720295600939349e-03 6.735211027329756142e-03
1.800905346184099926e+03 6.679948066157992068e-03 6.672653476081707655e-03
1.806263202963800268e+03 6.622244862614521700e-03 6.615234172183089185e-03
1.811663206435699976e+03 6.563790886568942294e-03 6.557073996330954439e-03
1.812480081184100072e+03 6.555144110127530954e-03 6.548481980941095806e-03
1.817408547963799947e+03 6.503159108499396643e-03 6.496827388148548182e-03
1.822808551435700110e+03 6.446073859883051128e-03 6.440115228558975294e-03
1.824092151184099976e+03 6.432790284008714846e-03 6.426932192654400897e-03
1.828591232963800167e+03 6.386384399205463115e-03 6.380879219585921386e-03
1.833991236435699875e+03 6.330708247029196573e-03 6.325638273962505206e-03
1.835741557544699845e+03 6.312982706112203399e-03 6.308064122451727089e-03
1.839811254324399897e+03 6.271921424515859711e-03 6.267355625243027119e-03
1.845211256435699852e+03 6.217606812367482833e-03 6.213518322278464671e-03
1.847428301184100064e+03 6.195636716238351639e-03 6.191751150044787037e-03
1.851068612963799978e+03 6.159693864200973742e-03 6.156142388729539741e-03
1.856468616435700142e+03 6.106705441668399369e-03 6.103652996856884574e-03
1.859152386184100124e+03 6.080699391459773624e-03 6.077897154104396418e-03
1.862363312963799899e+03 6.049713941759888788e-03 6.047211960802320770e-03
1.867763316435700062e+03 5.998090733769307660e-03 5.996089636352563979e-03
1.870913806184099940e+03 5.968276468602020692e-03 5.966565419268427331e-03
1.873695347963800259e+03 5.942029650145326178e-03 5.940575502366404574e-03
1.879095351435699968e+03 5.891702467320389380e-03 5.890731701441053424e-03
1.882712563802000204e+03 5.858247253305255697e-03 5.857593444210724976e-03
1.885064720581700158e+03 5.836583582974863051e-03 5.836136570608780293e-03
1.890464721435700085e+03 5.787587416965162337e-03 5.787586855508123490e-03
1.894548656184100309e+03 5.750695863121220441e-03 5.751022963520268511e-03
1.896471427963800124e+03 5.733384038076757248e-03 5.733865930137166389e-03
1.901871431435699833e+03 5.685600237615330045e-03 5.686476331077198847e-03
1.906422093802000063e+03 5.645396503273843181e-03 5.646594244350757949e-03
1.907915480581699967e+03 5.632256819612764358e-03 5.633560477777032477e-03
1.913315481435699894e+03 5.585763392624191505e-03 5.587394607598925901e-03
1.918332863802000020e+03 5.542525167982876276e-03 5.544451179687656835e-03
1.919396865581700013e+03 5.533390194781904158e-03 5.535378940743527869e-03
1.924796866435700167e+03 5.488147589807754363e-03 5.490386915000645442e-03
1.930280973801999608e+03 5.442027200207188824e-03 5.444515280895692588e-03
1.930915590581699917e+03 5.436709743712768092e-03 5.439226718267169830e-03
1.936315591435699844e+03 5.392610302104561791e-03 5.395294197251535549e-03
1.941869596435699805e+03 5.346935702429529182e-03 5.349791384525535119e-03
1.942471652963800125e+03 5.342083624523245693e-03 5.344952116794449148e-03
1.948044327963800015e+03 5.297723617537826273e-03 5.300682219718640988e-03
1.953444331435699723e+03 5.254492570302000433e-03 5.257535507760149711e-03
1.954289208802000076e+03 5.247906030570026643e-03 5.250950162734337179e-03
1.959656395581700053e+03 5.206188270486365559e-03 5.209240017912884248e-03
1.965056396435699980e+03 5.164089340465598602e-03 5.167139648191695044e-03
1.966349331184100265e+03 5.154233172441748632e-03 5.157267396866074827e-03
1.971305802963800033e+03 5.116531214384524573e-03 5.119503860831828637e-03
1.976705806435699969e+03 5.075446193390661075e-03 5.078337807143185230e-03
1.978446796184100322e+03 5.062473255096435788e-03 5.065321177730850236e-03
1.982992547963800234e+03 5.028717217380533101e-03 5.031451016529747342e-03
1.988392551435700170e+03 4.988714950878500067e-03 4.991296407420136791e-03
1.990581593802000043e+03 4.972779717393401716e-03 4.975282310256480371e-03
1.994716630581700429e+03 4.942764013405007671e-03 4.945117470633092135e-03
2.000116631435700356e+03 4.903761478584861382e-03 4.905902970871847506e-03
2.002753726184099833e+03 4.884995022598813928e-03 4.887018257598562190e-03
2.006478052963799882e+03 4.858594382440625109e-03 4.860450306846792433e-03
2.011878056435700046e+03 4.820599375321575966e-03 4.822197167706715991e-03
2.014963203802000180e+03 4.799143040691715260e-03 4.800581988715981428e-03
2.018276810581700374e+03 4.776187251428936145e-03 4.777455218116076312e-03
2.023676811435700074e+03 4.739130593966220210e-03 4.740109023939196274e-03
2.027210016184099914e+03 4.715090038469929405e-03 4.715872083792326669e-03
2.030112907963799898e+03 4.695400226483396021e-03 4.696020501950250864e-03
2.035512911435700062e+03 4.659248304665995072e-03 4.659563694911398636e-03
2.039494171184099969e+03 4.632777931719888123e-03 4.632865953358995814e-03
2.041986342963800098e+03 4.616253861903561392e-03 4.616199152870527518e-03
2.047386346435700034e+03 4.580949094086610857e-03 4.580589694982895380e-03
2.051815657544699661e+03 4.552094384718060813e-03 4.551485942368924294e-03
2.053897114324400263e+03 4.538587939461796728e-03 4.537862081761299266e-03
2.059297116435699991e+03 4.504107905964187600e-03 4.503091648621621555e-03
2.064174481184099932e+03 4.472990087616491792e-03 4.471714521749587008e-03
2.065845222963799642e+03 4.462359465598863227e-03 4.460994740791451862e-03
2.071245226435700260e+03 4.428639667385147853e-03 4.427011587669884771e-03
2.076570646184100042e+03 4.395343256468444045e-03 4.393458966820687137e-03
2.077830667963800352e+03 4.387494308920063604e-03 4.385549136433082584e-03
2.083230671435700060e+03 4.354563852317463665e-03 4.352393586826817581e-03
2.089004147544700118e+03 4.319219228774384862e-03 4.316810516877485175e-03
2.095230232544700357e+03 4.281931030681533808e-03 4.279309202936478623e-03
2.101068826435700430e+03 4.246839538023537697e-03 4.244023293470227699e-03
2.101913577963799980e+03 4.241827049960244372e-03 4.238986273056063146e-03
2.107719741184099803e+03 4.207830453710196227e-03 4.204849103333349776e-03
2.113983166184099900e+03 4.171035230600992315e-03 4.167909321870928371e-03
2.119863747963800051e+03 4.137312848579428708e-03 4.134098799684951184e-03
2.125263751435700215e+03 4.106221860673909055e-03 4.102930449870647971e-03
2.126528681184100151e+03 4.099088800182973565e-03 4.095790329277423231e-03
2.132017212963800375e+03 4.068204985202387297e-03 4.064875555564818020e-03
2.137417216435700084e+03 4.037738568750366165e-03 4.034385830126378802e-03
2.139111533801999940e+03 4.028320686634633864e-03 4.024973701559052437e-03
2.144208020581700112e+03 4.000077664045864623e-03 3.996747540530723626e-03
2.149608021435699811e+03 3.970182992765167868e-03 3.966880922452379124e-03
2.151731723802000033e+03 3.958648062983090472e-03 3.955370789225356662e-03
2.156436165581700152e+03 3.933163209959118604e-03 3.929940434062901763e-03
2.161836166435699852e+03 3.903983410043905273e-03 3.900835259708921969e-03
2.164389251184100431e+03 3.890390990069345599e-03 3.887291254402223430e-03
2.168701647963800042e+03 3.867503744553255421e-03 3.864485422985697218e-03
2.174101651435700205e+03 3.838961998384276403e-03 3.836058326733753597e-03
2.177084121184099786e+03 3.823369835339963073e-03 3.820541007530655567e-03
2.181004467963799925e+03 3.802923316280590414e-03 3.800192635685210180e-03
2.186404471435700088e+03 3.774954848227831360e-03 3.772371166019997720e-03
2.189816326184100035e+03 3.757459691617342709e-03 3.754977936431236861e-03
2.193344622963799793e+03 3.739415011570293174e-03 3.737038543798986562e-03
2.198744626435699956e+03 3.712037672685760022e-03 3.709831778283244515e-03
2.202585867544700250e+03 3.692709561559738562e-03 3.690631175902317658e-03
2.205722119324399955e+03 3.676974265769445468e-03 3.674999969342796109e-03
2.211122121435699682e+03 3.650227341540410349e-03 3.648438520499349726e-03
2.215392746184099906e+03 3.629220430775571306e-03 3.627581908973456348e-03
2.218136952963800013e+03 3.615767661905044863e-03 3.614225799558880032e-03
2.223536956435700176e+03 3.589683757212193752e-03 3.588333331035057847e-03
2.228236966184099856e+03 3.567064058564565088e-03 3.565881306915229688e-03
2.230589122963800037e+03 3.555754510858633553e-03 3.554655802748420135e-03
2.235989126435699745e+03 3.530094410230069212e-03 3.529185104713628614e-03
2.241118523802000254e+03 3.505726120295058444e-03 3.504996363546480920e-03
2.243078630581700054e+03 3.496445031989891573e-03 3.495784064745896189e-03
2.248478631435700208e+03 3.471486822899516947e-03 3.471005974220109629e-03
2.254037416184099584e+03 3.445807598236302026e-03 3.445511057496972521e-03
2.255605477963800240e+03 3.438582984278304184e-03 3.438338615567862293e-03
2.261005481435699949e+03 3.414208961795066506e-03 3.414128844388680719e-03
2.266993651184100145e+03 3.387102012524316128e-03 3.387203227543312840e-03
2.268169662963799965e+03 3.381791359975930018e-03 3.381928353840161355e-03
2.273569666435700128e+03 3.357927479680363706e-03 3.358207982557970955e-03
2.279665071435699701e+03 3.330846995944705766e-03 3.331289962484183364e-03
2.280771185581700138e+03 3.325978563773148659e-03 3.326449692423709935e-03
2.286493333802000507e+03 3.301262299365270974e-03 3.301859952557406087e-03
2.292285256435700376e+03 3.276097824833041228e-03 3.276824172818209625e-03
2.293410042963800151e+03 3.271296440959778600e-03 3.272044390384381499e-03
2.299542782963800164e+03 3.245396425095029708e-03 3.246251424153457493e-03
2.306086242963800032e+03 3.217722037803372528e-03 3.218685981331400464e-03
2.312237652963849996e+03 3.192292007779449180e-03 3.193332735590713022e-03
2.317637656435750159e+03 3.169898455569843555e-03 3.171004730065137955e-03
2.319191956184099581e+03 3.163608109326694444e-03 3.164725848315160048e-03
2.324969857963799768e+03 3.140244126946401676e-03 3.141404646758221616e-03
2.330369861435700386e+03 3.118375320287703530e-03 3.119571855593342938e-03
2.332334876184100267e+03 3.110575517663677521e-03 3.111776659509609376e-03
2.337739397963800002e+03 3.089217010007189526e-03 3.090431124016698207e-03
2.343139401435700165e+03 3.067925171726647218e-03 3.069146478138283334e-03
2.345515133801999582e+03 3.058748776505427255e-03 3.059964302381732153e-03
2.350546280581700103e+03 3.039280270899920658e-03 3.040483884774387077e-03
2.355946281435700257e+03 3.018413780110624275e-03 3.019597539409782632e-03
2.358732726184100102e+03 3.007807843772440735e-03 3.008972650918752441e-03
2.363390497963800044e+03 2.990178833743747672e-03 2.991312245576108371e-03
2.368790501435699753e+03 2.969870720615262662e-03 2.970959725526577198e-03
2.371987663802000043e+03 2.958009677727368308e-03 2.959064238693740953e-03
2.376272055581699988e+03 2.942095798150579523e-03 2.943104406561642631e-03
2.381672056435700142e+03 2.922182489916816915e-03 2.923125054009998672e-03
2.385279933801999960e+03 2.909051447878017831e-03 2.909942940450120554e-03
2.389190945581699907e+03 2.894874127026086236e-03 2.895710376853251854e-03
2.394590946435700062e+03 2.875540441706231267e-03 2.876292658136484458e-03
2.398609543801999735e+03 2.861315807742813733e-03 2.861999880461013179e-03
2.402147180581700013e+03 2.848819469845967518e-03 2.849443593285696727e-03
2.407547181435700168e+03 2.829873540810682805e-03 2.830399875794632931e-03
2.411976491184100269e+03 2.814394354860374169e-03 2.814836604612646655e-03
2.415140747963800095e+03 2.803354457687975282e-03 2.803736582655746816e-03
2.420540751435699804e+03 2.784858486454547515e-03 2.785133474176883922e-03
2.425380781184099760e+03 2.768414389718538114e-03 2.768590912426013677e-03
2.428171657963800499e+03 2.758946899428214600e-03 2.759066541465053472e-03
2.433571661435700207e+03 2.740848974404199410e-03 2.740856474554866605e-03
2.438822406184099691e+03 2.723279837279153886e-03 2.723177116707039234e-03
2.441239902963799977e+03 2.715204155778772836e-03 2.715050540677497234e-03
2.446639906435700141e+03 2.697525069102966501e-03 2.697258753903456277e-03
2.452301366184100061e+03 2.679017316476657497e-03 2.678632581716472102e-03
2.454345482963799441e+03 2.672347340648083356e-03 2.671919683907062956e-03
2.459745486435700059e+03 2.655038234847808057e-03 2.654501819479808747e-03
2.465817666184100290e+03 2.635550604717097536e-03 2.634892059498693088e-03
2.467488407963800000e+03 2.630205657798798547e-03 2.629513348746476131e-03
2.472888411435700164e+03 2.613374209951834035e-03 2.612581044984766884e-03
2.479282516435700018e+03 2.593377363171843735e-03 2.592464720527998430e-03
2.480668665581699770e+03 2.589051320826520931e-03 2.588112825369740053e-03
2.486157453801999964e+03 2.572137784434205040e-03 2.571108563647905593e-03
2.492481441435700162e+03 2.552551834939479659e-03 2.551417526112156713e-03
2.493886262963800164e+03 2.548248333256630978e-03 2.547091795324414425e-03
2.499767101184099829e+03 2.530553029788892763e-03 2.529313831628806665e-03
2.505717706435700165e+03 2.512558133907713716e-03 2.511234885505469940e-03
2.507141192963800222e+03 2.508322996679113268e-03 2.506982178761005178e-03
2.513414081184099814e+03 2.489860471428170362e-03 2.488449850176504500e-03
2.518991311435700027e+03 2.473362983638845505e-03 2.471890038871776482e-03
2.520433467963799558e+03 2.469179676687057682e-03 2.467694719254382059e-03
2.526902247963799709e+03 2.450459475596909829e-03 2.448923375166569237e-03
2.532302251435699873e+03 2.434763116225581187e-03 2.433184877049453590e-03
2.533959231184099735e+03 2.430046907228893948e-03 2.428461277308207027e-03
2.540250527963800323e+03 2.412163588743052294e-03 2.410549820498798356e-03
2.545650531435700032e+03 2.396785258911976295e-03 2.395149323829840610e-03
2.547699556184099947e+03 2.391074260037176231e-03 2.389436374368877902e-03
2.553636142963800012e+03 2.374546433425571423e-03 2.372902711179606175e-03
2.559036146435699720e+03 2.359501723740393530e-03 2.357855893295534612e-03
2.561477218801999697e+03 2.352809899835553269e-03 2.351169852766834753e-03
2.567059100581700022e+03 2.337523372053252561e-03 2.335896341538642486e-03
2.572459101435699722e+03 2.322756404067388963e-03 2.321146256255749319e-03
2.575292221184100072e+03 2.315131412574391537e-03 2.313536968924902269e-03
2.580519392963799874e+03 2.301083568842778211e-03 2.299517922889748184e-03
2.585919396435700037e+03 2.286635762667410966e-03 2.285104870477821376e-03
2.589144563801999993e+03 2.278145892891761046e-03 2.276642196464788610e-03
2.594017020581699853e+03 2.265336324741936205e-03 2.263873575778747177e-03
2.599417021435700008e+03 2.251179029973154021e-03 2.249766638832691006e-03
2.603034236184100337e+03 2.241777202530719111e-03 2.240403868142542415e-03
2.607551987963800002e+03 2.230060002407546673e-03 2.228735371681174905e-03
2.612951991435699711e+03 2.216179422661455727e-03 2.214917923041421783e-03
2.616961256184099966e+03 2.205997798519403284e-03 2.204787619321829650e-03
2.621124297963800018e+03 2.195437330468531182e-03 2.194280424140770524e-03
2.626524301435699726e+03 2.181841166406747658e-03 2.180757059504752869e-03
2.630925611184100035e+03 2.170835590237092574e-03 2.169813685709824028e-03
2.634733942963800018e+03 2.161324725628776307e-03 2.160356674439293904e-03
2.640133946435700182e+03 2.148021732906742632e-03 2.147132268597974538e-03
2.644927301184099633e+03 2.136318598123980363e-03 2.135500442760692938e-03
2.648380922963800003e+03 2.127906982588774389e-03 2.127140280705183510e-03
2.653780926435699712e+03 2.114906030976594718e-03 2.114220046140505033e-03
2.658966331184100000e+03 2.102471170381395912e-03 2.101863077744878065e-03
2.662065242963799847e+03 2.095046429737746838e-03 2.094484990823648144e-03
2.667465246435700010e+03 2.082296296013067330e-03 2.081814058633831704e-03
2.673042697544699877e+03 2.069164106598283658e-03 2.068763177982570894e-03
2.675786899324399656e+03 2.062705536673261567e-03 2.062344733741360882e-03
2.681186901435699838e+03 2.050212923298031387e-03 2.049926458216865151e-03
2.687156401184100105e+03 2.036430906040195225e-03 2.036225673765878173e-03
2.689545897963800144e+03 2.030938385290637430e-03 2.030765793492530277e-03
2.694945901435699852e+03 2.018803305246887232e-03 2.018697112472518131e-03
2.701307446184100172e+03 2.004491323586788179e-03 2.004462387301409951e-03
2.703342227963799814e+03 1.999905697461902641e-03 1.999901590448865691e-03
2.708742231435699523e+03 1.987894519857207228e-03 1.987946191153078159e-03
2.715472376435699516e+03 1.972890957403457875e-03 1.973011640121629523e-03
2.722575901435699961e+03 1.957396598373466797e-03 1.957578194572633795e-03
2.729324721435700212e+03 1.942696318072084996e-03 1.942932450259316456e-03
2.731046910581700104e+03 1.938968761117695243e-03 1.939217938684980463e-03
2.736843733801999861e+03 1.926656190281002658e-03 1.926938127865586393e-03
2.743214391435699781e+03 1.913063695484023890e-03 1.913381829088743429e-03
2.744955252963799921e+03 1.909399896198931031e-03 1.909726053402643463e-03
2.751125461184100004e+03 1.896625206409082191e-03 1.896970909815662689e-03
2.757141411435699865e+03 1.884114176943811050e-03 1.884479037658749918e-03
2.758900939324400497e+03 1.880505198424084435e-03 1.880872946207643717e-03
2.765444522544700249e+03 1.867173207989398023e-03 1.867545981698357123e-03
2.771105761435700515e+03 1.855585658163721964e-03 1.855962798661226192e-03
2.772883960581700194e+03 1.852013481434951593e-03 1.852388454166551540e-03
2.779707455581699833e+03 1.838372886195503058e-03 1.838737100106377625e-03
2.785107456435699987e+03 1.827539493046371729e-03 1.827894951498175435e-03
2.786997792544700133e+03 1.823844440746020222e-03 1.824192972252886577e-03
2.793746484324400171e+03 1.810680212656746871e-03 1.811004011420018966e-03
2.799146486435700353e+03 1.800128021271271434e-03 1.800431117733063005e-03
2.801410201184100515e+03 1.795787875490979270e-03 1.796078485570279295e-03
2.807822847963800086e+03 1.783494365434183616e-03 1.783749653158697972e-03
2.813222851435699795e+03 1.773136917804169497e-03 1.773361193062175612e-03
2.815859947544699935e+03 1.768175121078251893e-03 1.768381010696161481e-03
2.821936554324400277e+03 1.756711272039481429e-03 1.756874845992116053e-03
2.827336556435699549e+03 1.746525782393204768e-03 1.746650367233644734e-03
2.830347028801999841e+03 1.740949591238427673e-03 1.741049838609308020e-03
2.836087595581699588e+03 1.730400901294151285e-03 1.730454777899943872e-03
2.841487596435699743e+03 1.720536060482591532e-03 1.720545169667868704e-03
2.844871448802000486e+03 1.714438356269226563e-03 1.714417717804366057e-03
2.850275975581700095e+03 1.704664463499276118e-03 1.704596325929985104e-03
2.855675976435699795e+03 1.694938969759112639e-03 1.694822782449288212e-03
2.859433208801999626e+03 1.688283067785428587e-03 1.688132755670447398e-03
2.864501695581700005e+03 1.679331814802873229e-03 1.679135454733142636e-03
2.869901696435700160e+03 1.669848773071193468e-03 1.669603500540515475e-03
2.874032306184099980e+03 1.662647375344451003e-03 1.662364865318300897e-03
2.878764752963800220e+03 1.654402258160008257e-03 1.654077037960717143e-03
2.884164756435700383e+03 1.645085498305032343e-03 1.644712785704780314e-03
2.888668742544700308e+03 1.637412324367390351e-03 1.637001092848494425e-03
2.893065144324400080e+03 1.629945715129415803e-03 1.629496812444949450e-03
2.898465146435700262e+03 1.620818280784697574e-03 1.620325242197305981e-03
2.903342513802000212e+03 1.612597235088153707e-03 1.612065866212436614e-03
2.907402875581700300e+03 1.605754450723433004e-03 1.605191081643659668e-03
2.912802876435700000e+03 1.596796967260332096e-03 1.596194674739930810e-03
2.918053623801999947e+03 1.588161929486211999e-03 1.587523932129078323e-03
2.921777945581700351e+03 1.582041855123387641e-03 1.581378422095125165e-03
2.927177946435700051e+03 1.573273669997949081e-03 1.572577855200294177e-03
2.932802071184099987e+03 1.564181420936894057e-03 1.563453988815665871e-03
2.936190352963800251e+03 1.558708524437002517e-03 1.557961926168156125e-03
2.941590356435699960e+03 1.550101916980798277e-03 1.549330295110402283e-03
2.947587858802000028e+03 1.540567302554984820e-03 1.539769880174468543e-03
2.950640100581700153e+03 1.535727840634304973e-03 1.534917170788831220e-03
2.956040101435699853e+03 1.527328764873971774e-03 1.526501338202426337e-03
2.962410981184099910e+03 1.517432053956842232e-03 1.516586597783226237e-03
2.965127182963800351e+03 1.513215453424288396e-03 1.512362196977817689e-03
2.970527186435700060e+03 1.504988546594066305e-03 1.504126879380200330e-03
2.977271446184100114e+03 1.494710696851088341e-03 1.493839690242447895e-03
2.979651602963800087e+03 1.491084615900358217e-03 1.490210212055717229e-03
2.985051606435700251e+03 1.482985525029064961e-03 1.482110781804751171e-03
2.992155131435699786e+03 1.472306715976720668e-03 1.471432068611423349e-03
2.999613366435700300e+03 1.461264566385104494e-03 1.460397356666063217e-03
3.006735561435699765e+03 1.450735332157689680e-03 1.449877914280810372e-03
3.008812460581700179e+03 1.447674579908750933e-03 1.446820395514602326e-03
3.014581283802000144e+03 1.439259187441255900e-03 1.438420005815489299e-03
3.021353326435700183e+03 1.429340712161309389e-03 1.428519132196393428e-03
3.023448897963799936e+03 1.426308497644941794e-03 1.425493089777175610e-03
3.029572431184099969e+03 1.417667392312155260e-03 1.416874477102426618e-03
3.036008431435699549e+03 1.408559668652923594e-03 1.407790425825420407e-03
3.038122667963799813e+03 1.405602100045531691e-03 1.404841607509774246e-03
3.044600911184099914e+03 1.396577519464800143e-03 1.395846895491167179e-03
3.050700871435700265e+03 1.388039091270616915e-03 1.387336654848080573e-03
3.052833777963800003e+03 1.385092330760588717e-03 1.384400721889872355e-03
3.059666731184099717e+03 1.375725319346620713e-03 1.375069988050087308e-03
3.065430651435699929e+03 1.367793154102049874e-03 1.367168506501771933e-03
3.067582227963800051e+03 1.364888988824591301e-03 1.364276683378036871e-03
3.074769891184099833e+03 1.355288326499224424e-03 1.354717859928027514e-03
3.082340137544699701e+03 1.345214232122798805e-03 1.344688585822844361e-03
3.089602219324399812e+03 1.335626600245029159e-03 1.335145445565596610e-03
3.095002221435700449e+03 1.328460879344447575e-03 1.328012924006013356e-03
3.097499301184100204e+03 1.325208793483348933e-03 1.324776383517684139e-03
3.104444012963800105e+03 1.316186496252979036e-03 1.315797295380331583e-03
3.109844016435699814e+03 1.309175077906483010e-03 1.308819482583459867e-03
3.112695806184100093e+03 1.305554071620525919e-03 1.305215986287358836e-03
3.119323142963799910e+03 1.297158753806964410e-03 1.296861356676394213e-03
3.124723146435700073e+03 1.290327987489218184e-03 1.290063516243559333e-03
3.127929646184099965e+03 1.286332913857914529e-03 1.286087257024593443e-03
3.134239612963800028e+03 1.278459390439489786e-03 1.278250775383580132e-03
3.139639616435699736e+03 1.271738042723774293e-03 1.271560485529123772e-03
3.143200823801999832e+03 1.267386657426332677e-03 1.267228232987861226e-03
3.149193420581699684e+03 1.260088598228581826e-03 1.259962418347630730e-03
3.154593421435700293e+03 1.253534368633165818e-03 1.253436240624235948e-03
3.158509336184100448e+03 1.248830534326237154e-03 1.248751119565792798e-03
3.164184562963800090e+03 1.242002867475749299e-03 1.241950642292350511e-03
3.169584566435700253e+03 1.235527423366695587e-03 1.235499539518395166e-03
3.173855191184100022e+03 1.230461569465845107e-03 1.230450927407777213e-03
3.179213042963800035e+03 1.224111741209065862e-03 1.224122820520938317e-03
3.184613046435700198e+03 1.217771860911450940e-03 1.217802736178011814e-03
3.189238381184100035e+03 1.212414805725558738e-03 1.212460357325131563e-03
3.194278862963799838e+03 1.206581827101930321e-03 1.206643473703744064e-03
3.199678866435700002e+03 1.200398904539308996e-03 1.200475336086399055e-03
3.204658911184099907e+03 1.194762783288748787e-03 1.194850629056961157e-03
3.209382022963799955e+03 1.189399708170940564e-03 1.189498487223442785e-03
3.214782026435699663e+03 1.183297120832557106e-03 1.183405326849034820e-03
3.220116781184100091e+03 1.177309510164025038e-03 1.177424709583384721e-03
3.224522517963800055e+03 1.172388157008385796e-03 1.172509237033040512e-03
3.229922521435700219e+03 1.166450202767030028e-03 1.166575113726759771e-03
3.235611986184100260e+03 1.160233668603055397e-03 1.160360519265222221e-03
3.239700347963800141e+03 1.155766222986397487e-03 1.155894566245526571e-03
3.245100351435700304e+03 1.149947203076000799e-03 1.150073861259287783e-03
3.251144526184099959e+03 1.143466815827393372e-03 1.143589749696931248e-03
3.254915522963799958e+03 1.139417857176183973e-03 1.139538553676996665e-03
3.260315526435700122e+03 1.133694015817236387e-03 1.133807989517255808e-03
3.266714406184099971e+03 1.126934434444549788e-03 1.127039057071866366e-03
3.270168027963799886e+03 1.123295882119596618e-03 1.123395527373019509e-03
3.275568031435700050e+03 1.117713896331637598e-03 1.117802078684372591e-03
3.282321626184099841e+03 1.110754821305361866e-03 1.110827579073579013e-03
3.285457877963800001e+03 1.107530508752030320e-03 1.107596153913888767e-03
3.290857881435700165e+03 1.102071576971585349e-03 1.102121697216777328e-03
3.297966183802000160e+03 1.094880562841283461e-03 1.094909582384619726e-03
3.300785060581700236e+03 1.092020144128033696e-03 1.092040831371452218e-03
3.306185061435699936e+03 1.086572527611707204e-03 1.086574580880521074e-03
3.313648076184099864e+03 1.079037005990111540e-03 1.079012985931947699e-03
3.316149587963800059e+03 1.076520823438689278e-03 1.076488081639581608e-03
3.321549591435699767e+03 1.071300218802199522e-03 1.071246438225153738e-03
3.329082501435700124e+03 1.063991720226798799e-03 1.063908491647062382e-03
3.331551447963800001e+03 1.061600477950573650e-03 1.061507547922535630e-03
3.337236261184100385e+03 1.056188229605449893e-03 1.056071963641230620e-03
3.344503026435700122e+03 1.049245567965610823e-03 1.049099383633501654e-03
3.346990642963800383e+03 1.046873580359878892e-03 1.046717124721781040e-03
3.353011501184099870e+03 1.041142810024174147e-03 1.040961336522210892e-03
3.359960896435700306e+03 1.034505433379011947e-03 1.034294989961415849e-03
3.362467180581699722e+03 1.032135280839181768e-03 1.031914501303685507e-03
3.368824073801999475e+03 1.026216891262888295e-03 1.025970435071981010e-03
3.375456096435700147e+03 1.020026061386206280e-03 1.019752724749605237e-03
3.377981052963799812e+03 1.017710296587084765e-03 1.017427095963766666e-03
3.384673991184100032e+03 1.011652065289673661e-03 1.011343738566591400e-03
3.390988641435700629e+03 1.005914522923581286e-03 1.005582407684545067e-03
3.393532262963799894e+03 1.003619343076746131e-03 1.003278309264036498e-03
3.400561241184099799e+03 9.973032446143723258e-04 9.969386664988983369e-04
3.406558521435700186e+03 9.918956976653107386e-04 9.915109629604146671e-04
3.409120812963800290e+03 9.896361397400974327e-04 9.892438771689666954e-04
3.416485831184100334e+03 9.831903176541459313e-04 9.827774122600939008e-04
3.422165741435700056e+03 9.782050606753015919e-04 9.777761864157130233e-04
3.424746702963800089e+03 9.759880639847673617e-04 9.755534363412834064e-04
3.432410292963800202e+03 9.694309702029083216e-04 9.689798229634802610e-04
3.440409925581700008e+03 9.625772500106556748e-04 9.621106725272996537e-04
3.448092190581699924e+03 9.559630155428651670e-04 9.554852377568966940e-04
3.453492191435700079e+03 9.512922805867333846e-04 9.508068884241412241e-04
3.456465326184099922e+03 9.487934958322003518e-04 9.483060030355353618e-04
3.463811422963799941e+03 9.426524119662888683e-04 9.421596972668437944e-04
3.469211426435700105e+03 9.381492765609061131e-04 9.376532518988276322e-04
3.472520601184100087e+03 9.354372975948539335e-04 9.349414806264669080e-04
3.479567992963799952e+03 9.296664849483813643e-04 9.291710632436236744e-04
3.484967996435700115e+03 9.252435824446166978e-04 9.247491843671050166e-04
3.488613211184100237e+03 9.222828736026527459e-04 9.217912548096670027e-04
3.495361897963800402e+03 9.167877109897648548e-04 9.163011775254615698e-04
3.500761901435700111e+03 9.124060706157562355e-04 9.119245135516648899e-04
3.504743161184100245e+03 9.092518930380872992e-04 9.087760254618287457e-04
3.511193147963800584e+03 9.041500239416604438e-04 9.036833204686409507e-04
3.516593151435700292e+03 8.998875651696993825e-04 8.994295706654499914e-04
3.520910447544699764e+03 8.965029955802145990e-04 8.960538154151172175e-04
3.527061729324399948e+03 8.916601670318721230e-04 8.912234915158845404e-04
3.532461731435700585e+03 8.874279270693611514e-04 8.870031438162101663e-04
3.537115068801999769e+03 8.838460228273560884e-04 8.834328337674350520e-04
3.542967650581699672e+03 8.793484599284633269e-04 8.789498095659793210e-04
3.548367651435700282e+03 8.752095457851096546e-04 8.748251675272580982e-04
3.553357031184099924e+03 8.713985155028719509e-04 8.710283868947678873e-04
3.558910907963799673e+03 8.671724501368912328e-04 8.668181504515289418e-04
3.564310911435700291e+03 8.631172210158663581e-04 8.627789193867745282e-04
3.569636333802000536e+03 8.591640566156825629e-04 8.588421649841701663e-04
3.574891505581699676e+03 8.552701518921537911e-04 8.549644282493887998e-04
3.580291506435699830e+03 8.513133154101619905e-04 8.510244604221175622e-04
3.585952966184100205e+03 8.472018819208167661e-04 8.469309457089124098e-04
3.590909437963800428e+03 8.435858553385300329e-04 8.433305979981573853e-04
3.596309441435699682e+03 8.396794235039606010e-04 8.394412115574676316e-04
3.602306946184100070e+03 8.353753128832987684e-04 8.351560254111669700e-04
3.606964712963800139e+03 8.320351616320235868e-04 8.318305730195895515e-04
3.612364716435699847e+03 8.282122374887729418e-04 8.280240651271956413e-04
3.618698261184099920e+03 8.237480842141013107e-04 8.235788147021095348e-04
3.623057322963800289e+03 8.206828825031929056e-04 8.205266342256290705e-04
3.628457326435699997e+03 8.169133184501804540e-04 8.167722342671563523e-04
3.635126911184100209e+03 8.122648110382092897e-04 8.121420270613267760e-04
3.639187272963800297e+03 8.094423985985884414e-04 8.093307767663139541e-04
3.644587276435700005e+03 8.057884547138681117e-04 8.056900727410943631e-04
3.651592901184099446e+03 8.010706566217552045e-04 8.009888981433100318e-04
3.655354557963799380e+03 7.985281045733201187e-04 7.984553011526233446e-04
3.660754561435699998e+03 7.948941038997716898e-04 7.948321982960158743e-04
3.668096226184100487e+03 7.899583761943244995e-04 7.899108160616083755e-04
3.671559182963799685e+03 7.876361603403722513e-04 7.875954025519963861e-04
3.676959186435699849e+03 7.840934042231213676e-04 7.840608759791098305e-04
3.684636888802000158e+03 7.790525204132379153e-04 7.790313438047951960e-04
3.687801145581699984e+03 7.769720047658551509e-04 7.769555428394129236e-04
3.693201146435700139e+03 7.734855716055461785e-04 7.734744391367253703e-04
3.701182111435699426e+03 7.683236803712748452e-04 7.683202738737388623e-04
3.709480451435700616e+03 7.629980448671199768e-04 7.629998675631814416e-04
3.717480081435700413e+03 7.578773443552312954e-04 7.578827934745441860e-04
3.720397082963800131e+03 7.560266542314225376e-04 7.560332952873766122e-04
3.726147241184100494e+03 7.525492980154408103e-04 7.525557485759769424e-04
3.733815391435700349e+03 7.478944566778031365e-04 7.479007015196987955e-04
3.736751059324400103e+03 7.461021156057382050e-04 7.461079704003651834e-04
3.742818582544699893e+03 7.423501401219352331e-04 7.423526729162162894e-04
3.750188031435699941e+03 7.377857792502788038e-04 7.377843098239728016e-04
3.753142372963799971e+03 7.359914378487962495e-04 7.359879789032755092e-04
3.759527271184100300e+03 7.322494607236943592e-04 7.322398237469393469e-04
3.766598016435749742e+03 7.280932973423192471e-04 7.280768362615976487e-04
3.769571022963849828e+03 7.263455671105455754e-04 7.263257877223561979e-04
3.776273291184099435e+03 7.224104998997133570e-04 7.223817959657499298e-04
3.783045331435750086e+03 7.184223125276850740e-04 7.183845965637341473e-04
3.786037007963850101e+03 7.166759853550046808e-04 7.166338123976513695e-04
3.793056651184100247e+03 7.126088300257621974e-04 7.125551496332901578e-04
3.799529991435700140e+03 7.088480182457721759e-04 7.087837203996176115e-04
3.802540337963799630e+03 7.071253785282630589e-04 7.070556896903212917e-04
3.809877351184099098e+03 7.029635719738202204e-04 7.028800593223944555e-04
3.816051986435700201e+03 6.994524441061570523e-04 6.993572808114585648e-04
3.819081002963799619e+03 6.977530397101881126e-04 6.976518604879993011e-04
3.826735391184099626e+03 6.934759315616940327e-04 6.933592478846474332e-04
3.832611321435750142e+03 6.901828518077804658e-04 6.900542444420547632e-04
3.835659002963850526e+03 6.885195307093214994e-04 6.883845595146992217e-04
3.843630761184099811e+03 6.842111600603165622e-04 6.840594283066696356e-04
3.849207991435700023e+03 6.811955507489373405e-04 6.810320671443986914e-04
3.852274344324399863e+03 6.795356500575111753e-04 6.793657133587933938e-04
3.860441999324450080e+03 6.751040742256941059e-04 6.749169365208158812e-04
3.865842001435750262e+03 6.721661906552659632e-04 6.719676638177867487e-04
3.869048497544700695e+03 6.705013216404945081e-04 6.702962518100321569e-04
3.877113344324400259e+03 6.663119347547348222e-04 6.660903984459093374e-04
3.882513346435700441e+03 6.635006972448768796e-04 6.632681748371894916e-04
3.886037216184100089e+03 6.616723913150871893e-04 6.614331807111540566e-04
3.893822027963799883e+03 6.576472388071864014e-04 6.573932439697013604e-04
3.899222031435700501e+03 6.548650847257322070e-04 6.546009680718416299e-04
3.903063276184099777e+03 6.529229327638575884e-04 6.526523166810440030e-04
3.910568052963800255e+03 6.491094316835768329e-04 6.488261072214367240e-04
3.915968056435700419e+03 6.463615985493672157e-04 6.460693851609945531e-04
3.920126671184100815e+03 6.442838073696564253e-04 6.439856245241472625e-04
3.927351412963799703e+03 6.406857571799713874e-04 6.403771849218854468e-04
3.932751416435700321e+03 6.379932779592978331e-04 6.376773090750480124e-04
3.937227401184099563e+03 6.357513581533062123e-04 6.354302049180635082e-04
3.944172112963799918e+03 6.322713070492770680e-04 6.319420836270005356e-04
3.949572116435700082e+03 6.295902406064855491e-04 6.292553015933841695e-04
3.954365471184099988e+03 6.272720126336311279e-04 6.269331416271277596e-04
3.961030147963799664e+03 6.240402523572535515e-04 6.236958818819087098e-04
3.966430151435699827e+03 6.214209121287446284e-04 6.210727798469803601e-04
3.971540881184100272e+03 6.189567450533352581e-04 6.186062070883115117e-04
3.977925522963800177e+03 6.158914087129017684e-04 6.155378237130117386e-04
3.983325526435700340e+03 6.133320928472991464e-04 6.129767881462150608e-04
3.988753626184100540e+03 6.107887372320368324e-04 6.104328958646061849e-04
3.994858232963800219e+03 6.079113606066781318e-04 6.075548708443871118e-04
4.000258236435699928e+03 6.053747205990262989e-04 6.050185574033110350e-04
4.006003708801999892e+03 6.027139096606966501e-04 6.023591379667147779e-04
4.011828285581700129e+03 6.000338017133441827e-04 5.996803914797220166e-04
4.017228286435699374e+03 5.975732156431345400e-04 5.972221452806599070e-04
4.023291128802000003e+03 5.948201948972504927e-04 5.944728086851675192e-04
4.028835670581750037e+03 5.922901484223816806e-04 5.919460821184380130e-04
4.034235671435750191e+03 5.898471196845198961e-04 5.895073498938818452e-04
4.040615887544699945e+03 5.869868727162476374e-04 5.866530475196118574e-04
4.045880399324399605e+03 5.846328896609895949e-04 5.843039206304795037e-04
4.051280401435699787e+03 5.822296006916300891e-04 5.819066824225538857e-04
4.057977986184100246e+03 5.792494099415854483e-04 5.789347176082405410e-04
4.062962462963800135e+03 5.770338191720883600e-04 5.767252009732595644e-04
4.068362466435699389e+03 5.747051368646968837e-04 5.744041057109919735e-04
4.075377422544700039e+03 5.717158245696965773e-04 5.714252060212078772e-04
4.080081864324399703e+03 5.697045163901745231e-04 5.694208419954171346e-04
4.085481866435699885e+03 5.673855803708607480e-04 5.671107731776408450e-04
4.092814193801999409e+03 5.642351004709110582e-04 5.639727251917040374e-04
4.097238600581700666e+03 5.623404592020252949e-04 5.620855516886758994e-04
4.102638601435700366e+03 5.600849699617115084e-04 5.598398314959321300e-04
4.110288303801999064e+03 5.569007949829561308e-04 5.566697080855904662e-04
4.114432680581749082e+03 5.551711812331308529e-04 5.549476784251355932e-04
4.119832681435750601e+03 5.528666012606462538e-04 5.526535298316528986e-04
4.127799751184099478e+03 5.494514090357179026e-04 5.492538612913046422e-04
4.131664092963800613e+03 5.477935211801146682e-04 5.476034845136245558e-04
4.137064096435700776e+03 5.456156990427393294e-04 5.454362737126253191e-04
4.145348541184100213e+03 5.422934332922562479e-04 5.421303116517331086e-04
4.148932847963849781e+03 5.408595194975299343e-04 5.407034410203893872e-04
4.154332851435749944e+03 5.386849869208386668e-04 5.385393848947232862e-04
4.162836546435749369e+03 5.352500186971506256e-04 5.351209192344544372e-04
4.166238937963849821e+03 5.338749284262393627e-04 5.337524152134110389e-04
4.171737061184100639e+03 5.317102677576660994e-04 5.315979201072927379e-04
4.180161301435699897e+03 5.283876097548040026e-04 5.282908681257044055e-04
4.183582362963799824e+03 5.270405027264272145e-04 5.269500400044791009e-04
4.189379191184099909e+03 5.247497245835160444e-04 5.246691002534223857e-04
4.197523401435750202e+03 5.215231631188958598e-04 5.214563916923875119e-04
4.200963132963849603e+03 5.201701137714336010e-04 5.201090466427035243e-04
4.207058661184099037e+03 5.178642982749556657e-04 5.178122651084818067e-04
4.214922836435700447e+03 5.148870117841177407e-04 5.148466681044424394e-04
4.218381237963800231e+03 5.135750620010872628e-04 5.135396178289005926e-04
4.224775471184099843e+03 5.111335497013740330e-04 5.111059860746704642e-04
4.232359611435699662e+03 5.082310389574737960e-04 5.082128536316284561e-04
4.235836677963799957e+03 5.069286253872633740e-04 5.069144048097713349e-04
4.242529611184099849e+03 5.044924299264742437e-04 5.044846859758908130e-04
4.249833716435699898e+03 5.018232335355529662e-04 5.018225865524160879e-04
4.253329455581700131e+03 5.005396951367915934e-04 5.005419586132812742e-04
4.260321093801999268e+03 4.979690268935355914e-04 4.979758834321641216e-04
4.267345166435699866e+03 4.953829147698273188e-04 4.953944114047753935e-04
4.270859575581700483e+03 4.941089331553689956e-04 4.941221424641762490e-04
4.278149913801999901e+03 4.915062906082148537e-04 4.915219035843136804e-04
4.284893951435750751e+03 4.890983364706207731e-04 4.891161910784504229e-04
4.288427029324450814e+03 4.878541615877771977e-04 4.878724957742654796e-04
4.296016072544700364e+03 4.851762665379299967e-04 4.851946637324596086e-04
4.302480076435699630e+03 4.828828342309431846e-04 4.829012967873445275e-04
4.306031822963799641e+03 4.816390561881201977e-04 4.816568118020664985e-04
4.313919571184099368e+03 4.788786047853106089e-04 4.788940420314870142e-04
4.320103541435700208e+03 4.767024588798048860e-04 4.767160837285216958e-04
4.323673954324399347e+03 4.754550894438317431e-04 4.754668321048699433e-04
4.331860402544700264e+03 4.726186396009356984e-04 4.726254937160521540e-04
4.337764336435750010e+03 4.705759741349798070e-04 4.705793012456772157e-04
4.341353420581749560e+03 4.693655797438299449e-04 4.693659677622023145e-04
4.349838573802000610e+03 4.665322316674472953e-04 4.665253387449717123e-04
4.355462476435700410e+03 4.646578854971724877e-04 4.646461588105262356e-04
4.359070230581700343e+03 4.634805052078760771e-04 4.634649691773949339e-04
4.367797950581700206e+03 4.606060354920294688e-04 4.605811551547008822e-04
4.373197951435699906e+03 4.588125052663718302e-04 4.587818211442365479e-04
4.376880506184099431e+03 4.576050544990608974e-04 4.575697632276353442e-04
4.385570762963800917e+03 4.547672316975373682e-04 4.547210600108001475e-04
4.390970766435699261e+03 4.530099385834377899e-04 4.529569502455965289e-04
4.394952026184099850e+03 4.517555973012561720e-04 4.516971427391805374e-04
4.403380917963850152e+03 4.490830069410618438e-04 4.490129779693071972e-04
4.408780921435750315e+03 4.473634024774188439e-04 4.472858896009846851e-04
4.413060881184100253e+03 4.460296304015317248e-04 4.459458758594709964e-04
4.421228402963800363e+03 4.434878983737990761e-04 4.433922349808695328e-04
4.426628406435700526e+03 4.418028133950629836e-04 4.416992459863325815e-04
4.431207071184099732e+03 4.403549463927239598e-04 4.402446270964243845e-04
4.439113232963800328e+03 4.378560728009974119e-04 4.377340983019668884e-04
4.444513236435700492e+03 4.361628490992280243e-04 4.360329367359396186e-04
4.449390601184099978e+03 4.346786708191571953e-04 4.345417205590585319e-04
4.457035397963800278e+03 4.323566979389770171e-04 4.322087198949575628e-04
4.462435401435699532e+03 4.307287135668668495e-04 4.305730427576453644e-04
4.467611468801999763e+03 4.291969415746304541e-04 4.290341883359988814e-04
4.474994900581700676e+03 4.269976857299295769e-04 4.268248307055865854e-04
4.480394901435699467e+03 4.253861407987513839e-04 4.252060989487998046e-04
4.485869671184099388e+03 4.237671632496948192e-04 4.235802947294283697e-04
4.492991737963850028e+03 4.216672122178263468e-04 4.214714640979711304e-04
4.498391741435750191e+03 4.200884107859244754e-04 4.198862517717097745e-04
4.504165216184100245e+03 4.184149784040403853e-04 4.182065552292939248e-04
4.511025917963799657e+03 4.164237919647872281e-04 4.162079216350483162e-04
4.516425921435699820e+03 4.148612511364483725e-04 4.146399231395768914e-04
4.522498096184100177e+03 4.131215921479691310e-04 4.128947417588190480e-04
4.529097432963800202e+03 4.112351334065233793e-04 4.110022731435572984e-04
4.534497436435699456e+03 4.097104730316894808e-04 4.094732813390155484e-04
4.540868316184099967e+03 4.079290564330531805e-04 4.076875061589001138e-04
4.547206287963800605e+03 4.061503239234208885e-04 4.059044275396162405e-04
4.552606291435699859e+03 4.046426531552593494e-04 4.043936937992060904e-04
4.559275873802000206e+03 4.027949233272080324e-04 4.025428708949669644e-04
4.565352480581699638e+03 4.011155405672096040e-04 4.008606573879934954e-04
4.570752481435699337e+03 3.996288939371707774e-04 3.993722327075812837e-04
4.577720766184100285e+03 3.977156644522525874e-04 3.974573731170819219e-04
4.583536007963849443e+03 3.961169220479252213e-04 3.958572527814412882e-04
4.588936011435750515e+03 3.946604133049001436e-04 3.944002560909023818e-04
4.596203001184100685e+03 3.927223482778483725e-04 3.924621274724060548e-04
4.601756877963800434e+03 3.912365334351807855e-04 3.909762451348252179e-04
4.607156881435700598e+03 3.897895529084019288e-04 3.895300617235947335e-04
4.614722571184100161e+03 3.877628892268942043e-04 3.875050432972933332e-04
4.620015082963800523e+03 3.863503989906377149e-04 3.860936832322435183e-04
4.625415086435699777e+03 3.849525341521140703e-04 3.846978333933582638e-04
4.633279481184099495e+03 3.829297545018553678e-04 3.826784071850205214e-04
4.638310627963849583e+03 3.816311244192204834e-04 3.813819003056567671e-04
4.643710631435750656e+03 3.802516333622845096e-04 3.800055138268150176e-04
4.651873726184099723e+03 3.781762737218577670e-04 3.779351507685254643e-04
4.656643507963849515e+03 3.769677482832619296e-04 3.767295217566289677e-04
4.662043511435749679e+03 3.756003260661708310e-04 3.753661833231482442e-04
4.670505308801999490e+03 3.734460696311039311e-04 3.732185361101812899e-04
4.675013725581749895e+03 3.722954301198283977e-04 3.720713958533549467e-04
4.680413726435750505e+03 3.709956349701668270e-04 3.707765125487144783e-04
4.689174228801999561e+03 3.689030268444982649e-04 3.686919893514293244e-04
4.693421285581749544e+03 3.678902107217446897e-04 3.676830733293155436e-04
4.698821286435751063e+03 3.665744534965439103e-04 3.663728581360277403e-04
4.707880488802000400e+03 3.643490237512194471e-04 3.641567578285795945e-04
4.717242953801999647e+03 3.620733249324974406e-04 3.618911374444433405e-04
4.726367276435749773e+03 3.598955213671783753e-04 3.597234847931413387e-04
4.730348407963850150e+03 3.589536247572984841e-04 3.587860122953770003e-04
4.736005221184100265e+03 3.575911346350262032e-04 3.574300847456264758e-04
4.744868181435699626e+03 3.554466364820195803e-04 3.552958550449961160e-04
4.748867980581700067e+03 3.544786025356703139e-04 3.543324453936249848e-04
4.754804823802001010e+03 3.531068686218267593e-04 3.529676536336579244e-04
4.763406421435750417e+03 3.511169127987034890e-04 3.509877479491145145e-04
4.767424892963849743e+03 3.501916195898433209e-04 3.500671402116188125e-04
4.773641771184099525e+03 3.487904070880041749e-04 3.486732112259443694e-04
4.781982001435699203e+03 3.469062508949567899e-04 3.467988227200784201e-04
4.786019137963799949e+03 3.459993718945477011e-04 3.458965978179793610e-04
4.792516051184099524e+03 3.445651902600308392e-04 3.444696432462110956e-04
4.800594916435699815e+03 3.427838811735874807e-04 3.426973211560430999e-04
4.804650720581700625e+03 3.418958163058839913e-04 3.418136731091604794e-04
4.811427663802000097e+03 3.404082306468577302e-04 3.403331924303567603e-04
4.819245166435699502e+03 3.386827767022206948e-04 3.386159379728548866e-04
4.823319642963800106e+03 3.377826059879005514e-04 3.377198615050393954e-04
4.830376621184101168e+03 3.362387947179329428e-04 3.361827043743184488e-04
4.837932756435750889e+03 3.345870599130918084e-04 3.345381001542489905e-04
4.842025899324449711e+03 3.337050152556645202e-04 3.336596810060621279e-04
4.849362912544700521e+03 3.321569354015116828e-04 3.321176313054337564e-04
4.856657686435750293e+03 3.306158567666202469e-04 3.305825547974290809e-04
4.860769500581750435e+03 3.297457154124378356e-04 3.297155068776878362e-04
4.868386543801999323e+03 3.281420680217633692e-04 3.281171303839198637e-04
4.875419951435750590e+03 3.266620870739373860e-04 3.266420248812865190e-04
4.879550435581750207e+03 3.258125777351048502e-04 3.257949921264071433e-04
4.887447513801999776e+03 3.241959957910086200e-04 3.241826520154078724e-04
4.894219556435699815e+03 3.228021311030321479e-04 3.227924323597582612e-04
4.898368707963800261e+03 3.219683282695604649e-04 3.219603914691478836e-04
4.906545821184099623e+03 3.203340646848347180e-04 3.203291300017721533e-04
4.913056496435749068e+03 3.190281154733051348e-04 3.190255777497144596e-04
4.917224315581750488e+03 3.181819621336640352e-04 3.181804874468151093e-04
4.925681463801999598e+03 3.164685152727166723e-04 3.164688361387809137e-04
4.931930776435699954e+03 3.152044011354908446e-04 3.152060532607405484e-04
4.936117267963799350e+03 3.143853206444994835e-04 3.143872948378732021e-04
4.944854451184099162e+03 3.126960772045530288e-04 3.126984079987775922e-04
4.950842396435749833e+03 3.115385480674399943e-04 3.115411259723053724e-04
4.955047552963849739e+03 3.107175872494762200e-04 3.107197412368017464e-04
4.964064771184100209e+03 3.089413477202038899e-04 3.089423723096993844e-04
4.969791351435700562e+03 3.078071961105556401e-04 3.078075032439696107e-04
4.974015177963800852e+03 3.070097159829746915e-04 3.070088722478297354e-04
4.983312431184100205e+03 3.052798486663340282e-04 3.052763463149482312e-04
4.988777646435701172e+03 3.042686983614994426e-04 3.042636296218768628e-04
4.993020139324400589e+03 3.034857305987297203e-04 3.034788645422552061e-04
5.002401274324400219e+03 3.017400970961014442e-04 3.017292307859724561e-04
5.007801276435699947e+03 3.007282496954283941e-04 3.007150511227648314e-04
5.012258591184099714e+03 2.999055308608365136e-04 2.998898782701645634e-04
5.021462242963799326e+03 2.981995312273585659e-04 2.981788089557802553e-04
5.026862246435700399e+03 2.971978663404882472e-04 2.971741091420149628e-04
5.031599596184100847e+03 2.963543679451566314e-04 2.963274504951731044e-04
5.040560547963799763e+03 2.947658546694801002e-04 2.947329588391870000e-04
5.045960551435699927e+03 2.938069419163938118e-04 2.937703815866736642e-04
5.050977936184099235e+03 2.928897985511343506e-04 2.928495217690779500e-04
5.059696192963800058e+03 2.912946337183345831e-04 2.912479007324740251e-04
5.065096196435699312e+03 2.903129152869869168e-04 2.902621136961586147e-04
5.070393616184100210e+03 2.893809982902254929e-04 2.893259511795150877e-04
5.078869177963800212e+03 2.878825329847183642e-04 2.878206978153542120e-04
5.084269181435699466e+03 2.869255454762266282e-04 2.868593284940542092e-04
5.089846631184100261e+03 2.859486042953482518e-04 2.858777046545967447e-04
5.098079497963850372e+03 2.845065832002941723e-04 2.844287745727684820e-04
5.103479501435749626e+03 2.835618231963318381e-04 2.834794770264901414e-04
5.109336983801999850e+03 2.825434753482620087e-04 2.824562273479544754e-04
5.117327155581750048e+03 2.811585921061892680e-04 2.810646627337808089e-04
5.122727156435749748e+03 2.802362703437622470e-04 2.801378385242080408e-04
5.128864676184099153e+03 2.792155424138219495e-04 2.791120506190560187e-04
5.136612152963800327e+03 2.779233621460777356e-04 2.778134868456484489e-04
5.142012156435700490e+03 2.770253351854250136e-04 2.769111040364219119e-04
5.148429708802000278e+03 2.759667536416523332e-04 2.758475505339223408e-04
5.155934485581699846e+03 2.747223163945479614e-04 2.745973007487238445e-04
5.161334486435699546e+03 2.738272303301858925e-04 2.736981867042014233e-04
5.168032071184099550e+03 2.727236026752179426e-04 2.725898379637187608e-04
5.175294157963799989e+03 2.715316665067065284e-04 2.713927839110486699e-04
5.180694161435699243e+03 2.706419717132311055e-04 2.704994818860780785e-04
5.187671781184100837e+03 2.694826531097151601e-04 2.693357980300145160e-04
5.194691167963800581e+03 2.683157388249087861e-04 2.681644921450834643e-04
5.200091171435699835e+03 2.674346508155191942e-04 2.672803393772202308e-04
5.207348826184099380e+03 2.662782161739385596e-04 2.661201778111835898e-04
5.214125512963850269e+03 2.651974535468111125e-04 2.650359337599040330e-04
5.219525516435750433e+03 2.643520110383875766e-04 2.641880608789500462e-04
5.227063206184100636e+03 2.631835103831940996e-04 2.630165271442184982e-04
5.233597197963849794e+03 2.621643178012582429e-04 2.619947002186073662e-04
5.238997201435749957e+03 2.613034450686720230e-04 2.611320842690814247e-04
5.246814926184099932e+03 2.600481596980876815e-04 2.598746614527890791e-04
5.253106222963799155e+03 2.590420847778563567e-04 2.588668625585470603e-04
5.258506226435699318e+03 2.582080715928149607e-04 2.580318140075462470e-04
5.266603982544700557e+03 2.569775516781662330e-04 2.568000661326513921e-04
5.272652584324400777e+03 2.560572613809352521e-04 2.558788514328121859e-04
5.278052586435700505e+03 2.552410302082108967e-04 2.550623069246981864e-04
5.286430376184100169e+03 2.539789890185847757e-04 2.538000865074444804e-04
5.292236282963850499e+03 2.531050417465359665e-04 2.529260072354222195e-04
5.297636286435749753e+03 2.522959377175176040e-04 2.521172869751571780e-04
5.306294111184100075e+03 2.509959544466877049e-04 2.508181601883528538e-04
5.311857317963799687e+03 2.501556724089377265e-04 2.499784206872585047e-04
5.317257321435699851e+03 2.493213640911743040e-04 2.491451283737741089e-04
5.326195181184099965e+03 2.479390959780768578e-04 2.477647153098718087e-04
5.331515692963799665e+03 2.471179659550204379e-04 2.469446799416652807e-04
5.336915696435699829e+03 2.463118565195209246e-04 2.461402381754393301e-04
5.346133588801999394e+03 2.449416987047675306e-04 2.447730702393274794e-04
5.351211405581700092e+03 2.441864038970871314e-04 2.440194146133010716e-04
5.356611406435700701e+03 2.434022133531098763e-04 2.432373982435951266e-04
5.366109331184099574e+03 2.420245950208829602e-04 2.418636646657145687e-04
5.370944457963849345e+03 2.413236410534504422e-04 2.411646782611937749e-04
5.376344461435749508e+03 2.405546530329553761e-04 2.403982814007515889e-04
5.386098971435750173e+03 2.391621463504598659e-04 2.390104750670456830e-04
5.396114846435750223e+03 2.377562453053049777e-04 2.376096899007293264e-04
5.405888026435750362e+03 2.364111408442954654e-04 2.362698183596554291e-04
5.410522570581750188e+03 2.357751292668054286e-04 2.356362941362605192e-04
5.416207383801999640e+03 2.349768203936294085e-04 2.348413301641167597e-04
5.425714421435699478e+03 2.336338221571192578e-04 2.335039161961700415e-04
5.430367634324399660e+03 2.329773112126110361e-04 2.328501406035485472e-04
5.436313812544700340e+03 2.321746276716652976e-04 2.320510540488942848e-04
5.445578156435699384e+03 2.309254613048704308e-04 2.308074822850036555e-04
5.450250037963800423e+03 2.302974076327956763e-04 2.301822498178051409e-04
5.456457581184100491e+03 2.294690432757282917e-04 2.293576923500232527e-04
5.465479226435700184e+03 2.282655841674039409e-04 2.281597580826824796e-04
5.470169775581699469e+03 2.276390191487257029e-04 2.275360527912815439e-04
5.476638683802000742e+03 2.267707875537861549e-04 2.266717482968931574e-04
5.485417631435750991e+03 2.255877363750390639e-04 2.254940209593010465e-04
5.490126852963850070e+03 2.249507507376856332e-04 2.248598580279885539e-04
5.496857131184100581e+03 2.240359959254266062e-04 2.239490460155071938e-04
5.505393381435750598e+03 2.228745858510481964e-04 2.227926324599511143e-04
5.510121267963850187e+03 2.222402183628858379e-04 2.221609706301228536e-04
5.517112911184100085e+03 2.213317612877848317e-04 2.212563555082840768e-04
5.525406466435750190e+03 2.202562779595770674e-04 2.201854267530232664e-04
5.530153020581749843e+03 2.196546899534462989e-04 2.195863570816717345e-04
5.537406023801999254e+03 2.187562097678516526e-04 2.186915295400461954e-04
5.545456886435748856e+03 2.177541925938620442e-04 2.176935655855423803e-04
5.550222112963850122e+03 2.171591184445855729e-04 2.171007659750349376e-04
5.557736481184099830e+03 2.162153496070934268e-04 2.161603478323540016e-04
5.565544646435750110e+03 2.152324754694030144e-04 2.151809557266360251e-04
5.570328540581749621e+03 2.146296459977384101e-04 2.145801029617935190e-04
5.578104273802000534e+03 2.136498940721239805e-04 2.136033100404492410e-04
5.585669741435700416e+03 2.126964013058331665e-04 2.126526964526225113e-04
5.590472305581700311e+03 2.121081124245435205e-04 2.120660555245903632e-04
5.598509403801999724e+03 2.111518612055127175e-04 2.111123177890735468e-04
5.605832176435699694e+03 2.102810642323148758e-04 2.102438126817294877e-04
5.610653410581699973e+03 2.097082075792049832e-04 2.096722324512944810e-04
5.618951873801999682e+03 2.087220803880347145e-04 2.086880358715924040e-04
5.626031951435749761e+03 2.078788190523722212e-04 2.078464236667620750e-04
5.630871852963849960e+03 2.073037528824636384e-04 2.072722465406026204e-04
5.639431681184099943e+03 2.062885697601315180e-04 2.062584089383420272e-04
5.646269066435749664e+03 2.054781387106508351e-04 2.054490547196600547e-04
5.651127637963850248e+03 2.049118294484577566e-04 2.048832912569820434e-04
5.659948831184100527e+03 2.038871975790239235e-04 2.038594770034675148e-04
5.666543516435700440e+03 2.031190416985674822e-04 2.030919333634931539e-04
5.671420752963800624e+03 2.025772741446234065e-04 2.025503039060735011e-04
5.680503311184100312e+03 2.015749631592657137e-04 2.015480560682322397e-04
5.686855301435699403e+03 2.008686453225120498e-04 2.008417847151335543e-04
5.691751207963799970e+03 2.003243196604623136e-04 2.002972256408656350e-04
5.701095131184099955e+03 1.992985035634262971e-04 1.992708317909978497e-04
5.707204426435700043e+03 1.986338426815212224e-04 1.986057929618041294e-04
5.712119002963800085e+03 1.980844712635138722e-04 1.980558225423865385e-04
5.721724291184099457e+03 1.970012709448399756e-04 1.969739329783198444e-04
5.727590891435749654e+03 1.963369188200286592e-04 1.963116156297920291e-04
5.732524135581749761e+03 1.957987614027805715e-04 1.957748896377251003e-04
5.742390783801999532e+03 1.947294383606687669e-04 1.947074822997274632e-04
5.748014686435750264e+03 1.941205806176025993e-04 1.940992987008033084e-04
5.752966602963850164e+03 1.936024917725739100e-04 1.935815657778340224e-04
5.763075822963799510e+03 1.925423791964255081e-04 1.925235356087929130e-04
5.773446407963800084e+03 1.914687762244510118e-04 1.914530828474828462e-04
5.783574297963800745e+03 1.904391985176934242e-04 1.904264233917187345e-04
5.788974301435699999e+03 1.898898328558010597e-04 1.898786500922481138e-04
5.794225046184099483e+03 1.893539967902826808e-04 1.893441832617703238e-04
5.804110112963800020e+03 1.883468964090961916e-04 1.883372264025485196e-04
5.809510116435699274e+03 1.877974202014997531e-04 1.877864541028416543e-04
5.815022226184099054e+03 1.872354098435456628e-04 1.872230008150740617e-04
5.824683267963800063e+03 1.862540655509174325e-04 1.862358495607478227e-04
5.830083271435699316e+03 1.857123564770764952e-04 1.856889033851447275e-04
5.835856743801999983e+03 1.851588889475425754e-04 1.851297786866057513e-04
5.845293755581699770e+03 1.842479632400996752e-04 1.842125945662286121e-04
5.850693756435700379e+03 1.837232321804022398e-04 1.836862293998719445e-04
5.856728596184099843e+03 1.831435026240506476e-04 1.831046587929294027e-04
5.865941582963851033e+03 1.822629049713664644e-04 1.822197774299256503e-04
5.871341586435750287e+03 1.817476079387086855e-04 1.817009236716889381e-04
5.877637791184100024e+03 1.811352187376147110e-04 1.810844205009004061e-04
5.886626747963799971e+03 1.802475940182870302e-04 1.801978420431357079e-04
5.892026751435700135e+03 1.797099427484237435e-04 1.796662176437498486e-04
5.898584321184101100e+03 1.790755230928681770e-04 1.790392046701242508e-04
5.907349252963800609e+03 1.782357263869547941e-04 1.782045684557238211e-04
5.912749256435699863e+03 1.777282263144843680e-04 1.776962359002101470e-04
5.919568188801999895e+03 1.770919496489728646e-04 1.770590153640009515e-04
5.928109090581700002e+03 1.762922707989767336e-04 1.762564719502272587e-04
5.933509091435699702e+03 1.757902692015542189e-04 1.757511556449300278e-04
5.940589391184100350e+03 1.751447843879304106e-04 1.751015180860983442e-04
5.948906272963850824e+03 1.743910215935751313e-04 1.743409230293335905e-04
5.954306276435750078e+03 1.739103144490476043e-04 1.738538411487889853e-04
5.961647937544700653e+03 1.732670101389582830e-04 1.732020671036494730e-04
5.969740789324449906e+03 1.725614517461407425e-04 1.724851287543843780e-04
5.975140791435749634e+03 1.721001450430219271e-04 1.720139926317792035e-04
5.982743817544700505e+03 1.714592434523403450e-04 1.713594820292499541e-04
5.990612639324400334e+03 1.707884899758930347e-04 1.706789878151482363e-04
5.996012641435700061e+03 1.703212537737314105e-04 1.702108980698753679e-04
6.003877036184100689e+03 1.696439245969642330e-04 1.695325305294122741e-04
6.011521832963850102e+03 1.689838683112948191e-04 1.688714632598800993e-04
6.016921836435750265e+03 1.685120127248406331e-04 1.683990844813716714e-04
6.025047596184100257e+03 1.677938531513960578e-04 1.676803781595417875e-04
6.032468367963800119e+03 1.671405822772183873e-04 1.670266059563265890e-04
6.037868371435699373e+03 1.666679459626419402e-04 1.665537853581010102e-04
6.046255491184099810e+03 1.659320584277266695e-04 1.658178041378727599e-04
6.053452232963850292e+03 1.652993160390864931e-04 1.651849782791051807e-04
6.058852236435750456e+03 1.648439626914487144e-04 1.647297807287062543e-04
6.067500723801999811e+03 1.641321970711089907e-04 1.640184605266655090e-04
6.074473440581749855e+03 1.635577720832742871e-04 1.634443902869019203e-04
6.079873441435750465e+03 1.631139347471488197e-04 1.630010407497332794e-04
6.088783293802000117e+03 1.623815457737328913e-04 1.622696159915327531e-04
6.095531985581699701e+03 1.618271431325794048e-04 1.617159395853421397e-04
6.100102252963799401e+03 1.614484793991306799e-04 1.613379491703158621e-04
6.104004181184099252e+03 1.611220816037542511e-04 1.610122019897538713e-04
6.109404184656000325e+03 1.606650198656064412e-04 1.605560306371356632e-04
6.114616873801999645e+03 1.602231567760838149e-04 1.601150262229906378e-04
6.116571265581699663e+03 1.600584484186175910e-04 1.599506374381566597e-04
6.121971266435699363e+03 1.596321856834517880e-04 1.595254550474148303e-04
6.129385217544700026e+03 1.590582785039599460e-04 1.589531135749563322e-04
6.135742449324400695e+03 1.585684606793197414e-04 1.584646317481061995e-04
6.141142451435701332e+03 1.581442895148533979e-04 1.580417195886421318e-04
6.150712336184100423e+03 1.573707111660307067e-04 1.572706330665852551e-04
6.158807577963850235e+03 1.567138554498736190e-04 1.566158833857467995e-04
6.164207581435749489e+03 1.562708633358859825e-04 1.561744484444042771e-04
6.174690176435699868e+03 1.554114377477389835e-04 1.553180827486048900e-04
6.187487677963799797e+03 1.544077210806567876e-04 1.543182888413763764e-04
6.197988947963799546e+03 1.536185271298243064e-04 1.535324652986710730e-04
6.203388951435699710e+03 1.532080702027585649e-04 1.531237786557761594e-04
6.213908891435749865e+03 1.523797412597905948e-04 1.522990028395202584e-04
6.233247843215499415e+03 1.508780255678764169e-04 1.508039295125092522e-04
6.245326689324449944e+03 1.499567476496519315e-04 1.498868787560233597e-04
6.252266932544699557e+03 1.494538773016916274e-04 1.493864524957494433e-04
6.261283966435750699e+03 1.488001267083391725e-04 1.487358508446679601e-04
6.275476943215450774e+03 1.477099405994902141e-04 1.476504842135389591e-04
6.296647498215450469e+03 1.461038456464365770e-04 1.460514066433965692e-04
6.315004565581749375e+03 1.447481527675455117e-04 1.447014968651001796e-04
6.325617850581700623e+03 1.439542560251315807e-04 1.439108021848654320e-04
6.331017851435700322e+03 1.435630317903807468e-04 1.435211265234681316e-04
6.341649801435750305e+03 1.428264336498781637e-04 1.427873627703053186e-04
6.360383198215449738e+03 1.414888891793588299e-04 1.414543560680290430e-04
6.375604083215399442e+03 1.404179362509817657e-04 1.403866966285105674e-04
6.386216773215400281e+03 1.396862757843676773e-04 1.396569784972361374e-04
6.400985123215449676e+03 1.386420359457845892e-04 1.386150290824848200e-04
6.421043070581750726e+03 1.372794177201050589e-04 1.372546814840301611e-04
6.433644260581750132e+03 1.364326007899323951e-04 1.364090050671936684e-04
6.439044261435748922e+03 1.360658034066080789e-04 1.360423768276444018e-04
6.457241766435749923e+03 1.348378959682980448e-04 1.348148188746058464e-04
6.497587638215449260e+03 1.321368685560694162e-04 1.321117533130622889e-04
6.557264007963800395e+03 1.282898888671096002e-04 1.282550746963117150e-04
6.595214052963850008e+03 1.258958853191049457e-04 1.258526365939443615e-04
6.600614056435750172e+03 1.255579520267705864e-04 1.255134296960616668e-04
6.655418091435700262e+03 1.223260655490060770e-04 1.222660808997775976e-04
6.764309337963799408e+03 1.160959384052633996e-04 1.160136013363536657e-04
6.824643681184099478e+03 1.127582728940410304e-04 1.126683901303031029e-04
6.848852386435749395e+03 1.114532483524073971e-04 1.113607641251911724e-04
6.981952333215449471e+03 1.050931222972620034e-04 1.050292749426843695e-04
7.122792737963800391e+03 9.844719925224614627e-05 9.841614639359456756e-05
7.154741901184099333e+03 9.715119544451965045e-05 9.712110648529587598e-05
7.293241856435699447e+03 9.177622490311205400e-05 9.174414984691385653e-05
7.526190897963799216e+03 8.309589683620843619e-05 8.306100609174742351e-05
7.631439991184100109e+03 7.952825304093479194e-05 7.949255074650249809e-05
7.769939941435701257e+03 7.501787775589237415e-05 7.498346138946933846e-05
8.108742132963799122e+03 6.569187672868257789e-05 6.565820613403894291e-05
8.319844381184098893e+03 6.042288011044802675e-05 6.038864159632072089e-05
8.458344331435700951e+03 5.722221124797635515e-05 5.718731743382955408e-05
8.950010097963800945e+03 4.842005839777187542e-05 4.838712412429018106e-05
9.313975921184099207e+03 4.209742214703441102e-05 4.206742792967617346e-05
9.452475871435701265e+03 3.988896184381039727e-05 3.985969327663786525e-05
1.016489341558170054e+04 3.250962575785563090e-05 3.248385306372670732e-05
1.074961101380199943e+04 2.642289977195670848e-05 2.640042016441119255e-05
1.088811096643570090e+04 2.513291140480011985e-05 2.511089869152933801e-05
1.191931834796380099e+04 1.984598533388293049e-05 1.982709673223807288e-05
1.282282579618409909e+04 1.491089314037614185e-05 1.489533335175977573e-05
1.296132576643570064e+04 1.425333875511987766e-05 1.423802510760353682e-05
1.445290064796380102e+04 1.090090789418397486e-05 1.088785862411040420e-05
1.581677559618410123e+04 7.409268501638904592e-06 7.398915227472892432e-06
1.595527556643574826e+04 7.106048497049749926e-06 7.095826531063880362e-06
1.811167171558174960e+04 5.317553410746303685e-06 5.309001911709985726e-06
2.014036791380199793e+04 3.296563078365960606e-06 3.290181349304666172e-06
2.027886786643575033e+04 3.181243227065305317e-06 3.174923230590275736e-06
2.339533894796384993e+04 2.337526311389291161e-06 2.332291788632486658e-06
2.638411009618410026e+04 1.303677962747063793e-06 1.299963504842515516e-06
2.652261001643574855e+04 1.264400911589394472e-06 1.260713184816710677e-06
3.102553464796385379e+04 9.219018328302390284e-07 9.188658139143242892e-07
3.540075939618410484e+04 4.747081271654562153e-07 4.726432345792337477e-07
3.553925936643575551e+04 4.635179812564946979e-07 4.614639406986565476e-07
4.204437524796384969e+04 3.429208777905737092e-07 3.412372609763274614e-07
4.842179119618410186e+04 1.752430766654642227e-07 1.741391360949900984e-07
4.856029116643570160e+04 1.720905170734966489e-07 1.709907948573820416e-07
5.795679109796379635e+04 1.247822771173363086e-07 1.238836074164798565e-07
6.722559109618410002e+04 5.606279570522763576e-08 5.549071311309137388e-08
6.736409106643569248e+04 5.540885012315758654e-08 5.483831116906248990e-08
8.093606709796383802e+04 4.700586383453921477e-08 4.653991474264627200e-08
9.438034319618415611e+04 3.302877094910976483e-08 3.273779358420727463e-08
9.451884316643574857e+04 3.296110938415209126e-08 3.267068983237823699e-08
1.141206650655817502e+05 4.151833964680681302e-08 4.128163623651335880e-08
1.335947870138020371e+05 5.076683107307601685e-08 5.062179711770936263e-08
1.337332869164358126e+05 5.062730025537677116e-08 5.048246466500586866e-08
1.620428689155817265e+05 3.245516552094582770e-08 3.233774570261898100e-08
1.902247510138019570e+05 4.448101128880089105e-09 4.377962576609707990e-09
1.903632509164357616e+05 4.450651952641292264e-09 4.380580676243574639e-09
2.312477944155817386e+05 6.545796069529835862e-09 6.488716278646004887e-09
2.720046380138020613e+05 9.040142228365642047e-09 9.005824033518269831e-09
2.721431379164357204e+05 9.029979942723192746e-09 8.995684226300712358e-09
3.311873066479638801e+05 5.659607538451101680e-09 5.631662788393822655e-09
3.901037757461841102e+05 4.099860540425687897e-10 3.932606168115527808e-10
3.902422759164356976e+05 4.100110465819304119e-10 3.932928454710604894e-10
4.755109381479638978e+05 6.958010116192429285e-10 6.820148212753375261e-10
5.606519007461841684e+05 5.860862639310938427e-10 5.816727839827640093e-10
5.607904009164357558e+05 8.025123654611607570e-11 7.987651802389906328e-11
