1.500001740000000139e-01 2.074675400917000145e-01 9.391796674008788537e-02
2.999992800999999876e-01 1.247262205449996220e+00 5.640277762685225182e-01
4.499982122000000251e-01 2.697321441044334467e+00 1.211019532035669366e+00
5.499982122000000029e-01 3.369741761222347698e+00 1.508291016482410596e+00
6.499988728000000160e-01 3.958360167769312543e+00 1.767838816672051117e+00
7.499996907000000546e-01 4.490212551882923009e+00 2.002087576808330827e+00
8.499999240000000178e-01 4.978998172073903383e+00 2.217384108452836955e+00
9.500001739999999195e-01 5.433558714815474033e+00 2.417918083565256282e+00
1.050000347999999972e+00 5.859948337380947336e+00 2.606546849681283806e+00
1.150000348000000061e+00 6.261952124496121819e+00 2.785173432377110014e+00
1.299999280100000210e+00 6.847259365004603637e+00 3.046097192826036082e+00
1.449998872800000171e+00 7.369918097258539191e+00 3.281397620904899171e+00
1.549999690699999988e+00 7.706546034870727091e+00 3.434616284304968126e+00
1.649999848000000213e+00 8.032477017141218312e+00 3.583960009780749356e+00
1.749999924000000151e+00 8.348389680891742159e+00 3.729821342262672257e+00
1.850000000000000311e+00 8.655211187190284150e+00 3.872651646986320806e+00
1.950000174000000142e+00 8.953845373329778923e+00 4.012837055845504430e+00
2.050000347999999750e+00 9.245082923296962463e+00 4.150717706294528853e+00
2.150000348000000283e+00 9.529540849163080196e+00 4.286583526691657653e+00
2.250000347999999928e+00 9.807482260548297859e+00 4.420595833279757692e+00
2.399999280099999854e+00 1.022359823098939735e+01 4.622530791484743773e+00
2.549998212200000225e+00 1.061630079717454578e+01 4.816194292320528980e+00
2.649998212200000314e+00 1.087478298938571442e+01 4.945226441252179583e+00
2.749998872799999994e+00 1.112975035478390318e+01 5.073497297204718315e+00
2.849999533400000118e+00 1.138110498850746133e+01 5.200981690830031035e+00
2.949999533400000207e+00 1.162899153577955857e+01 5.327753944861902013e+00
3.049999533399999851e+00 1.187351689788616760e+01 5.453885701826254540e+00
3.149999533400000384e+00 1.211487203709471139e+01 5.579430649403465559e+00
3.249999690700000610e+00 1.235317383244861489e+01 5.704417509065348391e+00
3.349999847999999947e+00 1.258857274033090334e+01 5.828900212585226726e+00
3.449999924000000551e+00 1.282120892633794185e+01 5.952948834580090498e+00
3.549999999999999822e+00 1.305120330885445412e+01 6.076624796613798729e+00
3.650000000000000355e+00 1.327870486011510920e+01 6.199969292561855028e+00
3.750000000000000444e+00 1.350385582094181025e+01 6.323022429356765173e+00
3.850000000000000089e+00 1.372677895772539713e+01 6.445830464795320403e+00
3.950000174000000364e+00 1.394745973452011434e+01 6.568424868685482032e+00
4.099999280100000476e+00 1.427976266347006984e+01 6.753932976220910156e+00
4.249998212200000403e+00 1.460292052587567468e+01 6.937048711641567778e+00
4.349998872799999639e+00 1.481776655605952442e+01 7.059819610797698708e+00
4.449999690699999455e+00 1.503196296146001210e+01 7.182889676110316479e+00
4.549999847999999680e+00 1.524557317405391998e+01 7.306320296540529391e+00
4.649999924000000284e+00 1.545876558957938585e+01 7.430159176246826647e+00
4.750000000000000000e+00 1.567171897535521019e+01 7.554450612435155143e+00
4.850000174000000719e+00 1.588456074458444434e+01 7.679207560996993642e+00
4.950000347999999661e+00 1.609712242736233279e+01 7.804293897137041469e+00
5.056825680100001108e+00 1.632671191959536472e+01 7.940675489918131547e+00
5.206824612200000146e+00 1.665971443188747259e+01 8.136669853428132981e+00
5.349998872799999639e+00 1.696283340320616517e+01 8.316239906144273775e+00
5.449999690700000343e+00 1.717913286591263144e+01 8.445085823002759895e+00
5.549999848000000569e+00 1.739679525442229746e+01 8.574866978337015055e+00
5.649999924000000284e+00 1.761554219094364271e+01 8.705423585727723790e+00
5.750000000000000000e+00 1.783500370264670565e+01 8.836601619832549659e+00
5.850000174000000719e+00 1.805481641317997799e+01 8.968228703754270725e+00
5.950000347999999661e+00 1.827421471145558485e+01 9.099873474333030288e+00
6.064887030100000409e+00 1.853042942297014406e+01 9.255491227759270245e+00
6.214885962200000336e+00 1.887997806093179776e+01 9.464091039463415456e+00
6.349998872800000527e+00 1.916618079685719422e+01 9.636412018463799356e+00
6.449999690699999455e+00 1.938284975581617786e+01 9.768307015873604726e+00
6.549999847999999680e+00 1.959829412463252041e+01 9.900076435600178471e+00
6.649999924000000284e+00 1.981158016425567681e+01 1.003126122843081980e+01
6.750000000000000000e+00 2.002175177125471706e+01 1.016145864422941258e+01
6.850000174000000719e+00 2.022783652231099794e+01 1.029026842666286612e+01
6.950000348000000550e+00 2.042833405895239096e+01 1.041697902970610912e+01
7.076948880099999784e+00 2.068065793417374465e+01 1.058059897092858570e+01
7.214285662200000893e+00 2.097202626984693552e+01 1.076892446904098222e+01
7.337336062200000342e+00 2.121810375761332068e+01 1.092497323039755308e+01
7.449998212200000580e+00 2.139365785578193169e+01 1.104394681819195867e+01
7.549998872800000704e+00 2.155932270729493538e+01 1.115868725290211039e+01
7.649999690699999633e+00 2.172045168625368206e+01 1.127213196218521141e+01
7.749999923999999929e+00 2.187507544605272258e+01 1.138337018320652483e+01
7.850000173999999831e+00 2.202246893734994515e+01 1.149206933000061426e+01
7.950000347999999661e+00 2.216218518888981492e+01 1.159803570393327199e+01
8.050000951999999543e+00 2.229387962967303949e+01 1.170108766598125705e+01
8.150001806000000570e+00 2.241703659786215397e+01 1.180101712752625431e+01
8.297405634100000427e+00 2.258586582490449501e+01 1.194379597709771623e+01
8.447403712199999859e+00 2.274149608314886706e+01 1.208334893457433878e+01
8.549998872799999816e+00 2.282970182321499664e+01 1.217072845095158407e+01
8.649999690700001409e+00 2.290919193350698180e+01 1.225414007269169048e+01
8.749999847999999858e+00 2.297990779329850852e+01 1.233422392007400958e+01
8.849999924000000462e+00 2.304159722718200243e+01 1.241082787766361051e+01
8.950000173999999475e+00 2.309391613332956084e+01 1.248384535721436350e+01
9.050000952000001320e+00 2.313693131384954782e+01 1.255326335647577451e+01
9.150001806000002347e+00 2.317023929635552548e+01 1.261894055714686402e+01
9.256429505999999918e+00 2.319471197470958046e+01 1.268466037576357763e+01
9.385897374099998913e+00 2.321355830228354122e+01 1.276206894355495258e+01
9.529468027200000080e+00 2.323039196142121199e+01 1.284545758994233466e+01
9.649998907799998804e+00 2.320744226825464551e+01 1.289890601846978946e+01
9.749999705699998742e+00 2.318373248445497481e+01 1.294339473863627177e+01
9.849999928999999099e+00 2.315246360232200118e+01 1.298526325173746798e+01
9.950000183999998526e+00 2.311256117095420848e+01 1.302428391895238136e+01
1.005000096200000037e+01 2.306536266247497124e+01 1.306091232585602491e+01
1.015000180600000057e+01 2.301034072743968650e+01 1.309505065513850219e+01
1.027752404410000153e+01 2.294159266993692015e+01 1.314210197591999751e+01
1.042752214719999948e+01 2.288153580216462757e+01 1.320412286299082005e+01
1.054999890779999916e+01 2.280884026727046887e+01 1.324313106559941566e+01
1.064999970569999910e+01 2.277206417378491565e+01 1.328546131928172613e+01
1.074999992899999945e+01 2.275939575399019432e+01 1.333690941288378795e+01
1.085000018400000066e+01 2.280617720883737931e+01 1.340731936408890235e+01
1.095000096200000073e+01 2.293850827114248858e+01 1.350198639700314729e+01
1.105000180600000093e+01 2.314637444925730492e+01 1.361643571286608356e+01
1.115000205599999994e+01 2.340632891746491140e+01 1.374300423279579597e+01
1.130000015909999966e+01 2.381051672682295361e+01 1.393262078810421301e+01
1.144999890779999951e+01 2.422307369564866519e+01 1.412157596023081219e+01
1.154999970569999945e+01 2.447932696762646643e+01 1.424009828264249045e+01
1.164999992899999981e+01 2.471400399338437737e+01 1.435167992769616596e+01
1.175000018399999924e+01 2.492381303097011269e+01 1.445611426058583682e+01
1.185000036799999990e+01 2.511853662849832602e+01 1.455658007018456779e+01
1.195000096200000073e+01 2.530211154507636095e+01 1.465437946926547141e+01
1.205000180599999915e+01 2.548048330733544731e+01 1.475107120136000560e+01
1.215000205599999816e+01 2.565670288268126953e+01 1.484725054753198137e+01
1.230000015909999966e+01 2.591284244128868508e+01 1.498764247455161502e+01
1.244999890779999951e+01 2.615373410440491853e+01 1.512194247896937682e+01
1.254999970569999945e+01 2.629655311179634225e+01 1.520436806828093523e+01
1.264999992900000159e+01 2.642244540060857005e+01 1.528056802663671121e+01
1.275000018399999924e+01 2.653013926885192575e+01 1.535032003429754255e+01
1.285000036799999990e+01 2.662185870261755127e+01 1.541437935651820190e+01
1.295000096199999895e+01 2.669768121033788688e+01 1.547284952098198119e+01
1.305000180599999915e+01 2.675954206808522784e+01 1.552636759490087748e+01
1.315000205599999994e+01 2.680876204329592483e+01 1.557534295306776606e+01
1.330000015909999966e+01 2.686417609991509181e+01 1.564176572788475106e+01
1.344999890779999951e+01 2.689657437950329211e+01 1.569944404342421507e+01
1.354999970570000123e+01 2.690845703684405521e+01 1.573409747466494224e+01
1.364999992899999981e+01 2.691386805465451459e+01 1.576597603862597552e+01
1.375000018399999924e+01 2.691333469767220166e+01 1.579520426003600697e+01
1.385000036800000167e+01 2.690779535923855903e+01 1.582220456451085333e+01
1.395000096200000073e+01 2.689773375508162800e+01 1.584711594373464116e+01
1.405000180600000270e+01 2.688375717859360492e+01 1.587028669216040910e+01
1.415000205600000172e+01 2.686627576045562904e+01 1.589205860114415181e+01
1.430000015910000144e+01 2.683829411688748223e+01 1.592528292618171015e+01
1.444999890780000129e+01 2.680286675429192655e+01 1.595656106302767796e+01
1.454999970569999945e+01 2.677793547889147519e+01 1.597988347474308490e+01
1.464999992900000159e+01 2.675320025812364477e+01 1.600695137500364851e+01
1.475000018400000101e+01 2.672913891096177252e+01 1.603875608495857108e+01
1.485000036799999990e+01 2.670644569876096952e+01 1.607610172361138368e+01
1.495000096200000250e+01 2.668578778178515520e+01 1.611978996053282032e+01
1.505000180599999737e+01 2.666750279690110048e+01 1.616921556955570694e+01
1.515000205599999994e+01 2.665118469530628786e+01 1.622223229309262749e+01
1.530000015910000322e+01 2.663332355653707850e+01 1.630651827989355240e+01
1.544999890780000307e+01 2.661918541978803532e+01 1.639532194831747347e+01
1.554999970570000123e+01 2.661350381647891439e+01 1.645564169478848981e+01
1.564999992900000159e+01 2.661058240836596767e+01 1.651496463632862444e+01
1.575000018400000279e+01 2.661020458744759765e+01 1.657236562102215771e+01
1.585000036799999812e+01 2.661152965958514827e+01 1.662554330451136408e+01
1.595000096200000073e+01 2.661397369613258590e+01 1.667279629930477469e+01
1.605000180600000093e+01 2.661698529841135041e+01 1.671335050219967400e+01
1.616787921909999781e+01 2.662124008045626411e+01 1.675250882174190536e+01
1.631787732219999754e+01 2.662770527931427011e+01 1.678964268499099077e+01
1.644999890779999774e+01 2.663150707156652075e+01 1.681116620956231955e+01
1.654999955339999929e+01 2.663486189774367929e+01 1.682146828111048720e+01
1.664999955340000071e+01 2.663872545768024125e+01 1.682729677904120891e+01
1.674999970570000229e+01 2.664313661894119889e+01 1.682896540470759561e+01
1.684999985800000033e+01 2.664829413905604483e+01 1.682697045000642788e+01
1.694999992900000052e+01 2.665436115355084112e+01 1.682166723438629319e+01
1.705000000000000071e+01 2.666152456962113604e+01 1.681333821906236992e+01
1.715000018400000315e+01 2.666995893790742755e+01 1.680234246561070677e+01
1.725000096200000144e+01 2.667954269466671136e+01 1.678888149987499645e+01
1.735000180600000164e+01 2.669004138883559207e+01 1.677315635214563727e+01
1.750000102800000334e+01 2.670822742362948432e+01 1.674697630754706879e+01
1.765000077799999900e+01 2.672755693211725969e+01 1.671535894541334599e+01
1.775000155600000085e+01 2.674143871884604096e+01 1.669252814994285927e+01
1.785000180600000164e+01 2.675607393752419938e+01 1.666828327802877396e+01
1.798733965599999962e+01 2.677784594242574912e+01 1.663386963489444881e+01
1.813733862799999841e+01 2.680338620681215644e+01 1.659330379593049898e+01
1.825000000000000000e+01 2.682229548686775544e+01 1.656042413683403680e+01
1.835000000000000142e+01 2.683989191555633980e+01 1.653064556369320570e+01
1.845000077799999971e+01 2.685802156487268988e+01 1.650003870608847478e+01
1.855000180600000093e+01 2.687658797888348161e+01 1.646858192889074957e+01
1.870000102800000263e+01 2.690557011478167126e+01 1.642111142518140454e+01
1.885000000000000142e+01 2.693485261740876169e+01 1.637071317389096592e+01
1.895000077800000327e+01 2.695464166978596410e+01 1.633653252975536319e+01
1.905000180600000093e+01 2.697455701884592116e+01 1.630177291855862620e+01
1.920000102799999908e+01 2.700470105814415689e+01 1.624966457905053119e+01
1.935000000000000142e+01 2.703424982060984405e+01 1.619513688365764637e+01
1.945000077800000327e+01 2.705350942568100692e+01 1.615841503791859068e+01
1.955000180600000093e+01 2.707237738018275053e+01 1.612127817665638929e+01
1.970000102799999908e+01 2.710055374533860117e+01 1.606579121109362873e+01
1.985000000000000142e+01 2.712790269070614713e+01 1.600826433198936272e+01
1.995000077800000327e+01 2.714578490952239420e+01 1.596967123281727297e+01
2.005000180600000093e+01 2.716334252811641292e+01 1.593077378594679239e+01
2.017947155600000286e+01 2.718556846916160907e+01 1.588043630918508775e+01
2.032947052800000520e+01 2.721016974229284102e+01 1.582121179965982982e+01
2.045000078300000368e+01 2.722899315093266281e+01 1.577276635158896667e+01
2.055000182100000217e+01 2.724380560770079995e+01 1.573244722480568392e+01
2.065000207599999982e+01 2.725774562247872979e+01 1.569188455101320656e+01
2.075482214410000026e+01 2.727137557257991674e+01 1.564913652021106572e+01
2.088247351720000111e+01 2.728705778224919953e+01 1.559697551032062002e+01
2.102765241110000005e+01 2.730404386408734041e+01 1.553713730580403052e+01
2.115000000000000213e+01 2.731610631706503156e+01 1.548593598469828692e+01
2.125000078300000084e+01 2.732527376661615648e+01 1.544402676279104369e+01
2.135000156599999954e+01 2.733357547715776192e+01 1.540192881349573817e+01
2.145000156600000452e+01 2.734089569085303495e+01 1.535962213868535464e+01
2.155000182099999861e+01 2.734713390529562105e+01 1.531710113849119814e+01
2.165000207599999982e+01 2.735218350306449864e+01 1.527435879613523362e+01
2.176821749409999640e+01 2.735662553468111824e+01 1.522376553889792739e+01
2.191195449219999603e+01 2.735997879035283731e+01 1.516192883036743666e+01
2.204373803610000238e+01 2.736034312828064330e+01 1.510464320010872186e+01
2.215000000000000213e+01 2.735874444730868760e+01 1.505816567227802771e+01
2.225000078300000084e+01 2.735603064970524656e+01 1.501433665408173113e+01
2.235000156599999954e+01 2.735199100250294535e+01 1.497034076959236160e+01
2.245000156600000096e+01 2.734655291501042385e+01 1.492617068029333716e+01
2.255000182100000217e+01 2.733964882356833570e+01 1.488182307350855105e+01
2.265000207599999626e+01 2.733121948186844463e+01 1.483728096679563357e+01
2.280000103800000133e+01 2.731602695971782069e+01 1.477073043083371751e+01
2.295000078300000368e+01 2.729708560779899784e+01 1.470301644942083819e+01
2.305000182099999861e+01 2.728249146323527796e+01 1.465780297049370162e+01
2.315000207599999982e+01 2.726628139473923795e+01 1.461243234351957732e+01
2.329766101600000283e+01 2.723969787950683141e+01 1.454567377482991830e+01
2.344765997800000079e+01 2.720872674756093446e+01 1.447683008367465618e+01
2.355000000000000071e+01 2.718550170044270331e+01 1.442976312147653850e+01
2.365000000000000213e+01 2.716121483825650884e+01 1.438367169910266519e+01
2.375000078300000084e+01 2.713534884978818340e+01 1.433745064433476024e+01
2.385000156599999599e+01 2.710792097689559554e+01 1.429109629115684221e+01
2.395000156600000096e+01 2.707895338121985773e+01 1.424460564369530502e+01
2.405000182099999861e+01 2.704846479395832048e+01 1.419797090631596781e+01
2.415000207599999982e+01 2.701644671174410561e+01 1.415117177160210638e+01
2.430000103800000488e+01 2.696618993641930118e+01 1.408116452652964234e+01
2.445000078300000368e+01 2.691218194193705671e+01 1.401015479499352701e+01
2.455000182100000217e+01 2.687436807548642648e+01 1.396277943534753341e+01
2.465000207599999982e+01 2.683514463461028399e+01 1.391529051934006134e+01
2.480000103800000488e+01 2.677438026869545240e+01 1.384431442086629893e+01
2.495000078300000368e+01 2.671016046457446080e+01 1.377245443029643646e+01
2.505000182100000217e+01 2.666581272760182841e+01 1.372453994152635381e+01
2.515000207599999982e+01 2.662035567841658690e+01 1.367653061784467994e+01
2.525400947910000227e+01 2.657193927567699276e+01 1.362649196074972480e+01
2.538779357409999804e+01 2.650826960128165410e+01 1.356213932811153278e+01
2.553378513299999852e+01 2.643676049407604012e+01 1.349149821544284222e+01
2.565000000000000213e+01 2.637820934324389199e+01 1.343498416007177099e+01
2.575000078300000084e+01 2.632676706655122700e+01 1.338634717048654998e+01
2.585000156599999954e+01 2.627422826153939539e+01 1.333763919883214477e+01
2.595000156600000452e+01 2.622053778442543504e+01 1.328885949075928075e+01
2.605000182099999861e+01 2.616571505669934083e+01 1.324000550904460738e+01
2.615000207599999982e+01 2.610980920334564459e+01 1.319107294970929978e+01
2.625848810409999956e+01 2.604804482186638026e+01 1.313793742292771682e+01
2.640325681719999906e+01 2.596417883275244876e+01 1.306706557827467030e+01
2.654476975109999870e+01 2.588024135632469225e+01 1.299734319418522155e+01
2.665000000000000213e+01 2.581653221217387539e+01 1.294543843513524983e+01
2.675000078300000084e+01 2.575493114545918161e+01 1.289611230177206025e+01
2.685000156599999954e+01 2.569192743978036120e+01 1.284675071567060733e+01
2.695000156600000096e+01 2.562722898509089120e+01 1.279735148951694867e+01
2.705000182100000217e+01 2.556063523470897181e+01 1.274791075355230596e+01
2.715000207599999626e+01 2.549204600613065708e+01 1.269842034596118552e+01
2.730000103800000133e+01 2.538583650527624158e+01 1.262448085979700707e+01
2.745000078300000013e+01 2.527499060675478404e+01 1.254997326065934260e+01
2.755000182099999861e+01 2.519890449149128742e+01 1.250041075519925471e+01
2.765000207599999982e+01 2.512131738606562692e+01 1.245088890202356247e+01
2.778793162599999533e+01 2.501162978840303808e+01 1.238259677207999943e+01
2.793793058800000040e+01 2.488614537872058818e+01 1.230750272318468497e+01
2.805000000000000071e+01 2.478789493619731843e+01 1.225117784417188105e+01
2.815000000000000568e+01 2.469675463918721192e+01 1.220087528854409165e+01
2.830000000000000071e+01 2.455455468380639061e+01 1.212567111519275365e+01
2.850000000000000000e+01 2.435391306790652877e+01 1.202499077033601615e+01
2.865000000000000568e+01 2.419514741765150845e+01 1.194915686966132284e+01
2.879141072299999848e+01 2.404038486760397220e+01 1.187810076687898508e+01
2.894141072300000062e+01 2.387005995442930839e+01 1.180243643292656763e+01
2.905000000000000426e+01 2.374312389517842448e+01 1.174774744400357385e+01
2.914999999999999858e+01 2.362379391879424873e+01 1.169745853752277398e+01
2.929999999999999716e+01 2.344153116650807078e+01 1.162240848844015417e+01
2.950000000000000355e+01 2.319064237977146092e+01 1.152219570298830753e+01
2.965000000000000213e+01 2.299657132482271749e+01 1.144690058881909067e+01
2.975148958200000138e+01 2.286281898247090538e+01 1.139612441867796910e+01
2.990148958199999996e+01 2.266296507071704625e+01 1.132145374077205524e+01
3.004999999999999716e+01 2.246039370614280273e+01 1.124723000392755168e+01
3.015000000000000213e+01 2.232216573488610223e+01 1.119744715393952994e+01
3.030000000000000071e+01 2.211427390533080128e+01 1.112323074484840291e+01
3.050000000000000355e+01 2.183432088056175502e+01 1.102430958735420674e+01
3.065000000000000213e+01 2.162257475460322453e+01 1.095011242304097010e+01
3.080000000000000071e+01 2.141099618967256646e+01 1.087653499026192350e+01
3.100000000000000355e+01 2.112702648368841452e+01 1.077849789909372191e+01
3.115000000000000213e+01 2.091210033718220274e+01 1.070499463525802852e+01
3.129746040610000080e+01 2.070060991530800010e+01 1.063337222701849605e+01
3.144746040609999937e+01 2.048391777864055285e+01 1.056040513806604686e+01
3.155000000000000071e+01 2.033570643424375035e+01 1.051077589608905427e+01
3.165000000000000213e+01 2.019119586782740683e+01 1.046249852506577227e+01
3.180000000000000071e+01 1.997511263011799088e+01 1.039054859055955227e+01
3.200000000000000711e+01 1.968609719957476401e+01 1.029478144747842272e+01
3.215000000000000568e+01 1.946808358582006804e+01 1.022306386351794494e+01
3.225000000000000000e+01 1.932209119981710543e+01 1.017549880313656452e+01
3.240000000000000568e+01 1.910243525204295523e+01 1.010463602181753551e+01
3.255000000000000426e+01 1.888053633721418123e+01 1.003370043290040492e+01
3.265000000000000568e+01 1.873173848316495693e+01 9.986687670222961444e+00
3.275000000000000000e+01 1.858234930714088762e+01 9.939822821162811906e+00
3.287861015610000237e+01 1.838968197004553673e+01 9.879847902046460462e+00
3.302861015610000095e+01 1.816361193411090724e+01 9.810061020116146224e+00
3.314999999999999858e+01 1.797991275721386017e+01 9.753790937032816188e+00
3.325000000000000000e+01 1.782792664037180330e+01 9.707612244702108484e+00
3.340000000000000568e+01 1.759931092528677610e+01 9.638813305500750772e+00
3.354999999999999716e+01 1.736865226372767168e+01 9.569976333132755641e+00
3.364999999999999858e+01 1.721406887619184900e+01 9.524352707770571413e+00
3.375000000000000000e+01 1.705881377017331246e+01 9.478878289837652460e+00
3.390000000000000568e+01 1.682546147433350470e+01 9.411165285669110148e+00
3.404999999999999716e+01 1.659045562612321234e+01 9.343461935767791715e+00
3.414999999999999858e+01 1.643357893126515989e+01 9.298612182515043401e+00
3.425000000000000000e+01 1.627660409451865320e+01 9.253916302530983629e+00
3.439999999999999858e+01 1.604171640952183608e+01 9.187349534653217020e+00
3.454999999999999716e+01 1.580618701241495039e+01 9.120794102173679363e+00
3.464999999999999858e+01 1.564937782888943119e+01 9.076695367316048646e+00
3.475000000000000711e+01 1.549271857773289618e+01 9.032749368157164227e+00
3.488191770299999916e+01 1.528668688820840416e+01 8.975128750490368290e+00
3.503191770300000485e+01 1.505273457806978499e+01 8.909802383105674295e+00
3.514999999999999858e+01 1.486895094360005842e+01 8.858601466488684295e+00
3.525000000000000711e+01 1.471395903347355372e+01 8.815463209581780646e+00
3.540000000000000568e+01 1.448341678516412223e+01 8.751252543195080946e+00
3.554999999999999716e+01 1.425394340266144688e+01 8.687103754707635517e+00
3.565000000000000568e+01 1.410226807555699047e+01 8.644623926060017283e+00
3.575000000000000711e+01 1.395161818691773981e+01 8.602304606005402476e+00
3.587041768800000341e+01 1.377180180234189422e+01 8.551613764526667438e+00
3.602041768800000199e+01 1.355007169111967791e+01 8.488755414408132083e+00
3.615000000000000568e+01 1.336028002110329638e+01 8.434619641684673041e+00
3.625000000000000711e+01 1.321532004841132135e+01 8.393077898832766337e+00
3.640000000000000568e+01 1.300083633732900346e+01 8.331256610030406407e+00
3.655000000000000426e+01 1.278870925069681341e+01 8.269534945086313371e+00
3.665000000000000568e+01 1.264925177026074543e+01 8.228694748190509500e+00
3.675000000000000711e+01 1.251135451650834618e+01 8.188030962929806478e+00
3.689999999999999858e+01 1.230804305066922844e+01 8.127522877497190379e+00
3.705000000000000426e+01 1.210777178364000406e+01 8.067115249096300289e+00
3.715000000000000568e+01 1.197650635723931600e+01 8.027130381332055364e+00
3.725000000000000711e+01 1.184694990777457235e+01 7.987310179812738831e+00
3.739999999999999858e+01 1.165625655206915035e+01 7.928043529095988085e+00
3.755000000000000426e+01 1.146881922768102235e+01 7.868876619534092676e+00
3.765000000000000568e+01 1.134615032755172592e+01 7.829717088163370420e+00
3.775000000000000000e+01 1.122521844669041791e+01 7.790727296055745654e+00
3.789999999999999858e+01 1.104749186925775639e+01 7.732724975456376271e+00
3.805000000000000426e+01 1.087314952527038159e+01 7.674853200456734470e+00
3.814999999999999858e+01 1.075928133390270425e+01 7.636585744925227459e+00
3.825000000000000000e+01 1.064721136445166572e+01 7.598507019297467302e+00
3.835000000000000142e+01 1.053692166491751081e+01 7.560610454189943042e+00
3.845420163800000779e+01 1.042389138854517405e+01 7.521320143237258726e+00
3.860420163799999926e+01 1.026475832476631389e+01 7.465208560378294500e+00
3.875000000000000000e+01 1.011333322858288319e+01 7.410824926643836186e+00
3.885000000000000853e+01 1.001164682588143862e+01 7.373808839678307692e+00
3.900000000000000000e+01 9.862518463882246067e+00 7.318766007898326542e+00
3.914999999999999858e+01 9.716566355281612388e+00 7.263870428192611861e+00
3.925000000000000711e+01 9.621370780279699275e+00 7.227577413545164475e+00
3.935000000000000853e+01 9.527752788551211438e+00 7.191472049960608182e+00
3.949063755800001019e+01 9.398952627619184597e+00 7.141125938286129404e+00
3.964063755800000166e+01 9.264602660414238855e+00 7.087648402251832458e+00
3.975000000000000711e+01 9.168808886849298290e+00 7.048950105424146351e+00
3.985000000000000853e+01 9.082768696845194611e+00 7.013783046556326006e+00
4.001598810610000356e+01 8.943676990357879220e+00 6.955943672310686665e+00
4.024516166220000457e+01 8.757579017230607832e+00 6.876588309106662855e+00
4.061388893409999667e+01 8.475447780677111353e+00 6.753625490406087728e+00
4.096378425599999673e+01 8.221909163755654504e+00 6.638372446274511063e+00
4.138848618409999602e+01 7.932888196585004437e+00 6.500715175706098137e+00
4.183471031220000214e+01 7.644024621448735957e+00 6.355930145877697335e+00
4.207275508409999532e+01 7.500476135000337941e+00 6.282761280126770487e+00
4.229196795600000058e+01 7.373908052919884604e+00 6.217032533349934553e+00
4.286602128410000034e+01 7.062271605476735381e+00 6.048321655102224526e+00
4.345039313409999693e+01 6.761897510104041054e+00 5.875436497296601779e+00
4.365748950599999745e+01 6.663147223071320902e+00 5.817642301874102806e+00
4.435757405599999714e+01 6.355250057145443776e+00 5.631748233261031800e+00
4.506034890600000153e+01 6.062714909825188236e+00 5.443283188804835859e+00
4.577910240599999980e+01 5.800770616939725066e+00 5.269747661045355969e+00
4.650054615599999863e+01 5.551541112167953429e+00 5.095052978567697011e+00
4.677849528410000346e+01 5.461524620635569427e+00 5.030340763473845733e+00
4.741080308410000299e+01 5.272497545901746463e+00 4.892524506936955397e+00
4.797808125600000295e+01 5.111206668112171947e+00 4.770652180559595834e+00
4.826276628409999603e+01 5.033414576974049481e+00 4.710498873393697217e+00
4.856628326219999536e+01 4.952848278562795414e+00 4.647399492326189652e+00
4.903768958410000067e+01 4.836515752433078852e+00 4.556173071648417228e+00
4.949295420600000028e+01 4.727880753380722112e+00 4.469167220934340712e+00
4.990832168409999525e+01 4.632498123346758589e+00 4.391240476867593223e+00
5.034252111220000359e+01 4.535273526348088780e+00 4.310412344467294155e+00
5.070191388410000144e+01 4.459774775876550912e+00 4.247878649729939227e+00
5.104516500599999773e+01 4.389655803547109159e+00 4.189212622988401691e+00
5.159121493410000170e+01 4.282168326388134716e+00 4.097692729368898057e+00
5.215609676220000068e+01 4.173402329315063497e+00 4.003107035647564871e+00
5.240347598409999819e+01 4.128300348976960521e+00 3.963977651019742865e+00
5.263471360599999826e+01 4.087271147010842931e+00 3.928311627195767652e+00
5.331144598409999702e+01 3.971635468056659679e+00 3.826222237447518548e+00
5.400701026219999790e+01 3.854995775105533262e+00 3.720830944418641373e+00
5.426094198410000757e+01 3.814787394072309823e+00 3.684527776552937173e+00
5.506901488409999956e+01 3.693817463350911989e+00 3.574149466283594201e+00
5.589526166220000647e+01 3.572030550634206936e+00 3.460263807716402518e+00
5.676804978410000047e+01 3.455575980197810981e+00 3.350798347974246472e+00
5.759210133410000054e+01 3.346912065915531809e+00 3.246355446375381870e+00
5.782085091220000805e+01 3.318242048586812487e+00 3.218528445719878839e+00
5.860029443410000027e+01 3.225585822084987342e+00 3.128881565879382265e+00
5.936628655600000570e+01 3.135438928883137688e+00 3.040253798511585615e+00
5.956696138409999719e+01 3.112583205293520727e+00 3.017411928789979214e+00
5.978377791220000148e+01 3.088486271729308452e+00 2.993341821798712665e+00
6.046987683409999192e+01 3.015146349854570751e+00 2.920813070675888135e+00
6.114252435600000979e+01 2.943850978222656956e+00 2.849560337329665405e+00
6.145521278409999866e+01 2.911834259389907142e+00 2.816975473720512824e+00
6.178404286220001040e+01 2.878720884334540209e+00 2.783205073311763478e+00
6.237679713410000204e+01 2.821255539326170236e+00 2.725548575002418872e+00
6.295610005600001102e+01 2.765566736383170188e+00 2.669331431414692535e+00
6.338080198410000321e+01 2.726115330376393864e+00 2.628776054512485860e+00
6.382164556219998985e+01 2.685634285818833344e+00 2.587023828334205522e+00
6.432105528409999806e+01 2.641447085593342070e+00 2.542355660694725739e+00
6.480701360599999816e+01 2.598866012499890132e+00 2.499210445990148521e+00
6.534372908409999070e+01 2.553334071217005175e+00 2.452309359615373552e+00
6.589658621220000612e+01 2.506764843363955553e+00 2.404147805023631346e+00
6.630265128410000841e+01 2.473777577077096002e+00 2.370751128687562659e+00
6.669526500599999963e+01 2.442265779779537294e+00 2.338881469185007056e+00
6.734399398409999549e+01 2.391708349966802594e+00 2.287057757372717770e+00
6.800886461219998580e+01 2.340054628689870686e+00 2.233877845969081122e+00
6.832158508409999342e+01 2.316606978481095869e+00 2.210208738524572336e+00
6.862085415600000715e+01 2.294526820456015859e+00 2.188017018353543452e+00
6.938159668410000336e+01 2.239837966707010963e+00 2.132515590107569636e+00
7.015848091220001947e+01 2.183956890138569751e+00 2.075541881053450055e+00
7.037785678410000401e+01 2.168696495617911335e+00 2.060221004815034451e+00
7.058378125600000885e+01 2.154697239973268008e+00 2.046284380116470292e+00
7.145653733410000541e+01 2.096666841345395493e+00 1.988174713322610643e+00
7.231254613410000331e+01 2.039439639376747770e+00 1.930571126079360766e+00
7.258404615599999943e+01 2.022096322032197691e+00 1.913383717416578644e+00
7.356881573409999930e+01 1.961420285167195576e+00 1.853497226941617892e+00
7.456972696219999364e+01 1.899357135204913005e+00 1.791972782434346989e+00
7.563853878410000675e+01 1.838101404453319043e+00 1.732349046885175214e+00
7.660639813410000443e+01 1.782033472023371479e+00 1.677543687769643466e+00
7.675724748409999165e+01 1.773600961730447567e+00 1.669347472370561691e+00
7.692154818410000416e+01 1.764521941631519431e+00 1.660567046289504356e+00
7.782549293409999791e+01 1.716735452174622756e+00 1.614730918399633675e+00
7.880886795600000028e+01 1.664167340728485156e+00 1.564102077286123826e+00
7.912986148410000453e+01 1.647543981358569720e+00 1.548176904229800588e+00
8.004978488410000637e+01 1.602365802638809678e+00 1.505337311325817051e+00
8.095848420600000850e+01 1.557543282114012495e+00 1.462730295687386439e+00
8.120583138410000856e+01 1.545504656348492656e+00 1.451302555462596899e+00
8.146662996220000252e+01 1.533101076671212093e+00 1.439598812559214513e+00
8.231141468410000073e+01 1.494799615516275715e+00 1.403663889067848114e+00
8.314543830599998842e+01 1.456915899252646751e+00 1.368058322494063228e+00
8.348613008409999736e+01 1.441632446377761001e+00 1.353734729235858136e+00
8.384027326220000020e+01 1.426013869496964404e+00 1.339143584216580640e+00
8.461038233409999521e+01 1.393841514896944966e+00 1.309223316757864186e+00
8.536973030600000811e+01 1.362148220753054195e+00 1.279712971681321809e+00
8.580376668410001173e+01 1.344244597261205376e+00 1.263107488903047804e+00
8.625125441219999800e+01 1.326018412157666360e+00 1.246227849160701062e+00
8.694668778409999277e+01 1.299301411137345097e+00 1.221551398814496370e+00
8.763136005599999123e+01 1.273101464855712850e+00 1.197334016116337940e+00
8.815874108410000076e+01 1.253145631697999196e+00 1.178974358071591677e+00
8.869957351219998998e+01 1.232866007321675061e+00 1.160323227590353001e+00
8.932033118410001293e+01 1.210972144380192628e+00 1.140203514324260814e+00
8.993032775600001116e+01 1.189612592839961902e+00 1.120566964658271436e+00
9.055105338410000115e+01 1.168111735423549957e+00 1.100903106463034131e+00
9.118523036220000222e+01 1.146275696170023117e+00 1.080923677492075630e+00
9.173131233409998231e+01 1.128616824133299223e+00 1.064750782057752421e+00
9.226663320599999452e+01 1.111493738561837308e+00 1.049067096813064426e+00
9.298070343410000760e+01 1.088896430014491656e+00 1.028482814925081090e+00
9.370822506220000037e+01 1.065945470078819568e+00 1.007554681862631751e+00
9.417963138410000568e+01 1.051981637640764244e+00 9.947905624265629410e-01
9.464027660600000047e+01 1.038541596020125413e+00 9.825072549766008523e-01
9.544769143409999401e+01 1.015234402727419161e+00 9.613240302028371875e-01
9.626855761219999863e+01 9.915507479178143901e-01 9.397669408273280345e-01
9.666528823410001792e+01 9.807866896558198322e-01 9.299347335832391925e-01
9.705125775599999827e+01 9.705232657623964476e-01 9.205635888988834559e-01
9.736850188569999887e+01 9.620992675755243306e-01 9.129037622921157835e-01
9.809419951380000668e+01 9.430036133885953964e-01 8.955675295174537753e-01
9.886622801219999701e+01 9.227298726679188379e-01 8.771190458275528457e-01
9.918828298409999888e+01 9.147189972237653732e-01 8.698001990155763696e-01
9.949957680599999321e+01 9.071793855962774211e-01 8.629163214088475531e-01
1.004936808341000045e+02 8.833664539719365827e-01 8.412788552930003938e-01
1.015012362622000097e+02 8.591254237964224272e-01 8.192077052056233599e-01
1.017486154840999859e+02 8.534697656058009008e-01 8.140365651126416635e-01
1.019852336560000055e+02 8.482511625712290115e-01 8.092695644360725638e-01
1.030726823340999800e+02 8.245393356373245108e-01 7.876914269026493720e-01
1.041523921840999805e+02 8.009394292308605889e-01 7.661594533889783953e-01
1.045082284060000006e+02 7.937317698737532679e-01 7.595566383638602259e-01
1.056890216341000013e+02 7.701581776905757071e-01 7.380666766006793722e-01
1.067847101340999956e+02 7.480671700316823269e-01 7.178820279773155955e-01
1.070685609559999989e+02 7.428281875916344923e-01 7.130735027220200806e-01
1.083426987841000084e+02 7.196572582242344307e-01 6.918911478391639447e-01
1.096428791341000135e+02 6.959124865853703046e-01 6.701331529215089899e-01
1.109823903560000105e+02 6.736864976612703115e-01 6.497465189850512024e-01
1.121613596340999948e+02 6.537524343316635234e-01 6.314358270171978038e-01
1.123525630840999980e+02 6.507475274996664671e-01 6.286705045077498610e-01
1.136360675059999892e+02 6.313240711223286894e-01 6.107964409379204040e-01
1.149056911341000102e+02 6.117522023756718497e-01 5.927638151596128502e-01
1.162591879340999981e+02 5.928968474565575741e-01 5.753627646203081092e-01
1.176873604340999862e+02 5.727698168568834403e-01 5.567490495156675046e-01
1.190595261840999939e+02 5.551827055008135003e-01 5.404624789733272205e-01
1.205063673840999883e+02 5.365669041514241622e-01 5.231871393308236140e-01
1.218972020840999875e+02 5.201553475498390533e-01 5.079358245999728849e-01
1.233627125840999952e+02 5.029226133641173657e-01 4.918875106079557691e-01
1.247722161341000060e+02 4.876008288183700801e-01 4.775976310117395207e-01
1.262563956341000164e+02 4.716369181000384381e-01 4.626770981639284352e-01
1.276845681840999873e+02 4.573326563632761355e-01 4.492871347515248193e-01
1.291874161840999875e+02 4.425392212141773252e-01 4.354089847915794120e-01
1.306342576840999925e+02 4.291826820444299972e-01 4.228578115635138190e-01
1.321557746841000096e+02 4.154690926900755366e-01 4.099419691246259378e-01
1.336212851841000031e+02 4.030004824745190284e-01 3.981774356621535227e-01
1.351614711840999803e+02 3.902878534117555920e-01 3.861542610203735904e-01
1.366456501840999920e+02 3.786509490765643804e-01 3.751267442552748133e-01
1.382045051840999861e+02 3.668676095091109590e-01 3.639322709141426526e-01
1.397073536841000134e+02 3.560118422425269658e-01 3.535966434709617023e-01
1.412848776840999676e+02 3.450931431478812539e-01 3.431726517888549211e-01
1.428063946840999847e+02 3.349715490778293892e-01 3.334868261462907157e-01
1.444025876841000127e+02 3.248579172866958853e-01 3.237795581292535196e-01
1.459427736841000183e+02 3.154257324652696703e-01 3.147033825855680700e-01
1.468253404357000136e+02 3.102198853814175927e-01 3.096912463131581972e-01
1.477727719638000110e+02 3.048048847804105121e-01 3.044444706532289380e-01
1.491164901841000017e+02 2.972695535090730812e-01 2.971516796234721647e-01
1.507500211841000066e+02 2.885948251178677149e-01 2.887235218134150405e-01
1.523275451840999892e+02 2.804088761875959679e-01 2.807484722722142778e-01
1.539797446841000124e+02 2.723726864708847506e-01 2.728879855927478504e-01
1.555759371840999847e+02 2.647445616498258492e-01 2.654062018228023345e-01
1.572468056840999679e+02 2.572972351911469446e-01 2.580703844418351101e-01
1.588616676841000128e+02 2.501890592713654771e-01 2.510500981817112565e-01
1.605512051841000130e+02 2.432820404850532525e-01 2.441977579600429493e-01
1.621847356840999907e+02 2.366526816994744264e-01 2.376045813556519615e-01
1.638929416841000091e+02 2.302379662042629005e-01 2.311954449997829508e-01
1.655451411840999754e+02 2.240475740747137068e-01 2.249965679583248723e-01
1.672720166841000093e+02 2.180826868419579179e-01 2.189964397836181298e-01
1.689428851840999926e+02 2.122968764223687466e-01 2.131651336378666828e-01
1.706884291840999879e+02 2.067387244633785426e-01 2.075393721676902226e-01
1.723779666840999880e+02 2.013198717801419901e-01 2.020457042646458812e-01
1.741421796841000003e+02 1.961317514263622996e-01 1.967659101235767483e-01
1.758503861840999889e+02 1.910496245782497271e-01 1.915872731871110790e-01
1.776332681840999896e+02 1.861983663286621016e-01 1.866282994839952858e-01
1.793601431840999965e+02 1.814245310842536874e-01 1.817436150275448248e-01
1.811616941841000141e+02 1.768786701881243095e-01 1.770810719563927493e-01
1.829072381841000094e+02 1.723857332858365066e-01 1.724694190540123351e-01
1.847228071559999876e+02 1.681298375537557122e-01 1.680947638484386886e-01
1.877186609357000009e+02 1.611980664889817449e-01 1.609648350145373719e-01
1.895015429356999732e+02 1.572423868280006520e-01 1.568938638358927939e-01
1.901134426840999936e+02 1.558922473582581292e-01 1.555038314999309390e-01
1.919149936841000113e+02 1.522194546710800289e-01 1.517256510344930365e-01
1.937725511841000241e+02 1.483582635309734221e-01 1.477528978183303976e-01
1.955927706841000031e+02 1.448858003672187644e-01 1.441854297490464953e-01
1.974689971841000045e+02 1.412494362252992575e-01 1.404496247905490935e-01
1.993078861840999707e+02 1.379644922295755471e-01 1.370825450351327024e-01
2.012027816840999890e+02 1.345375465110783542e-01 1.335707554943827147e-01
2.030603391841000018e+02 1.314288506379674704e-01 1.303945044979579748e-01
2.049739036841000370e+02 1.281977110853501078e-01 1.270947149979820834e-01
2.068501306841000371e+02 1.252543208160520616e-01 1.240992568994834511e-01
2.087823641840999755e+02 1.222059837753301514e-01 1.209991793417621864e-01
2.106772596840999938e+02 1.194178688763265217e-01 1.181746945510401270e-01
2.126281621841000060e+02 1.165403386108884581e-01 1.152623023471465863e-01
2.145417266841000128e+02 1.138977453826481440e-01 1.125986488409004976e-01
2.165112976841000147e+02 1.111795474388377197e-01 1.098618047639324802e-01
2.184435311840999816e+02 1.086732448187508748e-01 1.073488489621609587e-01
2.204317716840999708e+02 1.061034545440719262e-01 1.047754438791471121e-01
2.220903205138000089e+02 1.040736291373677291e-01 1.027514346301186127e-01
2.235325104857000156e+02 1.023162473411155932e-01 1.009971067062026689e-01
2.243895826840999916e+02 1.012981035957294107e-01 9.998635622227858288e-02
2.263591541841000208e+02 9.904708966564419736e-02 9.775326047649635086e-02
2.283847321841000166e+02 9.675274017563480211e-02 9.548030369754899327e-02
2.303729721840999787e+02 9.461246775682374821e-02 9.336769418012048904e-02
2.324172191841000199e+02 9.243698866012883819e-02 9.122322861984462350e-02
2.344241281840999989e+02 9.040025688739386500e-02 8.922205419212408950e-02
2.364870436840999730e+02 8.833538687014623469e-02 8.719579541999608607e-02
2.385126216840999689e+02 8.639551523984687065e-02 8.529755351863513302e-02
2.405942066841000155e+02 8.443382123300144371e-02 8.338009877603257125e-02
2.426384536840999999e+02 8.258502255565416950e-02 8.157720438877137659e-02
2.447387071841000079e+02 8.072006258732422612e-02 7.976023040019550314e-02
2.468016231841000092e+02 7.895730396503396198e-02 7.804602112908615164e-02
2.489205461841000044e+02 7.718360889915348855e-02 7.632240089725865484e-02
2.510021306840999671e+02 7.553230522294328286e-02 7.472076244685098290e-02
2.531397221841000089e+02 7.389998768849423416e-02 7.313898082792963384e-02
2.552399761841000156e+02 7.235225103992966311e-02 7.164081395663643437e-02
2.573962366840999607e+02 7.080454140107138306e-02 7.014308693464868516e-02
2.595151591841000140e+02 6.933295731129576756e-02 6.872002659759847421e-02
2.616900881841000341e+02 6.786564612244257166e-02 6.730113312248776902e-02
2.638276796841000191e+02 6.646760343079483047e-02 6.594968687046169620e-02
2.660212781840999696e+02 6.507742384479678344e-02 6.460551072062714617e-02
2.680530152137999949e+02 6.382454781683938316e-02 6.339410919738204531e-02
2.690844891857000221e+02 6.320433543244806385e-02 6.279430170536065559e-02
2.696085524856999882e+02 6.292376825737720780e-02 6.252370982518987153e-02
2.705134867154000062e+02 6.245070189880142647e-02 6.206767011736085554e-02
2.712947399138000719e+02 6.205208722671510385e-02 6.168367606012259419e-02
2.717814653638000095e+02 6.181371206803557006e-02 6.145422237542386146e-02
2.724603885653999669e+02 6.149960601112210157e-02 6.115222795256074206e-02
2.732436583856999732e+02 6.115115051013406827e-02 6.081764614285174037e-02
2.736930459856999960e+02 6.096139717850472539e-02 6.063564698395754182e-02
2.740135610653999834e+02 6.086281756801474596e-02 6.051660855292322755e-02
2.742499018153999941e+02 6.079883119261195179e-02 6.043230893380838881e-02
2.743499018154000169e+02 6.075857021240528566e-02 6.039665433828974445e-02
2.744499020654000105e+02 6.071868232998762355e-02 6.036099086996146723e-02
2.745499023154000042e+02 6.067917973082637140e-02 6.032531831231124214e-02
2.746999020654000105e+02 6.062085107195273881e-02 6.027437889538467958e-02
2.748499018154000169e+02 6.056310988602589540e-02 6.022570083957702602e-02
2.749499020654000105e+02 6.052527666884142954e-02 6.019461455556824464e-02
2.750499023154000042e+02 6.048789555011933883e-02 6.016351802921498376e-02
2.751999020654000105e+02 6.043290805337448585e-02 6.011686758707428246e-02
2.753499018154000169e+02 6.037861997296245509e-02 6.007016385332739766e-02
2.754499020654000105e+02 6.034320548316229882e-02 6.003902272426902414e-02
2.755499023154000042e+02 6.030832590284562061e-02 6.001044231347598540e-02
2.756999020654000105e+02 6.025728883994118518e-02 5.997218234605302539e-02
2.758499018154000169e+02 6.020709100500821337e-02 5.993424856986887678e-02
2.759499020654000105e+02 6.017454967006573979e-02 5.990895086055358226e-02
2.760499023154000042e+02 6.014322295190451667e-02 5.988420365358815278e-02
2.761997106153999653e+02 6.009923954750654579e-02 5.984850567543714694e-02
2.763497103654000284e+02 6.005649745522177035e-02 5.981680382780053817e-02
2.764499020654000105e+02 6.002905791909684402e-02 5.980070228372456886e-02
2.765499023154000042e+02 6.000244536370429038e-02 5.978461550310885941e-02
2.766999020654000674e+02 5.996438026872288191e-02 5.976046372792693379e-02
2.768499018154000169e+02 5.992756060244046334e-02 5.973625240609025527e-02
2.769499020654000105e+02 5.990436466689860739e-02 5.972009471004440656e-02
2.770499023154000042e+02 5.988211395662627196e-02 5.970645592768088206e-02
2.771999020654000105e+02 5.985101083791721094e-02 5.969466395285262517e-02
2.773499018154000169e+02 5.982145159981797772e-02 5.968525533107908732e-02
2.774499020654000105e+02 5.980341234880865581e-02 5.967896015880351512e-02
2.775499023154000042e+02 5.978654674857854234e-02 5.967264193004442191e-02
2.776804655653999703e+02 5.976673355857397424e-02 5.966436004448497088e-02
2.778304653154000334e+02 5.974622005898471561e-02 5.966394473583620101e-02
2.779499020654000105e+02 5.973243246761654468e-02 5.967247369367652959e-02
2.780499023154000042e+02 5.972367398853521692e-02 5.968046353247079966e-02
2.781999020654000105e+02 5.971473166900075069e-02 5.969295594814817002e-02
2.783499018154000169e+02 5.970827587817974930e-02 5.970537229521674649e-02
2.784499020654000105e+02 5.970664546187876009e-02 5.971929327828685852e-02
2.785499023154000042e+02 5.970692274641267727e-02 5.974204537527744857e-02
2.786999020654000105e+02 5.971197841466443362e-02 5.978087641146785647e-02
2.788499018154000169e+02 5.972028168200069903e-02 5.981962484691254883e-02
2.789499020654000105e+02 5.972931198289000571e-02 5.984540498642958173e-02
2.790499023154000042e+02 5.974085539290872188e-02 5.987437475792892205e-02
2.791999020654000105e+02 5.976432150592437403e-02 5.994032926957165719e-02
2.793499018153999600e+02 5.979213461554027526e-02 6.001506675803650048e-02
2.794499020654000105e+02 5.981536731177500288e-02 6.006482176830106601e-02
2.795499023154000042e+02 5.984200312298379454e-02 6.011452130355767615e-02
2.796999020654000105e+02 5.989035371126705254e-02 6.021026744302235972e-02
2.798499018154000169e+02 5.994469912138675888e-02 6.032273976181613817e-02
2.799499020654000105e+02 5.998742952330426287e-02 6.040586365701726412e-02
2.800499023154000042e+02 6.003492577452611278e-02 6.048891526034684551e-02
2.801679483654000364e+02 6.009855737470191223e-02 6.058684936714426456e-02
2.803179481154000428e+02 6.019027718529462029e-02 6.075030153567467783e-02
2.804499020654000105e+02 6.028026482286764215e-02 6.092258192617103219e-02
2.805499023153999474e+02 6.035827719151858062e-02 6.105355826117331991e-02
2.806806467654000130e+02 6.047512275136601723e-02 6.122573997410787894e-02
2.808306465153999625e+02 6.062418385863908160e-02 6.147148262951416392e-02
2.809499020654000105e+02 6.075683780247149307e-02 6.171130937788436160e-02
2.810499023154000042e+02 6.088114217098033326e-02 6.191224675952167189e-02
2.811746762653999667e+02 6.105587134737398836e-02 6.216272667840079535e-02
2.813246760154000299e+02 6.129046981533373822e-02 6.254163501444731654e-02
2.814499020654000105e+02 6.150920088290203619e-02 6.292254014995180000e-02
2.815499023154000042e+02 6.170637804666889020e-02 6.322644860550169499e-02
2.816500368154000284e+02 6.192375802161856346e-02 6.353052595468147712e-02
2.818000365654000348e+02 6.230205535303173087e-02 6.414539439670327581e-02
2.819499020654000105e+02 6.272035490088610776e-02 6.483954478572453994e-02
2.820499023154000042e+02 6.304595197112780602e-02 6.530220557843591234e-02
2.821999020654000105e+02 6.362341574860738702e-02 6.623426768051027258e-02
2.823499018154000169e+02 6.427114532136594949e-02 6.729413894916205785e-02
2.824499020654000105e+02 6.478697116437297232e-02 6.803451476836595846e-02
2.825499023154000042e+02 6.537276339728828600e-02 6.898960943635142062e-02
2.826999020654000105e+02 6.645310537242737903e-02 7.070963968995554183e-02
2.828499018154000169e+02 6.770081418650568394e-02 7.270026598236103976e-02
2.829499020654000105e+02 6.874328708122881548e-02 7.449682851618420754e-02
2.830499023154000611e+02 6.997702907762115565e-02 7.639978420842334639e-02
2.831999020654000105e+02 7.245138873706123694e-02 8.047807627799195840e-02
2.833499018154000169e+02 7.550340691337356636e-02 8.536570628312199760e-02
2.834499020654000105e+02 7.836179015935751391e-02 9.028935758624059837e-02
2.835499023154000042e+02 8.212270035838682702e-02 9.661125890974395225e-02
2.836999020654000105e+02 9.179607496239740316e-02 1.123505882388149829e-01
2.838499018154000169e+02 1.067817183298309103e-01 1.402328820209562121e-01
2.839499020654000105e+02 1.289193397506912808e-01 1.845168233941916480e-01
2.840499023154000042e+02 1.845193007653826156e-01 2.974722603267423993e-01
2.841872399154000277e+02 6.495605132306928597e-01 1.161526314079809996e+00
2.843372396653999772e+02 1.180487129070975971e+00 2.041771122664922888e+00
2.844499020654000105e+02 1.304565661585371572e+00 2.156522603147505990e+00
2.845499023154000042e+02 1.333589488897575448e+00 2.173764203182364518e+00
2.846999020654000674e+02 1.359657493952489027e+00 2.162480136338405856e+00
2.848499018154000169e+02 1.380730925282129151e+00 2.144273336350981385e+00
2.849499020654000105e+02 1.392334292209515434e+00 2.127277488200917333e+00
2.850499023154000042e+02 1.403030884617550100e+00 2.108787803509063252e+00
2.851999020653999537e+02 1.417538609255539983e+00 2.080041503295247285e+00
2.853499018154000169e+02 1.431060004589275847e+00 2.050672496552901514e+00
2.854499020654000105e+02 1.439025687763804129e+00 2.031158501355823098e+00
2.855499023154000042e+02 1.446218940307344436e+00 2.011765247135202994e+00
2.856559934154000189e+02 1.452828114890758027e+00 1.991146209182530269e+00
2.858059931654000252e+02 1.459982737752216098e+00 1.962817344593841717e+00
2.859499018354000555e+02 1.465160407833496548e+00 1.936082926313203556e+00
2.860499020703999804e+02 1.466973002182313524e+00 1.917676190812865666e+00
2.861499022854000032e+02 1.467412170985179731e+00 1.899851571533327066e+00
2.862999020703999804e+02 1.464800682683451427e+00 1.873694915728339128e+00
2.864499018554000145e+02 1.459944991627952549e+00 1.847765613546304087e+00
2.865499020703999804e+02 1.454458031338796031e+00 1.831234063379574062e+00
2.866499022854000032e+02 1.447474488271697890e+00 1.815092144868008184e+00
2.867661884707000013e+02 1.437332457560475119e+00 1.796306851352517109e+00
2.869161882556999785e+02 1.421610903576502771e+00 1.772820366748476983e+00
2.870499020704000372e+02 1.405692576384287573e+00 1.752636911807397446e+00
2.871499022854000032e+02 1.392212018956182185e+00 1.737822599650119093e+00
2.872774259554000196e+02 1.373427131463533346e+00 1.718919911246234999e+00
2.874274257403999968e+02 1.349952169432675708e+00 1.697646451626870334e+00
2.875499020704000372e+02 1.329821973713769978e+00 1.681129021814263158e+00
2.876499022854000032e+02 1.312803993937072589e+00 1.667637547310145907e+00
2.877794564003999653e+02 1.290355018748596150e+00 1.650150978745521968e+00
2.879294561853999994e+02 1.264211822742525637e+00 1.630803310609894252e+00
2.880499020704000372e+02 1.243289338483757112e+00 1.616095929018794841e+00
2.881499022854000032e+02 1.226120527707008856e+00 1.603881835701766123e+00
2.882999020703999804e+02 1.201096143369837499e+00 1.585555465313210011e+00
2.884499018553999576e+02 1.176688122243032097e+00 1.567817047844041189e+00
2.885499020703999804e+02 1.161175577304440987e+00 1.556806233567993747e+00
2.886499022854000032e+02 1.146225949405951683e+00 1.545796330238372818e+00
2.887999020703999804e+02 1.125226101667018641e+00 1.529278844262495385e+00
2.889499018554000145e+02 1.105217801823813906e+00 1.512863531986941679e+00
2.890499020704000372e+02 1.092918739130981587e+00 1.502519037341777386e+00
2.891499022854000032e+02 1.081353342656756977e+00 1.492621385510514820e+00
2.892999020704000372e+02 1.065634539319925800e+00 1.477774654973154966e+00
2.894499018554000145e+02 1.050994439192676433e+00 1.462917308299668928e+00
2.895499020703999804e+02 1.042365538776041767e+00 1.453034526870190968e+00
2.896499022854000032e+02 1.034462768466476668e+00 1.443663469728675430e+00
2.897999020703999804e+02 1.024185531092111745e+00 1.430348854035076389e+00
2.899499018554000145e+02 1.014956168118968050e+00 1.417027100006567952e+00
2.900499020703999804e+02 1.009858361033636465e+00 1.408145395480727036e+00
2.901499022854000032e+02 1.005453116623032050e+00 1.399261483573856601e+00
2.902999020703999804e+02 1.000333506881262879e+00 1.386642196826686657e+00
2.904499018554000145e+02 9.962004139738253050e-01 1.374485994846117221e+00
2.905499020703999804e+02 9.944291939265473834e-01 1.366534797509416199e+00
2.906499022853999463e+02 9.932985104559067802e-01 1.358582593214567424e+00
2.907999020703999804e+02 9.930073058552557619e-01 1.346653950826592228e+00
2.909499018554000713e+02 9.936512341726397857e-01 1.334974927997184757e+00
2.910499020704000372e+02 9.949941248753094714e-01 1.327702948885477907e+00
2.911499022854000032e+02 9.969316565992788481e-01 1.320600128807569495e+00
2.912657934707000322e+02 1.000036100120037741e+00 1.312368511217043565e+00
2.914157932556999526e+02 1.005236236855396426e+00 1.301713820085967477e+00
2.915499020704000372e+02 1.010768845605647837e+00 1.292184758035329395e+00
2.916499022854000032e+02 1.015735643822770928e+00 1.285201964883421644e+00
2.917999020704000372e+02 1.024606017805015368e+00 1.275429670518676950e+00
2.919499018554000145e+02 1.034410714158743971e+00 1.265912519751145604e+00
2.920499020704000372e+02 1.041916806615241109e+00 1.259568380437529944e+00
2.921499022854000032e+02 1.050069928334889324e+00 1.253223617162678050e+00
2.922999020703999804e+02 1.063789335228695121e+00 1.243706708640178293e+00
2.924499018554000145e+02 1.078566777667910870e+00 1.234409177511405886e+00
2.925499020703999804e+02 1.089463278999384999e+00 1.228624095319677645e+00
2.926499022854000032e+02 1.101090776468289123e+00 1.222950676884565047e+00
2.927999020704000372e+02 1.120290670268403233e+00 1.214441803774210848e+00
2.929499018554000145e+02 1.140674992320427794e+00 1.205928862459591411e+00
2.930499020704000372e+02 1.155489110296074706e+00 1.200253842151634887e+00
2.931499022854000600e+02 1.171205199792092255e+00 1.194577955478308917e+00
2.932999020704000372e+02 1.196853251901428772e+00 1.186567336627921243e+00
2.934499018554000145e+02 1.223910094589038877e+00 1.178861035446144845e+00
2.935499020703999804e+02 1.243457584185944764e+00 1.173797534088635519e+00
2.936499022854000032e+02 1.264084602192006024e+00 1.168733839310687195e+00
2.937999020703999804e+02 1.297573748842682395e+00 1.161139092184480415e+00
2.939499018554000145e+02 1.332917964055404081e+00 1.153540444271325738e+00
2.940499020703999804e+02 1.358497221457484194e+00 1.148539120357196408e+00
2.941499022854000032e+02 1.385876663312237245e+00 1.143804469225444764e+00
2.945765515319000087e+02 1.531908246158399267e+00 1.124500486715686254e+00
2.950179612519000329e+02 1.686811880990114032e+00 1.104787354522676068e+00
2.954753498345500020e+02 1.906620776893564795e+00 1.086282720395603363e+00
2.959354286938499854e+02 2.138612824931404255e+00 1.067902258138286653e+00
2.964114861986999472e+02 2.402745409323665982e+00 1.050633046339768395e+00
2.968902339794000227e+02 2.674193851039757597e+00 1.033488184239506280e+00
2.973849604053999656e+02 2.809961762063422963e+00 1.017440513580137429e+00
2.978823771104000571e+02 2.922977353537858036e+00 1.001502706272295651e+00
2.983957724603999964e+02 2.775150736939492546e+00 9.865575380490934077e-01
2.989118580854000129e+02 2.579993923322527749e+00 9.717126428737193899e-01
2.994439223553999909e+02 2.296028809426901240e+00 9.577903804089427098e-01
2.999786769003999893e+02 1.994772948450346250e+00 9.439586320080306514e-01
3.002495037056999649e+02 1.871685110020413489e+00 9.375658600745304661e-01
3.007220250406999753e+02 1.677947880117110602e+00 9.264142974620029891e-01
3.010828335553999864e+02 1.529723954371446926e+00 9.180844028815352553e-01
3.016522356704000458e+02 1.376558588233638414e+00 9.060300644264887016e-01
3.022243280604000120e+02 1.235806289426811588e+00 8.940520505188576106e-01
3.028123990953999964e+02 1.143099819532432893e+00 8.828111705818071364e-01
3.034031604104000053e+02 1.058440326887584604e+00 8.716416247059775024e-01
3.040099003653999716e+02 1.001527884628653498e+00 8.611730625654460125e-01
3.046193305953999584e+02 9.492447666771504089e-01 8.507693531860145431e-01
3.048808231057000171e+02 9.323515027829947233e-01 8.466818269801834607e-01
3.054172590256999911e+02 9.035859310130036626e-01 8.383043637015140659e-01
3.058728386553999599e+02 8.791329241814970219e-01 8.313123687983865473e-01
3.065169164653999587e+02 8.546771762675943185e-01 8.222114579476205165e-01
3.071636845154000071e+02 8.317448515722536406e-01 8.131638777622742786e-01
3.077845373637999842e+02 8.153472115561783973e-01 8.052092096823143530e-01
3.084499743637999813e+02 7.988086837066453727e-01 7.967701489018854666e-01
3.091454078356999844e+02 7.850154349420473965e-01 7.886279889703715629e-01
3.098295137356999476e+02 7.722654985643558900e-01 7.807464271021942182e-01
3.105574743153999293e+02 7.609196079248246036e-01 7.730223558547145712e-01
3.112602491654000119e+02 7.503816587957263806e-01 7.656609297958453242e-01
3.119790026654000030e+02 7.409081484697801478e-01 7.587373222026209119e-01
3.127004464654000344e+02 7.315795451465388899e-01 7.518474827689375362e-01
3.129385864138000102e+02 7.286567505313823467e-01 7.497496944566316435e-01
3.135708941638000624e+02 7.212266410640087999e-01 7.441914995231867502e-01
3.141779815154000062e+02 7.140758607899900801e-01 7.389218321176485027e-01
3.143367950356999927e+02 7.122380564011951964e-01 7.376453076794839969e-01
3.149850814857000501e+02 7.050228403737883731e-01 7.324535510633831681e-01
3.156928544653999893e+02 6.971176144530477625e-01 7.268714672721122705e-01
3.164676147154000319e+02 6.889167560642979193e-01 7.214376850298364063e-01
3.172450652654000010e+02 6.807254152111886780e-01 7.160622442564970047e-01
3.176138877138000112e+02 6.769357067961185859e-01 7.138050805853679570e-01
3.182941314138000166e+02 6.700208166361242279e-01 7.096460682792643526e-01
3.188346138654000015e+02 6.645105810466216401e-01 7.063931283680797701e-01
3.190307651357000509e+02 6.624824900845741604e-01 7.052896984807984770e-01
3.197269874857000218e+02 6.552084779523242863e-01 7.013891567748802292e-01
3.204615003154000306e+02 6.474770219667408400e-01 6.971839562212441832e-01
3.212922673654000505e+02 6.376197023101616290e-01 6.920191807780216031e-01
3.221257246654000141e+02 6.275047940350927389e-01 6.867114128370747084e-01
3.224758783138000240e+02 6.231465395980984034e-01 6.842384099700289379e-01
3.232040580137999655e+02 6.140122121333030369e-01 6.791015422620216846e-01
3.237874779856999794e+02 6.066898588186553365e-01 6.749904119705394390e-01
3.246555828356999882e+02 5.966136207488125232e-01 6.690400367897237910e-01
3.255661868154000445e+02 5.861401516759896513e-01 6.628404447061271298e-01
3.264529605654000193e+02 5.773922706059452237e-01 6.572918784194694553e-01
3.273424246654000171e+02 5.688464226746395846e-01 6.517679137484593266e-01
3.275245582638000315e+02 5.672961573251313894e-01 6.507239114479630437e-01
3.281234466841000312e+02 5.627742999330836993e-01 6.473025121022600858e-01
3.288467558357000371e+02 5.572981749827341513e-01 6.431575721020237335e-01
3.291560003654000184e+02 5.550904432336847272e-01 6.414451808822464463e-01
3.300801119654000217e+02 5.500178526399930323e-01 6.365662202804089898e-01
3.310069138654000653e+02 5.452093634049016702e-01 6.316951512998303375e-01
3.318144561138000199e+02 5.424885687880024454e-01 6.277216105015592795e-01
3.326225290137999764e+02 5.399049062255578679e-01 6.237285139184499672e-01
3.328951652654000100e+02 5.391665239234232354e-01 6.224307198298826282e-01
3.332686709356999586e+02 5.385371856359371101e-01 6.207146196886620393e-01
3.340927224356999545e+02 5.374219373718051029e-01 6.169371584281841958e-01
3.348207544653999435e+02 5.365412757182770331e-01 6.136311590003648009e-01
3.358008728653999810e+02 5.364655725287853505e-01 6.094331218551720664e-01
3.367836815154000192e+02 5.365394423017221248e-01 6.052309361395094012e-01
3.371805073638000181e+02 5.368188654440796403e-01 6.036165693078446859e-01
3.379059611841000219e+02 5.374117298861147418e-01 6.006694142873363340e-01
3.385079226857000094e+02 5.379055781158201821e-01 5.982203362374088895e-01
3.387839464653999926e+02 5.381713041994897750e-01 5.971278392394431256e-01
3.398014026654000190e+02 5.393524053527163353e-01 5.932034520590810933e-01
3.408215491653999720e+02 5.405538275306185358e-01 5.892688020629506251e-01
3.416944324638000126e+02 5.415837674544877745e-01 5.860435270384675155e-01
3.425823985637999840e+02 5.426267102140610588e-01 5.827475925004120816e-01
3.428964897654000197e+02 5.429781572113392407e-01 5.816085364821697024e-01
3.431673163856999622e+02 5.432553409915736875e-01 5.806474840289583828e-01
3.440712611357000128e+02 5.441543975783491582e-01 5.774548181094272259e-01
3.450087682154000390e+02 5.450516002501356594e-01 5.741454106599142015e-01
3.460822312153999860e+02 5.458721663246525191e-01 5.704910386608244011e-01
3.471583844653999336e+02 5.466518621945161138e-01 5.668200511884440296e-01
3.473778555137999433e+02 5.467646520594612314e-01 5.660933033632652434e-01
3.478378276840999774e+02 5.470037864518547677e-01 5.645752184823237263e-01
3.487104885356999944e+02 5.474610407959065173e-01 5.616958096862180172e-01
3.493453385654000272e+02 5.477471976563267342e-01 5.596137401381793275e-01
3.504561394153999458e+02 5.480000336182384579e-01 5.560628426957168191e-01
3.515696305653999616e+02 5.481923618173892843e-01 5.524922041075031043e-01
3.521158078638000006e+02 5.481296896886556080e-01 5.507852602873245518e-01
3.528597676841000066e+02 5.480454808533148370e-01 5.484598164402891829e-01
3.534430601857000056e+02 5.479823900924110092e-01 5.466388288716534927e-01
3.538312604154000383e+02 5.478833548674580944e-01 5.454389404634495397e-01
3.549793990654000027e+02 5.473583571854632179e-01 5.419444383292918443e-01
3.561302280154000073e+02 5.467613993399723649e-01 5.384275361371888557e-01
3.569471048638000639e+02 5.460900670295308901e-01 5.359862081210232665e-01
3.579190456841000127e+02 5.452880187639964626e-01 5.330734171497988338e-01
3.584386577357000192e+02 5.448006943630560039e-01 5.315279526674279165e-01
3.596520100654000203e+02 5.433845917133917069e-01 5.279719082178451206e-01
3.608401768653999966e+02 5.419107872968992323e-01 5.244717447128485199e-01
3.618717460637999466e+02 5.403224412432577894e-01 5.214770726764804687e-01
3.629035199638000222e+02 5.387230067278445667e-01 5.184658203637888541e-01
3.631882374356999890e+02 5.382468782817345643e-01 5.176416619450266987e-01
3.633632992356999694e+02 5.379188303107008684e-01 5.171385184419912129e-01
3.644739724153999987e+02 5.358518521893880227e-01 5.139639229212737970e-01
3.656994770654000035e+02 5.334952657834494127e-01 5.104387459363592949e-01
3.668897324138000045e+02 5.309079010666230003e-01 5.070623855238823863e-01
3.679534636637999938e+02 5.285771660377159842e-01 5.040233210562422572e-01
3.681851339653999844e+02 5.280264360307619365e-01 5.033729875830544875e-01
3.694452861654000344e+02 5.249737170374519923e-01 4.998639529458182018e-01
3.707081286653999541e+02 5.218501635449666054e-01 4.963300804988221571e-01
3.719869498154000098e+02 5.184614054855832821e-01 4.928188503202008963e-01
3.732684612154000092e+02 5.150063176746726423e-01 4.892841534810871140e-01
3.745659512654000309e+02 5.113364381182152751e-01 4.857930609957327728e-01
3.758661316154000360e+02 5.076019264835509581e-01 4.822769970995948174e-01
3.771822906153999497e+02 5.036626600574506396e-01 4.787838643690027762e-01
3.785011398653999777e+02 4.996606028566912827e-01 4.752640458072485696e-01
3.798359677653999711e+02 4.954860514672754790e-01 4.717699848926729667e-01
3.823098644637999541e+02 4.875648471534924644e-01 4.653010694672073400e-01
3.837755021840999916e+02 4.827540108501449656e-01 4.614634332945021788e-01
3.851708924856999943e+02 4.781007499784135639e-01 4.578742591185121502e-01
3.876958480138000027e+02 4.695455238875367865e-01 4.513640513530002285e-01
3.890588066840999772e+02 4.648556455684370592e-01 4.478405047648563730e-01
3.905942142856999340e+02 4.595586723592350875e-01 4.439336321462495905e-01
3.931751768138000216e+02 4.505687550677858755e-01 4.373411202989885282e-01
3.943794496840999955e+02 4.463464270588364258e-01 4.342637255590583445e-01
3.946640392856999711e+02 4.453543923151095374e-01 4.335414990002147140e-01
3.963347805654000240e+02 4.395538321400021542e-01 4.293378595076091098e-01
3.987478499637999789e+02 4.311550362054088481e-01 4.232457917757259658e-01
4.002133599637999737e+02 4.260814641998518781e-01 4.195607925519089787e-01
4.021968217154000058e+02 4.193324918696466619e-01 4.146343169633704417e-01
4.043998819357000230e+02 4.118784656320108040e-01 4.091557750009346406e-01
4.059027299356999947e+02 4.068896072786386542e-01 4.054577309267404228e-01
4.082082142154000053e+02 3.994009483088432066e-01 3.998392638092356233e-01
4.101219064356999979e+02 3.932540363528369554e-01 3.951718826371267701e-01
4.105654051840999728e+02 3.918731858264121737e-01 3.941031832203429341e-01
4.117134164638000016e+02 3.883199235220007317e-01 3.913556948129330859e-01
4.143689587154000264e+02 3.802821712056576597e-01 3.850344748284780239e-01
4.160259369638000067e+02 3.753381037028193923e-01 3.810894217849474797e-01
4.176034609637999893e+02 3.708863507078843380e-01 3.774280539197422124e-01
4.202497964356999773e+02 3.635458976616913196e-01 3.712914391050656238e-01
4.215427306840999790e+02 3.600561538538249451e-01 3.683114514225124259e-01
4.219719884637999598e+02 3.589036683207821321e-01 3.673278913929591272e-01
4.238901087154000038e+02 3.540127544153178762e-01 3.630118687093157881e-01
4.262145169356999759e+02 3.482055865985203003e-01 3.577867404467026669e-01
4.270874006840999755e+02 3.461183806297819521e-01 3.558519539331429504e-01
4.280113849637999692e+02 3.439205345121557622e-01 3.538152577379723995e-01
4.304242317153999693e+02 3.384264876307805370e-01 3.485715123974668650e-01
4.322725824357000306e+02 3.343003611068457448e-01 3.445583485563125103e-01
4.326694081840999502e+02 3.334693146538949549e-01 3.437177035265118197e-01
4.341441254637999805e+02 3.303959245940175093e-01 3.406088176447043536e-01
4.367344544357000018e+02 3.251489883614687715e-01 3.351871264015297003e-01
4.382887536841000156e+02 3.220890248736846262e-01 3.319563087991877492e-01
4.386620049638000296e+02 3.213576096459354603e-01 3.311840246924701026e-01
4.405054492153999490e+02 3.179745473389690713e-01 3.274752465244818445e-01
4.429418709356999670e+02 3.135664474419612158e-01 3.225768110204663697e-01
4.439454371840999443e+02 3.118293302588930338e-01 3.205956456363173723e-01
4.449440969637999501e+02 3.101091443698625882e-01 3.186331376645733515e-01
4.474129502153999738e+02 3.060309507304134757e-01 3.138773929104600735e-01
4.492426319356999898e+02 3.030414463679407255e-01 3.103550584676537105e-01
4.496394581841000218e+02 3.024284385915085305e-01 3.096147387427140574e-01
4.513195334637999281e+02 2.998437203236262172e-01 3.064919206325156242e-01
4.538538554356999271e+02 2.960074185432335914e-01 3.018198795753121999e-01
4.553708171841000194e+02 2.937622451974797877e-01 2.990584819249999526e-01
4.559867639638000583e+02 2.928545824115083018e-01 2.979415056425790964e-01
4.580542352153999559e+02 2.899275565081893546e-01 2.943044735860667616e-01
4.603039679356999159e+02 2.867490828399903990e-01 2.903492778151748333e-01
4.611395136840999953e+02 2.856026858214471553e-01 2.889191647403987484e-01
4.625115519638000023e+02 2.837280218325900494e-01 2.865791457407488863e-01
4.650085364356999662e+02 2.803671434035184817e-01 2.823952522523244246e-01
4.668474254357000177e+02 2.779042641283095971e-01 2.793355315053612786e-01
4.672721274638000182e+02 2.773404675067100422e-01 2.786364778406761888e-01
4.691296849638000594e+02 2.749261425482871224e-01 2.756675837002620089e-01
4.716080004356999211e+02 2.716919195050860325e-01 2.717112134050728711e-01
4.727889211840999337e+02 2.701714757679883894e-01 2.698730692359270766e-01
4.739462664638000433e+02 2.686865787425165575e-01 2.680769524207153864e-01
4.764059129356999165e+02 2.655557232880489393e-01 2.643482753802914864e-01
4.783008089356999335e+02 2.631293299056953749e-01 2.614778010988931256e-01
4.788001864638000598e+02 2.624980765482713418e-01 2.607439922778796992e-01
4.807137504638000678e+02 2.600926300156554682e-01 2.579655621207476712e-01
4.831547279357000662e+02 2.570127562304466151e-01 2.544435959207032028e-01
4.845876791841000113e+02 2.552122503359905425e-01 2.524196643856232991e-01
4.856236769637999942e+02 2.539140306801316305e-01 2.509598226911773367e-01
4.880459859357000028e+02 2.509011471987336872e-01 2.476457721683560653e-01
4.905430656840999859e+02 2.477768221623485312e-01 2.442502610419913511e-01
4.925405124637999847e+02 2.453059959506638799e-01 2.416212747633915692e-01
4.949441524357000048e+02 2.423312151972252249e-01 2.384916770194288882e-01
4.965357896840999388e+02 2.403715198952961485e-01 2.364628209848127771e-01
4.975437839637999673e+02 2.391327753196599293e-01 2.351801050709851626e-01
4.999287549357000557e+02 2.362274486147745434e-01 2.322350053578050855e-01
5.025658511841000404e+02 2.330002659722326119e-01 2.289955422422035314e-01
5.046099704637999821e+02 2.305361120223145543e-01 2.265650474669359538e-01
5.069762724356999684e+02 2.276882542156677403e-01 2.237805204359641920e-01
5.086332506841000054e+02 2.257094559943658152e-01 2.218697543982504627e-01
5.097065864638000221e+02 2.244292256054950807e-01 2.206334330155631795e-01
5.120542194357000199e+02 2.216738257603042550e-01 2.180122240845484560e-01
5.141171354356999927e+02 2.192359704718271629e-01 2.156998551971568145e-01
5.148405399637999835e+02 2.184007470926079830e-01 2.149178761558263040e-01
5.169221244637999462e+02 2.160064244935948063e-01 2.126812914117671705e-01
5.192510884357001260e+02 2.133372590870872831e-01 2.101990119708046223e-01
5.208800631840999813e+02 2.114970240954112957e-01 2.085008716066314161e-01
5.221120844637999880e+02 2.101061001846901144e-01 2.072173261946957668e-01
5.244223799356999507e+02 2.075529992041437177e-01 2.048787759203991310e-01
5.265413029357000596e+02 2.052045090386217518e-01 2.027314084878907019e-01
5.273393829637999488e+02 2.043400202438158397e-01 2.019443486269517363e-01
5.294769744637999338e+02 2.020519742511940053e-01 1.998663714779168321e-01
5.317686009356999648e+02 1.996049187855014340e-01 1.976459355997475242e-01
5.332762276840999220e+02 1.980301056822318662e-01 1.962206120521408914e-01
5.347602794637999750e+02 1.964801181294124066e-01 1.948177869014536823e-01
5.370332369356999607e+02 1.941646216971929517e-01 1.927241315684558032e-01
5.392081659356999808e+02 1.919580224393031831e-01 1.907293583287801297e-01
5.400809219637999377e+02 1.910849493135553523e-01 1.899397183854425741e-01
5.422745204638000587e+02 1.889422021017191922e-01 1.880001692477890618e-01
5.445288084356999434e+02 1.867369689259421317e-01 1.860025578135160451e-01
5.458217426841000588e+02 1.855168940010810674e-01 1.848944534391829264e-01
5.476511699637999300e+02 1.837898743109568633e-01 1.833259717908773956e-01
5.498867894357000523e+02 1.817217610610539213e-01 1.814413844249289920e-01
5.521177254356999811e+02 1.796829163662014839e-01 1.795788223431179775e-01
5.552819802153999262e+02 1.768849144894026892e-01 1.770101721613676904e-01
5.585164824638000027e+02 1.740718474957875239e-01 1.744147377137002519e-01
5.607847564638000222e+02 1.721591072430497804e-01 1.726388656548159262e-01
5.629830379357000538e+02 1.703318238197891465e-01 1.709350468367663578e-01
5.649200501840999777e+02 1.687603573795155854e-01 1.694607309013104746e-01
5.662920884637999279e+02 1.676462604711142779e-01 1.684155341501438197e-01
5.684717009356999142e+02 1.659437748044640393e-01 1.668029831399795992e-01
5.707773124356999688e+02 1.641428012631505617e-01 1.650936782128327451e-01
5.718367574638000406e+02 1.633361126596827584e-01 1.643229276713580600e-01
5.741610384638000824e+02 1.616024522454163059e-01 1.626570209405193423e-01
5.763219824356999652e+02 1.599942127840988659e-01 1.611077233426874700e-01
5.778389436841000588e+02 1.589087996044278028e-01 1.600511745128570529e-01
5.797617149638000456e+02 1.575310800901086605e-01 1.587100959401726297e-01
5.819039899356999967e+02 1.560363657443943897e-01 1.572430928042139742e-01
5.842656089356999018e+02 1.544122760450306886e-01 1.556405604966276668e-01
5.853997299637999276e+02 1.536340044786869696e-01 1.548718629431817539e-01
5.876121241840999119e+02 1.521788287554256824e-01 1.534164738750168622e-01
5.899036229357000138e+02 1.506576258242324495e-01 1.518949939938014915e-01
5.910750819638000166e+02 1.499103150657189187e-01 1.511391448149641270e-01
5.934740379638000149e+02 1.483873554872143508e-01 1.495957252986597208e-01
5.955789749357001028e+02 1.470656417093144375e-01 1.482506243393101053e-01
5.974973181840999814e+02 1.458969637574832889e-01 1.470511476968422715e-01
5.992053969638000126e+02 1.448542564288509416e-01 1.459809880272638083e-01
6.012916649356999415e+02 1.436182831369719470e-01 1.447012407434967174e-01
6.037279594356999723e+02 1.421812951839265260e-01 1.432092000772130225e-01
6.049740939637999873e+02 1.414562160786824174e-01 1.424539132416639819e-01
6.074290569638000079e+02 1.400720839861000488e-01 1.410014714052055251e-01
6.107801284637999970e+02 1.381933717992704647e-01 1.390238359942451429e-01
6.132537604637999493e+02 1.368339067796126296e-01 1.375852097966223375e-01
6.153026909356999568e+02 1.357241480104625642e-01 1.364073157566018102e-01
6.174917336840999269e+02 1.345656110376293457e-01 1.351725341822666571e-01
6.191158024637999233e+02 1.337038001152848488e-01 1.342540626555820127e-01
6.211460639356999991e+02 1.326544036741935662e-01 1.331313287422001834e-01
6.236570339357000421e+02 1.313548858548403142e-01 1.317402037454206143e-01
6.250151819637999324e+02 1.306621009093497654e-01 1.309978011435113110e-01
6.275448204637999652e+02 1.293977645189057502e-01 1.296407107632074340e-01
6.295564124356999400e+02 1.283856174947323736e-01 1.285544364448917842e-01
6.310080326841000442e+02 1.276751731513200705e-01 1.277920824083373652e-01
6.335002064638000547e+02 1.264513383385456324e-01 1.264788681494873890e-01
6.354931299356999261e+02 1.254836390584163353e-01 1.254414138922630428e-01
6.378221891841000115e+02 1.243705201566552704e-01 1.242494649955705049e-01
6.394929299638000657e+02 1.235694916105556235e-01 1.233917737381254459e-01
6.414671844357000055e+02 1.226443938089558094e-01 1.224050322293278731e-01
6.440528304357000025e+02 1.214298280100678529e-01 1.211103945668833975e-01
6.455229919637999956e+02 1.207447966289280916e-01 1.203822737684179384e-01
6.480994306840999570e+02 1.195582659518053675e-01 1.191259511821054634e-01
6.515625156841000489e+02 1.179688983485671916e-01 1.174490874095034387e-01
6.542133749637999927e+02 1.167644227529600620e-01 1.161843018925396154e-01
6.561502919357000110e+02 1.158899878421768698e-01 1.152697500777041667e-01
6.584886856841000053e+02 1.148465849763556784e-01 1.141848223629197689e-01
6.603367814637999800e+02 1.140189821159426631e-01 1.133243261185086365e-01
6.622550294356998393e+02 1.131748749635391599e-01 1.124543901154629183e-01
6.649153504356999065e+02 1.120028031595518281e-01 1.112485792858037281e-01
6.664975254638000024e+02 1.113086968119845477e-01 1.105372280792040474e-01
6.689339476841000760e+02 1.102514662397376527e-01 1.094618510122708221e-01
6.710760949356999845e+02 1.093164653230568467e-01 1.085108247657861208e-01
6.726956074638000018e+02 1.086224230455258705e-01 1.078117122803236155e-01
6.753932664638001597e+02 1.074663391493594217e-01 1.066492099555610695e-01
6.772741764357001557e+02 1.066627983632392196e-01 1.058438580356714370e-01
6.794912226840999665e+02 1.057293868029970108e-01 1.049157713662034891e-01
6.816473559638000097e+02 1.048179959167401532e-01 1.040095788796601278e-01
6.835095969357000740e+02 1.040409144935246499e-01 1.032428458854009606e-01
6.862445939357000952e+02 1.029019514352846748e-01 1.021222711729531663e-01
6.879387824637999529e+02 1.021975931162709683e-01 1.014305297590591681e-01
6.901045046840999930e+02 1.013140127962754988e-01 1.005696088411092426e-01
6.925360204357000384e+02 1.003170206352946431e-01 9.959814991492256520e-02
6.942675469637999868e+02 9.961851796260748348e-02 9.892129337048516380e-02
6.970398814637999294e+02 9.850723536431794936e-02 9.784758418570510541e-02
6.988647844356999030e+02 9.777446845765726258e-02 9.714008255402808989e-02
7.008298001841000087e+02 9.700197953308796472e-02 9.639880069970080401e-02
7.034246529638000993e+02 9.597728807979136190e-02 9.541545922661633095e-02
7.052308869357001413e+02 9.527403893690498948e-02 9.474255116861916848e-02
7.080173346841000921e+02 9.420222513897226480e-02 9.371952265474380039e-02
7.116111021841001048e+02 9.283453819794167117e-02 9.241636502980091206e-02
7.144626689357000942e+02 9.176164579971013424e-02 9.139596564298223258e-02
7.163062089638000316e+02 9.107601969656056728e-02 9.074437178281724581e-02
7.188546441841000387e+02 9.014333744747445032e-02 8.985894757100307273e-02
7.209221159357001625e+02 8.938346497974543337e-02 8.913752913413858225e-02
7.228029934637999077e+02 8.871155157466509289e-02 8.849967985080242627e-02
7.256686729637999633e+02 8.768931755011401263e-02 8.752925448065629332e-02
7.274189004357000385e+02 8.706915531089511051e-02 8.694028877623223572e-02
7.298039666841000326e+02 8.624589935770132776e-02 8.615755838593236460e-02
7.322214649638000310e+02 8.540733509497519527e-02 8.536020406968235219e-02
7.339530234357000609e+02 8.482186362338464680e-02 8.480235408876687919e-02
7.368560404357000380e+02 8.384920561942033057e-02 8.387469451326938497e-02
7.388115939637999645e+02 8.319520102941678485e-02 8.325050477009575400e-02
7.408092961840999351e+02 8.254835126246977406e-02 8.263087316689882167e-02
7.434461699357000271e+02 8.169155839692780752e-02 8.181006162227380529e-02
7.454390614638000443e+02 8.105712869638509455e-02 8.120049247075607213e-02
7.482021891840998933e+02 8.019208733888030793e-02 8.036722430678064355e-02
7.500736369356999376e+02 7.960408420377286520e-02 7.980079207830943766e-02
7.521038664638000455e+02 7.898999863332617499e-02 7.920572668747573319e-02
7.550628904638000449e+02 7.809389912886498253e-02 7.833684511821387142e-02
7.567384419356999388e+02 7.759269141495769850e-02 7.784972934550858648e-02
7.593755386840999790e+02 7.682568255844286764e-02 7.710072036165879772e-02
7.617837019638000129e+02 7.612150558978877934e-02 7.641301908540881760e-02
7.634405849357000307e+02 7.565296124289108692e-02 7.595277186575818962e-02
7.664369469356998934e+02 7.481172830425104892e-02 7.512507439798114806e-02
7.685418519638000134e+02 7.422369921905373757e-02 7.454560449336999906e-02
7.706048951841000871e+02 7.366638824263969931e-02 7.399306873584771127e-02
7.731950964357000657e+02 7.296475157667806077e-02 7.329740683765968712e-02
7.753373394638000491e+02 7.239742653595379607e-02 7.273257307451851117e-02
7.781471396841000114e+02 7.166586673604119495e-02 7.200175625943719404e-02
7.799905844357000433e+02 7.118456565083604304e-02 7.152093558887508140e-02
7.821701649638000617e+02 7.063731152580737804e-02 7.097067240471696681e-02
7.852225334638000049e+02 6.987052822026643129e-02 7.019908266729900370e-02
7.868234094357000004e+02 6.947312306094358125e-02 6.979836992277027585e-02
7.895445161840999617e+02 6.881738070394742557e-02 6.913407644237938576e-02
7.921113654637999844e+02 6.819521358019024759e-02 6.850378879848015301e-02
7.936935724357000481e+02 6.782388665008561024e-02 6.812587943065628870e-02
7.967832789356999683e+02 6.710470494812571796e-02 6.739293083949636498e-02
7.990375354638000545e+02 6.658156770133813462e-02 6.685930216377022894e-02
8.009978996841000480e+02 6.614169148703746837e-02 6.640867851266687993e-02
8.037094489357000384e+02 6.553206003575549887e-02 6.578414463214198038e-02
8.060010434637999879e+02 6.502595287080761843e-02 6.526458194143411329e-02
8.086894956841000521e+02 6.444266785599712943e-02 6.466449658762610242e-02
8.106729569357000855e+02 6.401150126744675761e-02 6.422091032726189030e-02
8.130018889637999564e+02 6.352105676461348993e-02 6.371500517049985546e-02
8.161476024638000126e+02 6.286058895285803749e-02 6.303329844319663366e-02
8.176738029356999959e+02 6.254185786571603289e-02 6.270418841259101095e-02
8.203108991840999806e+02 6.200868387172295965e-02 6.215263518999782077e-02
8.232044544637999479e+02 6.141996356364710224e-02 6.154364626498309843e-02
8.247119859356999996e+02 6.112064300504608388e-02 6.123376908554051951e-02
8.278950374357000328e+02 6.049695098392842557e-02 6.058781182832354700e-02
8.302986454638000851e+02 6.002479111928273048e-02 6.009881477593002203e-02
8.319883101840999871e+02 5.970340051901937284e-02 5.976590006558114149e-02
8.349892279357000007e+02 5.913183293271175728e-02 5.917385795505391427e-02
8.374301734638000880e+02 5.867167483381530851e-02 5.869737720358132044e-02
8.398292571841000154e+02 5.822821369398774316e-02 5.823840782418919504e-02
8.421207559356998900e+02 5.780409861200692251e-02 5.779947196805479415e-02
8.445990394638000680e+02 5.735507769736660627e-02 5.733531083360943886e-02
8.477075421841000207e+02 5.679611558793162124e-02 5.675784476333019940e-02
8.492896219356999836e+02 5.651121080873477975e-02 5.646350924946692829e-02
8.518052429637999694e+02 5.607266127540568718e-02 5.601153907619119826e-02
8.550629694637999592e+02 5.550214192654087664e-02 5.542366137745176335e-02
8.564958254356999987e+02 5.525418338007208330e-02 5.516847505273594215e-02
8.596089796841000634e+02 5.472620618657624003e-02 5.462624674355948812e-02
8.623251804637999385e+02 5.426244348995340472e-02 5.414999538911575983e-02
8.637393674357000464e+02 5.402731008526496376e-02 5.390936343561160415e-02
8.670344319357000131e+02 5.348112751571211521e-02 5.335070797192741771e-02
8.696247284638000110e+02 5.305266228347953889e-02 5.291288645646342881e-02
8.715664236841000729e+02 5.273897876876414148e-02 5.259347710431775541e-02
8.743339799356999720e+02 5.229156509898716387e-02 5.213791938356628769e-02
8.769616149637998888e+02 5.187139969670364475e-02 5.171112024604924973e-02
8.795940606840998726e+02 5.145552306017527749e-02 5.128977129294431947e-02
8.816708664356999634e+02 5.112720345708936937e-02 5.095714016051352407e-02
8.843358389638000290e+02 5.071455793464901829e-02 5.054068775023741467e-02
8.876590346841001065e+02 5.020168988057931853e-02 5.002380762680998239e-02
8.917195251841000072e+02 4.958630385083726694e-02 4.940578775233230024e-02
8.951171414638000670e+02 4.907275032632717193e-02 4.889098732130018471e-02
8.964566524357001072e+02 4.887310398800922412e-02 4.869136579719593461e-02
8.998405061841000361e+02 4.837670223977686562e-02 4.819645333643338830e-02
9.039009966841000505e+02 4.778211513153437368e-02 4.760462843896321600e-02
9.073126304357001572e+02 4.729178036544458286e-02 4.711830808068811355e-02
9.100896164638000982e+02 4.689378560608702812e-02 4.672405008914119751e-02
9.120779841840999325e+02 4.661457728601380718e-02 4.644848336731455252e-02
9.148175369356999909e+02 4.622992781036192739e-02 4.606886398893073054e-02
9.176318609638000225e+02 4.583892277150147798e-02 4.568380464739332097e-02
9.202923101840999607e+02 4.547334431369220303e-02 4.532460271489428122e-02
9.223597814356999152e+02 4.518928978732639212e-02 4.504550807207163832e-02
9.252114429637999820e+02 4.480519124888766858e-02 4.466917677123024427e-02
9.285439731841000821e+02 4.435788290010249380e-02 4.423137764320866916e-02
9.299393634357001019e+02 4.417058823562882569e-02 4.404806492736391271e-02
9.328283629637999184e+02 4.379346599296315978e-02 4.368008550669042617e-02
9.363101169638000556e+02 4.333639830870021636e-02 4.323414350303941833e-02
9.375562834357000384e+02 4.317496008656346307e-02 4.307678838218644002e-02
9.410054781841000704e+02 4.273658007055052693e-02 4.265010109028813390e-02
9.439830439638001280e+02 4.235534593980429946e-02 4.227901693144982959e-02
9.452105419356998937e+02 4.220252848301420112e-02 4.213047243410688453e-02
9.487296334357000660e+02 4.176525048948494245e-02 4.170545257968757968e-02
9.516933084638000082e+02 4.139754805817540823e-02 4.134808172674116211e-02
9.535229906840997955e+02 4.117582853994543324e-02 4.113267681039477208e-02
9.564398984356998881e+02 4.082267355452115498e-02 4.078958217734506703e-02
9.594409114637999210e+02 4.046298675073019269e-02 4.044006323924827923e-02
9.619240051840999968e+02 4.016987404571531473e-02 4.015515532447776204e-02
9.641875004357000307e+02 3.990293318833095654e-02 3.989568713955728152e-02
9.672258514637998132e+02 3.955147968445472950e-02 3.955375283321500846e-02
9.703623576841000613e+02 3.919133200966168351e-02 3.920316902229274703e-02
9.719724409356999786e+02 3.900659362266740288e-02 3.902333637089052537e-02
9.750481299638000792e+02 3.866318845124708248e-02 3.868836550474202829e-02
9.786418974637999781e+02 3.826132826017116656e-02 3.829622246650244560e-02
9.797947194356999034e+02 3.813322916167409538e-02 3.817115698462856394e-02
9.831038971840998784e+02 3.777631469291894972e-02 3.782176872857832134e-02
9.865201824637999835e+02 3.740497762860231501e-02 3.745824212003961984e-02
9.876543354356998634e+02 3.728479336738570182e-02 3.734025493430249282e-02
9.912854404357001386e+02 3.690408882783144384e-02 3.696609574628120787e-02
9.944358049637999102e+02 3.657291142167770626e-02 3.664043835063823806e-02
9.959014426841000613e+02 3.642330248445417584e-02 3.649273955565061900e-02
9.992010634357000072e+02 3.608696438976403964e-02 3.616067927360602091e-02
1.002388765963799983e+03 3.576420960007418298e-02 3.584154159346330387e-02
1.004489146684100092e+03 3.555625603809063617e-02 3.563523242990410816e-02
1.007154023935700138e+03 3.529280407487197374e-02 3.537385091173578244e-02
1.010379064463799978e+03 3.497851307126886855e-02 3.506122097312910219e-02
1.013114188684099986e+03 3.471537635473632283e-02 3.479882401915893042e-02
1.015144322435700019e+03 3.452032488992142628e-02 3.460431258253689191e-02
1.018406698963799954e+03 3.421417492625025009e-02 3.429791062511616112e-02
1.021776566684100089e+03 3.389961759435636962e-02 3.398261972606825276e-02
1.023171958935699990e+03 3.376952009190432175e-02 3.385221594483717872e-02
1.026471674963800069e+03 3.347126841042393636e-02 3.355194058634187321e-02
1.030196124963800230e+03 3.313347742005730984e-02 3.321168727403575605e-02
1.031236933435699939e+03 3.303998742164483693e-02 3.311740578225669945e-02
1.034854146184099818e+03 3.272335534266356677e-02 3.279701222974822084e-02
1.038317103463800095e+03 3.241775846535130401e-02 3.248778681379808214e-02
1.039339246935699975e+03 3.233022447627482282e-02 3.239891145031219971e-02
1.043101034935700000e+03 3.201004440136392265e-02 3.207363347026813416e-02
1.046475422824400084e+03 3.172250601985843188e-02 3.178137595580562969e-02
1.047987732544700066e+03 3.159715377523773100e-02 3.165361690492636548e-02
1.051259351435699955e+03 3.132653173882584546e-02 3.137777536556469321e-02
1.054671079324399898e+03 3.104601669244642925e-02 3.109161884214058785e-02
1.056799462544699963e+03 3.087429814030527228e-02 3.091616519899148194e-02
1.059455006935700112e+03 3.066048890976202229e-02 3.069768940172596175e-02
1.062904073463799932e+03 3.038613753997638708e-02 3.041712964069218442e-02
1.065648531184099966e+03 3.017017558637453967e-02 3.019612162626885907e-02
1.067688001435700016e+03 3.001002358808515375e-02 3.003221794111436346e-02
1.071174407963800149e+03 2.974177962068028439e-02 2.975755393470724125e-02
1.074534941184100035e+03 2.948445884972056286e-02 2.949402554543177277e-02
1.075958334935700123e+03 2.937568186668951253e-02 2.938262007114818969e-02
1.079482076463800013e+03 2.911264579486225537e-02 2.911328324509666193e-02
1.083337208963799867e+03 2.882401266723610966e-02 2.881775861883042675e-02
1.084266007435699976e+03 2.875485128853453448e-02 2.874695464978308315e-02
1.087948561184099844e+03 2.848804862640548149e-02 2.847406003246255590e-02
1.091700884963799808e+03 2.821388911909623182e-02 2.819365282026136538e-02
1.092611013435699988e+03 2.814896951467472930e-02 2.812734869525860756e-02
1.096503483935700160e+03 2.787366759508960734e-02 2.784627559445872896e-02
1.100101900463799893e+03 2.761819348770428242e-02 2.758553013240700943e-02
1.101418186184100023e+03 2.752680943074662864e-02 2.749247044992040104e-02
1.104904497935699965e+03 2.728538515623978380e-02 2.724661415888579574e-02
1.108540254463800238e+03 2.703413581734007490e-02 2.699097883150348293e-02
1.110453946184100005e+03 2.690404487440154271e-02 2.685890988946130348e-02
1.113342850935699971e+03 2.670818160508285632e-02 2.666006741175823425e-02
1.117015943824399983e+03 2.646140305434841605e-02 2.640991904797553372e-02
1.119527042544699952e+03 2.629480472452508724e-02 2.624136731698974503e-02
1.121818542935699952e+03 2.614317802162687693e-02 2.608796396575976603e-02
1.125528972081699976e+03 2.590089967976853813e-02 2.584340093233843810e-02
1.128637473801999931e+03 2.569900881073219900e-02 2.563990441456465152e-02
1.130331568435699864e+03 2.558925054035707941e-02 2.552927501191649962e-02
1.134079339963800066e+03 2.535099433053180501e-02 2.528983320054642783e-02
1.137785246184099833e+03 2.511539518920677741e-02 2.505327318210193513e-02
1.138881933435699921e+03 2.504583219245606895e-02 2.498342698111540028e-02
1.142667042581699889e+03 2.481166449812107280e-02 2.474913647098924557e-02
1.146671526081699994e+03 2.456249895978088876e-02 2.449991152284380566e-02
1.147469641935699883e+03 2.451340846256737024e-02 2.445087399385430932e-02
1.151492794935699976e+03 2.427062127583342818e-02 2.420892204971966666e-02
1.155315236463800147e+03 2.403819064187166787e-02 2.397731059567480630e-02
1.156192801184099835e+03 2.398625222847636934e-02 2.392572370734780476e-02
1.160136501435699984e+03 2.375351068267123403e-02 2.369457724806157267e-02
1.163996285581700022e+03 2.352536524806343385e-02 2.346811701965691860e-02
1.165452588802000037e+03 2.344105275475609831e-02 2.338463251841928908e-02
1.168817551935699839e+03 2.324680437265535735e-02 2.319230833549755164e-02
1.172714673463799954e+03 2.302285988142357270e-02 2.297077220390108393e-02
1.174749711184100306e+03 2.290790654622414796e-02 2.285725290585251951e-02
1.177535936435700023e+03 2.275097311954262305e-02 2.270229005729633431e-02
1.181470397963799769e+03 2.253151362607561450e-02 2.248580673116231179e-02
1.184084176184100215e+03 2.238732610128759196e-02 2.234373027773075768e-02
1.186291664435699886e+03 2.226590068871050002e-02 2.222409161059215460e-02
1.190263458581699979e+03 2.205083488259329538e-02 2.201240734213047792e-02
1.193455973801999789e+03 2.187900709017823880e-02 2.184338083160890578e-02
1.195084726935699791e+03 2.179159651423629579e-02 2.175740052850139855e-02
1.199093858463799961e+03 2.158111523442032137e-02 2.155054379749637983e-02
1.202865106184099886e+03 2.138328244507099046e-02 2.135616166635868549e-02
1.203915122935700083e+03 2.132835031371371412e-02 2.130218955367899070e-02
1.207961595824400092e+03 2.112225923923279070e-02 2.109980692119479626e-02
1.212115430824400164e+03 2.090963891068797764e-02 2.089101441081048921e-02
1.212782862935699995e+03 2.087584204672107355e-02 2.085782645462088206e-02
1.216955366935699885e+03 2.066943924608397043e-02 2.065516531806641659e-02
1.221039176081699907e+03 2.046587461507547515e-02 2.045528090898261417e-02
1.221795393801999808e+03 2.042938317598700163e-02 2.041943338204166292e-02
1.225879109935699944e+03 2.023298645178855937e-02 2.022651481631495413e-02
1.230000257824400251e+03 2.003450572473540123e-02 2.003151426005396474e-02
1.231316542544700269e+03 1.997272222502986458e-02 1.997076500721424105e-02
1.234840191935699977e+03 1.980790939558203095e-02 1.980871878260129573e-02
1.238998678463799934e+03 1.961412745289746462e-02 1.961810545328725869e-02
1.240875031184099953e+03 1.952835675334002943e-02 1.953365222723193670e-02
1.243838612435700043e+03 1.939338837103698684e-02 1.940076115456516523e-02
1.248034436581700220e+03 1.920427437313499894e-02 1.921441148308434752e-02
1.250470858802000066e+03 1.909615661888023827e-02 1.910776429857059117e-02
1.252874372435700025e+03 1.898988812390925776e-02 1.900294245743664248e-02
1.257107533963800051e+03 1.880555471262255335e-02 1.882089606205031643e-02
1.260104021184100020e+03 1.867627973902499100e-02 1.869310378791994715e-02
1.261947465935699938e+03 1.859705017924551812e-02 1.861478280022768605e-02
1.266217967463799823e+03 1.841735660134467475e-02 1.843684579473075721e-02
1.269774526184099841e+03 1.826831551283183627e-02 1.828914967617350368e-02
1.271057903435699927e+03 1.821473082023136042e-02 1.823604789312658139e-02
1.275365739963800024e+03 1.803970364583711711e-02 1.806221507981673260e-02
1.279482366184099874e+03 1.787223784016896827e-02 1.789581289772839562e-02
1.280205674935700017e+03 1.784291114189429789e-02 1.786667226716607756e-02
1.284550847824399852e+03 1.767216546335938221e-02 1.769654561516544738e-02
1.288872703324399936e+03 1.750111389535971909e-02 1.752609053460824073e-02
1.289390785435700082e+03 1.748111318361948371e-02 1.750612083415147013e-02
1.293731311435700036e+03 1.731593742180072976e-02 1.734103731885207680e-02
1.298113822963799976e+03 1.714830207936239928e-02 1.717345136006215994e-02
1.299010056184099994e+03 1.711493530194961241e-02 1.714000813782184940e-02
1.302972421435700198e+03 1.696803093714461044e-02 1.699275581702401616e-02
1.307392272963799996e+03 1.680434266264397777e-02 1.682858188609543185e-02
1.308829911184099956e+03 1.675249014371801154e-02 1.677646175071853540e-02
1.312250881435699966e+03 1.662962860869073370e-02 1.665295562618333489e-02
1.316708067963799976e+03 1.647033299303764589e-02 1.649268576075830009e-02
1.318687101184100129e+03 1.640083516940544356e-02 1.642264394736930519e-02
1.321566671435700073e+03 1.630013065849788070e-02 1.632114230042220823e-02
1.326061195581700076e+03 1.614466377896423346e-02 1.616427911726569036e-02
1.328581628802000068e+03 1.605871438935107046e-02 1.607744940234766967e-02
1.330919801435700037e+03 1.597930987702258707e-02 1.599722463036128486e-02
1.335451662963799890e+03 1.582763104559050532e-02 1.584380577871911597e-02
1.338513491184100076e+03 1.572597255980410016e-02 1.574089742588785645e-02
1.340310266435699987e+03 1.566657705095663919e-02 1.568076656778786410e-02
1.344879469324400134e+03 1.551842286965736048e-02 1.553061593555391147e-02
1.348482697544699931e+03 1.540197276263436700e-02 1.541254330475918047e-02
1.349738071435699794e+03 1.536157192680727597e-02 1.537157657382905857e-02
1.354344610581699953e+03 1.521682633337936158e-02 1.522467725485578995e-02
1.358489238802000045e+03 1.508641012638717131e-02 1.509229803560559018e-02
1.359203216435700142e+03 1.506403473651111644e-02 1.506958469940995228e-02
1.363847094324399905e+03 1.492220800390262579e-02 1.492554787868922810e-02
1.368336969324399888e+03 1.478419672086456541e-02 1.478538556407071013e-02
1.368705696435700020e+03 1.477306322020308788e-02 1.477407867129434081e-02
1.373214241435699932e+03 1.463926332636069499e-02 1.463818644039284814e-02
1.377895457963800027e+03 1.449947946782571134e-02 1.449622752727978796e-02
1.378614336184100011e+03 1.447853715501974670e-02 1.447497185698099799e-02
1.382772726435699951e+03 1.435797665930282907e-02 1.435259857105356494e-02
1.387491280581699812e+03 1.422091804909145218e-02 1.421351259136991764e-02
1.388732893801999808e+03 1.418558041395203383e-02 1.417768633797437255e-02
1.392368556435699929e+03 1.408260427636612994e-02 1.407328043341437955e-02
1.397124447963800094e+03 1.394818136449843711e-02 1.393706100996710065e-02
1.398888786184100127e+03 1.389911286881329033e-02 1.388739479977914998e-02
1.402001716435700018e+03 1.381292812758764220e-02 1.380015707891011321e-02
1.406794947963800041e+03 1.368101804345527549e-02 1.366675212751033638e-02
1.409082021184100086e+03 1.361884080096333917e-02 1.360394902138810716e-02
1.411672221435700067e+03 1.354878066236134791e-02 1.353318182658986603e-02
1.416502785581699982e+03 1.341918794512462348e-02 1.340245081082730785e-02
1.419312588801999937e+03 1.334430276748625223e-02 1.332699872557137691e-02
1.421380061435699872e+03 1.328946264248589970e-02 1.327174308329763519e-02
1.426247962963800092e+03 1.316184612834870107e-02 1.314338003946632569e-02
1.429580491184100083e+03 1.307475273996069887e-02 1.305586711009058300e-02
1.431125236435700117e+03 1.303458247549533697e-02 1.301550362729399744e-02
1.436030480581699976e+03 1.290929398021034048e-02 1.288987603594650422e-02
1.439885738802000105e+03 1.281088777366540428e-02 1.279127932330614663e-02
1.440907751435699993e+03 1.278493011969723987e-02 1.276527192925444067e-02
1.445850332963799929e+03 1.266177145186678406e-02 1.264217802386960812e-02
1.450228321184100196e+03 1.255227543625788388e-02 1.253279083684063350e-02
1.450727601435700080e+03 1.253984451696747195e-02 1.252037254793482782e-02
1.455684073215400076e+03 1.241926012798125895e-02 1.240023172119450630e-02
1.460584796435700127e+03 1.229927876692233149e-02 1.228072399150459057e-02
1.465280031435700039e+03 1.218721034859909097e-02 1.216938020854574885e-02
1.470297284324399925e+03 1.206683069171493941e-02 1.204980708885003936e-02
1.471025497544700102e+03 1.204973794981638834e-02 1.203286380093789021e-02
1.475193226435700126e+03 1.195238240397566640e-02 1.193636646408799060e-02
1.480247822963799990e+03 1.183412631226704939e-02 1.181919805726259001e-02
1.481480096184100148e+03 1.180584005505831528e-02 1.179121461452545434e-02
1.485143761435700071e+03 1.172218014970155889e-02 1.170845720025500553e-02
1.490235692963800147e+03 1.160616886055331788e-02 1.159374782467286792e-02
1.491972031184099933e+03 1.156723720162473358e-02 1.155529215077696209e-02
1.495131636435700102e+03 1.149675935684373214e-02 1.148568210370981731e-02
1.500260902963800163e+03 1.138287048492431057e-02 1.137323576930977971e-02
1.502501301184100157e+03 1.133364615409083662e-02 1.132466062023312035e-02
1.505156846435699890e+03 1.127560368153763745e-02 1.126738879506559293e-02
1.510323452963799809e+03 1.116360067551766880e-02 1.115689458365895850e-02
1.513067911184100012e+03 1.110455723942844856e-02 1.109865743763666264e-02
1.515219396435699991e+03 1.105851387710118580e-02 1.105324692285879033e-02
1.520423342963799996e+03 1.094847614846323341e-02 1.094471252235130858e-02
1.523671861184100180e+03 1.088010534589603159e-02 1.087727105951402651e-02
1.525319281435700077e+03 1.084561682636935552e-02 1.084325429315700570e-02
1.530560562963800066e+03 1.073794027882247169e-02 1.073700720743384074e-02
1.534313146184100106e+03 1.066106521780991155e-02 1.066113758748609038e-02
1.535456506435700021e+03 1.063776101233675567e-02 1.063813995303838911e-02
1.540735124324400203e+03 1.053193097208247539e-02 1.053360678500177977e-02
1.544991767544699997e+03 1.044637189852980555e-02 1.044907399226318104e-02
1.545631066435700177e+03 1.043358971045449911e-02 1.043644600752389670e-02
1.550947024324400218e+03 1.033021876065984973e-02 1.033418929997093581e-02
1.555810279324399971e+03 1.023523484475017190e-02 1.024021127944530624e-02
1.560827443215399853e+03 1.014003063930419418e-02 1.014584787391174109e-02
1.566078187963800019e+03 1.003982380831572319e-02 1.004650427916510200e-02
1.570978777963799985e+03 9.949167288769282871e-03 9.956455038808525310e-03
1.576378781435699921e+03 9.849009530382209221e-03 9.856931451736073227e-03
1.581298041435700043e+03 9.760278458130260126e-03 9.768595389414418823e-03
1.586702696435699863e+03 9.662940633369823673e-03 9.671634908809798384e-03
1.591640626435699915e+03 9.576144473815124264e-03 9.585023469643771596e-03
1.597063946435700018e+03 9.481202686605792393e-03 9.490209054292490093e-03
1.602020546435699998e+03 9.395942824101858812e-03 9.404929547429368569e-03
1.607462536435700258e+03 9.303261647817653857e-03 9.312139600621178320e-03
1.609847601184100085e+03 9.263202584052804278e-03 9.271981508857943949e-03
1.612498462963800193e+03 9.218915440874924511e-03 9.227583853448758852e-03
1.617898466435699902e+03 9.129584224960402353e-03 9.137935677034053628e-03
1.620787591184099938e+03 9.082199875794299063e-03 9.090336018000267151e-03
1.622971727963800049e+03 9.046564300405523368e-03 9.054537126207689787e-03
1.628371731435699985e+03 8.959668346840865549e-03 8.967147472592085222e-03
1.631764917544699983e+03 8.905383102328254599e-03 8.912514797848547499e-03
1.633482329324399871e+03 8.878050441558040309e-03 8.885005712376062292e-03
1.638882331435700053e+03 8.793609001626668392e-03 8.799929838573987764e-03
1.642779578802000060e+03 8.732830354574868184e-03 8.738666577231003416e-03
1.644030270581700279e+03 8.713416880817661733e-03 8.719097063023869415e-03
1.649430271435700206e+03 8.631200896511289147e-03 8.636143556079233646e-03
1.653831581184099832e+03 8.564114876113949892e-03 8.568439343421198340e-03
1.654615552963800155e+03 8.552225143694866874e-03 8.556439115000449153e-03
1.660015556435699864e+03 8.472232659721124631e-03 8.475644137075973028e-03
1.664920923802000061e+03 8.399265346987674213e-03 8.401938276021824609e-03
1.665238165581699832e+03 8.394569183474399898e-03 8.397194176959188808e-03
1.670488688215400089e+03 8.318850157899850342e-03 8.320668954511948462e-03
1.675725446435700178e+03 8.242830953778087361e-03 8.243840583804017824e-03
1.676047596184100030e+03 8.238275669547785035e-03 8.239236230272050168e-03
1.681004067963800026e+03 8.168509431707078952e-03 8.168714877029784396e-03
1.686404071435700189e+03 8.092167904701309464e-03 8.091550588744457137e-03
1.687211613802000102e+03 8.081022915911256765e-03 8.080287708209047196e-03
1.691720030581699802e+03 8.019086254456528687e-03 8.017691238038504239e-03
1.697120031435699957e+03 7.944769193201082699e-03 7.942592642677435630e-03
1.698412966184100014e+03 7.927301378799680304e-03 7.924949506953160583e-03
1.702473332963800203e+03 7.872689826459229601e-03 7.869785602096049035e-03
1.707873336435699912e+03 7.800168959868455237e-03 7.796550588687447061e-03
1.709651661184099794e+03 7.776678443897110451e-03 7.772843733195715712e-03
1.713263967963799814e+03 7.729188084024102463e-03 7.724912325119218451e-03
1.718663971435699978e+03 7.658501664150982324e-03 7.653600714449040714e-03
1.720927688802000148e+03 7.629258198882917820e-03 7.624120239564407230e-03
1.724091940581699873e+03 7.588565979081648462e-03 7.583095414875272791e-03
1.729491941435699800e+03 7.519650470258665460e-03 7.513660027585345597e-03
1.732241051184099888e+03 7.484939674424108055e-03 7.478713399744930414e-03
1.734957252963800101e+03 7.450799286861528592e-03 7.444339038438350931e-03
1.740357256435699810e+03 7.383560320455698385e-03 7.376696889450099805e-03
1.743591757544700158e+03 7.343552816714555946e-03 7.336478520784061284e-03
1.745859904324400077e+03 7.315625821540143285e-03 7.308403032197567303e-03
1.751259906435700259e+03 7.250061000909330255e-03 7.242559223794142048e-03
1.754979798802000005e+03 7.205118821123579660e-03 7.197454273275483670e-03
1.756799890581699856e+03 7.183215458330604979e-03 7.175470928643058049e-03
1.762199891435699783e+03 7.119214863911085475e-03 7.111317380532547125e-03
1.766405178801999909e+03 7.069439096600526468e-03 7.061447843184191948e-03
1.767777220581699794e+03 7.053266065677475487e-03 7.045244102394581515e-03
1.773177221435699948e+03 6.990803608633960366e-03 6.982753009490703759e-03
1.777867896184099891e+03 6.936476353420981296e-03 6.928420256589200646e-03
1.778791882963799935e+03 6.925819493913999703e-03 6.917762326759935992e-03
1.784191886435700098e+03 6.864829984221757289e-03 6.856862120339891724e-03
1.789367953801999647e+03 6.806120928186532547e-03 6.798250364818926410e-03
1.789843885581700079e+03 6.800744674561118829e-03 6.792883112677224750e-03
1.795243886435700006e+03 6.741236567110724109e-03 6.733573607173871586e-03
1.800905346184099926e+03 6.678494085054022950e-03 6.671048603098145811e-03
1.806263202963800268e+03 6.620799030571899307e-03 6.613640344666491151e-03
1.811663206435699976e+03 6.562352577499222517e-03 6.555490601429127609e-03
1.812480081184100072e+03 6.553706845607595519e-03 6.546900084812552409e-03
1.817408547963799947e+03 6.501728362076570136e-03 6.495254861943652522e-03
1.822808551435700110e+03 6.444650428987028744e-03 6.438553132575805873e-03
1.824092151184099976e+03 6.431370023491911163e-03 6.425374013378740146e-03
1.828591232963800167e+03 6.384985593980127376e-03 6.379345206640802367e-03
1.833991236435699875e+03 6.329335335577865145e-03 6.324133396578427227e-03
1.835741557544699845e+03 6.311616514611989234e-03 6.306567014569563340e-03
1.839811254324399897e+03 6.270563868184312467e-03 6.265869644137781608e-03
1.845211256435699852e+03 6.216261572945085308e-03 6.212047949575499883e-03
1.847428301184100064e+03 6.194296917560195535e-03 6.190287561793549227e-03
1.851068612963799978e+03 6.158364882965187449e-03 6.154691838113568458e-03
1.856468616435700142e+03 6.105392493604080636e-03 6.102221756146978052e-03
1.859152386184100124e+03 6.079394376022478029e-03 6.076475459988457499e-03
1.862363312963799899e+03 6.048410617592415300e-03 6.045793866243664300e-03
1.867763316435700062e+03 5.996788144434381414e-03 5.994675466821849930e-03
1.870913806184099940e+03 5.966974480685909368e-03 5.965153692187647426e-03
1.873695347963800259e+03 5.940737968992908236e-03 5.939175663267771098e-03
1.879095351435699968e+03 5.890434626942584601e-03 5.889358750248679941e-03
1.882712563802000204e+03 5.856995162784902134e-03 5.856238258243134931e-03
1.885064720581700158e+03 5.835334783444771044e-03 5.834785923388183942e-03
1.890464721435700085e+03 5.786342520688919806e-03 5.786242950864594128e-03
1.894548656184100309e+03 5.749454356593763395e-03 5.749684568211284146e-03
1.896471427963800124e+03 5.732148728071885177e-03 5.732534667193082099e-03
1.901871431435699833e+03 5.684385896647039735e-03 5.685168639876078331e-03
1.906422093802000063e+03 5.644199397489348645e-03 5.645305950395374146e-03
1.907915480581699967e+03 5.631063089299328736e-03 5.632276213346513495e-03
1.913315481435699894e+03 5.584579815715364284e-03 5.586122832632740322e-03
1.918332863802000020e+03 5.541351761053212553e-03 5.543191713104882699e-03
1.919396865581700013e+03 5.532219047661063142e-03 5.534122145945132541e-03
1.924796866435700167e+03 5.486982227338005683e-03 5.489137965383977455e-03
1.930280973801999608e+03 5.440866741986221528e-03 5.443273294137763833e-03
1.930915590581699917e+03 5.435549044261579234e-03 5.437984701305934206e-03
1.936315591435699844e+03 5.391467512653395910e-03 5.394071855167667864e-03
1.941869596435699805e+03 5.345812048428392506e-03 5.348589978588265924e-03
1.942471652963800125e+03 5.340963652189060357e-03 5.343754558002389993e-03
1.948044327963800015e+03 5.296621542230819761e-03 5.299504073498960410e-03
1.953444331435699723e+03 5.253406759430975098e-03 5.256375087451344540e-03
1.954289208802000076e+03 5.246820740285079027e-03 5.249790463470069453e-03
1.959656395581700053e+03 5.205101907737041088e-03 5.208080458333584108e-03
1.965056396435699980e+03 5.163001966725500394e-03 5.165980287786366490e-03
1.966349331184100265e+03 5.153146470144275015e-03 5.156108967007618470e-03
1.971305802963800033e+03 5.115459335408383511e-03 5.118361142081023253e-03
1.976705806435699969e+03 5.074391969820185241e-03 5.077213699901936446e-03
1.978446796184100322e+03 5.061424633164332727e-03 5.064202952873009950e-03
1.982992547963800234e+03 5.027675621913384185e-03 5.030340456209194018e-03
1.988392551435700170e+03 4.987680307673899791e-03 4.990193544927759572e-03
1.990581593802000043e+03 4.971747838056445740e-03 4.974182485067904849e-03
1.994716630581700429e+03 4.941744029355161182e-03 4.944029962018726791e-03
2.000116631435700356e+03 4.902758876644173168e-03 4.904833381037314484e-03
2.002753726184099833e+03 4.884001118702361102e-03 4.885957603787298605e-03
2.006478052963799882e+03 4.857609885926454305e-03 4.859399329266600454e-03
2.011878056435700046e+03 4.819627353369177608e-03 4.821159040956451980e-03
2.014963203802000180e+03 4.798177644021504352e-03 4.799550680484884237e-03
2.018276810581700374e+03 4.775225385897489440e-03 4.776427598882635947e-03
2.023676811435700074e+03 4.738173744079816029e-03 4.739086663143259916e-03
2.027210016184099914e+03 4.714136418386357524e-03 4.714853097440936149e-03
2.030112907963799898e+03 4.694449298248868155e-03 4.695004305744049887e-03
2.035512911435700062e+03 4.658302579370056720e-03 4.658552869838035633e-03
2.039494171184099969e+03 4.631836583614080093e-03 4.631859614640905336e-03
2.041986342963800098e+03 4.615319784382503066e-03 4.615200134420531855e-03
2.047386346435700034e+03 4.580033729706120896e-03 4.579609484350326450e-03
2.051815657544699661e+03 4.551193685168947005e-03 4.550520463138247977e-03
2.053897114324400263e+03 4.537689059381703680e-03 4.536898447814450598e-03
2.059297116435699991e+03 4.503208576643843650e-03 4.502127618696232132e-03
2.064174481184099932e+03 4.472091109801361666e-03 4.470750884740245373e-03
2.065845222963799642e+03 4.461464383575862967e-03 4.460035016747940922e-03
2.071245226435700260e+03 4.427764301969384225e-03 4.426071621643745332e-03
2.076570646184100042e+03 4.394485964888372384e-03 4.392537115180414863e-03
2.077830667963800352e+03 4.386638040438529257e-03 4.384628329248757388e-03
2.083230671435700060e+03 4.353702017021369650e-03 4.351467291896109202e-03
2.089004147544700118e+03 4.318352883972059741e-03 4.315879794353308721e-03
2.095230232544700357e+03 4.281081906430918120e-03 4.278395815600756144e-03
2.101068826435700430e+03 4.246008489633964350e-03 4.243128085745544002e-03
2.101913577963799980e+03 4.240998571938919132e-03 4.238093661428912577e-03
2.107719741184099803e+03 4.207016038942342460e-03 4.203970721416470414e-03
2.113983166184099900e+03 4.170235297328581461e-03 4.167045605993936752e-03
2.119863747963800051e+03 4.136516653914021693e-03 4.133239065009629114e-03
2.125263751435700215e+03 4.105428038216438202e-03 4.102073302830551785e-03
2.126528681184100151e+03 4.098293584573691785e-03 4.094931855401382978e-03
2.132017212963800375e+03 4.067409878383693167e-03 4.064017508541769956e-03
2.137417216435700084e+03 4.036945450783681333e-03 4.033530078110663351e-03
2.139111533801999940e+03 4.027531561358909003e-03 4.024122052477218520e-03
2.144208020581700112e+03 3.999300317300075007e-03 3.995908042436437449e-03
2.149608021435699811e+03 3.969416094834724192e-03 3.966052261037713439e-03
2.151731723802000033e+03 3.957884109600885714e-03 3.954545238206447037e-03
2.156436165581700152e+03 3.932408666439821815e-03 3.929124706692510918e-03
2.161836166435699852e+03 3.903241468995741550e-03 3.900032602822841882e-03
2.164389251184100431e+03 3.889653213804383780e-03 3.886493001903332939e-03
2.168701647963800042e+03 3.866765496869032336e-03 3.863687166032577208e-03
2.174101651435700205e+03 3.838222380545351382e-03 3.835259277787111173e-03
2.177084121184099786e+03 3.822630318946285220e-03 3.819742393978309281e-03
2.181004467963799925e+03 3.802186688577269356e-03 3.799397400964860203e-03
2.186404471435700088e+03 3.774222393936797933e-03 3.771580772247077121e-03
2.189816326184100035e+03 3.756730973653856984e-03 3.754191714215082080e-03
2.193344622963799793e+03 3.738692648003642989e-03 3.736259170057009294e-03
2.198744626435699956e+03 3.711324867109758781e-03 3.709062711399889467e-03
2.202585867544700250e+03 3.692004365036609045e-03 3.689870265668467302e-03
2.205722119324399955e+03 3.676277603369154916e-03 3.674248084183767780e-03
2.211122121435699682e+03 3.649545767644623347e-03 3.647702560442300269e-03
2.215392746184099906e+03 3.628545119743472464e-03 3.626852881897231744e-03
2.218136952963800013e+03 3.615083929053412599e-03 3.613488806053114216e-03
2.223536956435700176e+03 3.588982722366286255e-03 3.587579922589621915e-03
2.228236966184099856e+03 3.566353530287278903e-03 3.565119189589789454e-03
2.230589122963800037e+03 3.555050064584358398e-03 3.553900188998152659e-03
2.235989126435699745e+03 3.529405500718172002e-03 3.528445987132409079e-03
2.241118523802000254e+03 3.505050795211706385e-03 3.504271747964166073e-03
2.243078630581700054e+03 3.495772461816084795e-03 3.495062566701248163e-03
2.248478631435700208e+03 3.470819908361498854e-03 3.470291119374424322e-03
2.254037416184099584e+03 3.445146139965379623e-03 3.444802680741178118e-03
2.255605477963800240e+03 3.437922723399657824e-03 3.437631733288419155e-03
2.261005481435699949e+03 3.413553815381531985e-03 3.413428089814326150e-03
2.266993651184100145e+03 3.386452390568091188e-03 3.386509122853317150e-03
2.268169662963799965e+03 3.381142651136235817e-03 3.381235385563081692e-03
2.273569666435700128e+03 3.357282551391990288e-03 3.357519810027577347e-03
2.279665071435699701e+03 3.330205605910241395e-03 3.330606472990185057e-03
2.280771185581700138e+03 3.325336873507909585e-03 3.325766108836240766e-03
2.286493333802000507e+03 3.300620386677608972e-03 3.301177202163904298e-03
2.292285256435700376e+03 3.275456985621154945e-03 3.276143562883710586e-03
2.293410042963800151e+03 3.270659031484985171e-03 3.271367411632715178e-03
2.299542782963800164e+03 3.244777181612908644e-03 3.245593702229210287e-03
2.306086242963800032e+03 3.217118045283173626e-03 3.218044662657672424e-03
2.312237652963849996e+03 3.191679388132705880e-03 3.192683818997783200e-03
2.317637656435750159e+03 3.169277340123701197e-03 3.170348220008459283e-03
2.319191956184099581e+03 3.162986866840238488e-03 3.164069457319155024e-03
2.324969857963799768e+03 3.139638551081216835e-03 3.140764820930176584e-03
2.330369861435700386e+03 3.117787578704474868e-03 3.118950701426860279e-03
2.332334876184100267e+03 3.109993266562667905e-03 3.111161282163604422e-03
2.337739397963800002e+03 3.088622780563831088e-03 3.089804525224496088e-03
2.343139401435700165e+03 3.067311865506412282e-03 3.068501556134904142e-03
2.345515133801999582e+03 3.058129616172981270e-03 3.059313836156977127e-03
2.350546280581700103e+03 3.038684887745860593e-03 3.039857812267951660e-03
2.355946281435700257e+03 3.017854414421017404e-03 3.019008142611980493e-03
2.358732726184100102e+03 3.007263545866880813e-03 3.008398637244339129e-03
2.363390497963800044e+03 2.989625177601457941e-03 2.990729353520522014e-03
2.368790501435699753e+03 2.969295094475615966e-03 2.970355416269868879e-03
2.371987663802000043e+03 2.957423738273301256e-03 2.958449920827795239e-03
2.376272055581699988e+03 2.941521147458686647e-03 2.942501742921754641e-03
2.381672056435700142e+03 2.921632038247383521e-03 2.922547045327975480e-03
2.385279933801999960e+03 2.908514867820878591e-03 2.909379085129522920e-03
2.389190945581699907e+03 2.894339226111339834e-03 2.895148465197087181e-03
2.394590946435700062e+03 2.875002204832836656e-03 2.875727771156617527e-03
2.398609543801999735e+03 2.860778419861097731e-03 2.861436083825090720e-03
2.402147180581700013e+03 2.848287501478410574e-03 2.848885382861785030e-03
2.407547181435700168e+03 2.829348441029317426e-03 2.829848784808358751e-03
2.411976491184100269e+03 2.813871833871759744e-03 2.814288280277192373e-03
2.415140747963800095e+03 2.802832062450324319e-03 2.803188490765806326e-03
2.420540751435699804e+03 2.784340569629796622e-03 2.784590036730777689e-03
2.425380781184099760e+03 2.767900782765338446e-03 2.768051921453136555e-03
2.428171657963800499e+03 2.758435229029012822e-03 2.758529537947614421e-03
2.433571661435700207e+03 2.740339366398445060e-03 2.740321628253728110e-03
2.438822406184099691e+03 2.722772080733332819e-03 2.722644197881144822e-03
2.441239902963799977e+03 2.714697411992612192e-03 2.714518651042335893e-03
2.446639906435700141e+03 2.697021646387155573e-03 2.696730216774512884e-03
2.452301366184100061e+03 2.678520328180167710e-03 2.678110499575296535e-03
2.454345482963799441e+03 2.671855955176447809e-03 2.671403201203514498e-03
2.459745486435700059e+03 2.654561059476688925e-03 2.653999534306173292e-03
2.465817666184100290e+03 2.635085053099863600e-03 2.634401373854211234e-03
2.467488407963800000e+03 2.629738607889475256e-03 2.629021151745930540e-03
2.472888411435700164e+03 2.612894915366111188e-03 2.612076555576424344e-03
2.479282516435700018e+03 2.592886672132215745e-03 2.591948774226976969e-03
2.480668665581699770e+03 2.588560842670959653e-03 2.587597078008101355e-03
2.486157453801999964e+03 2.571663629501663110e-03 2.570609081046540314e-03
2.492481441435700162e+03 2.552096691553468796e-03 2.550936985181056701e-03
2.493886262963800164e+03 2.547797179056428621e-03 2.546615228667165835e-03
2.499767101184099829e+03 2.530111908917726492e-03 2.528847230743300201e-03
2.505717706435700165e+03 2.512126068786742304e-03 2.510777271714472163e-03
2.507141192963800222e+03 2.507891819373149131e-03 2.506525440729175276e-03
2.513414081184099814e+03 2.489427301982206388e-03 2.487991063952759915e-03
2.518991311435700027e+03 2.472927191349711014e-03 2.471428578343864025e-03
2.520433467963799558e+03 2.468743209630783024e-03 2.467232579926949537e-03
2.526902247963799709e+03 2.450027955188643046e-03 2.448466161494818223e-03
2.532302251435699873e+03 2.434337373796871887e-03 2.432733421510932786e-03
2.533959231184099735e+03 2.429623115703403134e-03 2.428011775652784941e-03
2.540250527963800323e+03 2.411743831209517495e-03 2.410104367537379590e-03
2.545650531435700032e+03 2.396368078149901330e-03 2.394706457744050915e-03
2.547699556184099947e+03 2.390658969615896186e-03 2.388995414813517397e-03
2.553636142963800012e+03 2.374137292406035705e-03 2.372467961815472384e-03
2.559036146435699720e+03 2.359098093055961385e-03 2.357426707357938855e-03
2.561477218801999697e+03 2.352407426297391854e-03 2.350741863453875181e-03
2.567059100581700022e+03 2.337123802725077793e-03 2.335471369362644625e-03
2.572459101435699722e+03 2.322360431571089939e-03 2.320724987993912948e-03
2.575292221184100072e+03 2.314738290823112766e-03 2.313118618898541215e-03
2.580519392963799874e+03 2.300695241037364717e-03 2.299104510735097608e-03
2.585919396435700037e+03 2.286251550631140505e-03 2.284695720634668907e-03
2.589144563801999993e+03 2.277765123858113173e-03 2.276236591498673884e-03
2.594017020581699853e+03 2.264963781202781329e-03 2.263476376160295130e-03
2.599417021435700008e+03 2.250816329584975732e-03 2.249379479615564847e-03
2.603034236184100337e+03 2.241418156909378082e-03 2.240020509313361136e-03
2.607551987963800002e+03 2.229700144131211131e-03 2.228351406189087083e-03
2.612951991435699711e+03 2.215818284554825057e-03 2.214532921216065195e-03
2.616961256184099966e+03 2.205636881503225417e-03 2.204403029473944297e-03
2.621124297963800018e+03 2.195078112460574753e-03 2.193897750042114996e-03
2.626524301435699726e+03 2.181483832863162237e-03 2.180376548596861010e-03
2.630925611184100035e+03 2.170481229674266731e-03 2.169436385449742283e-03
2.634733942963800018e+03 2.160976071181634154e-03 2.159985303582588004e-03
2.640133946435700182e+03 2.147682135256064745e-03 2.146770268167541660e-03
2.644927301184099633e+03 2.135985469391941081e-03 2.135145196965463656e-03
2.648380922963800003e+03 2.127574746923487168e-03 2.126786146160271253e-03
2.653780926435699712e+03 2.114573132528653216e-03 2.113865587366639629e-03
2.658966331184100000e+03 2.102135910174392219e-03 2.101506588006450335e-03
2.662065242963799847e+03 2.094708530531554265e-03 2.094126068876417130e-03
2.667465246435700010e+03 2.081955795857545147e-03 2.081452892965880621e-03
2.673042697544699877e+03 2.068826281748197861e-03 2.068405059720939722e-03
2.675786899324399656e+03 2.062376544167859090e-03 2.061995635876607939e-03
2.681186901435699838e+03 2.049904880605504711e-03 2.049598676865409339e-03
2.687156401184100105e+03 2.036138835671862709e-03 2.035914271030142553e-03
2.689545897963800144e+03 2.030641955106923368e-03 2.030450195477182234e-03
2.694945901435699852e+03 2.018480140958888239e-03 2.018355148906820790e-03
2.701307446184100172e+03 2.004142177700724350e-03 2.004094875471725597e-03
2.703342227963799814e+03 1.999555644845131368e-03 1.999533310155203990e-03
2.708742231435699523e+03 1.987573045474194579e-03 1.987606852373813727e-03
2.715472376435699516e+03 1.972601767197029905e-03 1.972705037505163850e-03
2.722575901435699961e+03 1.957101433921734635e-03 1.957266089504117700e-03
2.729324721435700212e+03 1.942387978449936804e-03 1.942607612399698284e-03
2.731046910581700104e+03 1.938658216781227088e-03 1.938891003331938987e-03
2.736843733801999861e+03 1.926348077796076258e-03 1.926613982189196274e-03
2.743214391435699781e+03 1.912759042998402352e-03 1.913061534233411820e-03
2.744955252963799921e+03 1.909096148426524860e-03 1.909406766396121473e-03
2.751125461184100004e+03 1.896322398763084166e-03 1.896652925170954360e-03
2.757141411435699865e+03 1.883812457647086359e-03 1.884162491898009727e-03
2.758900939324400497e+03 1.880205028618591248e-03 1.880558045910185865e-03
2.765444522544700249e+03 1.866883605484337318e-03 1.867242004027034425e-03
2.771105761435700515e+03 1.855305843593210279e-03 1.855668914465947398e-03
2.772883960581700194e+03 1.851734937961377250e-03 1.852095926409116087e-03
2.779707455581699833e+03 1.838096577106125258e-03 1.838447131717180130e-03
2.785107456435699987e+03 1.827264360869456164e-03 1.827606416886760421e-03
2.786997792544700133e+03 1.823570634178560629e-03 1.823905847273627140e-03
2.793746484324400171e+03 1.810407510536846728e-03 1.810718289191165162e-03
2.799146486435700353e+03 1.799855100930803807e-03 1.800145415497080926e-03
2.801410201184100515e+03 1.795513258154529321e-03 1.795791173014476584e-03
2.807822847963800086e+03 1.783212608910984083e-03 1.783455437071191719e-03
2.813222851435699795e+03 1.772848734289274178e-03 1.773060747349137784e-03
2.815859947544699935e+03 1.767885545743395209e-03 1.768079260642118657e-03
2.821936554324400277e+03 1.756437826826910556e-03 1.756589418315346795e-03
2.827336556435699549e+03 1.746273483989349475e-03 1.746386256125694817e-03
2.830347028801999841e+03 1.740708050703309055e-03 1.740796568621927505e-03
2.836087595581699588e+03 1.730152758796218125e-03 1.730195052002459323e-03
2.841487596435699743e+03 1.720270050006621329e-03 1.720267712280069711e-03
2.844871448802000486e+03 1.714161306361653564e-03 1.714129297809770767e-03
2.850275975581700095e+03 1.704389069422111019e-03 1.704309673992184101e-03
2.855675976435699795e+03 1.694675371351890081e-03 1.694548036739424801e-03
2.859433208801999626e+03 1.688024602012972884e-03 1.687863208469369105e-03
2.864501695581700005e+03 1.679069230943237671e-03 1.678861864858200272e-03
2.869901696435700160e+03 1.669577389864396839e-03 1.669321190781896226e-03
2.874032306184099980e+03 1.662377967603835853e-03 1.662084583601105897e-03
2.878764752963800220e+03 1.654145909703866367e-03 1.653809865409693785e-03
2.884164756435700383e+03 1.644843425327407191e-03 1.644459943999749488e-03
2.888668742544700308e+03 1.637172806894122154e-03 1.636750845488218684e-03
2.893065144324400080e+03 1.629698999060541715e-03 1.629239396240967329e-03
2.898465146435700262e+03 1.620565151933718237e-03 1.620061448693152842e-03
2.903342513802000212e+03 1.612342401921242280e-03 1.611800392476275259e-03
2.907402875581700300e+03 1.605501222096268306e-03 1.604927223163242359e-03
2.912802876435700000e+03 1.596543287542543125e-03 1.595930377526673730e-03
2.918053623801999947e+03 1.587908068820091407e-03 1.587259460382452149e-03
2.921777945581700351e+03 1.581788856304596445e-03 1.581114811022244155e-03
2.927177946435700051e+03 1.573023032848424284e-03 1.572316603067668754e-03
2.932802071184099987e+03 1.563932430271968094e-03 1.563194376752199055e-03
2.936190352963800251e+03 1.558461403131581203e-03 1.557704176707191013e-03
2.941590356435699960e+03 1.549861789203768126e-03 1.549079527064381370e-03
2.947587858802000028e+03 1.540335903458398036e-03 1.539527823741645377e-03
2.950640100581700153e+03 1.535499147665852484e-03 1.534677809179299220e-03
2.956040101435699853e+03 1.527095757994155088e-03 1.526257641451519336e-03
2.962410981184099910e+03 1.517192135141462147e-03 1.516335963335139255e-03
2.965127182963800351e+03 1.512972183595129782e-03 1.512108200713134336e-03
2.970527186435700060e+03 1.504745924423543180e-03 1.503873507981628305e-03
2.977271446184100114e+03 1.494470209574220738e-03 1.493588427970951767e-03
2.979651602963800087e+03 1.490845959120182555e-03 1.489960774146319774e-03
2.985051606435700251e+03 1.482751007417298797e-03 1.481865468272669951e-03
2.992155131435699786e+03 1.472077066246713865e-03 1.471191601183734687e-03
2.999613366435700300e+03 1.461033331359082570e-03 1.460155276491964397e-03
3.006735561435699765e+03 1.450500556377961464e-03 1.449632271195327006e-03
3.008812460581700179e+03 1.447438620381995234e-03 1.446573567142963711e-03
3.014581283802000144e+03 1.439026081065937967e-03 1.438176025142315958e-03
3.021353326435700183e+03 1.429114859205406901e-03 1.428282402078402810e-03
3.023448897963799936e+03 1.426089028421492115e-03 1.425262747619427143e-03
3.029572431184099969e+03 1.417457849569843083e-03 1.416654071803661588e-03
3.036008431435699549e+03 1.408355341435029795e-03 1.407575249704874935e-03
3.038122667963799813e+03 1.405392595375124952e-03 1.404621263872597595e-03
3.044600911184099914e+03 1.396360117782737909e-03 1.395618684540688185e-03
3.050700871435700265e+03 1.387816762149381850e-03 1.387103545745852796e-03
3.052833777963800003e+03 1.384871051848296898e-03 1.384168678232959668e-03
3.059666731184099717e+03 1.375511969001559382e-03 1.374845920109072023e-03
3.065430651435699929e+03 1.367587610924049599e-03 1.366952286803953037e-03
3.067582227963800051e+03 1.364686738241867097e-03 1.364063782423038896e-03
3.074769891184099833e+03 1.355076196275586693e-03 1.354495166265115222e-03
3.082340137544699701e+03 1.344984550496586490e-03 1.344448435871875092e-03
3.089602219324399812e+03 1.335401867002407967e-03 1.334910344569916786e-03
3.095002221435700449e+03 1.328246623525764164e-03 1.327788374793152778e-03
3.097499301184100204e+03 1.325000151819278943e-03 1.324557493677516696e-03
3.104444012963800105e+03 1.315985924776852953e-03 1.315586605240328224e-03
3.109844016435699814e+03 1.308977976507525679e-03 1.308612362824226188e-03
3.112695806184100093e+03 1.305356239037638996e-03 1.305008193071160050e-03
3.119323142963799910e+03 1.296954547348998926e-03 1.296647327059081154e-03
3.124723146435700073e+03 1.290117379666323033e-03 1.289843196866574193e-03
3.127929646184099965e+03 1.286119915788779726e-03 1.285864622199475596e-03
3.134239612963800028e+03 1.278249513096615291e-03 1.278031415586652984e-03
3.139639616435699736e+03 1.271533933896003971e-03 1.271347025648722224e-03
3.143200823801999832e+03 1.267189130592738175e-03 1.267021444820662411e-03
3.149193420581699684e+03 1.259896464654877875e-03 1.259761177589624947e-03
3.154593421435700293e+03 1.253342538419664710e-03 1.253235441867966591e-03
3.158509336184100448e+03 1.248633495120872331e-03 1.248545216877045179e-03
3.164184562963800090e+03 1.241800414422501893e-03 1.241739482909734286e-03
3.169584566435700253e+03 1.235324806168143844e-03 1.235288364965182826e-03
3.173855191184100022e+03 1.230263717451377707e-03 1.230244637841892497e-03
3.179213042963800035e+03 1.223920470064533174e-03 1.223923264398014358e-03
3.184613046435700198e+03 1.217583664635412842e-03 1.217606407941925449e-03
3.189238381184100035e+03 1.212225713474309732e-03 1.212263264790351854e-03
3.194278862963799838e+03 1.206387540181850159e-03 1.206441331191734781e-03
3.199678866435700002e+03 1.200198757581877849e-03 1.200267487968820386e-03
3.204658911184099907e+03 1.194560632999050421e-03 1.194640918529316477e-03
3.209382022963799955e+03 1.189204556938090610e-03 1.189295908225982204e-03
3.214782026435699663e+03 1.183115710830523557e-03 1.183216639675341948e-03
3.220116781184100091e+03 1.177138814279940233e-03 1.177246883140407440e-03
3.224522517963800055e+03 1.172218668703982640e-03 1.172332737365594253e-03
3.229922521435700219e+03 1.166275812048190230e-03 1.166393856873611289e-03
3.235611986184100260e+03 1.160054506361253698e-03 1.160174639568448910e-03
3.239700347963800141e+03 1.155584310095930786e-03 1.155706038662699829e-03
3.245100351435700304e+03 1.149762154134670658e-03 1.149882332857067504e-03
3.251144526184099959e+03 1.143278171674404035e-03 1.143394771895437376e-03
3.254915522963799958e+03 1.139229703227481088e-03 1.139344152103248433e-03
3.260315526435700122e+03 1.133513422791602998e-03 1.133621270771197802e-03
3.266714406184099971e+03 1.126768671100101269e-03 1.126867305188450179e-03
3.270168027963799886e+03 1.123139792670848876e-03 1.123233517137517228e-03
3.275568031435700050e+03 1.117560099741572071e-03 1.117642466817241834e-03
3.282321626184099841e+03 1.110593550013496767e-03 1.110660618573497405e-03
3.285457877963800001e+03 1.107359242705320719e-03 1.107419252495159007e-03
3.290857881435700165e+03 1.101895403252073097e-03 1.101939979822950987e-03
3.297966183802000160e+03 1.094707025573215739e-03 1.094730613979257331e-03
3.300785060581700236e+03 1.091854457724794007e-03 1.091869752464890830e-03
3.306185061435699936e+03 1.086419985948941774e-03 1.086416719993986727e-03
3.313648076184099864e+03 1.078896483903082513e-03 1.078867239182724688e-03
3.316149587963800059e+03 1.076379999814047880e-03 1.076342060495911546e-03
3.321549591435699767e+03 1.071150745213568251e-03 1.071091825039864045e-03
3.329082501435700124e+03 1.063831812684579029e-03 1.063743518409180190e-03
3.331551447963800001e+03 1.061438488182152523e-03 1.061340511339024101e-03
3.337236261184100385e+03 1.056026593306457189e-03 1.055905323040431639e-03
3.344503026435700122e+03 1.049085127406157187e-03 1.048933988568843912e-03
3.346990642963800383e+03 1.046713938739006131e-03 1.046552541419779525e-03
3.353011501184099870e+03 1.040987012577430579e-03 1.040800628178401152e-03
3.359960896435700306e+03 1.034355276615211679e-03 1.034139953858117600e-03
3.362467180581699722e+03 1.031988333808040413e-03 1.031762681482015437e-03
3.368824073801999475e+03 1.026074471760890418e-03 1.025823159217542288e-03
3.375456096435700147e+03 1.019886264994294316e-03 1.019608086536330374e-03
3.377981052963799812e+03 1.017569084603052280e-03 1.017281043696072022e-03
3.384673991184100032e+03 1.011509467846345061e-03 1.011196304022793065e-03
3.390988641435700629e+03 1.005771088739369724e-03 1.005434137538240924e-03
3.393532262963799894e+03 1.003475421166931609e-03 1.003129548371940911e-03
3.400561241184099799e+03 9.971574499180937013e-04 9.967880242932609502e-04
3.406558521435700186e+03 9.917494483882691083e-04 9.913598579868894683e-04
3.409120812963800290e+03 9.894946485997028595e-04 9.890975249866565573e-04
3.416485831184100334e+03 9.830634126931846965e-04 9.826456307683198270e-04
3.422165741435700056e+03 9.780890216840273151e-04 9.776552582776278175e-04
3.424746702963800089e+03 9.758710730990152390e-04 9.754315479419440075e-04
3.432410292963800202e+03 9.693031825858595442e-04 9.688471123313251252e-04
3.440409925581700008e+03 9.624362277555709123e-04 9.619647016286458560e-04
3.448092190581699924e+03 9.558271844373683948e-04 9.553444366345028660e-04
3.453492191435700079e+03 9.511655240155020155e-04 9.506751465500923749e-04
3.456465326184099922e+03 9.486734115624762941e-04 9.481809249850676720e-04
3.463811422963799941e+03 9.425388094465250331e-04 9.420410795797889546e-04
3.469211426435700105e+03 9.380361280376580064e-04 9.375350719830317058e-04
3.472520601184100087e+03 9.353219719966783747e-04 9.348211127608257011e-04
3.479567992963799952e+03 9.295461485514729420e-04 9.290456605870699418e-04
3.484967996435700115e+03 9.251198427535040980e-04 9.246203596603930685e-04
3.488613211184100237e+03 9.221588507728858053e-04 9.216621404792023397e-04
3.495361897963800402e+03 9.166678903829755982e-04 9.161762578118661394e-04
3.500761901435700111e+03 9.122913555960378285e-04 9.118046929588772371e-04
3.504743161184100245e+03 9.091388212428114755e-04 9.086578439135851700e-04
3.511193147963800584e+03 9.040335143658391427e-04 9.035616949814740534e-04
3.516593151435700292e+03 8.997655458076251863e-04 8.993024299426396941e-04
3.520910447544699764e+03 8.963796881130713969e-04 8.959253874215706258e-04
3.527061729324399948e+03 8.915421187250075234e-04 8.911003279844278415e-04
3.532461731435700585e+03 8.873175248389241539e-04 8.868876306290367781e-04
3.537115068801999769e+03 8.837382205278776579e-04 8.833199276152058164e-04
3.542967650581699672e+03 8.792410714130400934e-04 8.788373296672504636e-04
3.548367651435700282e+03 8.751031283706761903e-04 8.747136700828540574e-04
3.553357031184099924e+03 8.712970070990370052e-04 8.709218113468772480e-04
3.558910907963799673e+03 8.670761267930979840e-04 8.667167764318120873e-04
3.564310911435700291e+03 8.630221912856358415e-04 8.626788545719594982e-04
3.569636333802000536e+03 8.590673235580049668e-04 8.587404178636126161e-04
3.574891505581699676e+03 8.551685617658383917e-04 8.548578501945117885e-04
3.580291506435699830e+03 8.512062661852710585e-04 8.509124497010181780e-04
3.585952966184100205e+03 8.470887154321985824e-04 8.468128489559954104e-04
3.590909437963800428e+03 8.434707736242796818e-04 8.432106167349755340e-04
3.596309441435699682e+03 8.395674989067978666e-04 8.393244203151349267e-04
3.602306946184100070e+03 8.352678811207664075e-04 8.350437667934747926e-04
3.606964712963800139e+03 8.319308742045325878e-04 8.317214927102881518e-04
3.612364716435699847e+03 8.281094721292414597e-04 8.279165459105517280e-04
3.618698261184099920e+03 8.236502230553587869e-04 8.234762492031201227e-04
3.623057322963800289e+03 8.205899938066718710e-04 8.204290785753558723e-04
3.628457326435699997e+03 8.168241067442622580e-04 8.166784016632118491e-04
3.635126911184100209e+03 8.121746508407984982e-04 8.120473062497851743e-04
3.639187272963800297e+03 8.093470562515375820e-04 8.092309133327685484e-04
3.644587276435700005e+03 8.056861092542628739e-04 8.055832582021535751e-04
3.651592901184099446e+03 8.009637755933357800e-04 8.008776189041687688e-04
3.655354557963799380e+03 7.984233638973210583e-04 7.983462030906303755e-04
3.660754561435699998e+03 7.947967891869206318e-04 7.947305844721720518e-04
3.668096226184100487e+03 7.898675452544635196e-04 7.898157662920263873e-04
3.671559182963799685e+03 7.875452156517279839e-04 7.875002776313747097e-04
3.676959186435699849e+03 7.839986736107403724e-04 7.839620248572254629e-04
3.684636888802000158e+03 7.789534719592279728e-04 7.789282610886527798e-04
3.687801145581699984e+03 7.768720513269176085e-04 7.768515916775682205e-04
3.693201146435700139e+03 7.733864266976410180e-04 7.733713584870038817e-04
3.701182111435699426e+03 7.682282029357034294e-04 7.682209549073989356e-04
3.709480451435700616e+03 7.629081665125170665e-04 7.629062499573527117e-04
3.717480081435700413e+03 7.577879095416567264e-04 7.577897173731134185e-04
3.720397082963800131e+03 7.559346473122028525e-04 7.559376824773770577e-04
3.726147241184100494e+03 7.524536000552678851e-04 7.524565136191644320e-04
3.733815391435700349e+03 7.477975852017326903e-04 7.478003846813855576e-04
3.736751059324400103e+03 7.460081178916277110e-04 7.460105623653549888e-04
3.742818582544699893e+03 7.422632625896252332e-04 7.422624572892777767e-04
3.750188031435699941e+03 7.377047316214503225e-04 7.377000110282017770e-04
3.753142372963799971e+03 7.359094052075661543e-04 7.359027289101569263e-04
3.759527271184100300e+03 7.321626880946832975e-04 7.321499059447770684e-04
3.766598016435749742e+03 7.280016785974182053e-04 7.279821519995664271e-04
3.769571022963849828e+03 7.262531970925329957e-04 7.262303849586540560e-04
3.776273291184099435e+03 7.223182255979810566e-04 7.222865626608755089e-04
3.783045331435750086e+03 7.183306170740433273e-04 7.182900158455455880e-04
3.786037007963850101e+03 7.165846217980354057e-04 7.165395948037109287e-04
3.793056651184100247e+03 7.125180995147895133e-04 7.124616382710807988e-04
3.799529991435700140e+03 7.087579126909465460e-04 7.086908996595064989e-04
3.802540337963799630e+03 7.070357492379408500e-04 7.069633715433440652e-04
3.809877351184099098e+03 7.028745354158748640e-04 7.027883975874382131e-04
3.816051986435700201e+03 6.993634403830861638e-04 6.992657052415895405e-04
3.819081002963799619e+03 6.976630416804698986e-04 6.975593157019807731e-04
3.826735391184099626e+03 6.933859714538218207e-04 6.932668040566522050e-04
3.832611321435750142e+03 6.900939220060793621e-04 6.899628784732016445e-04
3.835659002963850526e+03 6.884321942019887980e-04 6.882948074571276298e-04
3.843630761184099811e+03 6.841229931187716882e-04 6.839688994718831194e-04
3.849207991435700023e+03 6.811052217514619112e-04 6.809394136671943374e-04
3.852274344324399863e+03 6.794456737399751436e-04 6.792734299075480235e-04
3.860441999324450080e+03 6.750183901541004271e-04 6.748289910521211576e-04
3.865842001435750262e+03 6.720845685058372257e-04 6.718838103212593834e-04
3.869048497544700695e+03 6.704192415810152897e-04 6.702119533399940625e-04
3.877113344324400259e+03 6.662297076041274807e-04 6.660059850664541920e-04
3.882513346435700441e+03 6.634189083613862550e-04 6.631842213299189498e-04
3.886037216184100089e+03 6.615905893942274204e-04 6.613492255756046228e-04
3.893822027963799883e+03 6.575602661726127722e-04 6.573041426124813340e-04
3.899222031435700501e+03 6.547721891222580814e-04 6.545059605290178646e-04
3.903063276184099777e+03 6.528287559199663160e-04 6.525560346244385071e-04
3.910568052963800255e+03 6.490196761765213785e-04 6.487342571631759397e-04
3.915968056435700419e+03 6.462779122582013860e-04 6.459836117918716508e-04
3.920126671184100815e+03 6.442031495789422076e-04 6.439028819080618938e-04
3.927351412963799703e+03 6.406061139066973869e-04 6.402954584374480861e-04
3.932751416435700321e+03 6.379124768445050987e-04 6.375944259061350206e-04
3.937227401184099563e+03 6.356696150834486398e-04 6.353463781033610782e-04
3.944172112963799918e+03 6.321881620218363761e-04 6.318568505306803662e-04
3.949572116435700082e+03 6.295060370712650573e-04 6.291690064067756698e-04
3.954365471184099988e+03 6.271870898207314434e-04 6.268461203834216778e-04
3.961030147963799664e+03 6.239574465806168495e-04 6.236109656045483876e-04
3.966430151435699827e+03 6.213420156174359350e-04 6.209917627720477722e-04
3.971540881184100272e+03 6.188793488782022827e-04 6.185266795084458152e-04
3.977925522963800177e+03 6.158097127384469689e-04 6.154539818042947287e-04
3.983325526435700340e+03 6.132429103544453182e-04 6.128854472367613760e-04
3.988753626184100540e+03 6.106978758605401255e-04 6.103398617463236036e-04
3.994858232963800219e+03 6.078274410871333097e-04 6.074687610167405155e-04
4.000258236435699928e+03 6.053011845866602307e-04 6.049428152744257920e-04
4.006003708801999892e+03 6.026458253241026401e-04 6.022888302150852411e-04
4.011828285581700129e+03 5.999633636385604679e-04 5.996077121582375942e-04
4.017228286435699374e+03 5.974965713982292826e-04 5.971432430535549962e-04
4.023291128802000003e+03 5.947382724654922629e-04 5.943886092000590527e-04
4.028835670581750037e+03 5.922076946806362338e-04 5.918613336339071263e-04
4.034235671435750191e+03 5.897682458311815376e-04 5.894261638721133524e-04
4.040615887544699945e+03 5.869132742154574119e-04 5.865771160524489193e-04
4.045880399324399605e+03 5.845626319860807146e-04 5.842313127424863650e-04
4.051280401435699787e+03 5.821596767129963565e-04 5.818343904780789479e-04
4.057977986184100246e+03 5.791779569218830429e-04 5.788608775645369322e-04
4.062962462963800135e+03 5.769596378030374248e-04 5.766486207367030586e-04
4.068362466435699389e+03 5.746278144564455088e-04 5.743243712840515438e-04
4.075377422544700039e+03 5.716361114976487197e-04 5.713430650782839971e-04
4.080081864324399703e+03 5.696259492928263486e-04 5.693398374088809314e-04
4.085481866435699885e+03 5.673123461477683725e-04 5.670350904637631298e-04
4.092814193801999409e+03 5.641691138884042398e-04 5.639042766010401954e-04
4.097238600581700666e+03 5.622767655373010938e-04 5.620193889233122573e-04
4.102638601435700366e+03 5.600163611928623891e-04 5.597687447791872004e-04
4.110288303801999064e+03 5.568231323172768369e-04 5.565895588003491124e-04
4.114432680581749082e+03 5.550888658364793588e-04 5.548628745592764939e-04
4.119832681435750601e+03 5.527875698461194066e-04 5.525720075366446831e-04
4.127799751184099478e+03 5.493805505204776493e-04 5.491805114225711999e-04
4.131664092963800613e+03 5.477281832018958581e-04 5.475356570267826250e-04
4.137064096435700776e+03 5.455519110733800638e-04 5.453699985007822489e-04
4.145348541184100213e+03 5.422291396941515121e-04 5.420635354163250630e-04
4.148932847963849781e+03 5.407932375674281023e-04 5.406346792529696408e-04
4.154332851435749944e+03 5.386168367476581488e-04 5.384687590321569602e-04
4.162836546435749369e+03 5.351804096046036078e-04 5.350488466340974549e-04
4.166238937963849821e+03 5.338056742865390824e-04 5.336807060230765089e-04
4.171737061184100639e+03 5.316405314499561986e-04 5.315257422936923645e-04
4.180161301435699897e+03 5.283169933671205774e-04 5.282178322289799452e-04
4.183582362963799824e+03 5.269694482570217407e-04 5.268765759657599102e-04
4.189379191184099909e+03 5.246846674010678755e-04 5.246016500535286660e-04
4.197523401435750202e+03 5.214664655963693451e-04 5.213973275364524370e-04
4.200963132963849603e+03 5.201162972166570395e-04 5.200528771620221763e-04
4.207058661184099037e+03 5.178069941055607776e-04 5.177526322420021457e-04
4.214922836435700447e+03 5.148246534828975580e-04 5.147820134000517713e-04
4.218381237963800231e+03 5.135113354952378431e-04 5.134736101468958657e-04
4.224775471184099843e+03 5.110699367804382234e-04 5.110401199432907998e-04
4.232359611435699662e+03 5.081673819345970287e-04 5.081469780990330917e-04
4.235836677963799957e+03 5.068640882598430012e-04 5.068476667405047605e-04
4.242529611184099849e+03 5.044292608193322010e-04 5.044193495050708093e-04
4.249833716435699898e+03 5.017623741050332995e-04 5.017595979033912445e-04
4.253329455581700131e+03 5.004799558520673817e-04 5.004801104058653098e-04
4.260321093801999268e+03 4.979089162534729726e-04 4.979137041404345463e-04
4.267345166435699866e+03 4.953232795380272616e-04 4.953327481046255771e-04
4.270859575581700483e+03 4.940522397443168796e-04 4.940634413773652015e-04
4.278149913801999901e+03 4.914540808661260795e-04 4.914677285012830502e-04
4.284893951435750751e+03 4.890478755177911276e-04 4.890638042233362310e-04
4.288427029324450814e+03 4.878006530222513842e-04 4.878170823359350892e-04
4.296016072544700364e+03 4.851178839442640551e-04 4.851344213912314458e-04
4.302480076435699630e+03 4.828210143007351067e-04 4.828376557293457259e-04
4.306031822963799641e+03 4.815757484248057280e-04 4.815917049169016694e-04
4.313919571184099368e+03 4.788154601993058570e-04 4.788291472586767212e-04
4.320103541435700208e+03 4.766416183206703054e-04 4.766535312838946501e-04
4.323673954324399347e+03 4.753992324096892514e-04 4.754092847006774632e-04
4.331860402544700264e+03 4.725717856269613529e-04 4.725769980768491376e-04
4.337764336435750010e+03 4.705342401522847684e-04 4.705359605705323025e-04
4.341353420581749560e+03 4.693238297625629729e-04 4.693226318107219489e-04
4.349838573802000610e+03 4.664850563772802755e-04 4.664766266905506472e-04
4.355462476435700410e+03 4.646050832400167008e-04 4.645918523871454429e-04
4.359070230581700343e+03 4.634244468129457869e-04 4.634074266079879121e-04
4.367797950581700206e+03 4.605505526202954445e-04 4.605242364267998203e-04
4.373197951435699906e+03 4.587607040156262920e-04 4.587286137939299512e-04
4.376880506184099431e+03 4.575560413180663945e-04 4.575193632182307556e-04
4.385570762963800917e+03 4.547184622006469564e-04 4.546709490592986064e-04
4.390970766435699261e+03 4.529584858694926924e-04 4.529041842031052557e-04
4.394952026184099850e+03 4.517045772596404085e-04 4.516448285927320938e-04
4.403380917963850152e+03 4.490374816500544795e-04 4.489661988612639060e-04
4.408780921435750315e+03 4.473234131212527149e-04 4.472446721920827735e-04
4.413060881184100253e+03 4.459894401849303779e-04 4.459044754364028173e-04
4.421228402963800363e+03 4.434447917454889185e-04 4.433479512902301512e-04
4.426628406435700526e+03 4.417572046575637696e-04 4.416524821281835197e-04
4.431207071184099732e+03 4.403102241970830626e-04 4.401987669215225336e-04
4.439113232963800328e+03 4.378137931638484610e-04 4.376907094389393088e-04
4.444513236435700492e+03 4.361220277591162909e-04 4.359910257395026995e-04
4.449390601184099978e+03 4.346376704351769720e-04 4.344996455515867163e-04
4.457035397963800278e+03 4.323130381006076630e-04 4.321640076547992844e-04
4.462435401435699532e+03 4.306820891202520793e-04 4.305253815141150747e-04
4.467611468801999763e+03 4.291474461473045415e-04 4.289836700336888196e-04
4.474994900581700676e+03 4.269474948461212229e-04 4.267736363251780707e-04
4.480394901435699467e+03 4.253379860459771526e-04 4.251569548793281616e-04
4.485869671184099388e+03 4.237218114145639074e-04 4.235339649771575053e-04
4.492991737963850028e+03 4.216233044712537495e-04 4.214265913826028545e-04
4.498391741435750191e+03 4.200433722561054879e-04 4.198402580721196558e-04
4.504165216184100245e+03 4.183703499418672529e-04 4.181609795895590404e-04
4.511025917963799657e+03 4.163818046114403106e-04 4.161649950719555069e-04
4.516425921435699820e+03 4.148224113239420497e-04 4.146001502781591604e-04
4.522498096184100177e+03 4.130826580099247053e-04 4.128548798017547122e-04
4.529097432963800202e+03 4.111931485921239211e-04 4.109593652773141674e-04
4.534497436435699456e+03 4.096653977308075734e-04 4.094272868968900020e-04
4.540868316184099967e+03 4.078833220374732376e-04 4.076408556464413617e-04
4.547206287963800605e+03 4.061065994645326376e-04 4.058597888733599243e-04
4.552606291435699859e+03 4.046014614689967884e-04 4.043515894234298827e-04
4.559275873802000206e+03 4.027569082407807515e-04 4.025039423447465789e-04
4.565352480581699638e+03 4.010794475825960807e-04 4.008236485172405271e-04
4.570752481435699337e+03 3.995929995744668096e-04 3.993354202361274288e-04
4.577720766184100285e+03 3.976775349654683347e-04 3.974183216658077277e-04
4.583536007963849443e+03 3.960759964725088012e-04 3.958154012402398088e-04
4.588936011435750515e+03 3.946182852128436399e-04 3.943571982746034606e-04
4.596203001184100685e+03 3.926806853557980072e-04 3.924195283970110127e-04
4.601756877963800434e+03 3.911970578867638793e-04 3.909358276203975854e-04
4.607156881435700598e+03 3.897531158287499188e-04 3.894926770285388261e-04
4.614722571184100161e+03 3.877295732402933552e-04 3.874707706495684675e-04
4.620015082963800523e+03 3.863172798865719890e-04 3.860596003309497851e-04
4.625415086435699777e+03 3.849162161983825598e-04 3.846605442039528907e-04
4.633279481184099495e+03 3.828897628498004451e-04 3.826374323286369362e-04
4.638310627963849583e+03 3.815907124760952221e-04 3.813404968140788947e-04
4.643710631435750656e+03 3.802154545978466077e-04 3.799683345958387252e-04
4.651873726184099723e+03 3.781448064959218205e-04 3.779026693943525581e-04
4.656643507963849515e+03 3.769371419533945004e-04 3.766978932132662109e-04
4.662043511435749679e+03 3.755665274144407090e-04 3.753313532508501904e-04
4.670505308801999490e+03 3.734094584444049990e-04 3.731808796870748944e-04
4.675013725581749895e+03 3.722588754133283472e-04 3.720337889752083202e-04
4.680413726435750505e+03 3.709607698114248233e-04 3.707405867427066579e-04
4.689174228801999561e+03 3.688662563596134167e-04 3.686541434209823906e-04
4.693421285581749544e+03 3.678497162237563092e-04 3.676414955711923040e-04
4.698821286435751063e+03 3.665285692128735298e-04 3.663258807615341539e-04
4.707880488802000400e+03 3.643022739306322967e-04 3.641088992784145698e-04
4.717242953801999647e+03 3.620365178245895646e-04 3.618532067947465079e-04
4.726367276435749773e+03 3.598623193751310147e-04 3.596891456348774805e-04
4.730348407963850150e+03 3.589181623740809318e-04 3.587494072371051525e-04
4.736005221184100265e+03 3.575571492077907546e-04 3.573949486045465036e-04
4.744868181435699626e+03 3.554158077915922816e-04 3.552638643755276731e-04
4.748867980581700067e+03 3.544495438360910767e-04 3.543022205340336044e-04
4.754804823802001010e+03 3.530727159759579478e-04 3.529323287025044800e-04
4.763406421435750417e+03 3.510758325586973397e-04 3.509454875852194549e-04
4.767424892963849743e+03 3.501485487251633933e-04 3.500228863560849541e-04
4.773641771184099525e+03 3.487499899639446188e-04 3.486316064040426654e-04
4.781982001435699203e+03 3.468709624618438294e-04 3.467623413893698692e-04
4.786019137963799949e+03 3.459669195059597775e-04 3.458629510727431332e-04
4.792516051184099524e+03 3.445332113440051250e-04 3.444364676324823183e-04
4.800594916435699815e+03 3.427498703490527510e-04 3.426621118019866478e-04
4.804650720581700625e+03 3.418591774756572928e-04 3.417758359524980332e-04
4.811427663802000097e+03 3.403715165265603043e-04 3.402952800661010143e-04
4.819245166435699502e+03 3.386480763630940580e-04 3.385800406587524073e-04
4.823319642963800106e+03 3.377499211010506113e-04 3.376859816189965941e-04
4.830376621184101168e+03 3.362074041166332656e-04 3.361501223704064091e-04
4.837932756435750889e+03 3.345553149070385943e-04 3.345051683368117446e-04
4.842025899324449711e+03 3.336716937755297122e-04 3.336251760867568750e-04
4.849362912544700521e+03 3.321204888288638735e-04 3.320800071600713151e-04
4.856657686435750293e+03 3.305775088172573464e-04 3.305430361658639603e-04
4.860769500581750435e+03 3.297084151351919643e-04 3.296770416006339702e-04
4.868386543801999323e+03 3.281054432392731149e-04 3.280793508284571606e-04
4.875419951435750590e+03 3.266250247707041892e-04 3.266038177637970710e-04
4.879550435581750207e+03 3.257741290452954202e-04 3.257554056713956735e-04
4.887447513801999776e+03 3.241564213894678392e-04 3.241419534484105136e-04
4.894219556435699815e+03 3.227629411772356318e-04 3.227521304589855088e-04
4.898368707963800261e+03 3.219311707150114272e-04 3.219221304135329309e-04
4.906545821184099623e+03 3.203033012991013092e-04 3.202972794703669735e-04
4.913056496435749068e+03 3.190019024477347767e-04 3.189982909032938827e-04
4.917224315581750488e+03 3.181538976758103683e-04 3.181513589258579177e-04
4.925681463801999598e+03 3.164331408957422008e-04 3.164324177046643231e-04
4.931930776435699954e+03 3.151637042326633185e-04 3.151643273978468364e-04
4.936117267963799350e+03 3.143477818625290158e-04 3.143487382733395363e-04
4.944854451184099162e+03 3.126655573730517950e-04 3.126668935687001169e-04
4.950842396435749833e+03 3.115119636425235173e-04 3.115135628079851362e-04
4.955047552963849739e+03 3.106869060917853828e-04 3.106880927907849205e-04
4.964064771184100209e+03 3.089048765803805840e-04 3.089049583242483893e-04
4.969791351435700562e+03 3.077687169175163853e-04 3.077680967262020110e-04
4.974015177963800852e+03 3.069745730425765579e-04 3.069728136493615647e-04
4.983312431184100205e+03 3.052472110096946618e-04 3.052428188743162851e-04
4.988777646435701172e+03 3.042354501467536701e-04 3.042295069793081344e-04
4.993020139324400589e+03 3.034504251671880535e-04 3.034426970349944066e-04
5.002401274324400219e+03 3.017031767287807064e-04 3.016914754662355382e-04
5.007801276435699947e+03 3.006917598205028058e-04 3.006777418715165379e-04
5.012258591184099714e+03 2.998692731697421687e-04 2.998528138582728497e-04
5.021462242963799326e+03 2.981646230170975609e-04 2.981431200493679700e-04
5.026862246435700399e+03 2.971641979006423148e-04 2.971396752087585090e-04
5.031599596184100847e+03 2.963229542782824387e-04 2.962952839321991716e-04
5.040560547963799763e+03 2.947369544541154386e-04 2.947033295326353919e-04
5.045960551435699927e+03 2.937784577327539541e-04 2.937411826776975456e-04
5.050977936184099235e+03 2.928589494498985918e-04 2.928179715017126933e-04
5.059696192963800058e+03 2.912592944623582894e-04 2.912118838594493758e-04
5.065096196435699312e+03 2.902750480735645467e-04 2.902235834912812685e-04
5.070393616184100210e+03 2.893441271737767989e-04 2.892884294693318006e-04
5.078869177963800212e+03 2.878489851679951958e-04 2.877865184220535486e-04
5.084269181435699466e+03 2.868944242876663017e-04 2.868275877297608249e-04
5.089846631184100261e+03 2.859175864954498149e-04 2.858460795155709673e-04
5.098079497963850372e+03 2.844752819006973006e-04 2.843968840397824243e-04
5.103479501435749626e+03 2.835307600300090796e-04 2.834478365678447134e-04
5.109336983801999850e+03 2.825149787285452432e-04 2.824271651494352766e-04
5.117327155581750048e+03 2.811329547457672184e-04 2.810384751288136276e-04
5.122727156435749748e+03 2.802111605658833882e-04 2.801121886613022424e-04
5.128864676184099153e+03 2.791870821954250221e-04 2.790830602341470000e-04
5.136612152963800327e+03 2.778899227888626520e-04 2.777795290800100800e-04
5.142012156435700490e+03 2.769895727907382347e-04 2.768748313980545469e-04
5.148429708802000278e+03 2.759314135840791864e-04 2.758117090187327692e-04
5.155934485581699846e+03 2.746894044098197041e-04 2.745638970779159865e-04
5.161334486435699546e+03 2.737962834042324063e-04 2.736667551173461391e-04
5.168032071184099550e+03 2.726945910747044012e-04 2.725603495867441346e-04
5.175294157963799989e+03 2.715036634884727463e-04 2.713643121098189052e-04
5.180694161435699243e+03 2.706137864115185933e-04 2.704708336864835943e-04
5.187671781184100837e+03 2.694556020689577733e-04 2.693082902330166061e-04
5.194691167963800581e+03 2.682906042974032086e-04 2.681389063515859732e-04
5.200091171435699835e+03 2.674109641143323579e-04 2.672562057114926033e-04
5.207348826184099380e+03 2.662515908485495663e-04 2.660931096410432757e-04
5.214125512963850269e+03 2.651658960245618793e-04 2.650039361028915831e-04
5.219525516435750433e+03 2.643175925334667067e-04 2.641532041336729000e-04
5.227063206184100636e+03 2.631510801698554972e-04 2.629836611878972924e-04
5.233597197963849794e+03 2.621366522502375975e-04 2.619666012387494663e-04
5.238997201435749957e+03 2.612787625318480902e-04 2.611069704612603874e-04
5.246814926184099932e+03 2.600240498293843010e-04 2.598501217803665534e-04
5.253106222963799155e+03 2.590165764408752184e-04 2.588409244945163502e-04
5.258506226435699318e+03 2.581821851974507205e-04 2.580054977154424352e-04
5.266603982544700557e+03 2.569531658843254049e-04 2.567752494332870613e-04
5.272652584324400777e+03 2.560348195255474492e-04 2.558559775718331438e-04
5.278052586435700505e+03 2.552192473519748913e-04 2.550400911281049511e-04
5.286430376184100169e+03 2.539555587999503127e-04 2.537762215570125816e-04
5.292236282963850499e+03 2.530790125608708215e-04 2.528995418141556672e-04
5.297636286435749753e+03 2.522679019231001451e-04 2.520888135877168666e-04
5.306294111184100075e+03 2.509676744546279412e-04 2.507894391706572655e-04
5.311857317963799687e+03 2.501290362811890754e-04 2.499513406066133816e-04
5.317257321435699851e+03 2.492965982603083516e-04 2.491199157622213281e-04
5.326195181184099965e+03 2.479155639431454105e-04 2.477407324742960976e-04
5.331515692963799665e+03 2.470942465973592888e-04 2.469205076908148177e-04
5.336915696435699829e+03 2.462888313242010989e-04 2.461167578048447540e-04
5.346133588801999394e+03 2.449206113837783813e-04 2.447515222967612081e-04
5.351211405581700092e+03 2.441666824451112520e-04 2.439992287734585709e-04
5.356611406435700701e+03 2.433827422614712763e-04 2.432174586920128655e-04
5.366109331184099574e+03 2.420045076124329993e-04 2.418431023489176661e-04
5.370944457963849345e+03 2.413026338405475815e-04 2.411431932242243321e-04
5.376344461435749508e+03 2.405319572354139182e-04 2.403751045968502257e-04
5.386098971435750173e+03 2.391387690738353369e-04 2.389866104263822441e-04
5.396114846435750223e+03 2.377364432657567571e-04 2.375893931532836560e-04
5.405888026435750362e+03 2.363926319663862139e-04 2.362508081279737153e-04
5.410522570581750188e+03 2.357551797074265742e-04 2.356158404088898317e-04
5.416207383801999640e+03 2.349530698184421095e-04 2.348170718870501168e-04
5.425714421435699478e+03 2.336069294698282241e-04 2.334765096039106232e-04
5.430367634324399660e+03 2.329510740722356629e-04 2.328233863755583958e-04
5.436313812544700340e+03 2.321531814020395194e-04 2.320290868300630479e-04
5.445578156435699384e+03 2.309101202756360185e-04 2.307916145206757397e-04
5.450250037963800423e+03 2.302837392956603795e-04 2.301680520277543337e-04
5.456457581184100491e+03 2.294532230317229866e-04 2.293413389676189867e-04
5.465479226435700184e+03 2.282457130905426903e-04 2.281393489210264904e-04
5.470169775581699469e+03 2.276170668821530000e-04 2.275135602041899097e-04
5.476638683802000742e+03 2.267482277895028142e-04 2.266486449179151621e-04
5.485417631435750991e+03 2.255655256222864993e-04 2.254712625065830500e-04
5.490126852963850070e+03 2.249292132558332270e-04 2.248377710266213220e-04
5.496857131184100581e+03 2.240155106065875722e-04 2.239280087202370989e-04
5.505393381435750598e+03 2.228558262972435661e-04 2.227733182305888292e-04
5.510121267963850187e+03 2.222227594996944739e-04 2.221429559069016909e-04
5.517112911184100085e+03 2.213146185326876495e-04 2.212386550915450409e-04
5.525406466435750190e+03 2.202383477979064563e-04 2.201669371674701660e-04
5.530153020581749843e+03 2.196356674322688565e-04 2.195667745814608527e-04
5.537406023801999254e+03 2.187369996791638856e-04 2.186717584894459277e-04
5.545456886435748856e+03 2.177354265574558219e-04 2.176742380533868749e-04
5.550222112963850122e+03 2.171407205555307403e-04 2.170818069219484939e-04
5.557736481184099830e+03 2.161974122262454113e-04 2.161418497301088296e-04
5.565544646435750110e+03 2.152151158965570187e-04 2.151630360361004137e-04
5.570328540581749621e+03 2.146128430713681540e-04 2.145627405258402297e-04
5.578104273802000534e+03 2.136341867197461453e-04 2.135870442547045829e-04
5.585669741435700416e+03 2.126813474097980243e-04 2.126370857983522322e-04
5.590472305581700311e+03 2.120926877257401949e-04 2.120500760092002403e-04
5.598509403801999724e+03 2.111346585100025777e-04 2.110945635322725178e-04
5.605832176435699694e+03 2.102621842823225429e-04 2.102243843277035987e-04
5.610653410581699973e+03 2.096890769542641324e-04 2.096525558280847078e-04
5.618951873801999682e+03 2.087035798418680939e-04 2.086689933020261498e-04
5.626031951435749761e+03 2.078614136508489467e-04 2.078284799264091230e-04
5.630871852963849960e+03 2.072872483887652404e-04 2.072552070437357194e-04
5.639431681184099943e+03 2.062729833725543047e-04 2.062422933323164258e-04
5.646269066435749664e+03 2.054627232441698544e-04 2.054331147432960920e-04
5.651127637963850248e+03 2.048958762623728520e-04 2.048668170489967918e-04
5.659948831184100527e+03 2.038699125905517611e-04 2.038416775483832999e-04
5.666543516435700440e+03 2.031006416527985519e-04 2.030730243371575727e-04
5.671420752963800624e+03 2.025582195411355230e-04 2.025307456986530819e-04
5.680503311184100312e+03 2.015572199353280554e-04 2.015298188738880918e-04
5.686855301435699403e+03 2.008531830100247740e-04 2.008258348574860832e-04
5.691751207963799970e+03 2.003112803679580169e-04 2.002837031563974403e-04
5.701095131184099955e+03 1.992869681361689323e-04 1.992590525650128868e-04
5.707204426435700043e+03 1.986214968716968981e-04 1.985934709343352032e-04
5.712119002963800085e+03 1.980696381919802909e-04 1.980412296481341239e-04
5.721724291184099457e+03 1.969832839263521230e-04 1.969561153238291295e-04
5.727590891435749654e+03 1.963180460723899757e-04 1.962926333066212668e-04
5.732524135581749761e+03 1.957813568763428641e-04 1.957571407858117632e-04
5.742390783801999532e+03 1.947140689340038158e-04 1.946917482989495073e-04
5.748014686435750264e+03 1.941058512424357512e-04 1.940844056966902387e-04
5.752966602963850164e+03 1.935863232977088212e-04 1.935654107853087441e-04
5.763075822963799510e+03 1.925240236569361260e-04 1.925052798530438834e-04
5.773446407963800084e+03 1.914511217589083287e-04 1.914353682072366997e-04
5.783574297963800745e+03 1.904244596245780808e-04 1.904113239747253058e-04
5.788974301435699999e+03 1.898765672458210168e-04 1.898647887156386274e-04
5.794225046184099483e+03 1.893404703911926584e-04 1.893298321225382358e-04
5.804110112963800020e+03 1.883328940727869007e-04 1.883220521378580674e-04
5.809510116435699274e+03 1.877832595915850317e-04 1.877709787850236794e-04
5.815022226184099054e+03 1.872206073318005866e-04 1.872067386407450407e-04
5.824683267963800063e+03 1.862370009977612126e-04 1.862177056412171391e-04
5.830083271435699316e+03 1.856933930467525467e-04 1.856694558348396965e-04
5.835856743801999983e+03 1.851407034235572557e-04 1.851117438055418813e-04
5.845293755581699770e+03 1.842330738071767428e-04 1.841980686077030155e-04
5.850693756435700379e+03 1.837111060297467536e-04 1.836740491547540148e-04
5.856728596184099843e+03 1.831305306543173797e-04 1.830911661670097030e-04
5.865941582963851033e+03 1.822457453016694616e-04 1.822024536658730038e-04
5.871341586435750287e+03 1.817267726829546216e-04 1.816808937625550766e-04
5.877637791184100024e+03 1.811140168861917596e-04 1.810651528950353931e-04
5.886626747963799971e+03 1.802295906691298304e-04 1.801817537411640896e-04
5.892026751435700135e+03 1.796956935159603236e-04 1.796526046456232094e-04
5.898584321184101100e+03 1.790616983030104395e-04 1.790244636992081666e-04
5.907349252963800609e+03 1.782193485359578487e-04 1.781862528456963570e-04
5.912749256435699863e+03 1.777089843650984935e-04 1.776753257577475952e-04
5.919568188801999895e+03 1.770733632267810402e-04 1.770391007320590434e-04
5.928109090581700002e+03 1.762766570172212587e-04 1.762397241399481641e-04
5.933509091435699702e+03 1.757768606210619294e-04 1.757365178787615074e-04
5.940589391184100350e+03 1.751313413253239898e-04 1.750867197944514972e-04
5.948906272963850824e+03 1.743765723664282997e-04 1.743249784028246398e-04
5.954306276435750078e+03 1.738955785638690967e-04 1.738375277955507905e-04
5.961647937544700653e+03 1.732538688024277084e-04 1.731872367301180054e-04
5.969740789324449906e+03 1.725493982847342447e-04 1.724718634848126735e-04
5.975140791435749634e+03 1.720869454359178190e-04 1.720005971737673654e-04
5.982743817544700505e+03 1.714424537206909853e-04 1.713439248812951286e-04
5.990612639324400334e+03 1.707688280955539499e-04 1.706612209581275658e-04
5.996012641435700061e+03 1.703019983484349359e-04 1.701929252283566841e-04
6.003877036184100689e+03 1.696263354802553702e-04 1.695153322202111587e-04
6.011521832963850102e+03 1.689680481328316767e-04 1.688554465490816291e-04
6.016921836435750265e+03 1.684968545448475299e-04 1.683837305998167329e-04
6.025047596184100257e+03 1.677797864973542576e-04 1.676661161622670243e-04
6.032468367963800119e+03 1.671270346871686250e-04 1.670128629074160329e-04
6.037868371435699373e+03 1.666538785441443670e-04 1.665395225152208416e-04
6.046255491184099810e+03 1.659163155963445783e-04 1.658018652529772655e-04
6.053452232963850292e+03 1.652821656181274420e-04 1.651676308477790980e-04
6.058852236435750456e+03 1.648267154608226367e-04 1.647123356367442457e-04
6.067500723801999811e+03 1.641159034612403600e-04 1.640019672924754107e-04
6.074473440581749855e+03 1.635425639156874483e-04 1.634289809387165341e-04
6.079873441435750465e+03 1.630989398384747886e-04 1.629858436588300919e-04
6.088783293802000117e+03 1.623666561789008714e-04 1.622545225861930101e-04
6.095531985581699701e+03 1.618118038699949970e-04 1.617003951029250138e-04
6.100102252963799401e+03 1.614318885060590846e-04 1.613211516265789370e-04
6.104004181184099252e+03 1.611049527467401114e-04 1.609948654139757216e-04
6.109404184656000325e+03 1.606492300428588528e-04 1.605400312790347867e-04
6.114616873801999645e+03 1.602085882814912915e-04 1.601002462470750196e-04
6.116571265581699663e+03 1.600440449597738336e-04 1.599360215111522428e-04
6.121971266435699363e+03 1.596177002009560001e-04 1.595107542833989198e-04
6.129385217544700026e+03 1.590438807556026344e-04 1.589384962948013050e-04
6.135742449324400695e+03 1.585538736547770743e-04 1.584498211129083665e-04
6.141142451435701332e+03 1.581290977072478000e-04 1.580263006285471429e-04
6.150712336184100423e+03 1.573544125223798741e-04 1.572541006988905060e-04
6.158807577963850235e+03 1.566968134421777709e-04 1.565986019670633346e-04
6.164207581435749489e+03 1.562544248285441272e-04 1.561577668902208716e-04
6.174690176435699868e+03 1.553960414604482754e-04 1.553024361674080296e-04
6.187487677963799797e+03 1.543934777650712224e-04 1.543037861781836734e-04
6.197988947963799546e+03 1.536047710106319415e-04 1.535184422846346192e-04
6.203388951435699710e+03 1.531941258384815865e-04 1.531095634895459452e-04
6.213908891435749865e+03 1.523656893528318524e-04 1.522846734125979905e-04
6.233247843215499415e+03 1.508638692114783696e-04 1.507894834521647986e-04
6.245326689324449944e+03 1.499425260768143763e-04 1.498723598080770275e-04
6.252266932544699557e+03 1.494398082438323663e-04 1.493720816164100201e-04
6.261283966435750699e+03 1.487862784727518378e-04 1.487216965060941614e-04
6.275476943215450774e+03 1.476963264320190058e-04 1.476365607914381965e-04
6.296647498215450469e+03 1.460905812286682551e-04 1.460378281602787553e-04
6.315004565581749375e+03 1.447351919690426070e-04 1.446882177085538428e-04
6.325617850581700623e+03 1.439414527024786088e-04 1.438976780412337089e-04
6.331017851435700322e+03 1.435502834895771291e-04 1.435080561033683522e-04
6.341649801435750305e+03 1.428138529752357615e-04 1.427744637885219902e-04
6.360383198215449738e+03 1.414766370221344494e-04 1.414417959129198434e-04
6.375604083215399442e+03 1.404059515384255220e-04 1.403744122295220781e-04
6.386216773215400281e+03 1.396744773447843101e-04 1.396448861356894776e-04
6.400985123215449676e+03 1.386304966428169791e-04 1.386032038877515722e-04
6.421043070581750726e+03 1.372682305803250846e-04 1.372432192380152751e-04
6.433644260581750132e+03 1.364216469621116644e-04 1.363977829061225700e-04
6.439044261435748922e+03 1.360549935551222443e-04 1.360313015250409101e-04
6.457241766435749923e+03 1.348273472858572595e-04 1.348040200646390835e-04
6.497587638215449260e+03 1.321267530795570630e-04 1.321014252049314600e-04
6.557264007963800395e+03 1.282804155338022846e-04 1.282454437936296693e-04
6.595214052963850008e+03 1.258868446372828249e-04 1.258434743799894404e-04
6.600614056435750172e+03 1.255489948776490519e-04 1.255043573079129356e-04
6.655418091435700262e+03 1.223176419289924530e-04 1.222575489754554724e-04
6.764309337963799408e+03 1.160885766003259340e-04 1.160061422736015781e-04
6.824643681184099478e+03 1.127514708118301199e-04 1.126614928099270869e-04
6.848852386435749395e+03 1.114464906080952361e-04 1.113539020066299946e-04
6.981952333215449471e+03 1.050865472428319720e-04 1.050225519752926877e-04
7.122792737963800391e+03 9.844082889001494745e-05 9.840957931617832035e-05
7.154741901184099333e+03 9.714484518673340235e-05 9.711455167415284457e-05
7.293241856435699447e+03 9.177011519541673355e-05 9.173787776507002611e-05
7.526190897963799216e+03 8.309025986156006458e-05 8.305527717085733452e-05
7.631439991184100109e+03 7.952286751258512572e-05 7.948710284007904270e-05
7.769939941435701257e+03 7.501298761874285604e-05 7.497851158711266498e-05
8.108742132963799122e+03 6.568815222873311695e-05 6.565442489021419063e-05
8.319844381184098893e+03 6.041989858190391171e-05 6.038560347052804382e-05
8.458344331435700951e+03 5.721935199247821707e-05 5.718440625645732821e-05
8.950010097963800945e+03 4.841763563290162005e-05 4.838466186098270346e-05
9.313975921184099207e+03 4.209535750509406691e-05 4.206533137482623821e-05
9.452475871435701265e+03 3.988699922616713127e-05 3.985770125200528409e-05
1.016489341558170054e+04 3.250815385318775935e-05 3.248236031360081952e-05
1.074961101380199943e+04 2.642188529120281985e-05 2.639939047934660663e-05
1.088811096643570090e+04 2.513193642376014556e-05 2.510990955801380248e-05
1.191931834796380099e+04 1.984527410372478846e-05 1.982637581122725730e-05
1.282282579618409909e+04 1.491045770929311450e-05 1.489489122180526970e-05
1.296132576643570064e+04 1.425291514297176154e-05 1.423759519785740667e-05
1.445290064796380102e+04 1.090059454331069050e-05 1.088754132245845586e-05
1.581677559618410123e+04 7.409082978267138745e-06 7.398727495227910617e-06
1.595527556643574826e+04 7.105867176611508192e-06 7.095643114664467485e-06
1.811167171558174960e+04 5.317425441327517540e-06 5.308872629149388480e-06
2.014036791380199793e+04 3.296501477424852108e-06 3.290119003973858409e-06
2.027886786643575033e+04 3.181182667952561865e-06 3.174861955977252020e-06
2.339533894796384993e+04 2.337484107057181195e-06 2.332249134393459534e-06
2.638411009618410026e+04 1.303660099660282409e-06 1.299945408498612730e-06
2.652261001643574855e+04 1.264383336904788128e-06 1.260695382435099474e-06
3.102553464796385379e+04 9.218914989192654681e-07 9.188553309956272596e-07
3.540075939618410484e+04 4.747076072749361962e-07 4.726426399925044171e-07
3.553925936643575551e+04 4.635174424380023212e-07 4.614633280307508492e-07
4.204437524796384969e+04 3.429193039856254995e-07 3.412356365271091347e-07
4.842179119618410186e+04 1.752402331468019512e-07 1.741362672893927313e-07
4.856029116643570160e+04 1.720877052878037571e-07 1.709879579818141253e-07
5.795679109796379635e+04 1.247811242170692233e-07 1.238824363608966684e-07
6.722559109618410002e+04 5.606396567018544175e-08 5.549187374829665329e-08
6.736409106643569248e+04 5.541001916254221522e-08 5.483947099601873355e-08
8.093606709796383802e+04 4.700706671977139515e-08 4.654111079878433755e-08
9.438034319618415611e+04 3.302994170621896379e-08 3.273896106780729395e-08
9.451884316643574857e+04 3.296226719886001948e-08 3.267184438665913152e-08
1.141206650655817502e+05 4.151793226474479950e-08 4.128122632641957491e-08
1.335947870138020371e+05 5.076426126302269337e-08 5.061922617496543251e-08
1.337332869164358126e+05 5.062474043439722877e-08 5.047990367243673077e-08
1.620428689155817265e+05 3.245426836582964551e-08 3.233684767143350919e-08
1.902247510138019570e+05 4.449618655024100001e-09 4.379479672674185829e-09
1.903632509164357616e+05 4.452166400437304780e-09 4.382094700786303374e-09
2.312477944155817386e+05 6.546552025209228435e-09 6.489471907308199559e-09
2.720046380138020613e+05 9.039762486918600787e-09 9.005444148658075186e-09
2.721431379164357204e+05 9.029600576351816711e-09 8.995304712768621321e-09
3.311873066479638801e+05 5.659384720593994560e-09 5.631439842025373914e-09
3.901037757461841102e+05 4.099870514745104343e-10 3.932616931695837183e-10
3.902422759164356976e+05 4.095155361373355626e-10 3.928011607194020556e-10
4.755109381479638978e+05 4.345472694303487867e-10 4.227204283029259254e-10
5.606519007461841684e+05 2.395240116539985502e-10 2.373602591895230751e-10
5.607904009164357558e+05 4.101050944145118287e-11 4.058065575242088224e-11
