1.500001740000000139e-01 7.711520534573678809e+00 0.000000000000000000e+00 3.822510094474997899e+00 0.000000000000000000e+00
2.999992800999999876e-01 7.716925491436594342e+00 0.000000000000000000e+00 3.824317107729917176e+00 0.000000000000000000e+00
4.499982122000000251e-01 7.725956786289197353e+00 0.000000000000000000e+00 3.827335629880316947e+00 0.000000000000000000e+00
5.499982122000000029e-01 7.734008965376466982e+00 0.000000000000000000e+00 3.830025989240637418e+00 0.000000000000000000e+00
6.499988728000000160e-01 7.743702006841164831e+00 0.000000000000000000e+00 3.833263445816319948e+00 0.000000000000000000e+00
7.499996907000000546e-01 7.755052669889443528e+00 0.000000000000000000e+00 3.837052963578560405e+00 0.000000000000000000e+00
8.499999240000000178e-01 7.768080641888995608e+00 0.000000000000000000e+00 3.841400367630124268e+00 0.000000000000000000e+00
9.500001739999999195e-01 7.782808857433019867e+00 0.000000000000000000e+00 3.846312445262089597e+00 0.000000000000000000e+00
1.050000347999999972e+00 7.799263370057269107e+00 0.000000000000000000e+00 3.851796896749061894e+00 0.000000000000000000e+00
1.150000348000000061e+00 7.817473550687050299e+00 0.000000000000000000e+00 3.857862394217858260e+00 0.000000000000000000e+00
1.299999280100000210e+00 7.848153393974943270e+00 0.000000000000000000e+00 3.868071534635388886e+00 0.000000000000000000e+00
1.449998872800000171e+00 7.882984887904668447e+00 0.000000000000000000e+00 3.879647381930831695e+00 0.000000000000000000e+00
1.549999690699999988e+00 7.908583961615873292e+00 0.000000000000000000e+00 3.888144954785678564e+00 0.000000000000000000e+00
1.649999848000000213e+00 7.936141203610769246e+00 0.000000000000000000e+00 3.897283134108579183e+00 0.000000000000000000e+00
1.749999924000000151e+00 7.965709883265975400e+00 0.000000000000000000e+00 3.907077530935637366e+00 0.000000000000000000e+00
1.850000000000000311e+00 7.997347969761612774e+00 0.000000000000000000e+00 3.917545100179372852e+00 0.000000000000000000e+00
1.950000174000000142e+00 8.031118587324272085e+00 0.000000000000000000e+00 3.928704272204294856e+00 0.000000000000000000e+00
2.050000347999999750e+00 8.067090302750102637e+00 0.000000000000000000e+00 3.940575026413018822e+00 0.000000000000000000e+00
2.150000348000000283e+00 8.105337556890718886e+00 0.000000000000000000e+00 3.953179009794506094e+00 0.000000000000000000e+00
2.250000347999999928e+00 8.145941285279320709e+00 0.000000000000000000e+00 3.966539714623039448e+00 0.000000000000000000e+00
2.399999280099999854e+00 8.211458743362939572e+00 0.000000000000000000e+00 3.988055620143988733e+00 0.000000000000000000e+00
2.549998212200000225e+00 8.282805545860156826e+00 0.000000000000000000e+00 4.011426555041412989e+00 0.000000000000000000e+00
2.649998212200000314e+00 8.333790195979400295e+00 0.000000000000000000e+00 4.028090028250740140e+00 0.000000000000000000e+00
2.749998872799999994e+00 8.387651513780241430e+00 0.000000000000000000e+00 4.045660117460015748e+00 0.000000000000000000e+00
2.849999533400000118e+00 8.444521253799926797e+00 0.000000000000000000e+00 4.064174499198395907e+00 0.000000000000000000e+00
2.949999533400000207e+00 8.504542568376072253e+00 0.000000000000000000e+00 4.083673995434086379e+00 0.000000000000000000e+00
3.049999533399999851e+00 8.567871993966218014e+00 0.000000000000000000e+00 4.104203150414486245e+00 0.000000000000000000e+00
3.149999533400000384e+00 8.634679601555681927e+00 0.000000000000000000e+00 4.125810201031042013e+00 0.000000000000000000e+00
3.249999690700000610e+00 8.705150934343999225e+00 0.000000000000000000e+00 4.148547617115612596e+00 0.000000000000000000e+00
3.349999847999999947e+00 8.779488336622364386e+00 0.000000000000000000e+00 4.172472431072295151e+00 0.000000000000000000e+00
3.449999924000000551e+00 8.857913096010285869e+00 0.000000000000000000e+00 4.197646815047495039e+00 0.000000000000000000e+00
3.549999999999999822e+00 8.940667691682818941e+00 0.000000000000000000e+00 4.224138673465446914e+00 0.000000000000000000e+00
3.650000000000000355e+00 9.028018022808801391e+00 0.000000000000000000e+00 4.252022208563131400e+00 0.000000000000000000e+00
3.750000000000000444e+00 9.120256517924035577e+00 0.000000000000000000e+00 4.281378743581148782e+00 0.000000000000000000e+00
3.850000000000000089e+00 9.217705241075455191e+00 0.000000000000000000e+00 4.312297515590300279e+00 0.000000000000000000e+00
3.950000174000000364e+00 9.320719959300751256e+00 0.000000000000000000e+00 4.344876740023853046e+00 0.000000000000000000e+00
4.099999280100000476e+00 9.486549177714483250e+00 0.000000000000000000e+00 4.397098222445007920e+00 0.000000000000000000e+00
4.249998212200000403e+00 9.667313464580992388e+00 0.000000000000000000e+00 4.453716629709923325e+00 0.000000000000000000e+00
4.349998872799999639e+00 9.796990857849493750e+00 0.000000000000000000e+00 4.494141918625370380e+00 0.000000000000000000e+00
4.449999690699999455e+00 9.934700705618480399e+00 0.000000000000000000e+00 4.536899873672925132e+00 0.000000000000000000e+00
4.549999847999999680e+00 1.008112463914269341e+01 0.000000000000000000e+00 4.582174047778391213e+00 0.000000000000000000e+00
4.649999924000000284e+00 1.023703374086749562e+01 0.000000000000000000e+00 4.630171245307380445e+00 0.000000000000000000e+00
4.750000000000000000e+00 1.040330077512783369e+01 0.000000000000000000e+00 4.681124444527885231e+00 0.000000000000000000e+00
4.850000174000000719e+00 1.058091889570727062e+01 0.000000000000000000e+00 4.735297527359289660e+00 0.000000000000000000e+00
4.950000347999999661e+00 1.077102330958442877e+01 0.000000000000000000e+00 4.792990667371768154e+00 0.000000000000000000e+00
5.056825680100001108e+00 1.098937454473498043e+01 0.000000000000000000e+00 4.858899021974181665e+00 0.000000000000000000e+00
5.206824612200000146e+00 1.132614484462112259e+01 0.000000000000000000e+00 4.959829797842578714e+00 0.000000000000000000e+00
5.349998872799999639e+00 1.168572017403257668e+01 0.000000000000000000e+00 5.066670164435244317e+00 0.000000000000000000e+00
5.449999690700000343e+00 1.196261877814330887e+01 0.000000000000000000e+00 5.148323102853618494e+00 0.000000000000000000e+00
5.549999848000000569e+00 1.226393933288655269e+01 0.000000000000000000e+00 5.236589339417121458e+00 0.000000000000000000e+00
5.649999924000000284e+00 1.259315206441380752e+01 0.000000000000000000e+00 5.332353672205274897e+00 0.000000000000000000e+00
5.750000000000000000e+00 1.295446832862672260e+01 0.000000000000000000e+00 5.436683760358065776e+00 0.000000000000000000e+00
5.850000174000000719e+00 1.335306175700690545e+01 0.000000000000000000e+00 5.550883720288537049e+00 0.000000000000000000e+00
5.950000347999999661e+00 1.379537324711363233e+01 0.000000000000000000e+00 5.676567654636029303e+00 0.000000000000000000e+00
6.064887030100000409e+00 1.436815272398849430e+01 0.000000000000000000e+00 5.837791820649404606e+00 0.000000000000000000e+00
6.214885962200000336e+00 1.524685678160163071e+01 0.000000000000000000e+00 6.082020578991880200e+00 0.000000000000000000e+00
6.349998872800000527e+00 1.620608434574624113e+01 0.000000000000000000e+00 6.344739239432452216e+00 0.000000000000000000e+00
6.449999690699999455e+00 1.705401194309466817e+01 0.000000000000000000e+00 6.573937577168434743e+00 0.000000000000000000e+00
6.549999847999999680e+00 1.805977257961126625e+01 0.000000000000000000e+00 6.842489519054514524e+00 0.000000000000000000e+00
6.649999924000000284e+00 1.927987176090884347e+01 0.000000000000000000e+00 7.163988514878647074e+00 0.000000000000000000e+00
6.750000000000000000e+00 2.080562126489448005e+01 0.000000000000000000e+00 7.560292300765825146e+00 0.000000000000000000e+00
6.850000174000000719e+00 2.279857349735760152e+01 0.000000000000000000e+00 8.069912929473426644e+00 0.000000000000000000e+00
6.950000348000000550e+00 2.558702714808288192e+01 0.000000000000000000e+00 8.770901717854066248e+00 0.000000000000000000e+00
7.076948880099999784e+00 3.180652009403622671e+01 0.000000000000000000e+00 1.030123159816132450e+01 0.000000000000000000e+00
7.214285662200000893e+00 4.923341728233107517e+01 1.574361276940869558e+01 1.449725277712877514e+01 3.795593851782873340e+00
7.337336062200000342e+00 3.269529540946714263e+01 3.317272932327215784e+01 1.037660636402855552e+01 7.681680500935160971e+00
7.449998212200000580e+00 2.195006925579298240e+01 3.417935365499609901e+01 8.406858099663939043e+00 7.731939739979305060e+00
7.549998872800000704e+00 1.624373241108973076e+01 3.275659636012058940e+01 7.300175299864015699e+00 7.621498633166730485e+00
7.649999690699999633e+00 1.224532969036193641e+01 3.126828179193133650e+01 6.492691847463152754e+00 7.479976071811716309e+00
7.749999923999999929e+00 9.209106097231565258e+00 2.979883720112800205e+01 5.849971704364878455e+00 7.333371744499666889e+00
7.850000173999999831e+00 6.809371365288180655e+00 2.837655568660404981e+01 5.322120644798332911e+00 7.184012873381915298e+00
7.950000347999999661e+00 4.865800396361970037e+00 2.701250793456492971e+01 4.873818518269228406e+00 7.035976408989756514e+00
8.050000951999999543e+00 3.267374657874189126e+00 2.571068877313040346e+01 4.487751899568072744e+00 6.889868076175119427e+00
8.150001806000000570e+00 1.939907443053053182e+00 2.447200769006878929e+01 4.149542570045792189e+00 6.747210558485978282e+00
8.297405634100000427e+00 3.550320338026620171e-01 2.278071263295615623e+01 3.718814104776865470e+00 6.544104440017216362e+00
8.447403712199999859e+00 -8.980276021817024112e-01 2.115091150407355514e+01 3.346794923558956469e+00 6.343205240911012233e+00
8.549998872799999816e+00 -1.582792361836351525e+00 2.012191404183499799e+01 3.122561681822432433e+00 6.211505188294910162e+00
8.649999690700001409e+00 -2.146265589296297183e+00 1.917457049860903950e+01 2.923873925760974046e+00 6.086181326479000120e+00
8.749999847999999858e+00 -2.622054851792163799e+00 1.827858611472288075e+01 2.743143265302639744e+00 5.964666569628855441e+00
8.849999924000000462e+00 -3.022643187724205482e+00 1.743110646468331737e+01 2.576593253955175022e+00 5.846971259379293073e+00
8.950000173999999475e+00 -3.358079294960911731e+00 1.662958705310870400e+01 2.423068899388359121e+00 5.732035491434208652e+00
9.050000952000001320e+00 -3.637247197866749104e+00 1.587174697151194458e+01 2.281912724818103477e+00 5.620049691562980954e+00
9.150001806000002347e+00 -3.867436470325836595e+00 1.515524638744546593e+01 2.151726759025197389e+00 5.511742054367845256e+00
9.256429505999999918e+00 -4.065850191924746504e+00 1.443752547519356888e+01 2.022622958313047725e+00 5.399993400593902315e+00
9.385897374099998913e+00 -4.255340023686541073e+00 1.362291592443600940e+01 1.878434417052937011e+00 5.267606893119787692e+00
9.529468027200000080e+00 -4.408432680537326398e+00 1.277937839096115447e+01 1.734863218743945890e+00 5.126498911349613330e+00
9.649998907799998804e+00 -4.493150147839314101e+00 1.211767251569389714e+01 1.623601627507697875e+00 5.012629891817731220e+00
9.749999705699998742e+00 -4.539376442885487251e+00 1.160524553027435779e+01 1.537804855205392673e+00 4.920494283769076382e+00
9.849999928999999099e+00 -4.567567859755222948e+00 1.112038097517194757e+01 1.457894163770271589e+00 4.830372131020431503e+00
9.950000183999998526e+00 -4.579975521980383490e+00 1.066164094752798164e+01 1.383926361354425483e+00 4.743267113706238547e+00
1.005000096200000037e+01 -4.578610647594886451e+00 1.022731844962035552e+01 1.313485957545696747e+00 4.658958833944261357e+00
1.015000180600000057e+01 -4.564709912004016878e+00 9.816014392937370658e+00 1.247055566485766764e+00 4.576311875646019267e+00
1.027752404410000153e+01 -4.533316598975355660e+00 9.327184132915594006e+00 1.168200576061718454e+00 4.473525409220315829e+00
1.042752214719999948e+01 -4.480938372210768073e+00 8.787995605939476818e+00 1.084508483685765468e+00 4.357107274922563889e+00
1.054999890779999916e+01 -4.424097115250744672e+00 8.376260044852630315e+00 1.020432614359452428e+00 4.265800313225379448e+00
1.064999970569999910e+01 -4.370746563504395610e+00 8.061868642350491498e+00 9.712955801502691777e-01 4.192965590898356965e+00
1.074999992899999945e+01 -4.312802704462521675e+00 7.763692297579225077e+00 9.251041164847874088e-01 4.121486442433467623e+00
1.085000018400000066e+01 -4.250948974205358333e+00 7.480793732320786482e+00 8.821879746576285486e-01 4.051763795442612448e+00
1.095000096200000073e+01 -4.185673042726456572e+00 7.212213905831438510e+00 8.419106944313209384e-01 3.984381817002466519e+00
1.105000180600000093e+01 -4.117418417120124907e+00 6.957206580377296667e+00 8.031427234548995653e-01 3.918848086243680751e+00
1.115000205599999994e+01 -4.046520861287081772e+00 6.715063280576232252e+00 7.663266565025916854e-01 3.854490309082077459e+00
1.130000015909999966e+01 -3.939071567150794095e+00 6.378454917848976002e+00 7.148163652204586604e-01 3.760503106937497897e+00
1.144999890779999951e+01 -3.828732923148861822e+00 6.058458710363078481e+00 6.689288492377308826e-01 3.669118535643282275e+00
1.154999970569999945e+01 -3.752741106298162599e+00 5.860710510088067871e+00 6.399123436037864598e-01 3.611056042177247960e+00
1.164999992899999981e+01 -3.676544947660700835e+00 5.672572111911406978e+00 6.121138247409163569e-01 3.553995556905272135e+00
1.175000018399999924e+01 -3.600175897511570966e+00 5.493536917087933347e+00 5.857476582482172844e-01 3.497906352613202596e+00
1.185000036799999990e+01 -3.523789755939301216e+00 5.323077145287599343e+00 5.609353909062636534e-01 3.442763892363807976e+00
1.195000096200000073e+01 -3.447471526898348237e+00 5.160769273655088973e+00 5.379173649055999373e-01 3.388726082766692294e+00
1.205000180599999915e+01 -3.371459140134580146e+00 5.006175959440311907e+00 5.166973734630451176e-01 3.336455800177485109e+00
1.215000205599999816e+01 -3.295686507920213337e+00 4.858835634466458053e+00 4.959303119189526488e-01 3.285735112253445944e+00
1.230000015909999966e+01 -3.184307561408171949e+00 4.652994011920640105e+00 4.663128097189257470e-01 3.211500925649302562e+00
1.244999890779999951e+01 -3.074416451075656198e+00 4.456708321359283076e+00 4.391237227145107225e-01 3.138463914832501533e+00
1.254999970569999945e+01 -3.001367794387726384e+00 4.334878041047498520e+00 4.226887343987331125e-01 3.090974198786333726e+00
1.264999992900000159e+01 -2.929425259870121145e+00 4.218604138933612191e+00 4.078844982846142608e-01 3.045017087774872788e+00
1.275000018399999924e+01 -2.858442467121113051e+00 4.107625553366514026e+00 3.931724205640325653e-01 3.000525546228905327e+00
1.285000036799999990e+01 -2.788523607081836442e+00 4.001646226844050247e+00 3.790115237594289255e-01 2.956726543319760481e+00
1.295000096199999895e+01 -2.719551213669539003e+00 3.900425372342912311e+00 3.655685822875990310e-01 2.913603831745199102e+00
1.305000180599999915e+01 -2.651654020320066252e+00 3.803752979104531029e+00 3.529352188565706427e-01 2.871141929388699499e+00
1.315000205599999994e+01 -2.584707873202460426e+00 3.711372721463193969e+00 3.412521683776523762e-01 2.829326115806712671e+00
1.330000015909999966e+01 -2.487109117312423567e+00 3.581817342138262639e+00 3.255334351477962018e-01 2.769044228229102789e+00
1.344999890779999951e+01 -2.391960709308804667e+00 3.457950531039593045e+00 3.107100316892291714e-01 2.710347584875055560e+00
1.354999970570000123e+01 -2.329425633051793731e+00 3.380814929507175659e+00 3.014313048048431476e-01 2.672303567177213068e+00
1.364999992899999981e+01 -2.268216715827546803e+00 3.307039331547640959e+00 2.926519819503354825e-01 2.634817212997288216e+00
1.375000018399999924e+01 -2.208134368170296735e+00 3.236426528316544982e+00 2.844718633980165556e-01 2.597876126778645212e+00
1.385000036800000167e+01 -2.149162644201067618e+00 3.168872263154202784e+00 2.770068354800415689e-01 2.561468533080356824e+00
1.395000096200000073e+01 -2.091276334676561710e+00 3.104281019047224532e+00 2.705352346847571532e-01 2.525958724983698556e+00
1.405000180600000270e+01 -2.034569757310477289e+00 3.042479420592143935e+00 2.644135403270604368e-01 2.491573774561363308e+00
1.415000205600000172e+01 -1.978873302970374670e+00 2.983294281241538837e+00 2.583699955593342645e-01 2.457918560980474343e+00
1.430000015910000144e+01 -1.897805399539190585e+00 2.900152858640415499e+00 2.498049760756699822e-01 2.408490689618118630e+00
1.444999890780000129e+01 -1.819175424601955360e+00 2.820561492742526877e+00 2.421909242058997158e-01 2.359749177697438860e+00
1.454999970569999945e+01 -1.767719268912282704e+00 2.770893924331613967e+00 2.378243413870824163e-01 2.327925092353230863e+00
1.464999992900000159e+01 -1.717408779932204421e+00 2.723368471858754969e+00 2.341698534211661409e-01 2.296715914475248699e+00
1.475000018400000101e+01 -1.668091525753806259e+00 2.677909978509690259e+00 2.310826437605085770e-01 2.266483176860014215e+00
1.485000036799999990e+01 -1.619865793097793993e+00 2.634423209687893674e+00 2.278944744251231169e-01 2.237030665247448091e+00
1.495000096200000250e+01 -1.572606960304511414e+00 2.592790653056729511e+00 2.248778836453787511e-01 2.207972064359053910e+00
1.505000180599999737e+01 -1.526323415001597184e+00 2.552971970164988225e+00 2.221397548140527922e-01 2.179299566396704968e+00
1.515000205599999994e+01 -1.480970669003558893e+00 2.514864764290534183e+00 2.197452510089945577e-01 2.151005765985718021e+00
1.530000015910000322e+01 -1.414955224821971225e+00 2.461421603805284963e+00 2.168350135326437833e-01 2.109394278637433562e+00
1.544999890780000307e+01 -1.351069194782814176e+00 2.410352865650332355e+00 2.152600444867017737e-01 2.068647124784089186e+00
1.554999970570000123e+01 -1.309409620481666536e+00 2.378530544478177244e+00 2.145817649249551762e-01 2.042597207005286908e+00
1.564999992900000159e+01 -1.268623212827895586e+00 2.348163392564672325e+00 2.139003667758154759e-01 2.017038913888346663e+00
1.575000018400000279e+01 -1.228779816207029363e+00 2.319193357034029734e+00 2.134015979317357425e-01 1.991805173486825176e+00
1.585000036799999812e+01 -1.189777972411286910e+00 2.291533657099463106e+00 2.131654756361069936e-01 1.966889867383592394e+00
1.595000096200000073e+01 -1.151628159946941565e+00 2.265137860862056929e+00 2.132455575526779334e-01 1.942286889705090447e+00
1.605000180600000093e+01 -1.114233854498800191e+00 2.239968055558466009e+00 2.136983980156159646e-01 1.917990440165554089e+00
1.616787921909999781e+01 -1.071189598531286702e+00 2.212038026677591862e+00 2.148160413121216195e-01 1.889767629631322610e+00
1.631787732219999754e+01 -1.018222912792104751e+00 2.178703031759587461e+00 2.174843836274600317e-01 1.855137567369342655e+00
1.644999890779999774e+01 -9.728337825005004547e-01 2.151003693547448581e+00 2.199243958206177352e-01 1.825586710622891129e+00
1.654999955339999929e+01 -9.392732790031517176e-01 2.131452767813205806e+00 2.221057065377033402e-01 1.803577544311210756e+00
1.664999955340000071e+01 -9.063844971202947853e-01 2.112901699158884039e+00 2.246619420190741900e-01 1.781832901667968594e+00
1.674999970570000229e+01 -8.741424343181118939e-01 2.095360792931650007e+00 2.276800373474526795e-01 1.760347871206146442e+00
1.684999985800000033e+01 -8.425316669988809348e-01 2.078774400588054405e+00 2.312557297707020787e-01 1.739117862723958519e+00
1.694999992900000052e+01 -8.114243635617490735e-01 2.063120712833463877e+00 2.355196166987664208e-01 1.718138380011381416e+00
1.705000000000000071e+01 -7.807347404450915018e-01 2.048419626661468929e+00 2.406972620345676495e-01 1.697498892763687595e+00
1.715000018400000315e+01 -7.502196866125567798e-01 2.034778488035040134e+00 2.469099006748035618e-01 1.677487322890189647e+00
1.725000096200000144e+01 -7.196163462676143929e-01 2.023192159520870614e+00 2.538009526683151496e-01 1.658001012558394383e+00
1.735000180600000164e+01 -6.912443417985589811e-01 2.013133350864877436e+00 2.618666174558437199e-01 1.638739322154500355e+00
1.750000102800000334e+01 -6.503577112587004549e-01 1.998303020223058946e+00 2.773162457617067700e-01 1.610340607437932947e+00
1.765000077799999900e+01 -6.093383658140705261e-01 1.983641177102671183e+00 2.998221292594067666e-01 1.582264530777790945e+00
1.775000155600000085e+01 -5.801966302031329459e-01 1.974031886931954416e+00 3.227083824862614359e-01 1.563863626794072870e+00
1.785000180600000164e+01 -5.460081870555590910e-01 1.964530317690904582e+00 3.617380667997489585e-01 1.545668998450762999e+00
1.798733965599999962e+01 -4.860411427638795523e-01 1.986991509960980951e+00 4.537420192564810550e-01 1.624308141833857855e+00
1.813733862799999841e+01 -4.811431450911378693e-01 2.018101448098287953e+00 3.696371146658197215e-01 1.717766592553123806e+00
1.825000000000000000e+01 -4.824529083833950516e-01 2.020206147897995130e+00 3.088480409137138727e-01 1.717770619768240747e+00
1.835000000000000142e+01 -4.798168471475443564e-01 2.015287373449401453e+00 2.663851691070507899e-01 1.700763204325983713e+00
1.845000077799999971e+01 -4.745911322040328173e-01 2.008586322942987223e+00 2.360217338990080460e-01 1.677771334902360190e+00
1.855000180600000093e+01 -4.677755881787517556e-01 2.001196888358837800e+00 2.115022270538329252e-01 1.653121489716692816e+00
1.870000102800000263e+01 -4.557419187425493234e-01 1.989772751650505711e+00 1.843796826464201288e-01 1.614205646007687678e+00
1.885000000000000142e+01 -4.422299723205278532e-01 1.978387247305406493e+00 1.649921055559114835e-01 1.575301929226085917e+00
1.895000077800000327e+01 -4.322600888425163213e-01 1.970975571651738090e+00 1.554043596016339013e-01 1.549947555002896493e+00
1.905000180600000093e+01 -4.206043475369567464e-01 1.965456521257545219e+00 1.474679466120346616e-01 1.525150071894958659e+00
1.920000102799999908e+01 -4.065866223548180169e-01 1.960226444884372476e+00 1.384138745593127551e-01 1.488924115088227085e+00
1.935000000000000142e+01 -3.947134405500851706e-01 1.955279830255517881e+00 1.321434625154608300e-01 1.453427793848243166e+00
1.945000077800000327e+01 -3.876349708936273064e-01 1.952211086289346920e+00 1.293199320077197401e-01 1.430351195260568753e+00
1.955000180600000093e+01 -3.811695994703108159e-01 1.949291414785162768e+00 1.278028055863044132e-01 1.407931328405461757e+00
1.970000102799999908e+01 -3.725566868963232636e-01 1.945220133806621732e+00 1.264360655412056778e-01 1.375555886373809988e+00
1.985000000000000142e+01 -3.650356932820142397e-01 1.941340749857936476e+00 1.270600829677863697e-01 1.343956115205034996e+00
1.995000077800000327e+01 -3.603411393451694256e-01 1.939174137495174755e+00 1.283333085338023150e-01 1.324134225682848776e+00
2.005000180600000093e+01 -3.561738367025302221e-01 1.937720181764687188e+00 1.295407225063159862e-01 1.304917200536131583e+00
2.017947155600000286e+01 -3.524624085567253928e-01 1.936467617425058130e+00 1.315913104653095855e-01 1.280355840502817255e+00
2.032947052800000520e+01 -3.499881384171974474e-01 1.935159038686248056e+00 1.353664191606404055e-01 1.252984253459779707e+00
2.045000078300000368e+01 -3.492956380081091439e-01 1.934222570878518122e+00 1.383508471452661315e-01 1.231946756561387746e+00
2.055000182100000217e+01 -3.496053785809718484e-01 1.933530857897824307e+00 1.410838407145895701e-01 1.214697290042245914e+00
2.065000207599999982e+01 -3.507442958431428170e-01 1.932900237530571275e+00 1.442775358587201628e-01 1.197673632019705448e+00
2.075482214410000026e+01 -3.528886135626543297e-01 1.932303568067156307e+00 1.483332238047883056e-01 1.180554577182776343e+00
2.088247351720000111e+01 -3.570523169344796965e-01 1.931660379550840467e+00 1.531954682184969441e-01 1.160837688943612278e+00
2.102765241110000005e+01 -3.647087434139888451e-01 1.929458224981041026e+00 1.585154788381472057e-01 1.138984153510578912e+00
2.115000000000000213e+01 -3.709665297664150874e-01 1.926361478651761328e+00 1.634391075314509667e-01 1.120983987373748825e+00
2.125000078300000084e+01 -3.764651759409674003e-01 1.923907065512345138e+00 1.676376307328960591e-01 1.106926953574369765e+00
2.135000156599999954e+01 -3.825146955385592129e-01 1.921510068474286070e+00 1.715988116319544510e-01 1.093248226374185395e+00
2.145000156600000452e+01 -3.892374794542734495e-01 1.919168938796974810e+00 1.755576598703140201e-01 1.079697148939352758e+00
2.155000182099999861e+01 -3.967519415926656912e-01 1.916881496926440498e+00 1.796527532459138987e-01 1.066271803678108920e+00
2.165000207599999982e+01 -4.052009619170562349e-01 1.914646961709613571e+00 1.840769677221593126e-01 1.053128982748067433e+00
2.176821749409999640e+01 -4.166892611249459755e-01 1.912079408494038679e+00 1.894995233556073799e-01 1.038258423442292244e+00
2.191195449219999603e+01 -4.338914344316362470e-01 1.909049192496958813e+00 1.960141893688939208e-01 1.020983256760262581e+00
2.204373803610000238e+01 -4.563273108419687585e-01 1.901879029855082504e+00 2.016889361270154390e-01 1.005591118953041541e+00
2.215000000000000213e+01 -4.711047420960972065e-01 1.891361443535405362e+00 2.063277793961055817e-01 9.933206509537895190e-01
2.225000078300000084e+01 -4.838407511962543595e-01 1.881593958713437154e+00 2.110000496703455797e-01 9.822019490289328747e-01
2.235000156599999954e+01 -4.962567215815500976e-01 1.871947917256088001e+00 2.153379034806572889e-01 9.715028184687550805e-01
2.245000156600000096e+01 -5.087382654157723838e-01 1.862423081849731599e+00 2.195573008409474891e-01 9.609007109102368771e-01
2.255000182100000217e+01 -5.215752143196998869e-01 1.853018671649883764e+00 2.237581615326783568e-01 9.503926101759075928e-01
2.265000207599999626e+01 -5.350483847510842939e-01 1.843733871692991855e+00 2.280221376533725364e-01 9.399772975580860113e-01
2.280000103800000133e+01 -5.572790139501635487e-01 1.830072476081124888e+00 2.346600653175376916e-01 9.248669181370640091e-01
2.295000078300000368e+01 -5.841131610967669197e-01 1.816586925800786734e+00 2.414863242768280349e-01 9.103317298222083354e-01
2.305000182099999861e+01 -6.083684081823992340e-01 1.804235681806464875e+00 2.457787236235208228e-01 9.011539304710982634e-01
2.315000207599999982e+01 -6.335979256673012205e-01 1.783829758659287501e+00 2.499312356093048582e-01 8.920565559170015035e-01
2.329766101600000283e+01 -6.597966755632553859e-01 1.747304120438862185e+00 2.559782400220642629e-01 8.787933169009408685e-01
2.344765997800000079e+01 -6.808719210350362427e-01 1.710580729261199417e+00 2.623234813419259570e-01 8.656418320103321795e-01
2.355000000000000071e+01 -6.934876276324100086e-01 1.685893481653480963e+00 2.664677943394987425e-01 8.570414552806943087e-01
2.365000000000000213e+01 -7.049556126544689327e-01 1.662016230262909566e+00 2.704207247334950992e-01 8.487104630701060026e-01
2.375000078300000084e+01 -7.158942620245356547e-01 1.638373035809883138e+00 2.743384503977203126e-01 8.404495633813825473e-01
2.385000156599999599e+01 -7.266218267017650057e-01 1.614959284912715232e+00 2.782650354670486159e-01 8.322579383995852842e-01
2.395000156600000096e+01 -7.375553097039753148e-01 1.591772143606828172e+00 2.822685915600101625e-01 8.241347845066753219e-01
2.405000182099999861e+01 -7.494798506968429752e-01 1.568807288086953022e+00 2.865138622944254365e-01 8.163168589933629260e-01
2.415000207599999982e+01 -7.644298922927232898e-01 1.543937569853200298e+00 2.905534693867972695e-01 8.088741777609597117e-01
2.430000103800000488e+01 -7.856978181150859886e-01 1.496545446163412008e+00 2.962408234911991789e-01 7.979564661511064916e-01
2.445000078300000368e+01 -7.970844968406785025e-01 1.445844809444747581e+00 3.017315464400426306e-01 7.871281911639572693e-01
2.455000182100000217e+01 -8.017919370360577780e-01 1.412489607768774524e+00 3.053471799327684977e-01 7.799975298574225446e-01
2.465000207599999982e+01 -8.047551535894410524e-01 1.379425474820188402e+00 3.089573543362490460e-01 7.729247803612271372e-01
2.480000103800000488e+01 -8.064464969860385413e-01 1.330467574177433443e+00 3.144045179021281999e-01 7.626024087585818734e-01
2.495000078300000368e+01 -8.050942235854730011e-01 1.281926339472079679e+00 3.197242253027435810e-01 7.524619856668535167e-01
2.505000182100000217e+01 -8.025352613323044615e-01 1.249974706945788272e+00 3.232600390880212560e-01 7.458085514542588390e-01
2.515000207599999982e+01 -7.986380873617999754e-01 1.218291047563158980e+00 3.268662123552533716e-01 7.392954954016852653e-01
2.525400947910000227e+01 -7.928999343032561153e-01 1.185623010608010786e+00 3.305486999882608634e-01 7.327330093831269098e-01
2.538779357409999804e+01 -7.823143471056439591e-01 1.146560399966779498e+00 3.351039763912944114e-01 7.244550033759513674e-01
2.553378513299999852e+01 -7.716995459077866659e-01 1.106208122266462812e+00 3.400264016650723642e-01 7.155915274451128960e-01
2.565000000000000213e+01 -7.627673344670395927e-01 1.074425577972265122e+00 3.438032251488113422e-01 7.086887746039660652e-01
2.575000078300000084e+01 -7.545243419988194589e-01 1.047335816711412848e+00 3.469899006862371404e-01 7.028027108360318520e-01
2.585000156599999954e+01 -7.456819284122568892e-01 1.020464176726266547e+00 3.501366244353089074e-01 6.969621877250599118e-01
2.595000156600000452e+01 -7.361623655045963499e-01 9.938066905331748302e-01 3.532571657429947054e-01 6.911667245118694458e-01
2.605000182099999861e+01 -7.258808902566327159e-01 9.673600981542014310e-01 3.563654721823487082e-01 6.854157421561791752e-01
2.615000207599999982e+01 -7.147248571794335703e-01 9.411229383893359168e-01 3.594817174079442124e-01 6.797087448503841278e-01
2.625848810409999956e+01 -7.014357603915517547e-01 9.129037267828820079e-01 3.629182804830056730e-01 6.735997536376290284e-01
2.640325681719999906e+01 -6.809784286648823404e-01 8.756470705524410647e-01 3.675767879084255174e-01 6.658081226941268138e-01
2.654476975109999870e+01 -6.543760127088185108e-01 8.437388020229643626e-01 3.718402402273393026e-01 6.584171297898242514e-01
2.665000000000000213e+01 -6.376377892864930619e-01 8.251318494623023359e-01 3.749216657160892030e-01 6.529773783210920390e-01
2.675000078300000084e+01 -6.230890877080588197e-01 8.075954344450779754e-01 3.777999965999708776e-01 6.478486336958451108e-01
2.685000156599999954e+01 -6.091351269461917628e-01 7.901947973778693513e-01 3.806413349923046807e-01 6.427580924079010494e-01
2.695000156600000096e+01 -5.954764385045523412e-01 7.729296821206766976e-01 3.834562335085424101e-01 6.377053690403936548e-01
2.705000182100000217e+01 -5.819359759555884359e-01 7.557984317197344870e-01 3.862591777671346982e-01 6.327009666426849366e-01
2.715000207599999626e+01 -5.683780217532441448e-01 7.387991663453534752e-01 3.890378861710322989e-01 6.277504907781461529e-01
2.730000103800000133e+01 -5.477920944093814803e-01 7.135946953271068427e-01 3.931585604740217565e-01 6.204153458203368610e-01
2.745000078300000013e+01 -5.264921462387495144e-01 6.885831510612777651e-01 3.972861466350946502e-01 6.131337059005604884e-01
2.755000182099999861e+01 -5.115439660931098143e-01 6.720999008057689794e-01 4.001186064494525185e-01 6.084110283720808310e-01
2.765000207599999982e+01 -4.954229619763688142e-01 6.557435431763174449e-01 4.028783487238432048e-01 6.038358939861995234e-01
2.778793162599999533e+01 -4.702615608222489030e-01 6.379700063738661386e-01 4.065332499429801238e-01 5.976353396145753782e-01
2.793793058800000040e+01 -4.471447150438394580e-01 6.217923976643521256e-01 4.104032067869313183e-01 5.909498145084792764e-01
2.805000000000000071e+01 -4.311080676743506146e-01 6.100223599648775252e-01 4.132423262572879619e-01 5.860076811390735330e-01
2.815000000000000568e+01 -4.173298003908068043e-01 5.996209380822884460e-01 4.157460646782223934e-01 5.816329150146803961e-01
2.830000000000000071e+01 -3.972611533522900640e-01 5.841838124071179195e-01 4.194534567582460793e-01 5.751401665337383395e-01
2.850000000000000000e+01 -3.710833004841671556e-01 5.638173924401599368e-01 4.243425333487286233e-01 5.665741909055564962e-01
2.865000000000000568e+01 -3.515098683800581547e-01 5.487029941310199721e-01 4.280084401830592800e-01 5.602171793266547128e-01
2.879141072299999848e+01 -3.327296066912051042e-01 5.346432785636007212e-01 4.315095560272838027e-01 5.543947373209228147e-01
2.894141072300000062e+01 -3.114957930928954344e-01 5.204577494995898945e-01 4.351607056033793830e-01 5.483666148998526113e-01
2.905000000000000426e+01 -2.954305001942874043e-01 5.120660299768563517e-01 4.377209957506879023e-01 5.441002243329131627e-01
2.914999999999999858e+01 -2.820693180422257917e-01 5.055623694176175631e-01 4.400342869495182940e-01 5.402005761841058851e-01
2.929999999999999716e+01 -2.633016386518680640e-01 4.959065384309362390e-01 4.434403166353245718e-01 5.344108608246660452e-01
2.950000000000000355e+01 -2.395703142358138749e-01 4.831628792270216133e-01 4.478939578639934416e-01 5.267696583709213787e-01
2.965000000000000213e+01 -2.223546103651168337e-01 4.737021155330006228e-01 4.511796478392358090e-01 5.210927835141995201e-01
2.975148958200000138e+01 -2.108579387843696473e-01 4.673662086009706673e-01 4.533870498588409292e-01 5.172763565422709986e-01
2.990148958199999996e+01 -1.939545783538529911e-01 4.582789625540258371e-01 4.566600672336857958e-01 5.116787372662870981e-01
3.004999999999999716e+01 -1.774193538308301843e-01 4.494385190594056279e-01 4.599577747541999662e-01 5.062005023613816990e-01
3.015000000000000213e+01 -1.661408693635613165e-01 4.435444516625915989e-01 4.622117674695519485e-01 5.026424925746685313e-01
3.030000000000000071e+01 -1.487143419569116887e-01 4.359892942898044299e-01 4.654313402425408475e-01 4.974472045548464227e-01
3.050000000000000355e+01 -1.268948306462784892e-01 4.273018057368784817e-01 4.695779880545575269e-01 4.905882160401394132e-01
3.065000000000000213e+01 -1.114865684054355821e-01 4.212173285458932215e-01 4.726009990286066387e-01 4.854814574067905508e-01
3.080000000000000071e+01 -9.648417594519753671e-02 4.154321526238874407e-01 4.755973331692446848e-01 4.804084436394859825e-01
3.100000000000000355e+01 -7.730089390222660839e-02 4.080350178645280046e-01 4.795677203488710738e-01 4.737054548221949490e-01
3.115000000000000213e+01 -6.340135043770778189e-02 4.026121617617376969e-01 4.825351976386097475e-01 4.687267606528173203e-01
3.129746040610000080e+01 -4.998445262691908475e-02 3.973482871035811659e-01 4.854614183839482955e-01 4.638940264677052783e-01
3.144746040609999937e+01 -3.642227867788538909e-02 3.920287234979868418e-01 4.885229280256851991e-01 4.590880942346652893e-01
3.155000000000000071e+01 -2.701067138343860030e-02 3.884774626220124372e-01 4.905325782040229621e-01 4.559323394886086733e-01
3.165000000000000213e+01 -1.751673587704338786e-02 3.855021101075170042e-01 4.924294167912278697e-01 4.528586453573955617e-01
3.180000000000000071e+01 -4.103251052545386912e-03 3.820237397861170336e-01 4.952441354586502031e-01 4.482641187580972963e-01
3.200000000000000711e+01 1.253182768227967259e-02 3.777694366213516508e-01 4.989458864899618540e-01 4.421931872545024622e-01
3.215000000000000568e+01 2.430869728128404184e-02 3.747014329062858251e-01 5.016894012551580406e-01 4.376825870407282659e-01
3.225000000000000000e+01 3.191410806116179444e-02 3.726751334769089485e-01 5.035076265474989210e-01 4.347035076496454931e-01
3.240000000000000568e+01 4.301685024289525483e-02 3.696637698304288122e-01 5.062139953820030680e-01 4.302761800552024063e-01
3.255000000000000426e+01 5.382592148248654951e-02 3.666709380045238831e-01 5.089052509257100398e-01 4.258760980711338573e-01
3.265000000000000568e+01 6.091651229598160633e-02 3.646940591173341017e-01 5.106954556221871000e-01 4.229583080202081180e-01
3.275000000000000000e+01 6.797469746951756431e-02 3.627470752805659338e-01 5.125244762492463524e-01 4.200677047999077929e-01
3.287861015610000237e+01 7.706455411205348494e-02 3.604803491227259737e-01 5.148774354399378028e-01 4.164640250735532900e-01
3.302861015610000095e+01 8.751755910929426285e-02 3.583716725796475822e-01 5.175234853243144695e-01 4.123351232852596193e-01
3.314999999999999858e+01 9.535429613371260160e-02 3.570094897902620912e-01 5.196258698300301182e-01 4.090197012072490645e-01
3.325000000000000000e+01 1.015150344761400758e-01 3.558955331052009452e-01 5.213388062402346534e-01 4.063084303632842897e-01
3.340000000000000568e+01 1.103444169672799235e-01 3.542395766985632632e-01 5.238758874830571344e-01 4.022779807197715551e-01
3.354999999999999716e+01 1.187197909126386230e-01 3.525935067755489594e-01 5.263813341262473244e-01 3.982715938923060972e-01
3.364999999999999858e+01 1.240501298552126874e-01 3.515059152285583965e-01 5.280348423604306340e-01 3.956244934340544805e-01
3.375000000000000000e+01 1.291435622585580534e-01 3.504247687110755294e-01 5.296647683893382919e-01 3.929759772746028723e-01
3.390000000000000568e+01 1.362905091031592075e-01 3.484361387080188166e-01 5.321318778741774835e-01 3.890125201201419802e-01
3.404999999999999716e+01 1.433731409711489491e-01 3.461922879193385372e-01 5.346223699061889434e-01 3.850722809291166615e-01
3.414999999999999858e+01 1.480934238454605367e-01 3.446085523662977268e-01 5.363201644844342031e-01 3.824920524601140293e-01
3.425000000000000000e+01 1.528042659659794023e-01 3.430340649633789596e-01 5.380187231543895887e-01 3.799826706863388970e-01
3.439999999999999858e+01 1.598337586557012635e-01 3.408975577931039891e-01 5.404716781674780979e-01 3.762996249439684582e-01
3.454999999999999716e+01 1.665121107964119274e-01 3.389227434992881371e-01 5.428672772897917831e-01 3.726379305512226847e-01
3.464999999999999858e+01 1.707231632397613330e-01 3.376798378265508660e-01 5.444421232798911658e-01 3.702179466052269996e-01
3.475000000000000711e+01 1.747274284749326112e-01 3.364440856123147583e-01 5.459971939183190237e-01 3.678118907111430080e-01
3.488191770299999916e+01 1.796123003806837648e-01 3.348262243415534578e-01 5.480137943477492168e-01 3.646361992615943515e-01
3.503191770300000485e+01 1.841798722220053808e-01 3.322750319037873212e-01 5.503157085423499018e-01 3.610314656242728515e-01
3.514999999999999858e+01 1.882668977553890732e-01 3.295953315802717110e-01 5.521265117849610826e-01 3.582148322011630137e-01
3.525000000000000711e+01 1.918785477260647188e-01 3.273411880527510864e-01 5.536594391422784422e-01 3.558455027953634775e-01
3.540000000000000568e+01 1.973904928094691869e-01 3.239885734702000475e-01 5.559583072258434955e-01 3.523215708807495017e-01
3.554999999999999716e+01 2.029430064535545641e-01 3.206548471577292947e-01 5.582787617540796443e-01 3.488197523164510150e-01
3.565000000000000568e+01 2.066499987430019392e-01 3.184510743602354532e-01 5.598694371233827738e-01 3.465549301358887280e-01
3.575000000000000711e+01 2.103623919081203386e-01 3.162596304341606102e-01 5.613991956168359332e-01 3.443498341698849607e-01
3.587041768800000341e+01 2.148606677362264739e-01 3.137584975425395939e-01 5.631964045604225255e-01 3.417123223134845844e-01
3.602041768800000199e+01 2.201472404300520713e-01 3.107771111109466911e-01 5.653783469614485080e-01 3.384276162826969081e-01
3.615000000000000568e+01 2.242795903342794661e-01 3.079882323882330297e-01 5.672594154173273839e-01 3.355914307512624095e-01
3.625000000000000711e+01 2.276195239551472849e-01 3.055425674569010597e-01 5.687056003887291933e-01 3.334183701934886335e-01
3.640000000000000568e+01 2.328057517014291422e-01 3.018737041922767705e-01 5.708609088546132693e-01 3.301855951839638426e-01
3.655000000000000426e+01 2.380765752311291283e-01 2.982249445906358098e-01 5.730040513412473224e-01 3.269705342767658673e-01
3.665000000000000568e+01 2.416159756455812380e-01 2.958123587563142309e-01 5.744290148797666085e-01 3.248447131079230110e-01
3.675000000000000711e+01 2.451672878747573892e-01 2.934129027139306678e-01 5.758510361499559194e-01 3.227304610982981159e-01
3.689999999999999858e+01 2.505080814819785617e-01 2.898429277293604334e-01 5.779809831984121793e-01 3.195848203146727240e-01
3.705000000000000426e+01 2.558679177498112134e-01 2.862922501895531213e-01 5.801300394401656124e-01 3.164686450983595911e-01
3.715000000000000568e+01 2.594591365508991387e-01 2.839442558896653757e-01 5.815673185379055532e-01 3.144434281664417186e-01
3.725000000000000711e+01 2.630802481251741654e-01 2.816179144980926474e-01 5.829701638765498739e-01 3.124457671876127995e-01
3.739999999999999858e+01 2.685455221546354521e-01 2.782869001602899517e-01 5.850435944305505398e-01 3.094700506758812919e-01
3.755000000000000426e+01 2.738868321602294653e-01 2.750323205142896077e-01 5.870916496372233784e-01 3.065102048785325328e-01
3.765000000000000568e+01 2.774162766003023251e-01 2.728798971193363565e-01 5.884467064197890229e-01 3.045527043615313123e-01
3.775000000000000000e+01 2.809264310580167345e-01 2.707388773522145242e-01 5.897933872425411561e-01 3.026055747629227133e-01
3.789999999999999858e+01 2.861605064142805910e-01 2.675527243004747757e-01 5.917970157710348289e-01 2.997079588660460647e-01
3.805000000000000426e+01 2.913681139742498871e-01 2.643833407081997988e-01 5.937848082167275221e-01 2.968255937909403674e-01
3.814999999999999858e+01 2.948314846604714878e-01 2.622870410563570287e-01 5.951028770373252286e-01 2.949191344661192815e-01
3.825000000000000000e+01 2.982913329541329039e-01 2.602017025047817511e-01 5.964131719263880971e-01 2.930226436073030127e-01
3.835000000000000142e+01 3.017545770523984983e-01 2.581272393076456395e-01 5.977123312992653759e-01 2.911283322536252771e-01
3.845420163800000779e+01 3.053835162998728148e-01 2.559773278094777393e-01 5.990730753470659975e-01 2.891534407786570116e-01
3.860420163799999926e+01 3.106732787956231201e-01 2.530501019813163333e-01 6.010532345717117808e-01 2.863536135678401706e-01
3.875000000000000000e+01 3.156766109612255677e-01 2.502997195220478255e-01 6.029643585773729608e-01 2.836701299896777773e-01
3.885000000000000853e+01 3.190919859300395123e-01 2.484518210067359067e-01 6.042605963145994963e-01 2.818548094505294310e-01
3.900000000000000000e+01 3.241183538692644639e-01 2.457394449565099004e-01 6.061845312851413814e-01 2.791527390265076125e-01
3.914999999999999858e+01 3.290725929486987278e-01 2.430418109131364801e-01 6.080919843878354047e-01 2.764644901158555546e-01
3.925000000000000711e+01 3.323470263656718160e-01 2.412571400424391721e-01 6.093569688860629441e-01 2.746860281573813567e-01
3.935000000000000853e+01 3.356023460458867902e-01 2.394815399698971559e-01 6.106159318962522953e-01 2.729166054395409380e-01
3.949063755800001019e+01 3.401546492057566651e-01 2.370021409315884453e-01 6.123745330726957370e-01 2.704458322892028810e-01
3.964063755800000166e+01 3.449953688785603045e-01 2.343722849047506218e-01 6.142293469714998899e-01 2.678138227843852026e-01
3.975000000000000711e+01 3.485459683612120996e-01 2.324895565165298328e-01 6.155896781531803308e-01 2.658958690635995215e-01
3.985000000000000853e+01 3.517935487785980309e-01 2.308387111206424147e-01 6.168380793882134450e-01 2.641517369424558059e-01
4.001598810610000356e+01 3.570476026759884514e-01 2.281846710344793971e-01 6.189183251065093483e-01 2.612806513859819435e-01
4.024516166220000457e+01 3.641693176083957706e-01 2.245500229866259079e-01 6.218381228181815157e-01 2.574079148149475138e-01
4.061388893409999667e+01 3.754186123140634823e-01 2.189359733197881186e-01 6.263789847955893997e-01 2.513872448728127207e-01
4.096378425599999673e+01 3.857960248605150078e-01 2.137168459123419406e-01 6.305966919030048246e-01 2.457170401739701138e-01
4.138848618409999602e+01 3.981389877577918845e-01 2.078004649992167552e-01 6.357119137932801811e-01 2.389789029642513662e-01
4.183471031220000214e+01 4.106333502808821034e-01 2.017207127072053185e-01 6.412159395416736629e-01 2.320568209390539705e-01
4.207275508409999532e+01 4.172464454857619520e-01 1.986251071917421729e-01 6.440911807881600781e-01 2.285744917651004460e-01
4.229196795600000058e+01 4.231960902985608675e-01 1.958701296122709601e-01 6.466831924363704021e-01 2.253868744756933329e-01
4.286602128410000034e+01 4.382773659011116596e-01 1.890518596000519413e-01 6.533884565698426794e-01 2.172280420655330058e-01
4.345039313409999693e+01 4.530603023105188587e-01 1.822188950044295597e-01 6.603885837262346570e-01 2.091055521036388476e-01
4.365748950599999745e+01 4.583438584447999675e-01 1.799652385262952015e-01 6.628315838450040687e-01 2.064561752787860971e-01
4.435757405599999714e+01 4.750665311833259796e-01 1.731602595776869091e-01 6.707561201495568781e-01 1.977424134318839510e-01
4.506034890600000153e+01 4.908508808049224514e-01 1.664280690966999654e-01 6.787658722725808946e-01 1.891510580375577177e-01
4.577910240599999980e+01 5.062459410196984422e-01 1.602771522886595190e-01 6.866613522052362750e-01 1.814232812241682868e-01
4.650054615599999863e+01 5.207556157352077886e-01 1.542245981434614277e-01 6.942247774806075133e-01 1.737540633710597249e-01
4.677849528410000346e+01 5.262019575571303953e-01 1.519926471542591417e-01 6.972138124663584957e-01 1.709830587274238645e-01
4.741080308410000299e+01 5.381958300946059204e-01 1.472153404203835059e-01 7.036387761999710611e-01 1.650718440803967957e-01
4.797808125600000295e+01 5.484211892879984340e-01 1.430356652478860791e-01 7.091237783108788051e-01 1.598603605379774195e-01
4.826276628409999603e+01 5.534216370203599578e-01 1.409931173140313576e-01 7.118632473496222524e-01 1.572996861254761236e-01
4.856628326219999536e+01 5.586756869455178354e-01 1.388469532447442478e-01 7.148372392530977226e-01 1.546718694047880815e-01
4.903768958410000067e+01 5.666368755144839398e-01 1.356902043317954887e-01 7.192054085893326842e-01 1.508400033808245388e-01
4.949295420600000028e+01 5.740344331752085250e-01 1.327006829839817437e-01 7.232622754649058461e-01 1.471682700939908328e-01
4.990832168409999525e+01 5.805934915040888988e-01 1.300344486920183562e-01 7.269052501676296352e-01 1.438861947005042607e-01
5.034252111220000359e+01 5.873125094167717108e-01 1.272835512477594466e-01 7.307338326369996473e-01 1.405441414671848022e-01
5.070191388410000144e+01 5.927589897603202651e-01 1.251205381352249735e-01 7.337867273422151726e-01 1.379450673071236644e-01
5.104516500599999773e+01 5.978114771332084798e-01 1.230961169209166262e-01 7.366167533523417799e-01 1.354812192948161576e-01
5.159121493410000170e+01 6.056097657842200999e-01 1.199431671047299225e-01 7.410203196318654317e-01 1.316452601808089651e-01
5.215609676220000068e+01 6.134655871305282338e-01 1.167226588466812737e-01 7.455529256095182467e-01 1.277592052250123844e-01
5.240347598409999819e+01 6.168467555764888255e-01 1.153776200304063720e-01 7.474890265142848378e-01 1.261572641825422503e-01
5.263471360599999826e+01 6.199440804103546476e-01 1.141483384761596553e-01 7.492618569039082299e-01 1.246706522970481845e-01
5.331144598409999702e+01 6.287207059178601121e-01 1.106248695038094393e-01 7.543075234532918838e-01 1.204198155967943912e-01
5.400701026219999790e+01 6.374440879337022192e-01 1.070471430473915603e-01 7.594182052002547145e-01 1.161277286267196340e-01
5.426094198410000757e+01 6.405680235871531458e-01 1.058046460473777151e-01 7.612448782859434493e-01 1.146518305401198617e-01
5.506901488409999956e+01 6.501197157155995665e-01 1.019913165879303002e-01 7.668408574878176065e-01 1.100819828773301201e-01
5.589526166220000647e+01 6.595032759950094636e-01 9.813650621912459182e-02 7.724471608897967023e-01 1.054838659260016603e-01
5.676804978410000047e+01 6.689882194847924790e-01 9.437723319552149270e-02 7.781184965467230485e-01 1.010314542535444005e-01
5.759210133410000054e+01 6.775408846770591964e-01 9.086651156350587788e-02 7.832950628288380956e-01 9.686344133629744280e-02
5.782085091220000805e+01 6.798800896686120199e-01 8.993214115216846549e-02 7.847458439187698920e-01 9.577090032350984994e-02
5.860029443410000027e+01 6.875874521223890312e-01 8.687617762969425395e-02 7.894518146012309279e-01 9.219231124594721993e-02
5.936628655600000570e+01 6.948721883405259980e-01 8.390766551926652494e-02 7.939368361311738287e-01 8.870892088223730765e-02
5.956696138409999719e+01 6.967521273389066794e-01 8.315222379048914370e-02 7.951120884326727811e-01 8.782029831119013419e-02
5.978377791220000148e+01 6.987664987066073419e-01 8.235525423544839962e-02 7.963887383876647741e-01 8.689641973159148436e-02
6.046987683409999192e+01 7.049615953117798206e-01 7.991208507926839122e-02 8.002494088949584361e-01 8.407673841937886305e-02
6.114252435600000979e+01 7.108412559524345253e-01 7.754428903908651416e-02 8.039239074830706322e-01 8.133770952210059302e-02
6.145521278409999866e+01 7.135261355556050678e-01 7.647897491052181584e-02 8.056188281059161183e-01 8.009569411166507502e-02
6.178404286220001040e+01 7.163123677400179412e-01 7.537968040525688806e-02 8.074106205486060173e-01 7.882775621564522273e-02
6.237679713410000204e+01 7.212085225899403929e-01 7.345990687196420066e-02 8.105177947941708538e-01 7.664789289523325777e-02
6.295610005600001102e+01 7.258723737758393524e-01 7.160519017116633023e-02 8.134732853924702134e-01 7.453657301343971642e-02
6.338080198410000321e+01 7.292244607050153427e-01 7.029291076302365826e-02 8.156123136062151113e-01 7.302525524703674942e-02
6.382164556219998985e+01 7.326421693150148018e-01 6.895354793512153968e-02 8.178370291097015743e-01 7.149553116874686476e-02
6.432105528409999806e+01 7.364253448031627958e-01 6.748312043566605245e-02 8.202767304076119537e-01 6.985328065357926386e-02
6.480701360599999816e+01 7.400350602692824520e-01 6.606881492527739985e-02 8.225940130731037581e-01 6.826921048769479805e-02
6.534372908409999070e+01 7.439365030377601551e-01 6.456311050836317789e-02 8.251105534102232131e-01 6.655970027082444562e-02
6.589658621220000612e+01 7.478695723837528453e-01 6.303663544224737125e-02 8.276972638676911576e-01 6.483797422084333628e-02
6.630265128410000841e+01 7.506976009705454977e-01 6.195179235043724725e-02 8.295464051192268373e-01 6.364503727733439309e-02
6.669526500599999963e+01 7.533918748327104176e-01 6.091523207496542941e-02 8.312970679837859977e-01 6.250133217050202195e-02
6.734399398409999549e+01 7.577406834382269807e-01 5.926244990625471887e-02 8.341315047182711329e-01 6.065346973343133108e-02
6.800886461219998580e+01 7.620902211447702079e-01 5.759397431617596652e-02 8.370162195665697968e-01 5.879790880515433499e-02
6.832158508409999342e+01 7.640976339043685783e-01 5.683714736676970941e-02 8.383435663122089654e-01 5.797674926892680547e-02
6.862085415600000715e+01 7.659974821954586011e-01 5.612218046076720285e-02 8.395921047135668225e-01 5.719725729206129317e-02
6.938159668410000336e+01 7.707069951072842429e-01 5.436299584162410103e-02 8.426924924715376575e-01 5.525888393373844243e-02
7.015848091220001947e+01 7.753898284948949060e-01 5.259290678624263526e-02 8.458212466107519756e-01 5.331628979931785084e-02
7.037785678410000401e+01 7.766903131754049339e-01 5.211307481084277715e-02 8.466899168651248475e-01 5.280102307885169155e-02
7.058378125600000885e+01 7.779013545898884052e-01 5.166919548074235674e-02 8.474951458604190746e-01 5.232144403098928920e-02
7.145653733410000541e+01 7.828974420129081180e-01 4.984056641315034314e-02 8.508169724685343827e-01 5.033355392794668093e-02
7.231254613410000331e+01 7.876586044254677565e-01 4.806963340564486542e-02 8.540212578835610913e-01 4.841323922189567225e-02
7.258404615599999943e+01 7.891444005455962030e-01 4.753807486301480506e-02 8.550228714522465356e-01 4.784623174814495866e-02
7.356881573409999930e+01 7.943626582430487471e-01 4.566946006146251763e-02 8.585249722128305283e-01 4.584355140150474239e-02
7.456972696219999364e+01 7.995000022926067595e-01 4.379806794821393401e-02 8.620060491884088405e-01 4.384211048204784272e-02
7.563853878410000675e+01 8.047656353868404278e-01 4.195578367848096235e-02 8.655703930761832199e-01 4.189627861731564512e-02
7.660639813410000443e+01 8.093656901601459230e-01 4.029797339355609131e-02 8.686957290415386890e-01 4.014489186581308988e-02
7.675724748409999165e+01 8.100811079196605924e-01 4.005274405243910985e-02 8.691905222300357892e-01 3.988796144991629128e-02
7.692154818410000416e+01 8.108496105150750921e-01 3.979079038559538151e-02 8.697176176202372488e-01 3.961531780703874545e-02
7.782549293409999791e+01 8.149584741987465630e-01 3.838298627317653783e-02 8.725151525279759568e-01 3.815039339583004008e-02
7.880886795600000028e+01 8.192898000451095397e-01 3.686063145161581206e-02 8.754718572277210287e-01 3.656663339694792014e-02
7.912986148410000453e+01 8.206908940178456735e-01 3.638738270121360391e-02 8.764397372657730667e-01 3.607787240172143778e-02
8.004978488410000637e+01 8.245738388673288233e-01 3.508933688530398859e-02 8.790965580408806046e-01 3.474512918279209356e-02
8.095848420600000850e+01 8.282906249073795912e-01 3.381759217356018060e-02 8.816415641169091932e-01 3.344001019541591180e-02
8.120583138410000856e+01 8.292911320161173716e-01 3.347876540749529506e-02 8.823307462724133687e-01 3.309309496963964980e-02
8.146662996220000252e+01 8.303443474035852034e-01 3.313510467593399483e-02 8.830598919903397404e-01 3.274305425402550263e-02
8.231141468410000073e+01 8.336511560601537196e-01 3.206092652420006184e-02 8.853296795672882524e-01 3.165216608260420367e-02
8.314543830599998842e+01 8.368219383903691133e-01 3.100876221661869742e-02 8.875067104231119108e-01 3.058448736612171676e-02
8.348613008409999736e+01 8.380999795659767049e-01 3.058760580133100190e-02 8.883872029070574161e-01 3.015860044143649568e-02
8.384027326220000020e+01 8.394248283028141744e-01 3.016385882760181172e-02 8.893044850958037317e-01 2.973107729379790426e-02
8.461038233409999521e+01 8.422223778012112305e-01 2.928328248880899057e-02 8.912293380310805091e-01 2.884494223294433585e-02
8.536973030600000811e+01 8.449074572970198815e-01 2.842156943172997885e-02 8.930770141555729458e-01 2.797878313738792755e-02
8.580376668410001173e+01 8.464194698892069102e-01 2.793843279434533866e-02 8.941192845291400237e-01 2.749524828082586594e-02
8.625125441219999800e+01 8.479708147706286336e-01 2.745443951091757970e-02 8.951932825655686266e-01 2.701122577994550383e-02
8.694668778409999277e+01 8.503165599396097507e-01 2.674045834926150333e-02 8.968101830120056572e-01 2.629810732102377813e-02
8.763136005599999123e+01 8.525697586178124787e-01 2.604265230974657508e-02 8.983634994168744337e-01 2.560220086700645478e-02
8.815874108410000076e+01 8.542774446445288161e-01 2.551507889368190979e-02 8.995413501191183991e-01 2.507862807383949913e-02
8.869957351219998998e+01 8.560159568912938388e-01 2.498800292803297907e-02 9.007447563095271059e-01 2.455545776642804878e-02
8.932033118410001293e+01 8.579610794336145485e-01 2.441669695066442380e-02 9.020873323437047508e-01 2.398816871092319253e-02
8.993032775600001116e+01 8.598302651207522240e-01 2.385924105990496966e-02 9.033778227634752245e-01 2.343570139091140023e-02
9.055105338410000115e+01 8.616997320069418320e-01 2.330218191252725682e-02 9.046679445979493028e-01 2.288649308796787338e-02
9.118523036220000222e+01 8.635907931987354402e-01 2.274664412513657460e-02 9.059767999028576213e-01 2.233837043837685540e-02
9.173131233409998231e+01 8.651808764542627816e-01 2.229674283866859424e-02 9.070754874784405786e-01 2.189356601689541534e-02
9.226663320599999452e+01 8.667087792348900921e-01 2.185867022870360485e-02 9.081316384659544605e-01 2.146150607777591937e-02
9.298070343410000760e+01 8.687099813799393777e-01 2.128459154511305393e-02 9.095133066184681869e-01 2.089829754661440275e-02
9.370822506220000037e+01 8.707229996988232745e-01 2.071271891753181937e-02 9.109064897110793479e-01 2.033663985767500404e-02
9.417963138410000568e+01 8.719988580627631158e-01 2.036524418582488782e-02 9.117888521795793899e-01 1.999417509832226644e-02
9.464027660600000047e+01 8.732239876106594467e-01 2.002791652385498000e-02 9.126366132747896209e-01 1.966271505076023357e-02
9.544769143409999401e+01 8.753305374752190504e-01 1.944704312123894663e-02 9.140916120221976859e-01 1.909485729713763721e-02
9.626855761219999863e+01 8.774388574454951018e-01 1.886887174853085769e-02 9.155507225301195984e-01 1.852889399730686670e-02
9.666528823410001792e+01 8.784370362441750180e-01 1.860748047484046819e-02 9.162415685640660223e-01 1.827177175871626258e-02
9.705125775599999827e+01 8.793935241753254584e-01 1.835476900951791418e-02 9.169039546938626550e-01 1.802412967872406985e-02
9.736850188569999887e+01 8.801713729446516421e-01 1.814826299832729764e-02 9.174418342655440428e-01 1.782269861665854507e-02
9.809419951380000668e+01 8.819240247026125523e-01 1.768314543823671856e-02 9.186527788048000076e-01 1.736901142452841953e-02
9.886622801219999701e+01 8.837638876932435439e-01 1.719895686189121253e-02 9.199267884720265798e-01 1.689593432513845569e-02
9.918828298409999888e+01 8.845173400533294927e-01 1.700934174798249265e-02 9.204486864059240325e-01 1.670963720212302259e-02
9.949957680599999321e+01 8.852367646742160812e-01 1.682716768528054116e-02 9.209473754957244740e-01 1.653152041982130713e-02
1.004936808341000045e+02 8.874866355506496607e-01 1.625574016763460528e-02 9.225025243616272741e-01 1.597487648981663760e-02
1.015012362622000097e+02 8.897182884816876580e-01 1.568738124551301988e-02 9.240474545206429635e-01 1.542043666783538339e-02
1.017486154840999859e+02 8.902566341394769767e-01 1.555713607597962629e-02 9.244207223135320062e-01 1.529254647127480105e-02
1.019852336560000055e+02 8.907666713492780053e-01 1.543327676478407559e-02 9.247745280919346111e-01 1.517171747050293472e-02
1.030726823340999800e+02 8.930600669041438566e-01 1.487432925375719792e-02 9.263603622328627774e-01 1.462755901173646775e-02
1.041523921840999805e+02 8.952826712627759420e-01 1.432843792938341340e-02 9.278994349857067059e-01 1.409544427623506992e-02
1.045082284060000006e+02 8.960012178764906743e-01 1.416132152312989459e-02 9.283982006299583700e-01 1.393208759957425234e-02
1.056890216341000013e+02 8.983225477627632127e-01 1.361858671971070966e-02 9.300039732613015753e-01 1.340374484782284534e-02
1.067847101340999956e+02 9.004203108858644944e-01 1.312029222496426291e-02 9.314568251010865163e-01 1.291832042350812490e-02
1.070685609559999989e+02 9.009557329607474907e-01 1.300096272112186147e-02 9.318288261029957775e-01 1.280179000773273151e-02
1.083426987841000084e+02 9.032914403838254724e-01 1.247683458931167673e-02 9.334451782097071826e-01 1.229141455284224124e-02
1.096428791341000135e+02 9.056039767780643679e-01 1.195090587673077430e-02 9.350479340630777347e-01 1.177918059552529768e-02
1.109823903560000105e+02 9.078975599752212577e-01 1.145657803824836479e-02 9.366359896930029905e-01 1.129752407122157354e-02
1.121613596340999948e+02 9.098524315965157427e-01 1.102358853535894204e-02 9.379903458266802829e-01 1.087581910934002326e-02
1.123525630840999980e+02 9.101681385462976337e-01 1.095789071829152833e-02 9.382100271671365288e-01 1.081191606672144388e-02
1.136360675059999892e+02 9.122186906498791492e-01 1.053302667403914830e-02 9.396302446958092469e-01 1.039778096067850433e-02
1.149056911341000102e+02 9.141821076599857543e-01 1.011480632420356032e-02 9.409909742375822672e-01 9.990377550219069896e-03
1.162591879340999981e+02 9.162107401711341303e-01 9.709332130746031395e-03 9.423972015459001206e-01 9.595213046068350529e-03
1.176873604340999862e+02 9.182727204154617073e-01 9.286430522284115294e-03 9.438263635559868137e-01 9.183106639195044024e-03
1.190595261840999939e+02 9.201914856433049961e-01 8.915267269517359108e-03 9.451569121082650238e-01 8.821287892180411719e-03
1.205063673840999883e+02 9.221403122384361772e-01 8.530616675018089581e-03 9.465080694097682823e-01 8.446301285593239838e-03
1.218972020840999875e+02 9.239554113083243703e-01 8.190653078558717687e-03 9.477672070959778372e-01 8.114886216419326878e-03
1.233627125840999952e+02 9.257981502527378170e-01 7.840441457311999110e-03 9.490451383320744894e-01 7.773447316397743244e-03
1.247722161341000060e+02 9.275158217590602217e-01 7.528941885640835774e-03 9.502370381591711546e-01 7.469761148714946716e-03
1.262563956341000164e+02 9.292590134834162185e-01 7.209895061059640002e-03 9.514461467011335882e-01 7.158645423301704391e-03
1.276845681840999873e+02 9.308850209652208552e-01 6.924197347658749002e-03 9.525747268201567586e-01 6.880064339127604442e-03
1.291874161840999875e+02 9.325350612309676324e-01 6.633191002912916523e-03 9.537194545542079238e-01 6.596220142640628337e-03
1.306342576840999925e+02 9.340751547934608157e-01 6.371238722204621181e-03 9.547887013462724726e-01 6.340733870194372596e-03
1.321557746841000096e+02 9.356376896054873216e-01 6.105857428284923276e-03 9.558728541655936439e-01 6.081793944266265274e-03
1.336212851841000031e+02 9.370969183593201857e-01 5.865567941517024417e-03 9.568861664333115913e-01 5.847333671551945694e-03
1.351614711840999803e+02 9.385773803712390562e-01 5.623399358120286309e-03 9.579134910078133114e-01 5.610917317315534079e-03
1.366456501840999920e+02 9.399606428818655379e-01 5.402995625228046266e-03 9.588742115637475250e-01 5.395715621449342220e-03
1.382045051840999861e+02 9.413639935087565469e-01 5.181952655831982557e-03 9.598481039560542438e-01 5.179741177544896179e-03
1.397073536841000134e+02 9.426759163656646123e-01 4.979794876622797850e-03 9.607594236577868818e-01 4.982154938389578638e-03
1.412848776840999676e+02 9.440068310170303123e-01 4.778097277713186895e-03 9.616831144623669836e-01 4.784840917642321778e-03
1.428063946840999847e+02 9.452515955286456828e-01 4.592760151492238443e-03 9.625478778147831260e-01 4.603428820267126478e-03
1.444025876841000127e+02 9.465143372149269485e-01 4.408747983773167282e-03 9.634243113495273292e-01 4.423096699171781727e-03
1.459427736841000183e+02 9.476958244948217036e-01 4.238892402310773418e-03 9.642451849605679914e-01 4.256508561044944870e-03
1.468253404357000136e+02 9.483561020010776721e-01 4.145628572020332303e-03 9.647035515564835739e-01 4.165054102704943140e-03
1.477727719638000110e+02 9.490511734270439259e-01 4.048875624168646846e-03 9.651860266193323934e-01 4.069815521998355196e-03
1.491164901841000017e+02 9.500164613768794508e-01 3.915438268745665730e-03 9.658568553331277062e-01 3.938638837767039283e-03
1.507500211841000066e+02 9.511544210668506638e-01 3.762275629699235718e-03 9.666467991195029086e-01 3.787749373366679564e-03
1.523275451840999892e+02 9.522201874225995066e-01 3.619591402418461529e-03 9.673874231680588132e-01 3.647017146552589302e-03
1.539797446841000124e+02 9.533012577961735845e-01 3.479843929170280473e-03 9.681380400419669074e-01 3.508857218340884643e-03
1.555759371840999847e+02 9.543141254834272003e-01 3.349137458187330819e-03 9.688420221944493704e-01 3.379469139181713860e-03
1.572468056840999679e+02 9.553414013537128158e-01 3.221573507025816442e-03 9.695554506374489678e-01 3.252837963126429480e-03
1.588616676841000128e+02 9.563044031640050013e-01 3.101715443935191673e-03 9.702249341714734854e-01 3.133695094886728393e-03
1.605512051841000130e+02 9.572810848657672400e-01 2.985247288424052337e-03 9.709034894947352612e-01 3.017553620818627051e-03
1.621847356840999907e+02 9.581970586895341979e-01 2.875386253563232651e-03 9.715404833866913004e-01 2.907854496970947548e-03
1.638929416841000091e+02 9.591259329103987152e-01 2.768941855647500793e-03 9.721861167690374339e-01 2.801195573450732459e-03
1.655451411840999754e+02 9.599975913819321915e-01 2.668112084187839687e-03 9.727925528430224622e-01 2.700035958446888630e-03
1.672720166841000093e+02 9.608814560271420335e-01 2.570712828171536294e-03 9.734072700965320513e-01 2.601953194717360456e-03
1.689428851840999926e+02 9.617113992033786696e-01 2.478081647826855128e-03 9.739850139243780847e-01 2.508566496834711661e-03
1.706884291840999879e+02 9.625529067608831202e-01 2.388904066852680797e-03 9.745707224284924086e-01 2.418317978274965498e-03
1.723779666840999880e+02 9.633435243371304413e-01 2.303776378394844972e-03 9.751214742324103568e-01 2.332087862028138156e-03
1.741421796841000003e+02 9.641450756012306389e-01 2.221935343072938517e-03 9.756798563655627587e-01 2.248883779943091580e-03
1.758503861840999889e+02 9.648987533725695842e-01 2.143510442436831042e-03 9.762053309938615309e-01 2.169094027644630392e-03
1.776332681840999896e+02 9.656628275590823929e-01 2.068363049107524183e-03 9.767381748793054763e-01 2.092375469812906078e-03
1.793601431840999965e+02 9.663817475370229948e-01 1.996103763088264826e-03 9.772399208532027703e-01 2.018566574938526325e-03
1.811616941841000141e+02 9.671105361911238596e-01 1.927005407557292249e-03 9.777487552093301337e-01 1.947773178259211944e-03
1.829072381841000094e+02 9.677967593315492945e-01 1.860334482405063324e-03 9.782282232240436803e-01 1.879444106076936594e-03
1.847228071559999876e+02 9.684906342240037214e-01 1.796833412265072625e-03 9.787133080318490830e-01 1.814198890244752638e-03
1.877186609357000009e+02 9.695936971833006846e-01 1.695633248553268238e-03 9.794852986919554416e-01 1.710129237637272610e-03
1.895015429356999732e+02 9.702260000878303314e-01 1.638684424810232191e-03 9.799281225211941004e-01 1.651501702499163105e-03
1.901134426840999936e+02 9.704396604644207613e-01 1.619458575083308717e-03 9.800779975325772941e-01 1.631703994123821864e-03
1.919149936841000113e+02 9.710561427790642686e-01 1.566789061583682020e-03 9.805102792164228642e-01 1.577423673999184262e-03
1.937725511841000241e+02 9.716747879757705597e-01 1.512705674361276495e-03 9.809444226724592930e-01 1.521685628876457471e-03
1.955927706841000031e+02 9.722650677185350476e-01 1.463878738671325766e-03 9.813590662315955226e-01 1.471356996392367321e-03
1.974689971841000045e+02 9.728574843562155516e-01 1.413885323597547121e-03 9.817755550152864608e-01 1.419830807325465124e-03
1.993078861840999707e+02 9.734231810319663447e-01 1.368612652644501980e-03 9.821736672474786767e-01 1.373197700055052602e-03
2.012027816840999890e+02 9.739910612008716440e-01 1.322384323529840955e-03 9.825736846222220544e-01 1.325591338652314837e-03
2.030603391841000018e+02 9.745337914623252162e-01 1.280369222600960403e-03 9.829563995003836041e-01 1.282378980652180154e-03
2.049739036841000370e+02 9.750787990195507460e-01 1.237582775882307496e-03 9.833411253722980083e-01 1.238390893255504523e-03
2.068501306841000371e+02 9.756001421284865582e-01 1.198572517070930089e-03 9.837095656627080631e-01 1.198360544051291091e-03
2.087823641840999755e+02 9.761238772280347309e-01 1.158947180694994139e-03 9.840801387274116241e-01 1.157722577411382948e-03
2.106772596840999938e+02 9.766253655997955141e-01 1.122687643694253749e-03 9.844354046390632051e-01 1.120624671507370945e-03
2.126281621841000060e+02 9.771294215925809823e-01 1.085947554483857351e-03 9.847929812873267297e-01 1.083063761217457769e-03
2.145417266841000128e+02 9.776125870471614743e-01 1.052217900696363452e-03 9.851361965323958136e-01 1.048675264715604252e-03
2.165112976841000147e+02 9.780985435512495885e-01 1.018120168017059863e-03 9.854819425691735413e-01 1.013944131034290753e-03
2.184435311840999816e+02 9.785649243175440493e-01 9.867140152394178812e-04 9.858142596312033934e-01 9.820504032273579074e-04
2.204317716840999708e+02 9.790343813707363951e-01 9.550389590621163579e-04 9.861493834560757232e-01 9.499186630032266550e-04
2.220903205138000089e+02 9.794185897696042753e-01 9.300539165282857958e-04 9.864241055152644932e-01 9.246551283634806820e-04
2.235325104857000156e+02 9.797471216809630068e-01 9.086844789138020509e-04 9.866593480895180512e-01 9.030315102003200287e-04
2.243895826840999916e+02 9.799402713563128975e-01 8.963440784129029972e-04 9.867979070104281325e-01 8.905987999275715968e-04
2.263591541841000208e+02 9.803778376233202030e-01 8.691044534539069024e-04 9.871121090473584658e-01 8.631712152126343142e-04
2.283847321841000166e+02 9.808193212151850027e-01 8.417454997570358562e-04 9.874299253172649227e-01 8.356591354399724864e-04
2.303729721840999787e+02 9.812450331555349070e-01 8.163040982824737489e-04 9.877371248124398040e-01 8.101521807931647999e-04
2.324172191841000199e+02 9.816752714290479798e-01 7.907954342671269857e-04 9.880485245139019046e-01 7.846114805989246434e-04
2.344241281840999989e+02 9.820910772255309062e-01 7.670010555617285146e-04 9.883503627334070396e-01 7.608547131523543802e-04
2.364870436840999730e+02 9.825122070078647907e-01 7.431890676991067396e-04 9.886571719909740263e-01 7.371115994886126522e-04
2.385126216840999689e+02 9.829203346751241854e-01 7.209223175202686840e-04 9.889555863680022929e-01 7.149660650788649706e-04
2.405942066841000155e+02 9.833348220101707504e-01 6.986773970510627967e-04 9.892599811196000070e-01 6.928697982244445873e-04
2.426384536840999999e+02 9.837379151382190656e-01 6.778196873841810114e-04 9.895573471709065982e-01 6.721983184448682841e-04
2.447387071841000079e+02 9.841487747929249519e-01 6.570191370073310503e-04 9.898620779933489100e-01 6.516064692683063916e-04
2.468016231841000092e+02 9.845501487300156729e-01 6.374731760849517955e-04 9.901614742590970630e-01 6.322934725073981431e-04
2.489205461841000044e+02 9.849612713294493282e-01 6.180145202964574570e-04 9.904702117181291010e-01 6.130854944435129095e-04
2.510021306840999671e+02 9.853654215217145795e-01 5.999220727234314638e-04 9.907759527368485974e-01 5.952576594353764993e-04
2.531397221841000089e+02 9.857817519755652791e-01 5.821366920661057284e-04 9.910935021201616735e-01 5.777497523066700991e-04
2.552399761841000156e+02 9.861939950371142460e-01 5.653786170297979766e-04 9.914108381571945516e-01 5.612749662534533956e-04
2.573962366840999607e+02 9.866227088930664690e-01 5.487652071926360899e-04 9.917444112069915274e-01 5.449530102922674028e-04
2.595151591841000140e+02 9.870520790448440440e-01 5.330750645968149182e-04 9.920825729409037397e-01 5.295534818847504087e-04
2.616900881841000341e+02 9.875045621113656136e-01 5.175568149981185423e-04 9.924440134448588857e-01 5.143296227291166466e-04
2.638276796841000191e+02 9.879652793463630234e-01 5.028837505593920657e-04 9.928180772751579175e-01 4.999454160214166550e-04
2.660212781840999696e+02 9.884606322874870399e-01 4.884025903125130408e-04 9.932280529987453921e-01 4.857529090823806562e-04
2.680530152137999949e+02 9.889472576820355076e-01 4.754577850006335457e-04 9.936397159621052078e-01 4.730721714466879554e-04
2.690844891857000221e+02 9.892077363921862876e-01 4.690764617659533482e-04 9.938641187104682029e-01 4.668198668539601855e-04
2.696085524856999882e+02 9.893441914602203457e-01 4.661050507332681423e-04 9.939828743734648864e-01 4.639139236500367598e-04
2.705134867154000062e+02 9.895870636571876267e-01 4.610848258236691652e-04 9.941963584122639475e-01 4.590065172335733301e-04
2.712947399138000719e+02 9.898052328998381277e-01 4.568494764311302817e-04 9.943905586933570184e-01 4.548680814351780820e-04
2.717814653638000095e+02 9.899456843100812309e-01 4.542960222908152732e-04 9.945168502313643799e-01 4.523738337828473984e-04
2.724603885653999669e+02 9.901480798111105264e-01 4.508835626282420772e-04 9.947006557644585412e-01 4.490419562618699944e-04
2.732436583856999732e+02 9.903922243388777469e-01 4.470691952465814605e-04 9.949253281680159322e-01 4.453201979697575291e-04
2.736930459856999960e+02 9.905381772893981918e-01 4.449649129476562792e-04 9.950612067209398948e-01 4.432683945928867116e-04
2.740135610653999834e+02 9.906452519789998856e-01 4.437327077874751269e-04 9.951616059238060918e-01 4.418887945495426233e-04
2.742499018153999941e+02 9.907255293021774989e-01 4.428884112564143456e-04 9.952375952575638340e-01 4.408988631597314674e-04
2.743499018154000169e+02 9.907599456980651365e-01 4.424374313820044510e-04 9.952702812660151332e-01 4.404807272197347728e-04
2.744499020654000105e+02 9.907946549175653539e-01 4.419894990336268670e-04 9.953032978069299430e-01 4.400628949443427160e-04
2.745499023154000042e+02 9.908296516422618883e-01 4.415446972243176546e-04 9.953366554740166183e-01 4.396453670451778441e-04
2.746999020654000105e+02 9.908826903948322329e-01 4.408848106385505916e-04 9.953873542524819262e-01 4.390381796322168637e-04
2.748499018154000169e+02 9.909363973057980779e-01 4.402299509043706418e-04 9.954388548559982564e-01 4.384479912462279066e-04
2.749499020654000105e+02 9.909725836498397555e-01 4.397985606620078477e-04 9.954736429128996367e-01 4.380647530025013345e-04
2.750499023154000042e+02 9.910090826098402195e-01 4.393707654093506631e-04 9.955088079216597441e-01 4.376817934269572590e-04
2.751999020654000105e+02 9.910644316571530776e-01 4.387374980778614773e-04 9.955622889364783568e-01 4.371079825088623554e-04
2.753499018154000169e+02 9.911205251779666714e-01 4.381100339904450258e-04 9.956166873734113576e-01 4.365345884532980574e-04
2.754499020654000105e+02 9.911583483642846248e-01 4.376977227473063600e-04 9.956534868688944329e-01 4.361527405165354959e-04
2.755499023154000042e+02 9.911965227670098688e-01 4.372895844345638344e-04 9.956907391626735881e-01 4.357895460017744034e-04
2.756999020654000105e+02 9.912544609533736617e-01 4.366871876475575962e-04 9.957474256517956368e-01 4.352783211945745610e-04
2.758499018154000169e+02 9.913132404795572672e-01 4.360915660950892580e-04 9.958051377908199164e-01 4.347701768969888239e-04
2.759499020654000105e+02 9.913529121163409119e-01 4.357015066491348992e-04 9.958442120341847170e-01 4.344317809315940645e-04
2.760499023154000042e+02 9.913929859617764961e-01 4.353204518538341880e-04 9.958837872679970893e-01 4.340976683079758418e-04
2.761997106153999653e+02 9.914537792276801875e-01 4.347712289244169410e-04 9.959440351806871927e-01 4.336076221519656582e-04
2.763497103654000284e+02 9.915155962111344978e-01 4.342312948531402051e-04 9.960055892941027667e-01 4.331465144150333326e-04
2.764499020654000105e+02 9.915574358296684876e-01 4.338789604953222296e-04 9.960473726912151271e-01 4.328750566670759169e-04
2.765499023154000042e+02 9.915996480530366863e-01 4.335331376060041716e-04 9.960896348019294688e-01 4.326043140157930303e-04
2.766999020654000674e+02 9.916638405745658025e-01 4.330281930398580397e-04 9.961541258765026496e-01 4.321986419348219336e-04
2.768499018154000169e+02 9.917291242229014925e-01 4.325328308224808660e-04 9.962200010105070058e-01 4.317932629696967224e-04
2.769499020654000105e+02 9.917732773626184439e-01 4.322125825474738706e-04 9.962647278435303733e-01 4.315233019644361574e-04
2.770499023154000042e+02 9.918179515101543942e-01 4.318993639760928833e-04 9.963101426278093697e-01 4.312715740160074675e-04
2.771999020654000105e+02 9.918859717952198674e-01 4.314462565774868389e-04 9.963795412006473118e-01 4.309561327058703526e-04
2.773499018154000169e+02 9.919552544373955172e-01 4.310048097548926645e-04 9.964505151679978745e-01 4.306582716903773313e-04
2.774499020654000105e+02 9.920021743980758089e-01 4.307227167083894416e-04 9.964987634458062349e-01 4.304599115798422707e-04
2.775499023154000042e+02 9.920497000243105878e-01 4.304492484946398616e-04 9.965477934314846964e-01 4.302616944058591276e-04
2.776804655653999703e+02 9.921126940480538003e-01 4.301082895728171773e-04 9.966130423041832387e-01 4.300031396017423122e-04
2.778304653154000334e+02 9.921864393088375422e-01 4.297331358280503185e-04 9.966898507966347465e-01 4.297712620327619865e-04
2.779499020654000105e+02 9.922462622303592772e-01 4.294529871762735947e-04 9.967523844954974122e-01 4.296500158870145852e-04
2.780499023154000042e+02 9.922971281056907067e-01 4.292385798818884645e-04 9.968057391021196700e-01 4.295551231956713594e-04
2.781999020654000105e+02 9.923748012184182565e-01 4.289472399786599887e-04 9.968875686258333868e-01 4.294170968851493430e-04
2.783499018154000169e+02 9.924542102484912309e-01 4.286741060728726897e-04 9.969716998526912954e-01 4.292791697671495782e-04
2.784499020654000105e+02 9.925081629425068774e-01 4.285112422253502013e-04 9.970291720875528174e-01 4.292275095886134012e-04
2.785499023154000042e+02 9.925629595505047753e-01 4.283621182985239743e-04 9.970877382113196852e-01 4.292385567674808326e-04
2.786999020654000105e+02 9.926468023466654689e-01 4.281716697701007943e-04 9.971777068017706469e-01 4.292888144504583016e-04
2.788499018154000169e+02 9.927327280609277160e-01 4.280047290345618356e-04 9.972704262821948662e-01 4.293390360805567183e-04
2.789499020654000105e+02 9.927912317830777100e-01 4.279183953960324352e-04 9.973338778677006689e-01 4.293724812968539016e-04
2.790499023154000042e+02 9.928507548606505528e-01 4.278500257951129175e-04 9.973987379451552115e-01 4.294287252050379305e-04
2.791999020654000105e+02 9.929420370902816151e-01 4.277912576874070682e-04 9.974987405857371758e-01 4.296723484388156986e-04
2.793499018153999600e+02 9.930358563706686015e-01 4.277636548026038528e-04 9.976020490836572385e-01 4.299783830913018676e-04
2.794499020654000105e+02 9.930998958523379327e-01 4.277785583743198947e-04 9.976729293983442881e-01 4.301821880025684646e-04
2.795499023154000042e+02 9.931651886260485229e-01 4.278176332931341204e-04 9.977455338538196994e-01 4.303858471044969339e-04
2.796999020654000105e+02 9.932655949999618095e-01 4.279357007117567946e-04 9.978578964765264514e-01 4.308411455422942577e-04
2.798499018154000169e+02 9.933691535012900697e-01 4.280964092114097549e-04 9.979745137232709506e-01 4.314146836352794352e-04
2.799499020654000105e+02 9.934400593300787286e-01 4.282494751614513762e-04 9.980547703436385421e-01 4.318545926055638662e-04
2.800499023154000042e+02 9.935125401923772248e-01 4.284362127088399918e-04 9.981371913884443670e-01 4.322941874111159823e-04
2.801679483654000364e+02 9.936002353871429271e-01 4.287099945935374029e-04 9.982374867759400416e-01 4.328126731705287354e-04
2.803179481154000428e+02 9.937152073109177808e-01 4.291344911463085342e-04 9.983700723623827322e-01 4.337462918570209633e-04
2.804499020654000105e+02 9.938198739557934092e-01 4.295735110368597361e-04 9.984913943623795474e-01 4.347681040522409263e-04
2.805499023153999474e+02 9.939015505653702176e-01 4.299752497721114975e-04 9.985865978709237423e-01 4.355455755510530161e-04
2.806806467654000130e+02 9.940115915031245697e-01 4.306048153814522029e-04 9.987157150545528106e-01 4.365690077914012460e-04
2.808306465153999625e+02 9.941427188773396262e-01 4.314325373443110676e-04 9.988711010692183923e-01 4.380820784492384361e-04
2.809499020654000105e+02 9.942510213958457577e-01 4.321898666130027456e-04 9.990001104650777508e-01 4.395971297212186431e-04
2.810499023154000042e+02 9.943448151616074426e-01 4.329165111258868274e-04 9.991124822743537859e-01 4.408664793603778252e-04
2.811746762653999667e+02 9.944659343277341135e-01 4.339606356730391079e-04 9.992586427562105689e-01 4.424488875904719490e-04
2.813246760154000299e+02 9.946180563830785415e-01 4.353876857840404194e-04 9.994442507968733791e-01 4.448970289379183926e-04
2.814499020654000105e+02 9.947510660979684838e-01 4.367391365208082832e-04 9.996074603553476434e-01 4.473934460808864531e-04
2.815499023154000042e+02 9.948615729699894494e-01 4.379756908470501466e-04 9.997439882379373088e-01 4.493852068593838511e-04
2.816500368154000284e+02 9.949763678035984382e-01 4.393532270887656179e-04 9.998869066116371496e-01 4.513782234122496926e-04
2.818000365654000348e+02 9.951567822350870784e-01 4.417844919882750140e-04 1.000114049005831784e+00 4.554799506576628952e-04
2.819499020654000105e+02 9.953483909433665788e-01 4.444952616849952255e-04 1.000357003123058197e+00 4.601367535691686409e-04
2.820499023154000042e+02 9.954833636469517799e-01 4.466283586285073369e-04 1.000529834821120900e+00 4.632407812804370095e-04
2.821999020654000105e+02 9.956977736046166427e-01 4.504490351763904563e-04 1.000807923516271680e+00 4.695625366802914902e-04
2.823499018154000169e+02 9.959286345425308884e-01 4.547596601070318621e-04 1.001109810372905917e+00 4.767782566930192927e-04
2.824499020654000105e+02 9.960930904576397182e-01 4.582189259490192105e-04 1.001327417315307056e+00 4.818259935325960538e-04
2.825499023154000042e+02 9.962671109354489518e-01 4.621656712814742047e-04 1.001560734177842749e+00 4.883751073888651468e-04
2.826999020654000105e+02 9.965486077364685835e-01 4.694898699389291790e-04 1.001940377533305560e+00 5.002071177247859914e-04
2.828499018154000169e+02 9.968595165190217156e-01 4.779795814162512567e-04 1.002367822240432638e+00 5.139321569644453866e-04
2.829499020654000105e+02 9.970865957795036483e-01 4.851056947947166584e-04 1.002683036069903277e+00 5.263618643561146070e-04
2.830499023154000611e+02 9.973325418709624302e-01 4.935628777609798014e-04 1.003027513859981790e+00 5.395369303926368133e-04
2.831999020654000105e+02 9.977440369657583075e-01 5.105874721737108926e-04 1.003616086104867522e+00 5.678486744030123053e-04
2.833499018154000169e+02 9.982222156311821859e-01 5.316324596013981534e-04 1.004309529618632846e+00 6.018232432321391021e-04
2.834499020654000105e+02 9.985907407491635412e-01 5.513917482458442244e-04 1.004859884277272242e+00 6.361075832389375198e-04
2.835499023154000042e+02 9.990122368510528927e-01 5.774287333976963615e-04 1.005489211208062450e+00 6.801645854544745339e-04
2.836999020654000105e+02 9.997800010606737731e-01 6.445157567305805600e-04 1.006677467276312798e+00 7.899712852053630049e-04
2.838499018154000169e+02 1.000820827334713004e+00 7.485755230305775288e-04 1.008358943961609411e+00 9.847313715280056005e-04
2.839499020654000105e+02 1.001801504518434083e+00 9.024424043813860600e-04 1.009973372770822442e+00 1.294267378399984727e-03
2.840499023154000042e+02 1.003259145937288377e+00 1.289129408846889906e-03 1.012436703528275528e+00 2.084501020376603505e-03
2.841872399154000277e+02 1.005768676711773280e+00 4.524138437792084300e-03 1.016462528470468252e+00 8.133180773235125505e-03
2.843372396653999772e+02 1.003776966408857385e+00 8.203920020960958626e-03 1.011589310356538984e+00 1.425040524805039691e-02
2.844499020654000105e+02 1.002046021189802794e+00 9.054087348018075021e-03 1.008639258360875646e+00 1.502306476340012527e-02
2.845499023154000042e+02 1.001041860135200690e+00 9.247474306952736117e-03 1.006780387802948429e+00 1.512384406350937571e-02
2.846999020654000674e+02 9.999982354294694176e-01 9.418216674507012831e-03 1.004836897378948768e+00 1.502290360924783859e-02
2.848499018154000169e+02 9.992231411748979664e-01 9.555338817490845876e-03 1.003385955957577069e+00 1.487785788235532550e-02
2.849499020654000105e+02 9.987900835929385268e-01 9.630111417575228094e-03 1.002584286210707498e+00 1.474889547716468421e-02
2.850499023154000042e+02 9.984030858810784004e-01 9.698756744714480404e-03 1.001890797374414221e+00 1.461055934338835807e-02
2.851999020653999537e+02 9.978847297247626091e-01 9.791275844991804284e-03 1.000992112281213764e+00 1.439741900781875417e-02
2.853499018154000169e+02 9.974163951968570974e-01 9.877090533384801432e-03 1.000227763616151178e+00 1.418132737111864501e-02
2.854499020654000105e+02 9.971234116790778090e-01 9.927092856707966928e-03 9.997767913082858948e-01 1.403834069630222406e-02
2.855499023154000042e+02 9.968422022765195400e-01 9.971780434046242925e-03 9.993628241907843712e-01 1.389660554194683401e-02
2.856559934154000189e+02 9.965539073697844419e-01 1.001215084323305894e-02 9.989600529006832375e-01 1.374634922203400549e-02
2.858059931654000252e+02 9.961622028897781922e-01 1.005416505083059180e-02 9.984480777794656481e-01 1.354026410845001610e-02
2.859499018354000555e+02 9.957991469685260055e-01 1.008287984663880192e-02 9.980035886080574903e-01 1.334621665455943372e-02
2.860499020703999804e+02 9.955522832966123836e-01 1.009056376706235492e-02 9.977216692951262900e-01 1.321289256110841706e-02
2.861499022854000032e+02 9.953105784572338077e-01 1.008882867132719283e-02 9.974592764705420000e-01 1.308383260419214954e-02
2.862999020703999804e+02 9.949603024415629715e-01 1.006383532668331943e-02 9.970912901166759656e-01 1.289462925486555347e-02
2.864499018554000145e+02 9.946237613161300617e-01 1.002354536308737269e-02 9.967581207564583101e-01 1.270747508691189714e-02
2.865499020703999804e+02 9.944065778606895334e-01 9.981321266796825548e-03 9.965534283895038925e-01 1.258814278771074047e-02
2.866499022854000032e+02 9.941970726008108050e-01 9.928913968429027223e-03 9.963569809209247286e-01 1.247164461751281046e-02
2.867661884707000013e+02 9.939642166610413998e-01 9.854235765842083578e-03 9.961414378657762470e-01 1.233628349132851777e-02
2.869161882556999785e+02 9.936841098116038218e-01 9.740049882883626206e-03 9.958865525719278189e-01 1.216713445686755379e-02
2.870499020704000372e+02 9.934523461935648170e-01 9.625447771954169507e-03 9.956738551006131255e-01 1.202178492434298300e-02
2.871499022854000032e+02 9.932908387260365179e-01 9.529105448191573652e-03 9.955223565234161409e-01 1.191515631635161644e-02
2.872774259554000196e+02 9.931021964576558503e-01 9.395550207077168689e-03 9.953402785366249894e-01 1.177930059966020467e-02
2.874274257403999968e+02 9.929056259858748401e-01 9.229333425364276075e-03 9.951463022333556507e-01 1.162637988770618032e-02
2.875499020704000372e+02 9.927641810452568771e-01 9.087281479257037706e-03 9.949929154519503438e-01 1.150751986062224785e-02
2.876499022854000032e+02 9.926622334672565717e-01 8.967491035009114708e-03 9.948729810115893857e-01 1.141055495949640751e-02
2.877794564003999653e+02 9.925479057252882820e-01 8.809778783449523018e-03 9.947264139327081089e-01 1.128504630033161198e-02
2.879294561853999994e+02 9.924399694014914841e-01 8.626450069684814259e-03 9.945732239705183941e-01 1.114612424865939720e-02
2.880499020704000372e+02 9.923712019338035706e-01 8.479946430564520160e-03 9.944527075541247374e-01 1.104036233101230932e-02
2.881499022854000032e+02 9.923259498414150892e-01 8.359838955653323481e-03 9.943561801845388626e-01 1.095262689992960482e-02
2.882999020703999804e+02 9.922764480229983031e-01 8.184882438682027431e-03 9.942194320541291042e-01 1.082116113675456355e-02
2.884499018553999576e+02 9.922481726254599455e-01 8.014396661608311559e-03 9.940971886080507414e-01 1.069393554324773142e-02
2.885499020703999804e+02 9.922405301211332240e-01 7.906051958468208324e-03 9.940169560219154210e-01 1.061475953521875439e-02
2.886499022854000032e+02 9.922408352400821085e-01 7.801642625455195573e-03 9.939384059700234753e-01 1.053565954738925475e-02
2.887999020703999804e+02 9.922543812741542180e-01 7.654897956361315578e-03 9.938258749848637441e-01 1.041713321334134489e-02
2.889499018554000145e+02 9.922828272531120097e-01 7.515096419788048696e-03 9.937224283018012416e-01 1.029948492784711969e-02
2.890499020704000372e+02 9.923100289127806395e-01 7.429066583740851458e-03 9.936596210285412178e-01 1.022523320472788766e-02
2.891499022854000032e+02 9.923426991745113446e-01 7.348095319372177810e-03 9.935959213601547324e-01 1.015407083910412935e-02
2.892999020704000372e+02 9.923997129131045813e-01 7.237824162942258117e-03 9.935028340504946653e-01 1.004743833886312734e-02
2.894499018554000145e+02 9.924668088203421057e-01 7.135013883779118410e-03 9.934149159191592027e-01 9.940879530786447468e-03
2.895499020703999804e+02 9.925172378627281633e-01 7.074219432261811928e-03 9.933604985042981950e-01 9.870077578944074642e-03
2.896499022854000032e+02 9.925707644240152616e-01 7.018396942759136913e-03 9.933113270904246894e-01 9.802826806219090347e-03
2.897999020703999804e+02 9.926562022775519134e-01 6.945431991082301471e-03 9.932353515802161414e-01 9.707065169818193326e-03
2.899499018554000145e+02 9.927479385539043077e-01 6.879654536616295474e-03 9.931615412705131485e-01 9.611371546953503819e-03
2.900499020703999804e+02 9.928130711686548038e-01 6.842994180122073319e-03 9.931145612506366849e-01 9.547641558058095335e-03
2.901499022854000032e+02 9.928802021037339554e-01 6.811050850035623404e-03 9.930701198190683421e-01 9.483955498175981880e-03
2.902999020703999804e+02 9.929838873891715378e-01 6.773251215105744946e-03 9.930092389016010879e-01 9.393324715222448745e-03
2.904499018554000145e+02 9.930916876451194586e-01 6.742171386081506103e-03 9.929490849103145278e-01 9.305929578517817963e-03
2.905499020703999804e+02 9.931662621297246973e-01 6.728129417750961655e-03 9.929096207645560224e-01 9.248756459316215608e-03
2.906499022853999463e+02 9.932421665501997010e-01 6.718429150499811119e-03 9.928711700787378192e-01 9.191622681689388952e-03
2.907999020703999804e+02 9.933577450516399843e-01 6.713384789537930018e-03 9.928164171497291246e-01 9.106010713767648604e-03
2.909499018554000713e+02 9.934760245499889564e-01 6.714667962637955144e-03 9.927677865141958380e-01 9.022205221637276396e-03
2.910499020704000372e+02 9.935567310709195743e-01 6.721695488186876961e-03 9.927368039165000990e-01 8.969862153102192703e-03
2.911499022854000032e+02 9.936384890423380911e-01 6.732734738965235992e-03 9.927050377300218331e-01 8.918694745878948463e-03
2.912657934707000322e+02 9.937345356104547722e-01 6.751318598631358102e-03 9.926686641141800882e-01 8.859443543301259716e-03
2.914157932556999526e+02 9.938595416394372384e-01 6.783324734577009761e-03 9.926233542893497797e-01 8.782832347160509506e-03
2.915499020704000372e+02 9.939734723358238933e-01 6.817876950373099286e-03 9.925854457839242695e-01 8.714397398513753709e-03
2.916499022854000032e+02 9.940600821779973506e-01 6.849297402747837535e-03 9.925599296216743861e-01 8.664249029975595526e-03
2.917999020704000372e+02 9.941902617903114470e-01 6.905958004221270270e-03 9.925237703629954389e-01 8.593828686962302552e-03
2.919499018554000145e+02 9.943220388731872639e-01 6.968863090521332238e-03 9.924861785188506813e-01 8.525194046424889802e-03
2.920499020704000372e+02 9.944114291894150526e-01 7.017299157979156078e-03 9.924616170803211013e-01 8.479484460290143480e-03
2.921499022854000032e+02 9.945011887981778376e-01 7.070060738979399781e-03 9.924377992900341727e-01 8.433806166029782225e-03
2.922999020703999804e+02 9.946363290824050685e-01 7.159164013238325346e-03 9.924040797178977913e-01 8.365359276285882356e-03
2.924499018554000145e+02 9.947727232793404095e-01 7.255304617043745706e-03 9.923748430438180668e-01 8.298477300663329587e-03
2.925499020703999804e+02 9.948647036533838639e-01 7.326376005128878988e-03 9.923559310284302271e-01 8.256706303571429220e-03
2.926499022854000032e+02 9.949575109986317223e-01 7.402319169538589851e-03 9.923362720728923225e-01 8.215711138087786539e-03
2.927999020704000372e+02 9.950961822717437899e-01 7.527956820415108823e-03 9.923070012725243583e-01 8.154281600535719446e-03
2.929499018554000145e+02 9.952354602607108580e-01 7.661435722762111739e-03 9.922788793456066569e-01 8.092894008748361193e-03
2.930499020704000372e+02 9.953294835588525347e-01 7.758577400906357599e-03 9.922611506401463055e-01 8.052010699103325647e-03
2.931499022854000600e+02 9.954238514794742088e-01 7.861713759358374132e-03 9.922446963347051341e-01 8.011155281886655349e-03
2.932999020704000372e+02 9.955637467416008635e-01 8.030203670961803125e-03 9.922230331882878618e-01 7.953308293181061972e-03
2.934499018554000145e+02 9.957034206554776778e-01 8.207986371097717240e-03 9.922003944219961458e-01 7.897555019629527717e-03
2.935499020703999804e+02 9.957975324236840731e-01 8.336539678600072417e-03 9.921851904940901523e-01 7.860913465263078687e-03
2.936499022854000032e+02 9.958911340080897068e-01 8.472246339146229446e-03 9.921701877894293364e-01 7.824296866844016388e-03
2.937999020703999804e+02 9.960296825752855687e-01 8.692712507791220539e-03 9.921485196298222009e-01 7.769428237095879486e-03
2.939499018554000145e+02 9.961681534543354033e-01 8.925399243565241419e-03 9.921284836859246559e-01 7.714596945667386192e-03
2.940499020703999804e+02 9.962625826839571763e-01 9.093910147811903530e-03 9.921167911841349829e-01 7.678511333634929423e-03
2.941499022854000032e+02 9.963603122508580823e-01 9.274378145797200490e-03 9.921064699847977897e-01 7.644236897159391482e-03
2.945765515319000087e+02 9.966403575552117422e-01 1.023763567660365519e-02 9.920568999277965538e-01 7.504227335485979741e-03
2.950179612519000329e+02 9.967736519776119186e-01 1.125618439553765886e-02 9.920153961761120076e-01 7.361565427836352753e-03
2.954753498345500020e+02 9.968024089521073661e-01 1.270278644658897824e-02 9.919752479081169749e-01 7.226983248542165339e-03
2.959354286938499854e+02 9.963675388277576372e-01 1.422255941718632288e-02 9.919432706891485596e-01 7.093610748241799442e-03
2.964114861986999472e+02 9.955285316129093287e-01 1.594617398633181929e-02 9.919124565187592557e-01 6.967649996702623451e-03
2.968902339794000227e+02 9.939442441408037343e-01 1.770446104433344089e-02 9.918890384641874114e-01 6.842882472050559883e-03
2.973849604053999656e+02 9.916147558014838381e-01 1.855037106374590739e-02 9.918664114601090098e-01 6.725407321710530698e-03
2.978823771104000571e+02 9.891465091201659954e-01 1.924008398446478557e-02 9.918500020422437169e-01 6.609009753071287512e-03
2.983957724603999964e+02 9.862021448365603238e-01 1.820862122801487556e-02 9.918342054244663197e-01 6.499189704812987321e-03
2.989118580854000129e+02 9.843193825182146028e-01 1.688305684651221494e-02 9.918238861726048627e-01 6.390367035494776485e-03
2.994439223553999909e+02 9.827944546306887075e-01 1.498700073277916232e-02 9.918140530415193723e-01 6.287638497915862962e-03
2.999786769003999893e+02 9.821432100106974872e-01 1.299369945559125661e-02 9.918089903229722060e-01 6.185826864570987890e-03
3.002495037056999649e+02 9.821320402358771906e-01 1.218115865616631495e-02 9.918068740358663149e-01 6.138409911849641853e-03
3.007220250406999753e+02 9.820622857848372300e-01 1.090326313239527167e-02 9.918032501569425952e-01 6.055899934061921563e-03
3.010828335553999864e+02 9.821875898743006594e-01 9.929274854174587051e-03 9.918042854220675553e-01 5.994291874640362422e-03
3.016522356704000458e+02 9.826324452170271950e-01 8.920757761075181688e-03 9.918042448466651839e-01 5.904467045639661370e-03
3.022243280604000120e+02 9.829989711305602285e-01 7.995462445300090260e-03 9.918078183311125340e-01 5.815435071457794418e-03
3.028123990953999964e+02 9.834967629638645681e-01 7.383549165376403212e-03 9.918115525403521371e-01 5.731218327835833730e-03
3.034031604104000053e+02 9.838835773091287873e-01 6.825109322339597932e-03 9.918185625497737412e-01 5.647748348323374662e-03
3.040099003653999716e+02 9.843122031287101503e-01 6.446897920225519094e-03 9.918256617720825341e-01 5.568838456800708804e-03
3.046193305953999584e+02 9.846510951793517874e-01 6.099421732491413714e-03 9.918355582206984655e-01 5.490619361850293187e-03
3.048808231057000171e+02 9.848169404661378801e-01 5.986322013772642399e-03 9.918399323458628736e-01 5.459578781680363320e-03
3.054172590256999911e+02 9.850758089922384553e-01 5.792340652803129250e-03 9.918483822368818759e-01 5.396116704147998003e-03
3.058728386553999599e+02 9.852785720978637363e-01 5.627895723320769546e-03 9.918580125911673484e-01 5.343189632606127129e-03
3.065169164653999587e+02 9.855545712438135153e-01 5.460728479183375901e-03 9.918703931588389588e-01 5.273652610167897312e-03
3.071636845154000071e+02 9.857840124158945283e-01 5.303750803152896924e-03 9.918849636539158743e-01 5.204707213399219559e-03
3.077845373637999842e+02 9.859925269983493834e-01 5.189329633897994329e-03 9.918985796323649407e-01 5.143456523392787687e-03
3.084499743637999813e+02 9.861808402026521758e-01 5.073665111128885380e-03 9.919146038910121588e-01 5.078636701572983823e-03
3.091454078356999844e+02 9.863647180443546603e-01 4.975367876948879470e-03 9.919314512891190816e-01 5.015496199155379184e-03
3.098295137356999476e+02 9.865199960471362495e-01 4.884195123331677366e-03 9.919491885755127303e-01 4.954474331708231573e-03
3.105574743153999293e+02 9.866731080046751146e-01 4.801581781737946156e-03 9.919678274061203282e-01 4.894028887013051471e-03
3.112602491654000119e+02 9.868027522821207764e-01 4.724751257796481335e-03 9.919870069577394478e-01 4.836546744828848499e-03
3.119790026654000030e+02 9.869257553884697165e-01 4.654684369987365476e-03 9.920060265515708853e-01 4.781833820913469237e-03
3.127004464654000344e+02 9.870364650196498113e-01 4.585770595194380191e-03 9.920262703985436303e-01 4.727545522632888020e-03
3.129385864138000102e+02 9.870721843718082145e-01 4.564068370514560991e-03 9.920329592050171064e-01 4.710788125557985491e-03
3.135708941638000624e+02 9.871599777614479265e-01 4.508648901029479843e-03 9.920500301308212698e-01 4.666489441696985638e-03
3.141779815154000062e+02 9.872390315281820428e-01 4.455527288195055419e-03 9.920676796688590038e-01 4.624545449915067746e-03
3.143367950356999927e+02 9.872594555946988537e-01 4.441867914221486226e-03 9.920722825218849517e-01 4.614237109386672663e-03
3.149850814857000501e+02 9.873383290899450104e-01 4.388025434338697212e-03 9.920902922766873244e-01 4.572384354959992472e-03
3.156928544653999893e+02 9.874198830735532173e-01 4.329306886792345932e-03 9.921115716386383898e-01 4.527425966934993731e-03
3.164676147154000319e+02 9.875051335034873423e-01 4.268119238038516755e-03 9.921335167502134400e-01 4.482639481224845630e-03
3.172450652654000010e+02 9.875853434224285410e-01 4.207237467505192501e-03 9.921559822452787891e-01 4.438395410233380613e-03
3.176138877138000112e+02 9.876223909366774745e-01 4.179049346563454802e-03 9.921661252511054796e-01 4.419292405081662670e-03
3.182941314138000166e+02 9.876876057453070068e-01 4.127681947056464733e-03 9.921833635544109464e-01 4.384196534172198588e-03
3.188346138654000015e+02 9.877371072499397942e-01 4.086918633737418594e-03 9.921970152659616016e-01 4.356735290705083738e-03
3.190307651357000509e+02 9.877545327296729516e-01 4.071983495174328997e-03 9.922017048499598424e-01 4.347266389696028722e-03
3.197269874857000218e+02 9.878155725678195997e-01 4.018656863982011593e-03 9.922168047675544722e-01 4.313847694178233987e-03
3.204615003154000306e+02 9.878767975772487775e-01 3.962287992004391059e-03 9.922301341087785831e-01 4.278189825392727207e-03
3.212922673654000505e+02 9.879442463816615616e-01 3.892049925593048243e-03 9.922451662553010143e-01 4.235557009155756919e-03
3.221257246654000141e+02 9.880155876999758835e-01 3.820577815098094403e-03 9.922590851197331530e-01 4.192233659906767322e-03
3.224758783138000240e+02 9.880460370842336637e-01 3.789999581850398650e-03 9.922654041417364734e-01 4.172619082301799731e-03
3.232040580137999655e+02 9.881121936405786732e-01 3.726193592929787340e-03 9.922803430370173983e-01 4.132004368235040435e-03
3.237874779856999794e+02 9.881681563533014634e-01 3.675257769989411557e-03 9.922937254257027107e-01 4.099625498521957193e-03
3.246555828356999882e+02 9.882544949103637677e-01 3.604752522030608974e-03 9.923148210671660641e-01 4.052674586711642844e-03
3.255661868154000445e+02 9.883487594110526020e-01 3.531777911723414046e-03 9.923396631818607316e-01 4.003952559284873480e-03
3.264529605654000193e+02 9.884440629110362586e-01 3.469817938839710441e-03 9.923643452432842071e-01 3.959708767984024616e-03
3.273424246654000171e+02 9.885410126779072826e-01 3.409372103689327881e-03 9.923904717501569328e-01 3.915821769055894373e-03
3.275245582638000315e+02 9.885621228668854954e-01 3.398231442570992696e-03 9.923959035631443326e-01 3.907387279275209742e-03
3.281234466841000312e+02 9.886278587751043956e-01 3.365117010212989677e-03 9.924133122006060237e-01 3.879786523852876527e-03
3.288467558357000371e+02 9.887064864660920493e-01 3.325191991918850353e-03 9.924345450298849292e-01 3.846509872509337909e-03
3.291560003654000184e+02 9.887417373838809365e-01 3.308974134894488925e-03 9.924441675059015866e-01 3.832685679077472377e-03
3.300801119654000217e+02 9.888435872126245529e-01 3.269737859326683586e-03 9.924714633902471661e-01 3.792943727290892450e-03
3.310069138654000653e+02 9.889440522359758123e-01 3.232252445522823623e-03 9.924993551019264393e-01 3.753439947560793192e-03
3.318144561138000199e+02 9.890304163240430935e-01 3.208435853034652830e-03 9.925233505526960265e-01 3.720801391308000469e-03
3.326225290137999764e+02 9.891129152927071733e-01 3.185530015069336189e-03 9.925473525888233173e-01 3.688199030303239163e-03
3.328951652654000100e+02 9.891416120144876922e-01 3.178613052854693116e-03 9.925558168914344614e-01 3.677527304561150050e-03
3.332686709356999586e+02 9.891800936701564684e-01 3.171402437816811699e-03 9.925669961209244718e-01 3.663299420844905434e-03
3.340927224356999545e+02 9.892594522701209092e-01 3.157147414276842770e-03 9.925912557071396858e-01 3.632073014701496516e-03
3.348207544653999435e+02 9.893284555464543217e-01 3.145222975003551889e-03 9.926131086574271345e-01 3.604797464450851772e-03
3.358008728653999810e+02 9.894167527018066233e-01 3.135724568988175476e-03 9.926417948804042712e-01 3.569741128609546163e-03
3.367836815154000192e+02 9.895002048107368608e-01 3.127119304821686374e-03 9.926705983627708285e-01 3.534835509014309495e-03
3.371805073638000181e+02 9.895329007748464578e-01 3.125109077977740197e-03 9.926821458525065811e-01 3.521278977171837885e-03
3.379059611841000219e+02 9.895895676896390158e-01 3.121917537608595323e-03 9.927029557094413370e-01 3.496601135496240319e-03
3.385079226857000094e+02 9.896347638313419681e-01 3.119288221460177462e-03 9.927202427450172451e-01 3.476183280806513336e-03
3.387839464653999926e+02 9.896552336039455833e-01 3.118313318425649724e-03 9.927283392298024145e-01 3.467022587449756100e-03
3.398014026654000190e+02 9.897268151685147952e-01 3.115891197948699506e-03 9.927571796626732947e-01 3.433975424532768016e-03
3.408215491653999720e+02 9.897939920343588049e-01 3.113569162822356785e-03 9.927860889044479720e-01 3.401038632345040804e-03
3.416944324638000126e+02 9.898483230837860081e-01 3.111600005140697719e-03 9.928105059288193646e-01 3.373824737058319853e-03
3.425823985637999840e+02 9.899008854598533302e-01 3.109575556692808444e-03 9.928351844151012129e-01 3.346196280434064491e-03
3.428964897654000197e+02 9.899187067896880743e-01 3.108760940917584207e-03 9.928440703744644269e-01 3.336611445922001758e-03
3.431673163856999622e+02 9.899338814185845159e-01 3.107911679540562803e-03 9.928516052914646561e-01 3.328481562247895698e-03
3.440712611357000128e+02 9.899834353030599887e-01 3.104938326725482402e-03 9.928763903721954387e-01 3.301524790581408624e-03
3.450087682154000390e+02 9.900321985027970006e-01 3.101666949155994571e-03 9.929021227222593060e-01 3.273726056012854317e-03
3.460822312153999860e+02 9.900858887288498389e-01 3.096768044071679642e-03 9.929311415236257155e-01 3.242846101609592451e-03
3.471583844653999336e+02 9.901369221788967057e-01 3.091640302469742061e-03 9.929601306892356094e-01 3.212037132143626388e-03
3.473778555137999433e+02 9.901470591118244347e-01 3.090337027570165193e-03 9.929660321064799344e-01 3.205901277905898964e-03
3.478378276840999774e+02 9.901681539697674284e-01 3.087626252255990834e-03 9.929782960188564545e-01 3.193095071294630317e-03
3.487104885356999944e+02 9.902071590064787099e-01 3.082523222269636931e-03 9.930014072399563352e-01 3.168896330957921698e-03
3.493453385654000272e+02 9.902341413857963515e-01 3.078564635872087403e-03 9.930182809780478959e-01 3.151439672320110845e-03
3.504561394153999458e+02 9.902805725113539292e-01 3.070284141696932347e-03 9.930473335106985155e-01 3.121563202887900432e-03
3.515696305653999616e+02 9.903247493508172683e-01 3.061691114105834222e-03 9.930763358615372072e-01 3.091740482286588643e-03
3.521158078638000006e+02 9.903459492321581292e-01 3.056620442957795787e-03 9.930904785070484575e-01 3.077429118437396624e-03
3.528597676841000066e+02 9.903744990669010040e-01 3.049744680972136385e-03 9.931095997589685087e-01 3.058003972324857891e-03
3.534430601857000056e+02 9.903962607094949355e-01 3.044389820605413691e-03 9.931245563354966777e-01 3.042843536542428912e-03
3.538312604154000383e+02 9.904100811416001182e-01 3.040518914612999786e-03 9.931345555017725424e-01 3.032848511480629432e-03
3.549793990654000027e+02 9.904514303675449050e-01 3.027837660228023531e-03 9.931636623308423006e-01 3.003714699273333458e-03
3.561302280154000073e+02 9.904910772149008169e-01 3.014815828833395262e-03 9.931927140516071395e-01 2.974621628429770237e-03
3.569471048638000639e+02 9.905188494219840933e-01 3.004261877697242400e-03 9.932131868241711459e-01 2.954387214923485418e-03
3.579190456841000127e+02 9.905514192544762064e-01 2.991748301357315207e-03 9.932373900092810182e-01 2.930387296133313627e-03
3.584386577357000192e+02 9.905680267058991628e-01 2.984764940536947363e-03 9.932503522284202857e-01 2.917674583572963699e-03
3.596520100654000203e+02 9.906072047134431013e-01 2.967021019988457312e-03 9.932802452528876058e-01 2.888420316664152849e-03
3.608401768653999966e+02 9.906442911436836862e-01 2.949284801287946952e-03 9.933093347326622524e-01 2.859865114179348331e-03
3.618717460637999466e+02 9.906764159756381583e-01 2.932305654125376328e-03 9.933344310567896462e-01 2.835464821049178945e-03
3.629035199638000222e+02 9.907081912168582694e-01 2.915360379982346022e-03 9.933594322756744699e-01 2.811111127549224906e-03
3.631882374356999890e+02 9.907165383246793189e-01 2.910512812430586863e-03 9.933663630150648682e-01 2.804451916078945679e-03
3.633632992356999694e+02 9.907217922819210321e-01 2.907345654801391475e-03 9.933706142284474128e-01 2.800382091158374817e-03
3.644739724153999987e+02 9.907555663924864087e-01 2.887401347427173345e-03 9.933973138461437147e-01 2.774746999178062147e-03
3.656994770654000035e+02 9.907919995146715619e-01 2.865126175749162143e-03 9.934266743534403421e-01 2.746521021170047518e-03
3.668897324138000045e+02 9.908276109535727461e-01 2.842036782106907491e-03 9.934550484382089763e-01 2.719540810989576167e-03
3.679534636637999938e+02 9.908592338759051321e-01 2.821428949768987806e-03 9.934803659816564547e-01 2.695460103939351700e-03
3.681851339653999844e+02 9.908659132966410876e-01 2.816726392719235469e-03 9.934859285645037952e-01 2.690295730505659101e-03
3.694452861654000344e+02 9.909034283048064884e-01 2.790950359742805365e-03 9.935157719754759142e-01 2.662468997197066541e-03
3.707081286653999541e+02 9.909406225313135419e-01 2.764953250169941302e-03 9.935455832045584357e-01 2.634679804500720830e-03
3.719869498154000098e+02 9.909786278058547726e-01 2.737615911410558669e-03 9.935755804098334032e-01 2.607086496320351349e-03
3.732684612154000092e+02 9.910165129755033053e-01 2.710096281296216734e-03 9.936056065947664884e-01 2.579539268574105280e-03
3.745659512654000309e+02 9.910552083020089942e-01 2.681527134219590259e-03 9.936357799785139333e-01 2.552301217987799128e-03
3.758661316154000360e+02 9.910937873644101170e-01 2.652797627032099995e-03 9.936658646238107906e-01 2.525101685922115195e-03
3.771822906153999497e+02 9.911331856674009400e-01 2.623089518405322899e-03 9.936960824772903544e-01 2.498102864348786430e-03
3.785011398653999777e+02 9.911725936328715791e-01 2.593242657594938081e-03 9.937262378793395579e-01 2.471134685625788179e-03
3.798359677653999711e+02 9.912128359578328274e-01 2.562604946793108334e-03 9.937565331279161196e-01 2.444384254214388656e-03
3.823098644637999541e+02 9.912875819208956107e-01 2.505439092865423181e-03 9.938121503934670420e-01 2.395332877023939600e-03
3.837755021840999916e+02 9.913322184219940381e-01 2.471314122050328674e-03 9.938448484428047403e-01 2.366543113753449834e-03
3.851708924856999943e+02 9.913750091038692203e-01 2.438695535221688856e-03 9.938757948053358326e-01 2.339667432892736116e-03
3.876958480138000027e+02 9.914529091084829382e-01 2.379581933918655922e-03 9.939312957877666221e-01 2.291446371166844589e-03
3.890588066840999772e+02 9.914953996640504252e-01 2.347627710380367945e-03 9.939610748785552286e-01 2.265628417650635430e-03
3.905942142856999340e+02 9.915434855496514377e-01 2.311828424310901665e-03 9.939944568370173705e-01 2.237074162151989672e-03
3.931751768138000216e+02 9.916250680845625221e-01 2.251849100135417097e-03 9.940501975288922321e-01 2.189449628797229559e-03
3.943794496840999955e+02 9.916634790931090349e-01 2.223992468108550342e-03 9.940760767931267061e-01 2.167433747243813127e-03
3.946640392856999711e+02 9.916726145738434806e-01 2.217463053343739828e-03 9.940822115529867053e-01 2.162275673074336244e-03
3.963347805654000240e+02 9.917262294198959660e-01 2.179434735805613112e-03 9.941179547954499540e-01 2.132323224017216873e-03
3.987478499637999789e+02 9.918043287674249697e-01 2.124966183557856249e-03 9.941693105236456551e-01 2.089401445464441221e-03
4.002133599637999737e+02 9.918520920407274399e-01 2.092338929752352375e-03 9.942003973634392366e-01 2.063659055108827030e-03
4.021968217154000058e+02 9.919171190885582856e-01 2.049132889503599200e-03 9.942422948051143905e-01 2.029415098582031552e-03
4.043998819357000230e+02 9.919898021668925869e-01 2.001841963441648806e-03 9.942886405189302890e-01 1.991739579947366789e-03
4.059027299356999947e+02 9.920394890771621066e-01 1.970339437410430997e-03 9.943201401085253188e-01 1.966462970649207262e-03
4.082082142154000053e+02 9.921161024254054883e-01 1.923253072362322499e-03 9.943682475172813673e-01 1.928310858395274920e-03
4.101219064356999979e+02 9.921799080687629946e-01 1.884899130772393341e-03 9.944080246501284526e-01 1.896948815856809491e-03
4.105654051840999728e+02 9.921947103854674710e-01 1.876270384949169740e-03 9.944172443813367179e-01 1.889784405541991086e-03
4.117134164638000016e+02 9.922328665532004210e-01 1.854121048621482299e-03 9.944409827708131644e-01 1.871400995671017049e-03
4.143689587154000264e+02 9.923214452350280768e-01 1.804213924497568167e-03 9.944957236952493007e-01 1.829428047674494474e-03
4.160259369638000067e+02 9.923766863308904895e-01 1.773730346957856814e-03 9.945297457977451128e-01 1.803504703274699155e-03
4.176034609637999893e+02 9.924290593440608932e-01 1.746132439654937739e-03 9.945619963513303574e-01 1.779460734945679471e-03
4.202497964356999773e+02 9.925167521611962806e-01 1.700894152940732882e-03 9.946158534306228649e-01 1.739555324918921680e-03
4.215427306840999790e+02 9.925592184150425767e-01 1.679446951891709356e-03 9.946420178087337360e-01 1.720324917463158902e-03
4.219719884637999598e+02 9.925733706595053496e-01 1.672383714499191308e-03 9.946507247430147469e-01 1.713993472243014252e-03
4.238901087154000038e+02 9.926363185211124485e-01 1.642195439264840370e-03 9.946894102322344500e-01 1.686224156489299873e-03
4.262145169356999759e+02 9.927120335246296667e-01 1.606525880127232736e-03 9.947360528730444518e-01 1.652929782061551400e-03
4.270874006840999755e+02 9.927401751469359104e-01 1.593660715365527013e-03 9.947534884305900826e-01 1.640646275842859349e-03
4.280113849637999692e+02 9.927698402694981050e-01 1.580151978256182782e-03 9.947718965029286320e-01 1.627750443838109351e-03
4.304242317153999693e+02 9.928470438328206304e-01 1.546267262000172032e-03 9.948197991840688204e-01 1.594676705314920133e-03
4.322725824357000306e+02 9.929055509219413267e-01 1.520939000154405149e-03 9.948562900703185052e-01 1.569606502091313704e-03
4.326694081840999502e+02 9.929180787443271372e-01 1.515778236553915305e-03 9.948641331056202741e-01 1.564347446432116755e-03
4.341441254637999805e+02 9.929640362101552764e-01 1.496749475080094097e-03 9.948930263928965623e-01 1.544956685321795947e-03
4.367344544357000018e+02 9.930441226038940750e-01 1.464315755907479076e-03 9.949435620746629461e-01 1.511388538544274724e-03
4.382887536841000156e+02 9.930913819124066455e-01 1.445432686667660199e-03 9.949736531259267824e-01 1.491536380268096429e-03
4.386620049638000296e+02 9.931027523656361655e-01 1.440932842876516866e-03 9.949809073015942751e-01 1.486805784163482309e-03
4.405054492153999490e+02 9.931582415927929786e-01 1.419842442142266094e-03 9.950164216027806985e-01 1.464029894424426388e-03
4.429418709356999670e+02 9.932304916638515779e-01 1.392515108828774320e-03 9.950630446671698826e-01 1.434231986828546400e-03
4.439454371840999443e+02 9.932598092693135650e-01 1.381693402732538101e-03 9.950821218090855069e-01 1.422214956811707542e-03
4.449440969637999501e+02 9.932887713594796830e-01 1.371010368286072843e-03 9.951010433824311052e-01 1.410350715334641233e-03
4.474129502153999738e+02 9.933596596783147437e-01 1.345569400373680625e-03 9.951476072731570977e-01 1.381668632192371545e-03
4.492426319356999898e+02 9.934113009262903748e-01 1.327037435609355973e-03 9.951818328181354367e-01 1.360624069229679012e-03
4.496394581841000218e+02 9.934224622183672748e-01 1.323192435637587363e-03 9.951892719066350868e-01 1.356185782546583942e-03
4.513195334637999281e+02 9.934690279655316036e-01 1.307033659833905593e-03 9.952204182398676213e-01 1.337531225590646734e-03
4.538538554356999271e+02 9.935382893896239631e-01 1.283154478939062346e-03 9.952671439046333335e-01 1.309819104350100870e-03
4.553708171841000194e+02 9.935790071407972768e-01 1.269207716508458095e-03 9.952948382853914477e-01 1.293530278526793843e-03
4.559867639638000583e+02 9.935954526396663100e-01 1.263588105939750846e-03 9.953060850646050506e-01 1.286965693633166470e-03
4.580542352153999559e+02 9.936500278338553649e-01 1.245348613102360402e-03 9.953435657863707320e-01 1.265541936848434785e-03
4.603039679356999159e+02 9.937083984033217021e-01 1.225713723847300695e-03 9.953840017813635477e-01 1.242457612425459717e-03
4.611395136840999953e+02 9.937298258797864214e-01 1.218614823845220801e-03 9.953989287639566363e-01 1.234106908448777797e-03
4.625115519638000023e+02 9.937646706964079479e-01 1.207045774118952440e-03 9.954232792671569019e-01 1.220494783478538693e-03
4.650085364356999662e+02 9.938272448083645960e-01 1.186379896762562204e-03 9.954673665436403196e-01 1.196243559469590276e-03
4.668474254357000177e+02 9.938725415881289882e-01 1.171352476319444244e-03 9.954994710461848584e-01 1.178639852711242317e-03
4.672721274638000182e+02 9.938829621460473218e-01 1.167919945263842145e-03 9.955069295618893532e-01 1.174626263492095776e-03
4.691296849638000594e+02 9.939279630125715803e-01 1.153195677861401864e-03 9.955390542193708336e-01 1.157528608507600110e-03
4.716080004356999211e+02 9.939871066473119354e-01 1.133675409517341482e-03 9.955816014581516660e-01 1.134945489790072917e-03
4.727889211840999337e+02 9.940149291243561835e-01 1.124531266396997355e-03 9.956016753205080283e-01 1.124463460161331807e-03
4.739462664638000433e+02 9.940419705230879588e-01 1.115634939832496229e-03 9.956212428309948459e-01 1.114263252047883318e-03
4.764059129356999165e+02 9.940987229594352437e-01 1.096973382678232203e-03 9.956625589056637970e-01 1.093114970086228642e-03
4.783008089356999335e+02 9.941418166012856439e-01 1.082667190827546521e-03 9.956940296474722230e-01 1.076978536993809365e-03
4.788001864638000598e+02 9.941531164998620440e-01 1.078949199173266475e-03 9.957023608312521867e-01 1.072840299951973450e-03
4.807137504638000678e+02 9.941959828204657290e-01 1.064828432155503525e-03 9.957337886159001172e-01 1.057199284073415818e-03
4.831547279357000662e+02 9.942499300388972783e-01 1.046930303477631649e-03 9.957735727205135889e-01 1.037517043591697479e-03
4.845876791841000113e+02 9.942812419653167533e-01 1.036537462473464174e-03 9.957966588527238372e-01 1.026232098848988208e-03
4.856236769637999942e+02 9.943037209442666668e-01 1.029076011031818767e-03 9.958132735306193251e-01 1.018128724771863924e-03
4.880459859357000028e+02 9.943557179836880477e-01 1.011843594183826824e-03 9.958518334438223318e-01 9.997159422831926410e-04
4.905430656840999859e+02 9.944086027387295523e-01 9.941823914283943932e-04 9.958911269584134196e-01 9.810080899246725362e-04
4.925405124637999847e+02 9.944503957398458382e-01 9.802971820580999151e-04 9.959221602625610847e-01 9.665285383041233086e-04
4.949441524357000048e+02 9.945001206061804266e-01 9.637300326378142080e-04 9.959592150158781410e-01 9.493941299683246200e-04
4.965357896840999388e+02 9.945327021055510031e-01 9.528875474279999841e-04 9.959834344352845870e-01 9.383114660812613087e-04
4.975437839637999673e+02 9.945532047844927170e-01 9.460658563313599370e-04 9.959986963562570406e-01 9.313378526029862225e-04
4.999287549357000557e+02 9.946012639841433911e-01 9.301348411609427613e-04 9.960345070567003800e-01 9.153032564973909418e-04
5.025658511841000404e+02 9.946538021123288997e-01 9.126371219535758155e-04 9.960736434563042252e-01 8.978165854525637724e-04
5.046099704637999821e+02 9.946940625054588869e-01 8.993452380612493866e-04 9.961035656543534289e-01 8.847019228853307635e-04
5.069762724356999684e+02 9.947402154017033205e-01 8.841095511583864017e-04 9.961379150703559837e-01 8.697645519578063675e-04
5.086332506841000054e+02 9.947722186650572729e-01 8.735843766072829602e-04 9.961616573840037514e-01 8.595384490546629976e-04
5.097065864638000221e+02 9.947928323013758289e-01 8.668089314813682200e-04 9.961769534238205104e-01 8.529551047405455229e-04
5.120542194357000199e+02 9.948375531554373152e-01 8.522597943089097296e-04 9.962101326395856882e-01 8.389704037603996521e-04
5.141171354356999927e+02 9.948764573206954065e-01 8.395205247963117255e-04 9.962389293285812686e-01 8.267519939022732267e-04
5.148405399637999835e+02 9.948900615242070034e-01 8.351528425135475641e-04 9.962490226020502826e-01 8.226013648596222855e-04
5.169221244637999462e+02 9.949288319148915649e-01 8.226869382559750740e-04 9.962776570748550498e-01 8.107740256663293048e-04
5.192510884357001260e+02 9.949718428972655904e-01 8.088940670154759569e-04 9.963094199363237147e-01 7.977292667095345086e-04
5.208800631840999813e+02 9.950016312217325742e-01 7.994206083419855237e-04 9.963313552223488356e-01 7.888182510320501228e-04
5.221120844637999880e+02 9.950240294457227685e-01 7.922981358902492308e-04 9.963478368830904763e-01 7.821185024286834509e-04
5.244223799356999507e+02 9.950657212249900407e-01 7.792387094366000919e-04 9.963784970313140921e-01 7.698963249358289516e-04
5.265413029357000596e+02 9.951035596926857130e-01 7.673355402896784054e-04 9.964062535818495325e-01 7.587709796429242641e-04
5.273393829637999488e+02 9.951177827859551961e-01 7.629519921553333615e-04 9.964166990372097521e-01 7.546850735992836250e-04
5.294769744637999338e+02 9.951554595449764173e-01 7.513774640059475013e-04 9.964442761956989747e-01 7.439135206690599680e-04
5.317686009356999648e+02 9.951955201874769230e-01 7.390932892585474730e-04 9.964735683046577197e-01 7.324884700536363116e-04
5.332762276840999220e+02 9.952216229786137180e-01 7.311985483469407316e-04 9.964926187945428726e-01 7.251565127929779147e-04
5.347602794637999750e+02 9.952471489946996819e-01 7.234713697470963835e-04 9.965112287933998170e-01 7.179802695878386050e-04
5.370332369356999607e+02 9.952859800843730786e-01 7.119330595276096097e-04 9.965395172544999625e-01 7.072671801700031874e-04
5.392081659356999808e+02 9.953226963725477772e-01 7.010159947617237682e-04 9.965662099470216084e-01 6.971317478246065241e-04
5.400809219637999377e+02 9.953373944458103750e-01 6.967051342294341455e-04 9.965768945447575078e-01 6.931270647923345627e-04
5.422745204638000587e+02 9.953739200310800506e-01 6.861184811315402003e-04 9.966033996553994578e-01 6.832822700345687157e-04
5.445288084356999434e+02 9.954111549102747647e-01 6.753156984089846247e-04 9.966303923995464276e-01 6.732314698754592259e-04
5.458217426841000588e+02 9.954323232724301418e-01 6.693213734617793620e-04 9.966457236872108272e-01 6.676401030350070107e-04
5.476511699637999300e+02 9.954620218111384089e-01 6.608854941132239142e-04 9.966672098816103942e-01 6.597715581103185626e-04
5.498867894357000523e+02 9.954980530261454685e-01 6.508040006726417909e-04 9.966932517211933851e-01 6.503419213968168354e-04
5.521177254356999811e+02 9.955335648840217821e-01 6.409135688426458467e-04 9.967188937447780672e-01 6.410724039103033334e-04
5.552819802153999262e+02 9.955833854534968941e-01 6.273539653140696544e-04 9.967548283964234868e-01 6.283119167487332367e-04
5.585164824638000027e+02 9.956335334378654256e-01 6.138172359983594265e-04 9.967909516270345716e-01 6.155237518227950821e-04
5.607847564638000222e+02 9.956681887620132398e-01 6.046277031304160294e-04 9.968158982579036209e-01 6.067989076466795764e-04
5.629830379357000538e+02 9.957015033550034033e-01 5.958844157147814759e-04 9.968398611375953733e-01 5.984704714789113944e-04
5.649200501840999777e+02 9.957304952875775106e-01 5.883711640565772102e-04 9.968607109438942793e-01 5.912796477284524730e-04
5.662920884637999279e+02 9.957508882600640820e-01 5.830769721036035318e-04 9.968753717298830530e-01 5.862128135420300928e-04
5.684717009356999142e+02 9.957830358363231049e-01 5.749523513279877459e-04 9.968984710242850822e-01 5.783797444044444036e-04
5.707773124356999688e+02 9.958166052280656988e-01 5.664250009043123903e-04 9.969225900759973724e-01 5.701465198850197988e-04
5.718367574638000406e+02 9.958319711393915918e-01 5.626015400590349573e-04 9.969336260023264895e-01 5.664361538566499909e-04
5.741610384638000824e+02 9.958652548982576125e-01 5.543862460904799448e-04 9.969575356875314265e-01 5.584296596919407661e-04
5.763219824356999652e+02 9.958959286152211376e-01 5.468196371276915716e-04 9.969795665828808939e-01 5.510419301096570978e-04
5.778389436841000588e+02 9.959172373763127695e-01 5.416901114208240095e-04 9.969948760309624847e-01 5.459946419551242082e-04
5.797617149638000456e+02 9.959439930179775358e-01 5.352202601705108830e-04 9.970140995867841083e-01 5.396286369036502667e-04
5.819039899356999967e+02 9.959735726124568922e-01 5.281983224191858731e-04 9.970353480581284344e-01 5.326773794215883956e-04
5.842656089356999018e+02 9.960057290314715539e-01 5.205966306537877786e-04 9.970584602796729312e-01 5.251228157159725700e-04
5.853997299637999276e+02 9.960210834580229822e-01 5.169734479226455875e-04 9.970694956276904275e-01 5.215195231573335538e-04
5.876121241840999119e+02 9.960507067837653938e-01 5.101567661297199937e-04 9.970907914789084447e-01 5.146783145975571735e-04
5.899036229357000138e+02 9.960810377796044390e-01 5.031032486610554754e-04 9.971126079235331785e-01 5.075994527474722877e-04
5.910750819638000166e+02 9.960964544733196258e-01 4.996196320560853960e-04 9.971237012625122631e-01 5.040750410659283146e-04
5.934740379638000149e+02 9.961276379135967085e-01 4.925530086192807027e-04 9.971461542274280276e-01 4.969156004886697564e-04
5.955789749357001028e+02 9.961547566424171496e-01 4.864473708071472349e-04 9.971656910566415455e-01 4.907112639717380346e-04
5.974973181840999814e+02 9.961791664145016600e-01 4.810386825515294948e-04 9.971832892302239237e-01 4.851820789988838412e-04
5.992053969638000126e+02 9.962007011125016964e-01 4.762449562245077406e-04 9.971988221779471973e-01 4.802816444583812914e-04
6.012916649356999415e+02 9.962267877433411689e-01 4.705497481319945705e-04 9.972176471287813593e-01 4.744235006700358876e-04
6.037279594356999723e+02 9.962568518244230287e-01 4.639693095686731614e-04 9.972393656249001204e-01 4.676414611031896786e-04
6.049740939637999873e+02 9.962721387349567914e-01 4.606562151669175292e-04 9.972504195353463219e-01 4.642192467510055146e-04
6.074290569638000079e+02 9.963018713478528632e-01 4.543125028757720668e-04 9.972719269401337794e-01 4.576334946093498293e-04
6.107801284637999970e+02 9.963418881827674767e-01 4.457695937083387249e-04 9.973009076731272904e-01 4.487451546296373963e-04
6.132537604637999493e+02 9.963709665562041629e-01 4.396109916615938249e-04 9.973219947236892091e-01 4.423144061528160986e-04
6.153026909356999568e+02 9.963948347675637418e-01 4.345992093314991604e-04 9.973393286531214708e-01 4.370707321466827050e-04
6.174917336840999269e+02 9.964200083512325667e-01 4.293678872222368649e-04 9.973576215147952340e-01 4.315824674051035696e-04
6.191158024637999233e+02 9.964385086969340666e-01 4.255033252870530258e-04 9.973710768317711750e-01 4.275281829778871724e-04
6.211460639356999991e+02 9.964614373321378782e-01 4.207891293832426985e-04 9.973877678998126495e-01 4.225703585034859999e-04
6.236570339357000421e+02 9.964894468306978448e-01 4.149958305526563608e-04 9.974081772845501126e-01 4.164751433828492401e-04
6.250151819637999324e+02 9.965044883064533288e-01 4.119135621167145829e-04 9.974191567188358531e-01 4.132304227876245706e-04
6.275448204637999652e+02 9.965321650855760716e-01 4.062896765304840853e-04 9.974393596116245542e-01 4.073048744004869009e-04
6.295564124356999400e+02 9.965539363249300564e-01 4.018285386410062714e-04 9.974552730362791220e-01 4.026044587231540086e-04
6.310080326841000442e+02 9.965695187855182491e-01 3.986891794855404480e-04 9.974666736036557069e-01 3.992984031790490366e-04
6.335002064638000547e+02 9.965959921886029527e-01 3.933199950116077681e-04 9.974860520294800414e-01 3.936440417281675936e-04
6.354931299356999261e+02 9.966169667701494372e-01 3.890905455488403455e-04 9.975014357487941297e-01 3.891935471660973962e-04
6.378221891841000115e+02 9.966411870173156329e-01 3.842360671075276362e-04 9.975192012083675674e-01 3.840909085312883050e-04
6.394929299638000657e+02 9.966583986083296098e-01 3.807676094538258479e-04 9.975318402342258084e-01 3.804452318302440554e-04
6.414671844357000055e+02 9.966785662314895378e-01 3.767581113540479309e-04 9.975466660107231709e-01 3.762439018622842435e-04
6.440528304357000025e+02 9.967046684738398721e-01 3.715348696427935656e-04 9.975658580203291548e-01 3.707732849498617976e-04
6.455229919637999956e+02 9.967193844489695698e-01 3.686005885570198671e-04 9.975766998318746914e-01 3.677067359390477999e-04
6.480994306840999570e+02 9.967448991071812259e-01 3.635327196140593830e-04 9.975954879627897398e-01 3.624259779435747399e-04
6.515625156841000489e+02 9.967787390103578504e-01 3.568003058058143184e-04 9.976204506916724890e-01 3.554292919602448681e-04
6.542133749637999927e+02 9.968042668606481582e-01 3.517313957889742779e-04 9.976392869753144543e-01 3.501801795237586635e-04
6.561502919357000110e+02 9.968227433393490600e-01 3.480704047807290291e-04 9.976529471187991494e-01 3.464003474901195413e-04
6.584886856841000053e+02 9.968448151000717239e-01 3.437159239618772484e-04 9.976692544668973595e-01 3.419240960567473692e-04
6.603367814637999800e+02 9.968620985961883507e-01 3.402873311027064399e-04 9.976820342611817383e-01 3.383996905575977821e-04
6.622550294356998393e+02 9.968798959039524288e-01 3.367931252927116974e-04 9.976952088451972456e-01 3.348313905303401151e-04
6.649153504356999065e+02 9.969043104021323431e-01 3.319761861324940690e-04 9.977132693887517112e-01 3.299186383942882871e-04
6.664975254638000024e+02 9.969187070446839938e-01 3.291383079519811681e-04 9.977239383489475699e-01 3.270325390771421873e-04
6.689339476841000760e+02 9.969406664411627483e-01 3.248286440245084605e-04 9.977401948351953820e-01 3.226738875774648051e-04
6.710760949356999845e+02 9.969597897379863793e-01 3.210492104518350583e-04 9.977543597897606809e-01 3.188514992442898302e-04
6.726956074638000018e+02 9.969741433180014933e-01 3.182453663436950035e-04 9.977650043236530042e-01 3.160360885770013189e-04
6.753932664638001597e+02 9.969978132625840761e-01 3.136046557549025150e-04 9.977825372817537009e-01 3.113821821387423696e-04
6.772741764357001557e+02 9.970141741304621164e-01 3.103981044506178379e-04 9.977946737844475278e-01 3.081742761289560525e-04
6.794912226840999665e+02 9.970332786600343278e-01 3.066810499092048072e-04 9.978088303487284705e-01 3.044773680943590219e-04
6.816473559638000097e+02 9.970516886575737647e-01 3.030787651746986956e-04 9.978224720256660962e-01 3.008946459816390123e-04
6.835095969357000740e+02 9.970674687779876866e-01 3.000148198237959042e-04 9.978341763459221969e-01 2.978644286334071489e-04
6.862445939357000952e+02 9.970904138357810087e-01 2.955515662356788045e-04 9.978511747715137492e-01 2.934596153717527784e-04
6.879387824637999529e+02 9.971045167250315311e-01 2.928078942269844698e-04 9.978616342363270109e-01 2.907554719837683837e-04
6.901045046840999930e+02 9.971223899198713436e-01 2.893681496606030005e-04 9.978748766764398148e-01 2.873846734361815061e-04
6.925360204357000384e+02 9.971422723062762783e-01 2.855176406335172608e-04 9.978896027760867371e-01 2.836113597860105738e-04
6.942675469637999868e+02 9.971563315532933069e-01 2.828245642380355679e-04 9.979000252887418876e-01 2.809828285533581263e-04
6.970398814637999294e+02 9.971786108801390380e-01 2.785605029114365783e-04 9.979165176219484401e-01 2.768297276514287779e-04
6.988647844356999030e+02 9.971931565455233182e-01 2.757685184378310425e-04 9.979272900629426735e-01 2.741118243806782559e-04
7.008298001841000087e+02 9.972086959452777233e-01 2.728248601075917187e-04 9.979387910599477607e-01 2.712588390619403403e-04
7.034246529638000993e+02 9.972290307520975672e-01 2.689499033439730186e-04 9.979538326417952687e-01 2.675032630679430160e-04
7.052308869357001413e+02 9.972430887479334372e-01 2.662973912148358917e-04 9.979642381878306434e-01 2.649377187663563577e-04
7.080173346841000921e+02 9.972645520137254360e-01 2.622682512349319098e-04 9.979801050539963692e-01 2.610474605412843986e-04
7.116111021841001048e+02 9.972919201807941558e-01 2.571587977981516586e-04 9.980003359445762667e-01 2.561200744239247942e-04
7.144626689357000942e+02 9.973133508612097575e-01 2.531750830816371792e-04 9.980161625672294701e-01 2.522831545930454065e-04
7.163062089638000316e+02 9.973271038422867329e-01 2.506384859473766527e-04 9.980263216390538039e-01 2.498411466033409532e-04
7.188546441841000387e+02 9.973459271102952384e-01 2.471947263360341294e-04 9.980402129669218025e-01 2.465279715888036801e-04
7.209221159357001625e+02 9.973610721159206216e-01 2.444099332909180290e-04 9.980513871270078052e-01 2.438487729069374404e-04
7.228029934637999077e+02 9.973747619707796774e-01 2.419430627836083607e-04 9.980614879429822173e-01 2.414749890183052268e-04
7.256686729637999633e+02 9.973954016682360368e-01 2.382130887706609111e-04 9.980767045504133073e-01 2.378856950811529167e-04
7.274189004357000385e+02 9.974079227067830233e-01 2.359606951097270046e-04 9.980859367963782480e-01 2.357174897137920126e-04
7.298039666841000326e+02 9.974248252778320500e-01 2.329677697329445593e-04 9.980983918308765634e-01 2.328333278380324356e-04
7.322214649638000310e+02 9.974418020638355920e-01 2.299429384398458400e-04 9.981108972851476802e-01 2.299183943401960392e-04
7.339530234357000609e+02 9.974538894338909056e-01 2.278292990561139961e-04 9.981198018896578761e-01 2.278779650766380165e-04
7.368560404357000380e+02 9.974739375471418645e-01 2.243317592395924242e-04 9.981345622453439148e-01 2.244989243350843623e-04
7.388115939637999645e+02 9.974873405836247597e-01 2.219943882615597463e-04 9.981444295631475283e-01 2.222395440880712528e-04
7.408092961840999351e+02 9.975009167148096711e-01 2.196758183221005523e-04 9.981544213576879487e-01 2.199916392634983936e-04
7.434461699357000271e+02 9.975186726809613935e-01 2.166265331848917820e-04 9.981674863106231310e-01 2.170352066628362020e-04
7.454390614638000443e+02 9.975320023278814174e-01 2.143709211490625946e-04 9.981772947830659382e-01 2.148431893991239235e-04
7.482021891840998933e+02 9.975502796905378888e-01 2.113017741373103011e-04 9.981907391342976776e-01 2.118545910529633352e-04
7.500736369356999376e+02 9.975625617521963751e-01 2.092303101649045573e-04 9.981997729612468451e-01 2.098374893878361268e-04
7.521038664638000455e+02 9.975757961532462081e-01 2.070571659370728048e-04 9.982095067807867927e-01 2.077115560772147831e-04
7.550628904638000449e+02 9.975948745970066867e-01 2.039078786497837067e-04 9.982235365219164214e-01 2.046293299239700157e-04
7.567384419356999388e+02 9.976056089465152876e-01 2.021516496967425006e-04 9.982314313535733952e-01 2.029074199996678575e-04
7.593755386840999790e+02 9.976223303893989591e-01 1.994599041574672961e-04 9.982437273012112477e-01 2.002585522090841294e-04
7.617837019638000129e+02 9.976374570619606086e-01 1.970083546191837712e-04 9.982548506435207081e-01 1.978460060381671208e-04
7.634405849357000307e+02 9.976478034574579601e-01 1.953717326711203173e-04 9.982624602221175092e-01 1.962282556305731387e-04
7.664369469356998934e+02 9.976663098120369666e-01 1.924456708319765479e-04 9.982760700485096006e-01 1.933323405072714116e-04
7.685418519638000134e+02 9.976792067469056891e-01 1.904112944332063623e-04 9.982855563283917766e-01 1.913165713843210383e-04
7.706048951841000871e+02 9.976917320015681323e-01 1.884767817669382969e-04 9.982947693627999275e-01 1.893909827743767724e-04
7.731950964357000657e+02 9.977073134869431925e-01 1.860576427176980437e-04 9.983062316089660326e-01 1.869829281086029171e-04
7.753373394638000491e+02 9.977201086933932261e-01 1.841020330259694174e-04 9.983156468588113563e-01 1.850302062559232112e-04
7.781471396841000114e+02 9.977367008171315055e-01 1.815850776954830805e-04 9.983278560622744768e-01 1.825106471591928382e-04
7.799905844357000433e+02 9.977474996859478917e-01 1.799401931267080004e-04 9.983358044186669833e-01 1.808640515708614949e-04
7.821701649638000617e+02 9.977601775409858931e-01 1.780603459389190710e-04 9.983451374577855253e-01 1.789731796348510706e-04
7.852225334638000049e+02 9.977777311379599778e-01 1.754442546390218055e-04 9.983580612098460483e-01 1.763402808214147694e-04
7.868234094357000004e+02 9.977868767294862939e-01 1.740921915911394779e-04 9.983647980207177586e-01 1.749774953492108567e-04
7.895445161840999617e+02 9.978022641253677660e-01 1.718559387299910116e-04 9.983761317721867590e-01 1.727158032040271762e-04
7.921113654637999844e+02 9.978166348164246857e-01 1.697515566912326029e-04 9.983867196199470717e-01 1.705874522702124224e-04
7.936935724357000481e+02 9.978254388062632874e-01 1.684914070795207237e-04 9.983932094317421457e-01 1.693087057297586618e-04
7.967832789356999683e+02 9.978424452509062625e-01 1.660596867758478920e-04 9.984057448452203776e-01 1.668386182092562655e-04
7.990375354638000545e+02 9.978547448508835460e-01 1.643012260583680132e-04 9.984148157328752715e-01 1.650512486199452581e-04
8.009978996841000480e+02 9.978653470039088313e-01 1.628171053774640211e-04 9.984226355091780913e-01 1.635381445651107150e-04
8.037094489357000384e+02 9.978798755990012648e-01 1.607732791432990658e-04 9.984333532305665893e-01 1.614543671999159303e-04
8.060010434637999879e+02 9.978920568916930245e-01 1.590789946793754839e-04 9.984423448049473127e-01 1.597244234635680890e-04
8.086894956841000521e+02 9.979061926192497323e-01 1.571290353434095881e-04 9.984527786116349501e-01 1.577304333567036265e-04
8.106729569357000855e+02 9.979165350510089683e-01 1.556966660958549408e-04 9.984604156510175077e-01 1.562657076538253177e-04
8.130018889637999564e+02 9.979285903706841543e-01 1.540621019274931417e-04 9.984693214296014308e-01 1.545912262474283011e-04
8.161476024638000126e+02 9.979446868453987207e-01 1.518738021312341160e-04 9.984812125245722259e-01 1.523485252879995522e-04
8.176738029356999959e+02 9.979524419379314226e-01 1.508222554055269689e-04 9.984869461788243861e-01 1.512705624447560594e-04
8.203108991840999806e+02 9.979657192964594969e-01 1.490566821523741422e-04 9.984967605848561467e-01 1.494585076426080622e-04
8.232044544637999479e+02 9.979801357201054657e-01 1.471235500229644102e-04 9.985074198363141917e-01 1.474744763171026267e-04
8.247119859356999996e+02 9.979875986856562298e-01 1.461394833469735748e-04 9.985129426002430364e-01 1.464640513454583339e-04
8.278950374357000328e+02 9.980031906582542689e-01 1.440932511739095563e-04 9.985244763971022897e-01 1.443625399191848660e-04
8.302986454638000851e+02 9.980148520559367631e-01 1.425556372801051988e-04 9.985331077465022798e-01 1.427834085964642310e-04
8.319883101840999871e+02 9.980229871654134888e-01 1.415049594193924624e-04 9.985391300392222336e-01 1.417044411546054513e-04
8.349892279357000007e+02 9.980373013952872352e-01 1.396475836687723440e-04 9.985497263119466060e-01 1.397970867401919775e-04
8.374301734638000880e+02 9.980488421235570451e-01 1.381578012296833479e-04 9.985582759955978771e-01 1.382677011669114205e-04
8.398292571841000154e+02 9.980600732671648379e-01 1.367226636653402229e-04 9.985665943368717823e-01 1.367951324327704187e-04
8.421207559356998900e+02 9.980707102357631033e-01 1.353582465077528231e-04 9.985744746624556356e-01 1.353951457113012746e-04
8.445990394638000680e+02 9.980821251797276084e-01 1.339134933792318009e-04 9.985829367274642321e-01 1.339142244626805988e-04
8.477075421841000207e+02 9.980962834115270077e-01 1.321231085802226349e-04 9.985934292444245131e-01 1.320799164078454487e-04
8.492896219356999836e+02 9.981034346177589667e-01 1.312159281480301224e-04 9.985987321893450286e-01 1.311504773701934129e-04
8.518052429637999694e+02 9.981147201291308280e-01 1.298138874582929682e-04 9.986071016413281543e-01 1.297168729407705207e-04
8.550629694637999592e+02 9.981291745299925022e-01 1.280044794162006432e-04 9.986178195061451435e-01 1.278669215612774561e-04
8.564958254356999987e+02 9.981354887270612597e-01 1.272198355265591297e-04 9.986225061340049391e-01 1.270654855982708672e-04
8.596089796841000634e+02 9.981490768007347247e-01 1.255487359260593614e-04 9.986325849675984356e-01 1.253614417057151030e-04
8.623251804637999385e+02 9.981608113725665143e-01 1.240934488494251629e-04 9.986412911153870198e-01 1.238774846244713784e-04
8.637393674357000464e+02 9.981668828543409644e-01 1.233538311823762727e-04 9.986457987769644662e-01 1.231253100737238291e-04
8.670344319357000131e+02 9.981808959460083397e-01 1.216437404136568864e-04 9.986561963061729719e-01 1.213869012717171895e-04
8.696247284638000110e+02 9.981918073371065514e-01 1.203105541577805139e-04 9.986642974760147062e-01 1.200326304160674172e-04
8.715664236841000729e+02 9.981999178980511811e-01 1.193332768425207680e-04 9.986703176410584026e-01 1.190425525767902496e-04
8.743339799356999720e+02 9.982113801446657053e-01 1.179470553796114200e-04 9.986788247833948695e-01 1.176382312538952929e-04
8.769616149637998888e+02 9.982221700238109729e-01 1.166493693160079790e-04 9.986868378406803526e-01 1.163259485037398602e-04
8.795940606840998726e+02 9.982328731740460759e-01 1.153684440717496929e-04 9.986947825345867669e-01 1.150331270012798485e-04
8.816708664356999634e+02 9.982412511305446268e-01 1.143628231670324087e-04 9.987010024751966641e-01 1.140181894626418965e-04
8.843358389638000290e+02 9.982519204027540116e-01 1.130986478340100226e-04 9.987089267699515993e-01 1.127459875581532064e-04
8.876590346841001065e+02 9.982650789597203866e-01 1.115365679527154677e-04 9.987186948595491165e-01 1.111756071911734853e-04
8.917195251841000072e+02 9.982809648816887149e-01 1.096685525402372996e-04 9.987304920186863555e-01 1.093025783352037606e-04
8.951171414638000670e+02 9.982940844381023027e-01 1.081215200895577417e-04 9.987402313119027042e-01 1.077535075193253631e-04
8.964566524357001072e+02 9.982992231552827445e-01 1.075210404972810956e-04 9.987440492967817329e-01 1.071533686428183610e-04
8.998405061841000361e+02 9.983120842598270928e-01 1.060294390801805640e-04 9.987535964005536115e-01 1.056657715101319567e-04
9.039009966841000505e+02 9.983273332773615616e-01 1.042566169805241786e-04 9.987649184657538814e-01 1.038998556554608215e-04
9.073126304357001572e+02 9.983399822989008632e-01 1.027993810610538080e-04 9.987743062450209486e-01 1.024520783025369407e-04
9.100896164638000982e+02 9.983501807366567116e-01 1.016237040805371446e-04 9.987818778298651612e-01 1.012850751001414141e-04
9.120779841840999325e+02 9.983574227392038036e-01 1.007987387122605846e-04 9.987872523764081967e-01 1.004683829738252881e-04
9.148175369356999909e+02 9.983673214719288591e-01 9.966810111192390953e-05 9.987945969553679859e-01 9.934912253480025930e-05
9.176318609638000225e+02 9.983774055600704855e-01 9.852256302205319029e-05 9.988020814020031057e-01 9.821688678883697923e-05
9.202923101840999607e+02 9.983868471709388404e-01 9.745476477094017166e-05 9.988090850778519325e-01 9.716321514929203646e-05
9.223597814356999152e+02 9.983941301410222957e-01 9.662929450724068317e-05 9.988144874937996409e-01 9.634868240949782633e-05
9.252114429637999820e+02 9.984041010060407118e-01 9.551314898335842439e-05 9.988218849619850959e-01 9.524953252576946186e-05
9.285439731841000821e+02 9.984156296134658604e-01 9.422076213722242093e-05 9.988304332922125495e-01 9.397779936933842073e-05
9.299393634357001019e+02 9.984204242150286346e-01 9.368235734718170023e-05 9.988339892876555437e-01 9.344800155102758006e-05
9.328283629637999184e+02 9.984302794620523169e-01 9.259521493801189116e-05 9.988412966776742952e-01 9.238051651277285302e-05
9.363101169638000556e+02 9.984420329720562481e-01 9.128850967370692271e-05 9.988500082448433792e-01 9.109757007192450639e-05
9.375562834357000384e+02 9.984462147217877392e-01 9.082771627172361742e-05 9.988531092887122931e-01 9.064545273617825578e-05
9.410054781841000704e+02 9.984576862820546683e-01 8.957644178804505502e-05 9.988616096830155167e-01 8.941891098734940243e-05
9.439830439638001280e+02 9.984674903284722625e-01 8.849776587875530273e-05 9.988688732357750011e-01 8.836156226573636059e-05
9.452105419356998937e+02 9.984715092779745671e-01 8.806410173591277396e-05 9.988718514651043767e-01 8.793683977682730728e-05
9.487296334357000660e+02 9.984829329261118991e-01 8.682878464284679272e-05 9.988803120174875039e-01 8.672705769713579069e-05
9.516933084638000082e+02 9.984924629502878179e-01 8.579667346739256091e-05 9.988873702355334228e-01 8.571632964798732370e-05
9.535229906840997955e+02 9.984983008312829922e-01 8.517363317266961526e-05 9.988916928611488721e-01 8.510629721533552168e-05
9.564398984356998881e+02 9.985075361443505049e-01 8.418593954317136639e-05 9.988985292869992927e-01 8.413923236747560485e-05
9.594409114637999210e+02 9.985169583564148521e-01 8.318351301114007188e-05 9.989055043949779389e-01 8.315753238061911223e-05
9.619240051840999968e+02 9.985246828834785093e-01 8.236803141539758111e-05 9.989112206286322460e-01 8.235868082894591395e-05
9.641875004357000307e+02 9.985316737047454927e-01 8.162884171637441427e-05 9.989163933160548625e-01 8.163456732016568325e-05
9.672258514637998132e+02 9.985409873652828505e-01 8.065604529551081297e-05 9.989232847609692545e-01 8.068086460463474725e-05
9.703623576841000613e+02 9.985505030233408075e-01 7.966358852045726119e-05 9.989303230062061001e-01 7.970746401899620154e-05
9.719724409356999786e+02 9.985553550280341639e-01 7.915687296097255086e-05 9.989339117938713652e-01 7.921047766066068127e-05
9.750481299638000792e+02 9.985645580660647003e-01 7.821273853825590368e-05 9.989407179464675490e-01 7.828295581890340254e-05
9.786418974637999781e+02 9.985751966296789739e-01 7.711585083981633627e-05 9.989485837600153850e-01 7.720507318897278960e-05
9.797947194356999034e+02 9.985785901348782634e-01 7.676732925486578183e-05 9.989510933411068772e-01 7.686245191829623878e-05
9.831038971840998784e+02 9.985882517007411696e-01 7.579316937364695471e-05 9.989582355411634751e-01 7.590279382493241630e-05
9.865201824637999835e+02 9.985981238467854793e-01 7.478858883160476186e-05 9.989655322718971053e-01 7.491316669307522904e-05
9.876543354356998634e+02 9.986013837582886632e-01 7.446279552765985312e-05 9.989679422526409613e-01 7.459152668633277578e-05
9.912854404357001386e+02 9.986117291529266193e-01 7.343281915742205378e-05 9.989755876448284111e-01 7.357381878215001286e-05
9.944358049637999102e+02 9.986206177021695884e-01 7.254354182258968356e-05 9.989821560293178360e-01 7.269480206980570580e-05
9.959014426841000613e+02 9.986247246086151774e-01 7.214056481922141999e-05 9.989851909211483472e-01 7.229527678863793328e-05
9.992010634357000072e+02 9.986338989802737709e-01 7.123859180140602811e-05 9.989919695697954127e-01 7.140099723777207016e-05
1.002388765963799983e+03 9.986426834061117308e-01 7.037712020862778143e-05 9.989984603580382982e-01 7.054590051767646933e-05
1.004489146684100092e+03 9.986484222666125454e-01 6.982174656109765864e-05 9.990027003929479177e-01 6.999325826997813635e-05
1.007154023935700138e+03 9.986556505678958473e-01 6.912124663224668015e-05 9.990080405992511903e-01 6.929617873942378321e-05
1.010379064463799978e+03 9.986643279842057908e-01 6.828730454014530430e-05 9.990144516562363686e-01 6.846470843361493984e-05
1.013114188684099986e+03 9.986716162923232609e-01 6.759081262276051309e-05 9.990198359716744303e-01 6.776900210966882508e-05
1.015144322435700019e+03 9.986769892696268913e-01 6.707675010082970882e-05 9.990238055486494462e-01 6.725550367406268177e-05
1.018406698963799954e+03 9.986855603604606335e-01 6.626907871386302222e-05 9.990301382388473428e-01 6.644657076235222393e-05
1.021776566684100089e+03 9.986943203075770992e-01 6.544345193276023410e-05 9.990366100709934249e-01 6.561873963168844996e-05
1.023171958935699990e+03 9.986979247237603996e-01 6.510347885995412061e-05 9.990392734199757818e-01 6.527785393209381050e-05
1.026471674963800069e+03 9.987063876495353432e-01 6.432129542942312229e-05 9.990455265059500212e-01 6.449103048628804409e-05
1.030196124963800230e+03 9.987158367587547492e-01 6.344224408627897340e-05 9.990525083260018979e-01 6.360643937984178256e-05
1.031236933435699939e+03 9.987184629433144556e-01 6.319946346273313251e-05 9.990544494209488979e-01 6.336192103701708610e-05
1.034854146184099818e+03 9.987275145814737964e-01 6.237525539487195642e-05 9.990611382449050559e-01 6.252977767345731176e-05
1.038317103463800095e+03 9.987360912287167602e-01 6.158687402846189983e-05 9.990674768088261271e-01 6.173380074639017473e-05
1.039339246935699975e+03 9.987386096057342399e-01 6.136021417638032088e-05 9.990693387285497495e-01 6.150439720461285524e-05
1.043101034935700000e+03 9.987478004404279908e-01 6.053361032836316398e-05 9.990761322128632882e-01 6.066743705031512837e-05
1.046475422824400084e+03 9.987559633573341866e-01 5.979656177591531158e-05 9.990821672181816604e-01 5.992088817371311302e-05
1.047987732544700066e+03 9.987595957443883288e-01 5.947440847495793939e-05 9.990848529928947341e-01 5.959394994991230811e-05
1.051259351435699955e+03 9.987673954391735887e-01 5.878170939106505368e-05 9.990906197717764892e-01 5.889092167680634826e-05
1.054671079324399898e+03 9.987754557294589164e-01 5.806708278718200156e-05 9.990965808632470413e-01 5.816522240200921974e-05
1.056799462544699963e+03 9.987804415676858616e-01 5.762970393519487711e-05 9.991002681259510965e-01 5.772057206718567862e-05
1.059455006935700112e+03 9.987866188763036002e-01 5.708729605968263312e-05 9.991048368432786653e-01 5.716911983531740402e-05
1.062904073463799932e+03 9.987945765142642873e-01 5.639309051800877210e-05 9.991107239232854820e-01 5.646296280998926983e-05
1.065648531184099966e+03 9.988008489109427845e-01 5.584825590293975993e-05 9.991153640363277244e-01 5.590847989651934728e-05
1.067688001435700016e+03 9.988054793084365501e-01 5.544580693104866133e-05 9.991187900448862402e-01 5.549888913724786697e-05
1.071174407963800149e+03 9.988133360301427732e-01 5.477153416317583745e-05 9.991246046404782533e-01 5.481245972434837529e-05
1.074534941184100035e+03 9.988208307716971435e-01 5.412800034021560201e-05 9.991301508084085015e-01 5.415724973544432992e-05
1.075958334935700123e+03 9.988239853170999272e-01 5.385701813663036370e-05 9.991324858449817103e-01 5.388134528811243455e-05
1.079482076463800013e+03 9.988317395018180278e-01 5.320068622145560745e-05 9.991382259245509267e-01 5.321326056386117782e-05
1.083337208963799867e+03 9.988401328371394605e-01 5.248595593791577645e-05 9.991444392847194100e-01 5.248576504133988592e-05
1.084266007435699976e+03 9.988421441048722649e-01 5.231521398695302457e-05 9.991459291541272547e-01 5.231199396529659276e-05
1.087948561184099844e+03 9.988500576483002602e-01 5.165453167868919746e-05 9.991517885953097311e-01 5.164011343725180678e-05
1.091700884963799808e+03 9.988580375144540113e-01 5.098174753422179132e-05 9.991576978332245007e-01 5.095592481913234956e-05
1.092611013435699988e+03 9.988599630010975838e-01 5.082209989405789876e-05 9.991591246366657852e-01 5.079375995276724602e-05
1.096503483935700160e+03 9.988681323497408115e-01 5.014658202243621146e-05 9.991651748736404270e-01 5.010779089171663308e-05
1.100101900463799893e+03 9.988756080587677388e-01 4.952461448770396131e-05 9.991707127041085101e-01 4.947634248536273419e-05
1.101418186184100023e+03 9.988783246086231360e-01 4.930182234418156159e-05 9.991727252902352641e-01 4.925055131889259538e-05
1.104904497935699965e+03 9.988854688395117920e-01 4.871538287957514866e-05 9.991780172097454171e-01 4.865621128116467915e-05
1.108540254463800238e+03 9.988928500740471561e-01 4.810865271643720862e-05 9.991834864859213683e-01 4.804171520365974009e-05
1.110453946184100005e+03 9.988967049731194425e-01 4.779471417458195731e-05 9.991863425781540853e-01 4.772429810740302653e-05
1.113342850935699971e+03 9.989024856813858433e-01 4.732375487293840298e-05 9.991906253557395479e-01 4.724812060133390428e-05
1.117015943824399983e+03 9.989097743665655837e-01 4.673244416468535692e-05 9.991960273136407666e-01 4.665095325965682766e-05
1.119527042544699952e+03 9.989147132635576298e-01 4.633415249667066014e-05 9.991996868302687185e-01 4.624929879057445984e-05
1.121818542935699952e+03 9.989191912779760152e-01 4.597298088783741143e-05 9.992030050127618246e-01 4.588508112879683505e-05
1.125528972081699976e+03 9.989263862359438750e-01 4.539696712580654659e-05 9.992083377801062039e-01 4.530519983424891457e-05
1.128637473801999931e+03 9.989323562882588270e-01 4.491919558103305981e-05 9.992127614479217046e-01 4.482474829438604596e-05
1.130331568435699864e+03 9.989355900434599977e-01 4.466038281234265965e-05 9.992151579857055932e-01 4.456448776588773411e-05
1.134079339963800066e+03 9.989426931547525923e-01 4.409849337740306372e-05 9.992204227013375961e-01 4.400070155217087459e-05
1.137785246184099833e+03 9.989496451224937346e-01 4.354650920943025673e-05 9.992255741598036201e-01 4.344722215567680865e-05
1.138881933435699921e+03 9.989516907403925838e-01 4.338412431627070742e-05 9.992270904958437949e-01 4.328439876939564509e-05
1.142667042581699889e+03 9.989587029529992668e-01 4.283628051162926615e-05 9.992322874546619715e-01 4.273652410471296970e-05
1.146671526081699994e+03 9.989660444997582323e-01 4.225816447920621624e-05 9.992377276656402296e-01 4.215849801780073705e-05
1.147469641935699883e+03 9.989675004587167395e-01 4.214440531229355605e-05 9.992388072835459711e-01 4.204486850090235952e-05
1.151492794935699976e+03 9.989747841547111928e-01 4.158136971424917903e-05 9.992442045495406600e-01 4.148345793504370154e-05
1.155315236463800147e+03 9.989816348769425813e-01 4.104705351079590743e-05 9.992492810824176175e-01 4.095071961755949688e-05
1.156192801184099835e+03 9.989831992563603658e-01 4.092730389390818950e-05 9.992504406624528324e-01 4.083161030208622795e-05
1.160136501435699984e+03 9.989901794916796751e-01 4.039254711011683628e-05 9.992556123836965343e-01 4.029974567514184026e-05
1.163996285581700022e+03 9.989969446575206469e-01 3.987207529702049765e-05 9.992606252515531251e-01 3.978229681559002984e-05
1.165452588802000037e+03 9.989994797629474510e-01 3.967959261344842999e-05 9.992625035789387544e-01 3.959127562872644763e-05
1.168817551935699839e+03 9.990052992158869882e-01 3.923763864759728729e-05 9.992668145103870136e-01 3.915270428670489749e-05
1.172714673463799954e+03 9.990119799566676839e-01 3.873067707344566657e-05 9.992717643239168446e-01 3.864994008436383117e-05
1.174749711184100306e+03 9.990154410105982485e-01 3.847061594978712899e-05 9.992743280498634917e-01 3.839235705536068186e-05
1.177535936435700023e+03 9.990201500434441328e-01 3.811676576393903371e-05 9.992778158300203994e-01 3.804189916488208135e-05
1.181470397963799769e+03 9.990267462174118318e-01 3.762351485951210222e-05 9.992827020328686194e-01 3.755373637948413443e-05
1.184084176184100215e+03 9.990310899671466238e-01 3.730031692291525754e-05 9.992859188030575046e-01 3.723412417896378634e-05
1.186291664435699886e+03 9.990347366377485550e-01 3.702905247445335856e-05 9.992886192915526600e-01 3.696588340110408153e-05
1.190263458581699979e+03 9.990412493536287020e-01 3.654916749437871676e-05 9.992934426510620138e-01 3.649168942725970012e-05
1.193455973801999789e+03 9.990464346430524278e-01 3.616747434670876377e-05 9.992972817759731008e-01 3.611468191911476974e-05
1.195084726935699791e+03 9.990490649726968542e-01 3.597394441322468954e-05 9.992992293734135334e-01 3.592353568603601764e-05
1.199093858463799961e+03 9.990554948687524472e-01 3.550749512263794117e-05 9.993039902417250042e-01 3.546310059064734576e-05
1.202865106184099886e+03 9.990614820168762789e-01 3.507181169418679582e-05 9.993084220970829268e-01 3.503310650013429487e-05
1.203915122935700083e+03 9.990631401056396799e-01 3.495122974993146632e-05 9.993096496759565905e-01 3.491410157471180837e-05
1.207961595824400092e+03 9.990694873375599583e-01 3.449765620515942295e-05 9.993143480282490332e-01 3.446659847489834009e-05
1.212115430824400164e+03 9.990759358031998660e-01 3.403347173041005550e-05 9.993191204580598175e-01 3.400863832931830098e-05
1.212782862935699995e+03 9.990769672739903129e-01 3.395978598768074745e-05 9.993198841723804904e-01 3.393593895185147071e-05
1.216955366935699885e+03 9.990833681701091207e-01 3.350885117395670774e-05 9.993246209699628846e-01 3.349104620151549516e-05
1.221039176081699907e+03 9.990895706122324693e-01 3.306797794953865829e-05 9.993292106590516699e-01 3.305607666819232628e-05
1.221795393801999808e+03 9.990907133167341581e-01 3.298860022735005803e-05 9.993300564283953413e-01 3.297772761353330074e-05
1.225879109935699944e+03 9.990968413585289420e-01 3.256274500581081091e-05 9.993345903625193705e-01 3.255741084707044884e-05
1.230000257824400251e+03 9.991029656140479887e-01 3.213540263759539383e-05 9.993391214090440178e-01 3.213557406273171406e-05
1.231316542544700269e+03 9.991049087865202516e-01 3.200209408313484723e-05 9.993405590108195291e-01 3.200389299660415802e-05
1.234840191935699977e+03 9.991100775999870454e-01 3.164752630134072179e-05 9.993443822924413800e-01 3.165366470137424756e-05
1.238998678463799934e+03 9.991161236062415796e-01 3.123281359946736068e-05 9.993488545395772249e-01 3.124388976310787664e-05
1.240875031184099953e+03 9.991188310038322529e-01 3.104925043081503558e-05 9.993508569645144224e-01 3.106236605767045804e-05
1.243838612435700043e+03 9.991230814521413484e-01 3.076126009079629102e-05 9.993540003738843325e-01 3.077758136771729350e-05
1.248034436581700220e+03 9.991290505872859606e-01 3.035898152566831153e-05 9.993584151165266771e-01 3.037953808674648053e-05
1.250470858802000066e+03 9.991324874174369874e-01 3.012929632078304457e-05 9.993609565112109294e-01 3.015208768370136616e-05
1.252874372435700025e+03 9.991358581390596960e-01 2.990418547506390001e-05 9.993634489314001668e-01 2.992916837792379409e-05
1.257107533963800051e+03 9.991417501212853658e-01 2.951424245201622967e-05 9.993678058082721138e-01 2.954265766832254786e-05
1.260104021184100020e+03 9.991458826958924400e-01 2.924169097935226777e-05 9.993708611461428193e-01 2.927230951362143184e-05
1.261947465935699938e+03 9.991484109555864856e-01 2.907513392778655355e-05 9.993727304023920510e-01 2.910709824137443455e-05
1.266217967463799823e+03 9.991542267367619079e-01 2.869714411244621272e-05 9.993770302985561793e-01 2.873167090622143034e-05
1.269774526184099841e+03 9.991590229358803255e-01 2.838523346459495677e-05 9.993805757919281829e-01 2.842169880305809728e-05
1.271057903435699927e+03 9.991607444891963397e-01 2.827342061083487995e-05 9.993818485489176506e-01 2.831057964112300082e-05
1.275365739963800024e+03 9.991664845428879227e-01 2.790724860658432626e-05 9.993860918726820142e-01 2.794606878496080327e-05
1.279482366184099874e+03 9.991719132273098047e-01 2.755931246052876923e-05 9.993901045056122756e-01 2.759959054927810327e-05
1.280205674935700017e+03 9.991728624512147272e-01 2.749855976956561355e-05 9.993908062664474956e-01 2.753909197406859464e-05
1.284550847824399852e+03 9.991785268682109589e-01 2.714333226970692763e-05 9.993949930548503557e-01 2.718462221053064628e-05
1.288872703324399936e+03 9.991841031150379138e-01 2.679051220940140479e-05 9.993991145035733270e-01 2.683252192620815441e-05
1.289390785435700082e+03 9.991847688343449274e-01 2.674914501418468904e-05 9.993996067406254458e-01 2.679117890135115937e-05
1.293731311435700036e+03 9.991903056263286009e-01 2.640754612764005890e-05 9.994036988977457181e-01 2.644952825813764243e-05
1.298113822963799976e+03 9.991958395643786295e-01 2.606365069059228659e-05 9.994077888698469359e-01 2.610551515310337062e-05
1.299010056184099994e+03 9.991969647173000180e-01 2.599499953026898285e-05 9.994086205196097694e-01 2.603670889163043419e-05
1.302972421435700198e+03 9.992019080561248545e-01 2.569353672301490530e-05 9.994122737954279634e-01 2.573454876660716584e-05
1.307392272963799996e+03 9.992073709855497921e-01 2.535968623724144547e-05 9.994163114430477668e-01 2.539977914759165861e-05
1.308829911184099956e+03 9.992091356723951101e-01 2.525367610660143709e-05 9.994176157103618063e-01 2.529330657787144716e-05
1.312250881435699966e+03 9.992133097178940160e-01 2.500315758564988978e-05 9.994207003852076943e-01 2.504168052535055884e-05
1.316708067963799976e+03 9.992187006314525721e-01 2.467988013164672728e-05 9.994246846454427624e-01 2.471676816364229244e-05
1.318687101184100129e+03 9.992210758399261428e-01 2.453888332918786915e-05 9.994264399847649916e-01 2.457488280295141625e-05
1.321566671435700073e+03 9.992245121429339516e-01 2.433511110684254749e-05 9.994289794441372221e-01 2.436981422067629094e-05
1.326061195581700076e+03 9.992298327320791040e-01 2.402137728185085069e-05 9.994329118657586664e-01 2.405384284178802934e-05
1.328581628802000068e+03 9.992327910939007296e-01 2.384819796465743947e-05 9.994350981631311415e-01 2.387927144254595399e-05
1.330919801435700037e+03 9.992355203510279171e-01 2.368859470157998784e-05 9.994371151662628794e-01 2.371837603401153138e-05
1.335451662963799890e+03 9.992407705587944555e-01 2.338411979233671008e-05 9.994409955821332847e-01 2.341118849146122581e-05
1.338513491184100076e+03 9.992442856029469800e-01 2.318078448732625358e-05 9.994435932989444993e-01 2.320592194718656506e-05
1.340310266435699987e+03 9.992463373910893676e-01 2.306229364457675369e-05 9.994451097214188673e-01 2.308629899256176674e-05
1.344879469324400134e+03 9.992515183142994806e-01 2.276663964919513436e-05 9.994489390827936415e-01 2.278759492186977392e-05
1.348482697544699931e+03 9.992555646500660416e-01 2.253545996333939614e-05 9.994519295385424495e-01 2.255395465291161223e-05
1.349738071435699794e+03 9.992569672156299543e-01 2.245545417552294955e-05 9.994529662483180310e-01 2.247309364323946040e-05
1.354344610581699953e+03 9.992620795116216037e-01 2.216825132039526583e-05 9.994567450204255854e-01 2.218265429458744851e-05
1.358489238802000045e+03 9.992666326647977604e-01 2.191124270198117687e-05 9.994601102168537698e-01 2.192271630332723819e-05
1.359203216435700142e+03 9.992674132337675541e-01 2.186726098943932178e-05 9.994606872720175339e-01 2.187823203071960569e-05
1.363847094324399905e+03 9.992724574688803818e-01 2.158767941560878331e-05 9.994644157423945297e-01 2.159537736242032294e-05
1.368336969324399888e+03 9.992772844985857716e-01 2.131789094911277794e-05 9.994679837028813685e-01 2.132242534306425709e-05
1.368705696435700020e+03 9.992776793512817557e-01 2.129610102133782079e-05 9.994682757271194928e-01 2.130038129059609427e-05
1.373214241435699932e+03 9.992824741624193319e-01 2.103396338439718631e-05 9.994718199742088638e-01 2.103518650747170256e-05
1.377895457963800027e+03 9.992874022656492716e-01 2.076236845665498980e-05 9.994754629396327417e-01 2.076043514116783343e-05
1.378614336184100011e+03 9.992881548926881852e-01 2.072157366061874032e-05 9.994760193790079850e-01 2.071918722080035507e-05
1.382772726435699951e+03 9.992924823152364855e-01 2.048723359648377230e-05 9.994792181565457234e-01 2.048223407424084694e-05
1.387491280581699812e+03 9.992973459506693246e-01 2.022265635417436704e-05 9.994828137179712080e-01 2.021475313904674980e-05
1.388732893801999808e+03 9.992986174697109369e-01 2.015437025187889354e-05 9.994837537339561484e-01 2.014577017972401393e-05
1.392368556435699929e+03 9.993023195603163433e-01 1.995588486426834254e-05 9.994864903261585498e-01 1.994525194504871617e-05
1.397124447963800094e+03 9.993071194427812776e-01 1.969820460706486580e-05 9.994900389145949804e-01 1.968503298884544922e-05
1.398888786184100127e+03 9.993088871556756736e-01 1.960417950438591122e-05 9.994913457056849859e-01 1.959016769110405193e-05
1.402001716435700018e+03 9.993119891095891827e-01 1.943936016646731008e-05 9.994936386731076983e-01 1.942387272394460512e-05
1.406794947963800041e+03 9.993167260426120135e-01 1.918811114873519784e-05 9.994971408311711381e-01 1.917054208679783481e-05
1.409082021184100086e+03 9.993189684708313480e-01 1.906990247451775442e-05 9.994987984900381983e-01 1.905146783180691527e-05
1.411672221435700067e+03 9.993214945939754568e-01 1.893702835802318655e-05 9.995006658351418549e-01 1.891761877559508550e-05
1.416502785581699982e+03 9.993261691193568996e-01 1.869200895553885559e-05 9.995041216965669939e-01 1.867104219186792405e-05
1.419312588801999937e+03 9.993288651659683053e-01 1.855094067726678042e-05 9.995061145758192822e-01 1.852920564238450077e-05
1.421380061435699872e+03 9.993308387776975721e-01 1.844783499105764503e-05 9.995075734870183526e-01 1.842553853377513757e-05
1.426247962963800092e+03 9.993354522682461605e-01 1.820832872353970051e-05 9.995109841306351051e-01 1.818503785436015910e-05
1.429580491184100083e+03 9.993385823953079283e-01 1.804567911546688924e-05 9.995132978191267892e-01 1.802183797878715565e-05
1.431125236435700117e+03 9.993400261751668179e-01 1.797082682846582098e-05 9.995143651209549285e-01 1.794673303203617087e-05
1.436030480581699976e+03 9.993445799236674310e-01 1.773732789580012814e-05 9.995177315407117735e-01 1.771281290397946058e-05
1.439885738802000105e+03 9.993481248890564439e-01 1.755501474396488939e-05 9.995203517097455137e-01 1.753027515643917788e-05
1.440907751435699993e+03 9.993490601456637146e-01 1.750703262679473949e-05 9.995210430852976558e-01 1.748223467437149794e-05
1.445850332963799929e+03 9.993535541480117468e-01 1.727918390415833898e-05 9.995243649188161328e-01 1.725452186910782831e-05
1.450228321184100196e+03 9.993574953404892325e-01 1.707810425829574410e-05 9.995272777234160966e-01 1.705363210404175795e-05
1.450727601435700080e+03 9.993579428324953495e-01 1.705531972323451936e-05 9.995276085289774848e-01 1.703086944055165304e-05
1.455684073215400076e+03 9.993623573535445059e-01 1.683378494137458675e-05 9.995308711656328837e-01 1.680998252846813238e-05
1.460584796435700127e+03 9.993666775666497637e-01 1.661520249652630765e-05 9.995340638808787315e-01 1.659208393425695791e-05
1.465280031435700039e+03 9.993707755630807377e-01 1.641111736552235980e-05 9.995370921290543942e-01 1.638901472799056763e-05
1.470297284324399925e+03 9.993751115598847878e-01 1.619363844494181717e-05 9.995402962074536601e-01 1.617265766811306062e-05
1.471025497544700102e+03 9.993757373834858404e-01 1.616270410205902138e-05 9.995407586991710280e-01 1.614192904854857571e-05
1.475193226435700126e+03 9.993792994591765844e-01 1.598684969553346594e-05 9.995433905142095954e-01 1.596725195121845856e-05
1.480247822963799990e+03 9.993835800077696119e-01 1.577465634830238015e-05 9.995465532801514064e-01 1.575654025825396585e-05
1.481480096184100148e+03 9.993846169421485293e-01 1.572386901293049551e-05 9.995473194087446389e-01 1.570616287226264847e-05
1.485143761435700071e+03 9.993876836360021665e-01 1.557394207387702948e-05 9.995495848443560760e-01 1.555745373890855064e-05
1.490235692963800147e+03 9.993919092791627712e-01 1.536713661273329934e-05 9.995527065935546629e-01 1.535239421306772181e-05
1.491972031184099933e+03 9.993933400774538400e-01 1.529776864314447350e-05 9.995537634890511169e-01 1.528366140918710277e-05
1.495131636435700102e+03 9.993959303867546717e-01 1.517245507057313115e-05 9.995556766814825966e-01 1.515950220091696379e-05
1.500260902963800163e+03 9.994001014009629147e-01 1.497083663020166328e-05 9.995587574372558626e-01 1.495979212542794606e-05
1.502501301184100157e+03 9.994019093848861557e-01 1.488388814979065530e-05 9.995600926635851424e-01 1.487369836228461004e-05
1.505156846435699890e+03 9.994040418481948684e-01 1.478155651536336187e-05 9.995616674058289686e-01 1.477237829395324086e-05
1.510323452963799809e+03 9.994081593383129514e-01 1.458469667821145956e-05 9.995647081047271953e-01 1.457748905620931527e-05
1.513067911184100012e+03 9.994103287759436016e-01 1.448126103693328405e-05 9.995663099503694360e-01 1.447510119783639561e-05
1.515219396435699991e+03 9.994120212984457519e-01 1.440074593262723827e-05 9.995675596518380779e-01 1.439540605470719755e-05
1.520423342963799996e+03 9.994160861826135722e-01 1.420866623470610289e-05 9.995705610182279433e-01 1.420526494879399903e-05
1.523671861184100180e+03 9.994186018194979315e-01 1.408984033372524809e-05 9.995724182229995813e-01 1.408763089548196891e-05
1.525319281435700077e+03 9.994198716595249499e-01 1.403002523030718727e-05 9.995733557361941024e-01 1.402841906325318622e-05
1.530560562963800066e+03 9.994238848265140085e-01 1.384322102068076577e-05 9.995763185224387781e-01 1.384343396571806599e-05
1.534313146184100106e+03 9.994267317065107514e-01 1.371053864195966985e-05 9.995784198857460279e-01 1.371202342709775579e-05
1.535456506435700021e+03 9.994275951358447818e-01 1.367038780083593450e-05 9.995790572531321194e-01 1.367225931720309401e-05
1.540735124324400203e+03 9.994315561740073628e-01 1.348804497006616909e-05 9.995819809403646561e-01 1.349154321673897736e-05
1.544991767544699997e+03 9.994347202901329164e-01 1.334163235216276238e-05 9.995843162005683125e-01 1.334640954626339371e-05
1.545631066435700177e+03 9.994351935124515807e-01 1.331979585403898250e-05 9.995846655159411620e-01 1.332476470795994569e-05
1.550947024324400218e+03 9.994391043698394039e-01 1.314262557442767877e-05 9.995875518873084120e-01 1.314896891080999802e-05
1.555810279324399971e+03 9.994426462218499729e-01 1.298107619509040324e-05 9.995901656275686387e-01 1.298865185827591792e-05
1.560827443215399853e+03 9.994462654242107780e-01 1.281903871048302438e-05 9.995928362913765186e-01 1.282762999052055549e-05
1.566078187963800019e+03 9.994500159025462294e-01 1.264984991599733080e-05 9.995956037513350489e-01 1.265947625049470760e-05
1.570978777963799985e+03 9.994534819290382677e-01 1.249654348150142930e-05 9.995981611578095283e-01 1.250688173526445129e-05
1.576378781435699921e+03 9.994572640708803135e-01 1.232838612930236489e-05 9.996009517849341330e-01 1.233946019643415881e-05
1.581298041435700043e+03 9.994606750289006802e-01 1.217933417254630182e-05 9.996034683617193162e-01 1.219084735841801952e-05
1.586702696435699863e+03 9.994643864668525390e-01 1.201682524250975603e-05 9.996062066327773277e-01 1.202874769726825135e-05
1.591640626435699915e+03 9.994677433275607203e-01 1.187194718110065604e-05 9.996086830947926716e-01 1.188404370412207120e-05
1.597063946435700018e+03 9.994713946006331673e-01 1.171433043942292673e-05 9.996113767574025255e-01 1.172652409301785749e-05
1.602020546435699998e+03 9.994746984214210039e-01 1.157308547241715443e-05 9.996138139719380478e-01 1.158520066120581145e-05
1.607462536435700258e+03 9.994782913153951176e-01 1.142015898766520709e-05 9.996164645512863878e-01 1.143208221206054046e-05
1.609847601184100085e+03 9.994798539704982110e-01 1.135414823713337192e-05 9.996176173066163573e-01 1.136592494145925665e-05
1.612498462963800193e+03 9.994815825502347817e-01 1.128129866922592998e-05 9.996188924087228145e-01 1.129291286376877439e-05
1.617898466435699902e+03 9.994850780150077441e-01 1.113471546269426109e-05 9.996214710093239697e-01 1.114588852789075835e-05
1.620787591184099938e+03 9.994869332525085914e-01 1.105718955088893248e-05 9.996228395113913034e-01 1.106807228700409531e-05
1.622971727963800049e+03 9.994883292013316822e-01 1.099898267559160169e-05 9.996238692605566856e-01 1.100964627083388523e-05
1.628371731435699985e+03 9.994917569145828073e-01 1.085720710708589724e-05 9.996263978716998233e-01 1.086722275535611506e-05
1.631764917544699983e+03 9.994938926320500183e-01 1.076898359181570969e-05 9.996279732787805017e-01 1.077854944913892815e-05
1.633482329324399871e+03 9.994949686647439657e-01 1.072465408643819099e-05 9.996287670404613301e-01 1.073399250497440804e-05
1.638882331435700053e+03 9.994983300521403935e-01 1.058768141108920261e-05 9.996312467129575552e-01 1.059621213934919311e-05
1.642779578802000060e+03 9.995007344983918296e-01 1.048958202015804694e-05 9.996330203244416790e-01 1.049750116731256487e-05
1.644030270581700279e+03 9.995015026666560498e-01 1.045830147409096662e-05 9.996335869886505687e-01 1.046602448172108128e-05
1.649430271435700206e+03 9.995047988874159461e-01 1.032570462809537542e-05 9.996360185804499254e-01 1.033250815865036705e-05
1.653831581184099832e+03 9.995074609644516439e-01 1.021818080140918127e-05 9.996379822394875214e-01 1.022421912144051949e-05
1.654615552963800155e+03 9.995079330819227614e-01 1.019916224045185559e-05 9.996383305429634714e-01 1.020506428711716548e-05
1.660015556435699864e+03 9.995111658520138276e-01 1.007091536444942366e-05 9.996407153483550800e-01 1.007583334436091226e-05
1.664920923802000061e+03 9.995140746526416375e-01 9.954778259570217476e-06 9.996428610699312767e-01 9.958796643676014505e-06
1.665238165581699832e+03 9.995142619880124091e-01 9.947317441751367021e-06 9.996429993056175078e-01 9.951277641359892879e-06
1.670488688215400089e+03 9.995173452210770471e-01 9.826610330025866756e-06 9.996452737592134152e-01 9.829595871576456568e-06
1.675725446435700178e+03 9.995203911502658078e-01 9.706385268960629665e-06 9.996475207372945704e-01 9.708398920101812070e-06
1.676047596184100030e+03 9.995205777198671315e-01 9.699156582528813337e-06 9.996476583972125907e-01 9.701111496093972746e-06
1.681004067963800026e+03 9.995234323441418711e-01 9.588673277468013373e-06 9.996497641999014805e-01 9.589727251040417578e-06
1.686404071435700189e+03 9.995265138071548483e-01 9.468653626970187083e-06 9.996520374534163533e-01 9.468732105404494196e-06
1.687211613802000102e+03 9.995269721609759683e-01 9.451089110035712301e-06 9.996523756199439115e-01 9.451028300042698481e-06
1.691720030581699802e+03 9.995295179025271981e-01 9.353674855540189189e-06 9.996542535246881744e-01 9.352836971306876664e-06
1.697120031435699957e+03 9.995325405118788975e-01 9.237523432250925408e-06 9.996564833523428062e-01 9.235770544699947824e-06
1.698412966184100014e+03 9.995332599276171015e-01 9.210200520461913866e-06 9.996570140786349423e-01 9.208243168160197738e-06
1.702473332963800203e+03 9.995355079536851761e-01 9.124930415876294105e-06 9.996586723292812948e-01 9.122330858676646145e-06
1.707873336435699912e+03 9.995384732183794085e-01 9.012279913800179710e-06 9.996608598845725391e-01 9.008854753143453423e-06
1.709651661184099794e+03 9.995394434569362385e-01 8.975790440496344096e-06 9.996615756338832481e-01 8.972116331326551622e-06
1.713263967963799814e+03 9.995414046327153468e-01 8.902171638180275616e-06 9.996630223034754792e-01 8.897991471936833111e-06
1.718663971435699978e+03 9.995443137330174421e-01 8.793048212590609292e-06 9.996651684142709993e-01 8.788154831805863900e-06
1.720927688802000148e+03 9.995455248498362755e-01 8.747952533466586838e-06 9.996660618193905501e-01 8.742790301671647825e-06
1.724091940581699873e+03 9.995472095587766281e-01 8.685330752510189378e-06 9.996673045491140108e-01 8.679792249888664235e-06
1.729491941435699800e+03 9.995500637532478416e-01 8.579594139529484535e-06 9.996694101205249039e-01 8.573471286899723030e-06
1.732241051184099888e+03 9.995515061539907986e-01 8.526442439265484382e-06 9.996704740938319178e-01 8.520056395527631507e-06
1.734957252963800101e+03 9.995529244379923739e-01 8.474262536712930647e-06 9.996715202847984427e-01 8.467615997130935565e-06
1.740357256435699810e+03 9.995557247420115976e-01 8.371727515379807669e-06 9.996735860315598687e-01 8.364635907930377865e-06
1.743591757544700158e+03 9.995573891960802815e-01 8.310918032096076933e-06 9.996748137527667888e-01 8.303595875590772413e-06
1.745859904324400077e+03 9.995585509085838094e-01 8.268565133085283047e-06 9.996756706509496437e-01 8.261080960473554048e-06
1.751259906435700259e+03 9.995612987189528287e-01 8.169215135494474136e-06 9.996776976370237433e-01 8.161431067095954061e-06
1.754979798802000005e+03 9.995631762595228453e-01 8.101382050343373557e-06 9.996790824671163422e-01 8.093425588896491574e-06
1.756799890581699856e+03 9.995640906033971262e-01 8.068387442405587843e-06 9.996797568994997274e-01 8.060346373266036229e-06
1.762199891435699783e+03 9.995667868363179442e-01 7.971996769724468658e-06 9.996817456895071841e-01 7.963800293397687891e-06
1.766405178801999909e+03 9.995688688712830450e-01 7.897412549754324844e-06 9.996832812787460609e-01 7.889124062183839001e-06
1.767777220581699794e+03 9.995695450691225448e-01 7.873229665121421109e-06 9.996837800338298496e-01 7.864911022299287481e-06
1.773177221435699948e+03 9.995721909543063832e-01 7.779739187119506379e-06 9.996857315917337949e-01 7.771405100791557488e-06
1.777867896184099891e+03 9.995744692676905574e-01 7.698913201572063204e-06 9.996874118265081099e-01 7.690587324381976999e-06
1.778791882963799935e+03 9.995749160502664932e-01 7.683094358277568718e-06 9.996877413634958076e-01 7.674770047769967414e-06
1.784191886435700098e+03 9.995775126342969497e-01 7.592404605148024950e-06 9.996896564007207164e-01 7.584195254232137102e-06
1.789367953801999647e+03 9.995799791152696345e-01 7.505714181115009783e-06 9.996914753412945442e-01 7.497627308095949741e-06
1.789843885581700079e+03 9.995802049295253733e-01 7.497791322690404794e-06 9.996916419140651211e-01 7.489715706390571613e-06
1.795243886435700006e+03 9.995827533049250757e-01 7.409820579760356896e-06 9.996935212186000008e-01 7.401978459624363576e-06
1.800905346184099926e+03 9.995854004093506218e-01 7.317770380142788760e-06 9.996954732745590988e-01 7.310181739772471864e-06
1.806263202963800268e+03 9.995878823084758391e-01 7.233047528123937510e-06 9.996973033962156530e-01 7.225785663940336700e-06
1.811663206435699976e+03 9.995903613878505123e-01 7.147841756794399005e-06 9.996991313866854245e-01 7.140915678937361401e-06
1.812480081184100072e+03 9.995907345547597744e-01 7.135209666845002621e-06 9.996994065647725192e-01 7.128345457785261422e-06
1.817408547963799947e+03 9.995929744321213617e-01 7.059436529875193793e-06 9.997010580203110619e-01 7.052944474956011386e-06
1.822808551435700110e+03 9.995954079849592722e-01 6.976746983358086053e-06 9.997028523062323480e-01 6.970672408581387205e-06
1.824092151184099976e+03 9.995959832967002967e-01 6.957472472469562849e-06 9.997032764803421845e-01 6.951509618995853472e-06
1.828591232963800167e+03 9.995979896662758879e-01 6.890293731308059254e-06 9.997047556010507652e-01 6.884721817908974948e-06
1.833991236435699875e+03 9.996003785619202997e-01 6.810121750664180285e-06 9.997065167954412024e-01 6.805029089862829291e-06
1.835741557544699845e+03 9.996011483067794856e-01 6.784581444069571308e-06 9.997070842543057667e-01 6.779654646765214311e-06
1.839811254324399897e+03 9.996029292493481266e-01 6.725548745784609506e-06 9.997083970371549722e-01 6.721007254975741252e-06
1.845211256435699852e+03 9.996052744041651339e-01 6.647801696568624568e-06 9.997101258211460451e-01 6.643778739662776054e-06
1.847428301184100064e+03 9.996062312162662389e-01 6.616365017993286238e-06 9.997108310651707797e-01 6.612561539456406278e-06
1.851068612963799978e+03 9.996077945215636751e-01 6.565050262279734574e-06 9.997119833276217893e-01 6.561607002122533250e-06
1.856468616435700142e+03 9.996100970009844655e-01 6.489650439778652181e-06 9.997136804441020264e-01 6.486742643895648272e-06
1.859152386184100124e+03 9.996112336052587199e-01 6.452689040287479717e-06 9.997145181538612535e-01 6.450048573645940538e-06
1.862363312963799899e+03 9.996125869469418834e-01 6.408743898071950305e-06 9.997155155541510574e-01 6.406423237471592891e-06
1.867763316435700062e+03 9.996148475252825127e-01 6.335693593591723784e-06 9.997171816239395215e-01 6.333904051460329389e-06
1.870913806184099940e+03 9.996161570596907575e-01 6.293589513468464010e-06 9.997181466514782899e-01 6.292106163229719449e-06
1.873695347963800259e+03 9.996173077033199128e-01 6.256613776065879204e-06 9.997189945726779881e-01 6.255400786052754439e-06
1.879095351435699968e+03 9.996195272776858820e-01 6.185801524269365105e-06 9.997206302359475938e-01 6.185095061169728522e-06
1.882712563802000204e+03 9.996210030195787910e-01 6.138863688028903509e-06 9.997217176317276799e-01 6.138487772306867201e-06
1.885064720581700158e+03 9.996219580846708030e-01 6.108533562591957899e-06 9.997224213808346693e-01 6.108372648646436620e-06
1.890464721435700085e+03 9.996241374476076968e-01 6.039958861883417604e-06 9.997240272141988404e-01 6.040260046843497980e-06
1.894548656184100309e+03 9.996257728296408240e-01 5.988526638001688763e-06 9.997252321171935519e-01 5.989165194569954843e-06
1.896471427963800124e+03 9.996265392133734107e-01 5.964447838461689828e-06 9.997257967595526429e-01 5.965245287835130155e-06
1.901871431435699833e+03 9.996286791387459791e-01 5.897950815230513341e-06 9.997273733813151209e-01 5.899150822450467266e-06
1.906422093802000063e+03 9.996304679898128098e-01 5.842271786534311655e-06 9.997286912270986203e-01 5.843798380486463208e-06
1.907915480581699967e+03 9.996310523469869036e-01 5.824113286734201362e-06 9.997291217340186220e-01 5.825747100673908035e-06
1.913315481435699894e+03 9.996331537366889286e-01 5.759740308231252902e-06 9.997306698284972315e-01 5.761703341756526186e-06
1.918332863802000020e+03 9.996350899514221400e-01 5.700212947658033351e-06 9.997320961008770990e-01 5.702470423596362865e-06
1.919396865581700013e+03 9.996354987109934420e-01 5.687664584552301953e-06 9.997323972172198481e-01 5.689984533973117460e-06
1.924796866435700167e+03 9.996375622722245557e-01 5.625340166671019890e-06 9.997339172822977682e-01 5.627906687661809871e-06
1.930280973801999608e+03 9.996396399237179597e-01 5.562224835420892646e-06 9.997354476136068868e-01 5.565034533640888728e-06
1.930915590581699917e+03 9.996398792894132246e-01 5.554964297235835727e-06 9.997356239523431665e-01 5.557802160497840827e-06
1.936315591435699844e+03 9.996419057274972264e-01 5.494545176284698839e-06 9.997371165139395943e-01 5.497541591966539218e-06
1.941869596435699805e+03 9.996439721670491441e-01 5.432430794120293471e-06 9.997386384853375052e-01 5.435589494262489900e-06
1.942471652963800125e+03 9.996441952447558954e-01 5.425819520200331208e-06 9.997388028152818240e-01 5.428989860352706305e-06
1.948044327963800015e+03 9.996462487467620006e-01 5.365377202910466828e-06 9.997403152200596832e-01 5.368626162759925322e-06
1.953444331435699723e+03 9.996482217996915942e-01 5.306888571325002419e-06 9.997417683284790524e-01 5.310210297751022584e-06
1.954289208802000076e+03 9.996485290848323713e-01 5.297945771531308869e-06 9.997419946592596141e-01 5.301266742749201723e-06
1.959656395581700053e+03 9.996504711831395440e-01 5.241440434514247514e-06 9.997434248549200708e-01 5.244756673867570124e-06
1.965056396435699980e+03 9.996524090359522052e-01 5.184774393882862936e-06 9.997448519601476180e-01 5.188076787029841081e-06
1.966349331184100265e+03 9.996528706774678863e-01 5.171477299671473807e-06 9.997451919300761602e-01 5.174760612059134593e-06
1.971305802963800033e+03 9.996546314589078719e-01 5.120746134819494010e-06 9.997464885515077171e-01 5.123956631049796537e-06
1.976705806435699969e+03 9.996565349566363112e-01 5.065755466761276662e-06 9.997478902855302385e-01 5.068873157419571639e-06
1.978446796184100322e+03 9.996571452922593526e-01 5.048362479777702211e-06 9.997483397356955459e-01 5.051432858854589336e-06
1.982992547963800234e+03 9.996587309878587346e-01 5.003208952448417637e-06 9.997495073675825017e-01 5.006156166806058626e-06
1.988392551435700170e+03 9.996606007259618565e-01 4.949934781810737261e-06 9.997508841880083930e-01 4.952719806300517217e-06
1.990581593802000043e+03 9.996613542700176769e-01 4.928699224744234137e-06 9.997514390456896383e-01 4.931401816074747842e-06
1.994716630581700429e+03 9.996627706353378162e-01 4.888797558001718132e-06 9.997524819531141693e-01 4.891344783273786039e-06
2.000116631435700356e+03 9.996646072581910625e-01 4.837130472287975348e-06 9.997538343729495125e-01 4.839458830002065857e-06
2.002753726184099833e+03 9.996654986525783659e-01 4.812276313984257806e-06 9.997544907188494756e-01 4.814483713631934778e-06
2.006478052963799882e+03 9.996667513764780910e-01 4.777387632094669715e-06 9.997554131240767861e-01 4.779424469099045326e-06
2.011878056435700046e+03 9.996685555624172936e-01 4.727309417481737495e-06 9.997567416193765544e-01 4.729084863828628619e-06
2.014963203802000180e+03 9.996695796641845710e-01 4.699064866132815469e-06 9.997574956432762061e-01 4.700680494410227712e-06
2.018276810581700374e+03 9.996706742549353875e-01 4.668912316310770976e-06 9.997583015783851890e-01 4.670356483370127994e-06
2.023676811435700074e+03 9.996724466575200863e-01 4.620330146859874312e-06 9.997596066220729716e-01 4.621485506641785293e-06
2.027210016184099914e+03 9.996735984199193181e-01 4.588883004059892838e-06 9.997604546312349738e-01 4.589843496968903095e-06
2.030112907963799898e+03 9.996745402023853311e-01 4.563188053324308122e-06 9.997611480325553357e-01 4.563988553266201418e-06
2.035512911435700062e+03 9.996762815027925297e-01 4.516045568238977389e-06 9.997624301626316656e-01 4.516545862523385475e-06
2.039494171184099969e+03 9.996775561007231747e-01 4.481626016629152287e-06 9.997633686043465584e-01 4.481903517743035272e-06
2.041986342963800098e+03 9.996783501747024125e-01 4.460192686634717390e-06 9.997639532561670705e-01 4.460330785335396737e-06
2.047386346435700034e+03 9.996800609283483796e-01 4.414411402946143529e-06 9.997652128414767914e-01 4.414253058769913986e-06
2.051815657544699661e+03 9.996814537396000455e-01 4.377139251870780536e-06 9.997662382843344187e-01 4.376739781648417434e-06
2.053897114324400263e+03 9.996821051887686549e-01 4.359730622558068785e-06 9.997667179172506913e-01 4.359217839154086024e-06
2.059297116435699991e+03 9.996837860061662528e-01 4.315267537859760762e-06 9.997679554341266650e-01 4.314475507813064523e-06
2.064174481184099932e+03 9.996852924495296389e-01 4.275331646022184836e-06 9.997690645207089055e-01 4.274291524791125441e-06
2.065845222963799642e+03 9.996858060969713300e-01 4.261722443838416494e-06 9.997694426881318375e-01 4.260597295647268224e-06
2.071245226435700260e+03 9.996874576373026011e-01 4.218495341967621927e-06 9.997706586155228337e-01 4.217119994759047543e-06
2.076570646184100042e+03 9.996890733991004030e-01 4.176045156958487475e-06 9.997718481691308945e-01 4.174427692354628426e-06
2.077830667963800352e+03 9.996894539889988884e-01 4.166060729852248944e-06 9.997721283651533897e-01 4.164385915575187187e-06
2.083230671435700060e+03 9.996910767225123395e-01 4.124077679556510029e-06 9.997733230865598619e-01 4.122191845341059574e-06
2.089004147544700118e+03 9.996927976054215126e-01 4.079301962243085939e-06 9.997745899550530835e-01 4.077193828361784460e-06
2.095230232544700357e+03 9.996946373802961805e-01 4.032071493414292009e-06 9.997759443926064193e-01 4.029766518927692329e-06
2.101068826435700430e+03 9.996963475608612315e-01 3.987918301208695123e-06 9.997772033745638831e-01 3.985434919358616945e-06
2.101913577963799980e+03 9.996965938866447798e-01 3.981611066582378600e-06 9.997773847534946468e-01 3.979105334599431474e-06
2.107719741184099803e+03 9.996982783518781890e-01 3.938823028373540240e-06 9.997786247603805965e-01 3.936190443884574992e-06
2.113983166184099900e+03 9.997000798588940862e-01 3.892815527511035644e-06 9.997799509719165201e-01 3.890053514374474078e-06
2.119863747963800051e+03 9.997017565038007758e-01 3.850634242213007974e-06 9.997811851882713041e-01 3.847795747186483365e-06
2.125263751435700215e+03 9.997032838338616445e-01 3.811990083389791659e-06 9.997823094790970755e-01 3.809085062436763544e-06
2.126528681184100151e+03 9.997036399587058142e-01 3.803105261411234053e-06 9.997825716351949055e-01 3.800194977162047930e-06
2.132017212963800375e+03 9.997051774272435187e-01 3.764737661933115489e-06 9.997837033078416091e-01 3.761804325102783260e-06
2.137417216435700084e+03 9.997066785194810290e-01 3.727106621312614502e-06 9.997848082302080996e-01 3.724157333935282747e-06
2.139111533801999940e+03 9.997071471619173311e-01 3.715468919603538351e-06 9.997851531869310637e-01 3.712526705344192073e-06
2.144208020581700112e+03 9.997085499289398713e-01 3.680652678271835154e-06 9.997861856812717551e-01 3.677731275777981985e-06
2.149608021435699811e+03 9.997100255842094052e-01 3.643970910191416639e-06 9.997872718360817368e-01 3.641080818709144712e-06
2.151731723802000033e+03 9.997106027810241935e-01 3.629798747797259775e-06 9.997876967004057924e-01 3.626933560475702315e-06
2.156436165581700152e+03 9.997118752412952336e-01 3.598565516212933921e-06 9.997886332130235809e-01 3.595754937982035450e-06
2.161836166435699852e+03 9.997133257381908278e-01 3.562948565483259932e-06 9.997897007821053839e-01 3.560211410580870963e-06
2.164389251184100431e+03 9.997140076587979207e-01 3.546356555262183058e-06 9.997902026555710586e-01 3.543665970635637730e-06
2.168701647963800042e+03 9.997151538580131280e-01 3.518484952653185124e-06 9.997910461980015207e-01 3.515872460638233105e-06
2.174101651435700205e+03 9.997165796315420350e-01 3.483846740545212805e-06 9.997920955051481373e-01 3.481343145200476755e-06
2.177084121184099786e+03 9.997173624795657743e-01 3.464944986211345716e-06 9.997926715914453588e-01 3.462511757952567821e-06
2.181004467963799925e+03 9.997183865092662547e-01 3.440222086731615788e-06 9.997934251657237814e-01 3.437880858996371592e-06
2.186404471435700088e+03 9.997197881662143182e-01 3.406489274346763184e-06 9.997944566553864654e-01 3.404284904950074124e-06
2.189816326184100035e+03 9.997206682534782729e-01 3.385420373517855952e-06 9.997951042871832117e-01 3.383310293903240184e-06
2.193344622963799793e+03 9.997215741233662634e-01 3.363744123295090765e-06 9.997957708262753540e-01 3.361731143832012443e-06
2.198744626435699956e+03 9.997229520742388909e-01 3.330918775516230345e-06 9.997967848160153048e-01 3.329062286809824286e-06
2.202585867544700250e+03 9.997239259596515382e-01 3.307797941774302419e-06 9.997975014103573921e-01 3.306057847012804250e-06
2.205722119324399955e+03 9.997247174013892401e-01 3.289020905393668409e-06 9.997980837215165728e-01 3.287375532620797896e-06
2.211122121435699682e+03 9.997260722408696232e-01 3.257124208670725425e-06 9.997990806285169674e-01 3.255646901560527859e-06
2.215392746184099906e+03 9.997271364991607845e-01 3.232138668827224256e-06 9.997998636625400337e-01 3.230796930650507042e-06
2.218136952963800013e+03 9.997278171390984181e-01 3.216175020347674657e-06 9.998003644374379162e-01 3.214920197535277618e-06
2.223536956435700176e+03 9.997291492123043799e-01 3.185221528645355006e-06 9.998013444819551232e-01 3.184138224482748527e-06
2.228236966184099856e+03 9.997303004502483548e-01 3.158476052161332111e-06 9.998021914133398136e-01 3.157542302228228557e-06
2.230589122963800037e+03 9.997308738387463700e-01 3.145142800362020615e-06 9.998026132555961620e-01 3.144283777789430927e-06
2.235989126435699745e+03 9.997321834649095518e-01 3.114907087060199908e-06 9.998035766980218897e-01 3.114215919090061641e-06
2.241118523802000254e+03 9.997334186147831536e-01 3.086326665558635647e-06 9.998044853129729459e-01 3.085793883557040739e-06
2.243078630581700054e+03 9.997338884143818216e-01 3.075466785189876551e-06 9.998048309315586968e-01 3.074994496738663696e-06
2.248478631435700208e+03 9.997351763625889065e-01 3.046182159029325896e-06 9.998057783992445602e-01 3.045867765916087932e-06
2.254037416184099584e+03 9.997364921856467523e-01 3.016194216826713691e-06 9.998067463216774309e-01 3.016040614937447948e-06
2.255605477963800240e+03 9.997368616826447507e-01 3.007778487825199212e-06 9.998070181109869337e-01 3.007670260881309964e-06
2.261005481435699949e+03 9.997381280438425444e-01 2.979327446944057008e-06 9.998079495961197383e-01 2.979361568034074589e-06
2.266993651184100145e+03 9.997395215286712933e-01 2.947867984890837347e-06 9.998089745565338360e-01 2.948058471638402811e-06
2.268169662963799965e+03 9.997397939490350049e-01 2.941720381466253798e-06 9.998091749428770214e-01 2.941941627047692260e-06
2.273569666435700128e+03 9.997410391577887800e-01 2.914026073393036414e-06 9.998100908173821466e-01 2.914370137074983152e-06
2.279665071435699701e+03 9.997424340666651865e-01 2.882798773429490017e-06 9.998111167353157525e-01 2.883281190542966909e-06
2.280771185581700138e+03 9.997426860860330056e-01 2.877189541835679979e-06 9.998113021038450565e-01 2.877695847352610356e-06
2.286493333802000507e+03 9.997439834638597311e-01 2.848663292332154411e-06 9.998122562743182451e-01 2.849276291980674047e-06
2.292285256435700376e+03 9.997452866962215356e-01 2.819807815877026977e-06 9.998132147304165107e-01 2.820528815213439552e-06
2.293410042963800151e+03 9.997455386873570493e-01 2.814294588538345081e-06 9.998134000890513962e-01 2.815033584540755581e-06
2.299542782963800164e+03 9.997469057759159616e-01 2.784568595047614784e-06 9.998144054659874325e-01 2.785396214831619143e-06
2.306086242963800032e+03 9.997483523661223614e-01 2.752992038964878383e-06 9.998154693250685954e-01 2.753909197418796191e-06
2.312237652963849996e+03 9.997497009731052264e-01 2.723970563278631207e-06 9.998164610465685165e-01 2.724949589474031557e-06
2.317637656435750159e+03 9.997508759975836101e-01 2.698561595327640398e-06 9.998173251294757424e-01 2.699593086929066467e-06
2.319191956184099581e+03 9.997512126907859287e-01 2.691402062432093359e-06 9.998175727356449771e-01 2.692442318693785025e-06
2.324969857963799768e+03 9.997524581571143321e-01 2.664887946762468774e-06 9.998184885713256032e-01 2.665960826931510041e-06
2.330369861435700386e+03 9.997536138502695069e-01 2.640198913939860471e-06 9.998193384031230924e-01 2.641298786906721305e-06
2.332334876184100267e+03 9.997540324349990515e-01 2.631376866309607968e-06 9.998196461913589905e-01 2.632479347083039231e-06
2.337739397963800002e+03 9.997551779903829372e-01 2.607268631034440608e-06 9.998204885349368798e-01 2.608378525256751579e-06
2.343139401435700165e+03 9.997563147513935933e-01 2.583332696328036297e-06 9.998213244083218321e-01 2.584445115263988034e-06
2.345515133801999582e+03 9.997568123317274180e-01 2.572997606745814809e-06 9.998216902707911524e-01 2.574103615939727719e-06
2.350546280581700103e+03 9.997578609002997219e-01 2.551149944790157153e-06 9.998224612373797227e-01 2.552242703437665207e-06
2.355946281435700257e+03 9.997589790328429427e-01 2.527828900619327176e-06 9.998232833541569331e-01 2.528901588029896329e-06
2.358732726184100102e+03 9.997595529528222613e-01 2.515971766015842054e-06 9.998237053295324639e-01 2.517026856312358868e-06
2.363390497963800044e+03 9.997605076667650525e-01 2.496297222741208900e-06 9.998244072852370268e-01 2.497323235590435652e-06
2.368790501435699753e+03 9.997616075501980504e-01 2.473692694243506827e-06 9.998252159675720119e-01 2.474678478673370295e-06
2.371987663802000043e+03 9.997622550838952682e-01 2.460493146919150082e-06 9.998256920522491376e-01 2.461448426372478890e-06
2.376272055581699988e+03 9.997631186924954561e-01 2.442844550820397325e-06 9.998263269643951068e-01 2.443759253602745790e-06
2.381672056435700142e+03 9.997642006501883394e-01 2.420810479238458595e-06 9.998271224618398012e-01 2.421667525591399119e-06
2.385279933801999960e+03 9.997649193753760377e-01 2.406288088487833520e-06 9.998276508598296086e-01 2.407101021560415208e-06
2.389190945581699907e+03 9.997656947630385593e-01 2.390642119713946319e-06 9.998282209189830461e-01 2.391407487500893609e-06
2.394590946435700062e+03 9.997667591812602339e-01 2.369322164896608361e-06 9.998290034912399316e-01 2.370015732777830004e-06
2.398609543801999735e+03 9.997675464177399052e-01 2.353652709056970049e-06 9.998295822636128483e-01 2.354288450291359305e-06
2.402147180581700013e+03 9.997682361937046958e-01 2.339923234599969143e-06 9.998300893350674512e-01 2.340508265640293478e-06
2.407547181435700168e+03 9.997692831956596082e-01 2.319149488249333366e-06 9.998308590361139059e-01 2.319652262889027407e-06
2.411976491184100269e+03 9.997701366528888300e-01 2.302229357009449750e-06 9.998314864440296379e-01 2.302661772811964324e-06
2.415140747963800095e+03 9.997707434484758293e-01 2.290194710143720508e-06 9.998319325417313053e-01 2.290576978373847584e-06
2.420540751435699804e+03 9.997717736411368961e-01 2.270010129793664022e-06 9.998326899243027421e-01 2.270303441241886969e-06
2.425380781184099760e+03 9.997726909583845023e-01 2.252103927489336394e-06 9.998333642588964620e-01 2.252315868780028810e-06
2.428171657963800499e+03 9.997732174469329269e-01 2.241823061544667999e-06 9.998337512637694990e-01 2.241988148809659821e-06
2.433571661435700207e+03 9.997742308816718326e-01 2.222176562364024671e-06 9.998344962675536074e-01 2.222249617661147303e-06
2.438822406184099691e+03 9.997752097414891459e-01 2.203179607958374756e-06 9.998352158214344199e-01 2.203162618734542376e-06
2.441239902963799977e+03 9.997756583037050726e-01 2.194471454851249811e-06 9.998355455715568496e-01 2.194413021160011956e-06
2.446639906435700141e+03 9.997766555237540542e-01 2.175372115339310519e-06 9.998362786348293785e-01 2.175222208427616994e-06
2.452301366184100061e+03 9.997776937048077350e-01 2.155460304374404177e-06 9.998370417975059876e-01 2.155214723162776724e-06
2.454345482963799441e+03 9.997780668144042870e-01 2.148303515550396906e-06 9.998373160693386774e-01 2.148023367426975093e-06
2.459745486435700059e+03 9.997790479638571925e-01 2.129704016517046145e-06 9.998380372915192105e-01 2.129336553147311759e-06
2.465817666184100290e+03 9.997801434256892161e-01 2.108867433629818722e-06 9.998388425227097143e-01 2.108402382313644831e-06
2.467488407963800000e+03 9.997804434496475601e-01 2.103165902912300875e-06 9.998390630747803209e-01 2.102673958325946304e-06
2.472888411435700164e+03 9.997814088597231086e-01 2.085144884670516288e-06 9.998397727272073654e-01 2.084572880999155197e-06
2.479282516435700018e+03 9.997825436819690603e-01 2.063854609678731562e-06 9.998406068364205090e-01 2.063188220887164140e-06
2.480668665581699770e+03 9.997827885305908824e-01 2.059260804567673894e-06 9.998407868252282560e-01 2.058574058142987837e-06
2.486157453801999964e+03 9.997837539970362286e-01 2.041292612820190614e-06 9.998414964451121101e-01 2.040534728496478588e-06
2.492481441435700162e+03 9.997848584288568929e-01 2.020610201983155616e-06 9.998423082268175222e-01 2.019770306278255602e-06
2.493886262963800164e+03 9.997851026779880357e-01 2.016067475966600461e-06 9.998424877820974999e-01 2.015210303003453768e-06
2.499767101184099829e+03 9.997861204916390632e-01 1.997358735568217709e-06 9.998432358649932405e-01 1.996437663170824518e-06
2.505717706435700165e+03 9.997871429448702552e-01 1.978446805329475741e-06 9.998439873898102848e-01 1.977461062119234407e-06
2.507141192963800222e+03 9.997873865276649674e-01 1.973990785272712844e-06 9.998441664321494615e-01 1.972991615993510959e-06
2.513414081184099814e+03 9.997884545941098100e-01 1.954571906603119901e-06 9.998449514533147564e-01 1.953519744312481529e-06
2.518991311435700027e+03 9.997893975183889115e-01 1.937323193258709089e-06 9.998456444548938782e-01 1.936223935068852651e-06
2.520433467963799558e+03 9.997896402869982380e-01 1.932940114345813680e-06 9.998458229221106608e-01 1.931831926651603236e-06
2.526902247963799709e+03 9.997907241340596718e-01 1.913375733087966202e-06 9.998466194687185560e-01 1.912229761463318920e-06
2.532302251435699873e+03 9.997916224636635985e-01 1.897066463767268927e-06 9.998472797206031659e-01 1.895889534040811604e-06
2.533959231184099735e+03 9.997918970335432087e-01 1.892153942411075749e-06 9.998474815033393526e-01 1.890971856113080123e-06
2.540250527963800323e+03 9.997929343139103642e-01 1.873578378439993453e-06 9.998482438226213853e-01 1.872376719272774465e-06
2.545650531435700032e+03 9.997938185334923622e-01 1.857685505087356685e-06 9.998488936687215389e-01 1.856468665696486051e-06
2.547699556184099947e+03 9.997941525988909284e-01 1.851768857956222059e-06 9.998491391744644963e-01 1.850551282558496682e-06
2.553636142963800012e+03 9.997951157499204156e-01 1.834694598580833868e-06 9.998498469733486660e-01 1.833474758069810994e-06
2.559036146435699720e+03 9.997959859892816548e-01 1.819224097379290494e-06 9.998504865266817365e-01 1.818004677636876158e-06
2.561477218801999697e+03 9.997963775943006226e-01 1.812336126579290244e-06 9.998507743005177195e-01 1.811122089121781833e-06
2.567059100581700022e+03 9.997972687493378308e-01 1.796646743396813471e-06 9.998514291539890575e-01 1.795444818343601188e-06
2.572459101435699722e+03 9.997981253442687066e-01 1.781549827242620540e-06 9.998520586565107227e-01 1.780362865060395996e-06
2.575292221184100072e+03 9.997985726097766701e-01 1.773748392439271976e-06 9.998523873182209032e-01 1.772574505206325930e-06
2.580519392963799874e+03 9.997993938889119248e-01 1.759415143560496761e-06 9.998529907919663229e-01 1.758265172485811343e-06
2.585919396435700037e+03 9.998002371107483910e-01 1.744718043718122279e-06 9.998536104341391173e-01 1.743596501167603292e-06
2.589144563801999993e+03 9.998007381705911190e-01 1.736075414021638680e-06 9.998539786119275963e-01 1.734975705492830211e-06
2.594017020581699853e+03 9.998014915158756066e-01 1.723071839678594818e-06 9.998545321562282151e-01 1.722004911363251259e-06
2.599417021435700008e+03 9.998023215029487876e-01 1.708747033430812056e-06 9.998551420164011327e-01 1.707720072921958244e-06
2.603034236184100337e+03 9.998028745916832660e-01 1.699246506591373738e-06 9.998555483822222367e-01 1.698250265443130592e-06
2.607551987963800002e+03 9.998035620492772280e-01 1.687436890567546719e-06 9.998560534948638390e-01 1.686478841716835383e-06
2.612951991435699711e+03 9.998043791845502293e-01 1.673468847257764953e-06 9.998566538966261463e-01 1.672559993948209250e-06
2.616961256184099966e+03 9.998049824915826722e-01 1.663229031946492592e-06 9.998570971645909244e-01 1.662359931446665440e-06
2.621124297963800018e+03 9.998056060022566527e-01 1.652638397441547386e-06 9.998575552552441126e-01 1.651810435940217009e-06
2.626524301435699726e+03 9.998064104217305736e-01 1.639027701699415756e-06 9.998581462507806217e-01 1.638255691194105163e-06
2.630925611184100035e+03 9.998070622805091956e-01 1.628032579312945466e-06 9.998586251711286677e-01 1.627308156049996767e-06
2.634733942963800018e+03 9.998076237354942553e-01 1.618557395282821531e-06 9.998590376386072842e-01 1.617874045042866832e-06
2.640133946435700182e+03 9.998084156659851063e-01 1.605305637614924660e-06 9.998596194791722347e-01 1.604681993297406896e-06
2.644927301184099633e+03 9.998091145553796855e-01 1.593666540882983194e-06 9.998601328784738618e-01 1.593096852141578653e-06
2.648380922963800003e+03 9.998096156521490974e-01 1.585321941429854567e-06 9.998605010186206732e-01 1.584791064746496106e-06
2.653780926435699712e+03 9.998103953370324204e-01 1.572430497051958227e-06 9.998610737834146001e-01 1.571960306311844233e-06
2.658966331184100000e+03 9.998111394376409944e-01 1.560137313050042746e-06 9.998616203966379512e-01 1.559725452483314324e-06
2.662065242963799847e+03 9.998115821131714487e-01 1.552818389866836455e-06 9.998619455526315258e-01 1.552441358422896286e-06
2.667465246435700010e+03 9.998123497418709427e-01 1.540244377841049535e-06 9.998625094448291284e-01 1.539926300761977681e-06
2.673042697544699877e+03 9.998131376219968613e-01 1.527337752786319229e-06 9.998630881744471344e-01 1.527079955319557773e-06
2.675786899324399656e+03 9.998135234624528911e-01 1.521009202296793624e-06 9.998633715982071513e-01 1.520781061140293353e-06
2.681186901435699838e+03 9.998142793456975541e-01 1.508753088844472088e-06 9.998639268034340555e-01 1.508579733131481653e-06
2.687156401184100105e+03 9.998151094757264934e-01 1.495282359746658022e-06 9.998645365628144877e-01 1.495168621004541461e-06
2.689545897963800144e+03 9.998154402361184578e-01 1.489924750186669877e-06 9.998647795224230306e-01 1.489834893553483894e-06
2.694945901435699852e+03 9.998161844874313697e-01 1.478055234696040971e-06 9.998653261600435327e-01 1.478013807639836701e-06
2.701307446184100172e+03 9.998170553137882832e-01 1.464121312476301772e-06 9.998659657557257274e-01 1.464135987830666241e-06
2.703342227963799814e+03 9.998173326232711045e-01 1.459672570061728584e-06 9.998661693935609884e-01 1.459705221323699320e-06
2.708742231435699523e+03 9.998180653344047597e-01 1.448014045608456552e-06 9.998667075428668838e-01 1.448086907999852933e-06
2.715472376435699516e+03 9.998189724654582555e-01 1.433524127373133342e-06 9.998673737489471858e-01 1.433646516942643159e-06
2.722575901435699961e+03 9.998199226156246899e-01 1.418555569974142032e-06 9.998680715769348026e-01 1.418721335443780532e-06
2.729324721435700212e+03 9.998208183931762694e-01 1.404421349681544410e-06 9.998687294207083687e-01 1.404625708604266257e-06
2.731046910581700104e+03 9.998210459342079526e-01 1.400842845389029619e-06 9.998688965434399112e-01 1.401056393700260261e-06
2.736843733801999861e+03 9.998218085762202723e-01 1.388999696627104991e-06 9.998694566123255134e-01 1.389236058051220835e-06
2.743214391435699781e+03 9.998226411365545019e-01 1.375997960609381599e-06 9.998700680059184887e-01 1.376259423143517810e-06
2.744955252963799921e+03 9.998228676838986084e-01 1.372491884860586939e-06 9.998702343805858650e-01 1.372758845392223170e-06
2.751125461184100004e+03 9.998236668909032954e-01 1.360252257271087656e-06 9.998708212997965417e-01 1.360532276486431029e-06
2.757141411435699865e+03 9.998244409258473242e-01 1.348331490485052950e-06 9.998713897021270780e-01 1.348624258885796778e-06
2.758900939324400497e+03 9.998246664363005243e-01 1.344890673149774457e-06 9.998715552806473061e-01 1.345185218754071936e-06
2.765444522544700249e+03 9.998255009308409935e-01 1.332196806558180934e-06 9.998721680735004336e-01 1.332493870533782110e-06
2.771105761435700515e+03 9.998262181733353904e-01 1.321225032432375496e-06 9.998726947379539265e-01 1.321524280452582997e-06
2.772883960581700194e+03 9.998264425627207963e-01 1.317836051928845870e-06 9.998728595175851996e-01 1.318133467152223773e-06
2.779707455581699833e+03 9.998272995096482152e-01 1.304919245988977275e-06 9.998734887628234480e-01 1.305207920829471570e-06
2.785107456435699987e+03 9.998279732208822379e-01 1.294714713526632334e-06 9.998739834654729597e-01 1.294996332616241798e-06
2.786997792544700133e+03 9.998282081909057872e-01 1.291220726654799062e-06 9.998741559876943574e-01 1.291497150078052685e-06
2.793746484324400171e+03 9.998290428790802542e-01 1.278804814400888024e-06 9.998747688761786545e-01 1.279062746614757589e-06
2.799146486435700353e+03 9.998297064199243023e-01 1.268900038624779091e-06 9.998752560807893097e-01 1.269142598045484394e-06
2.801410201184100515e+03 9.998299833642219081e-01 1.264817991142581570e-06 9.998754594618310954e-01 1.265051443748861096e-06
2.807822847963800086e+03 9.998307643925186117e-01 1.253290976441483116e-06 9.998760328965575761e-01 1.253498747191434689e-06
2.813222851435699795e+03 9.998314179218702469e-01 1.243621302122605292e-06 9.998765127481563653e-01 1.243806649989763014e-06
2.815859947544699935e+03 9.998317357274280059e-01 1.238980042780117068e-06 9.998767460750433989e-01 1.239152203020657730e-06
2.821936554324400277e+03 9.998324644768855629e-01 1.228296987789298053e-06 9.998772811418079609e-01 1.228438890066950547e-06
2.827336556435699549e+03 9.998331082024402017e-01 1.218843306147120361e-06 9.998777537955344519e-01 1.218957464008667863e-06
2.830347028801999841e+03 9.998334655153034989e-01 1.213659809027438704e-06 9.998780161259561705e-01 1.213756734396104895e-06
2.836087595581699588e+03 9.998341435919598785e-01 1.203864757912211688e-06 9.998785139860012494e-01 1.203928953583204546e-06
2.841487596435699743e+03 9.998347776991411973e-01 1.194727227479043458e-06 9.998789795431525240e-01 1.194759961612966937e-06
2.844871448802000486e+03 9.998351731372447926e-01 1.189077222623700785e-06 9.998792698778670163e-01 1.189089129405487410e-06
2.850275975581700095e+03 9.998358017794498620e-01 1.180056942683527442e-06 9.998797314010929860e-01 1.180035696995783819e-06
2.855675976435699795e+03 9.998364263749844882e-01 1.171106095826642620e-06 9.998801899868239307e-01 1.171051445097848447e-06
2.859433208801999626e+03 9.998368588538648627e-01 1.164974734502812630e-06 9.998805074950388727e-01 1.164896440242449905e-06
2.864501695581700005e+03 9.998374395223572630e-01 1.156747998370850210e-06 9.998809337968035393e-01 1.156637899551985340e-06
2.869901696435700160e+03 9.998380547826101195e-01 1.148052051712049024e-06 9.998813854926845712e-01 1.147908295351381000e-06
2.874032306184099980e+03 9.998385230148736369e-01 1.141458339485827356e-06 9.998817292433154202e-01 1.141289046281759003e-06
2.878764752963800220e+03 9.998390569593170740e-01 1.133930960880369125e-06 9.998821212496081801e-01 1.133732469070570958e-06
2.884164756435700383e+03 9.998396630983300559e-01 1.125434478418603872e-06 9.998825662456671814e-01 1.125203639077170216e-06
2.888668742544700308e+03 9.998401660249626177e-01 1.118438812074109169e-06 9.998829354490749166e-01 1.118181834351057788e-06
2.893065144324400080e+03 9.998406545841147519e-01 1.111647128508871920e-06 9.998832941188797729e-01 1.111364667281086304e-06
2.898465146435700262e+03 9.998412516440411402e-01 1.103362949533995886e-06 9.998837324355063227e-01 1.103050748489955337e-06
2.903342513802000212e+03 9.998417880386895051e-01 1.095922658817775148e-06 9.998841261922617463e-01 1.095584735460569233e-06
2.907402875581700300e+03 9.998422324672937567e-01 1.089748511119436118e-06 9.998844524781995702e-01 1.089389179463973867e-06
2.912802876435700000e+03 9.998428208123631977e-01 1.081660816702756880e-06 9.998848843745856696e-01 1.081275571321958844e-06
2.918053623801999947e+03 9.998433896345622074e-01 1.073875982863202079e-06 9.998853019393277863e-01 1.073467083319210186e-06
2.921777945581700351e+03 9.998437912010001982e-01 1.068374384259794374e-06 9.998855967356984342e-01 1.067948684781946692e-06
2.927177946435700051e+03 9.998443708009906450e-01 1.060493424155584621e-06 9.998860222013969956e-01 1.060046476628422050e-06
2.932802071184099987e+03 9.998449709477171821e-01 1.052343030331047890e-06 9.998864627529561178e-01 1.051875456588938568e-06
2.936190352963800251e+03 9.998453308252448490e-01 1.047451062286472962e-06 9.998867269382908374e-01 1.046971021705113115e-06
2.941590356435699960e+03 9.998459018457508396e-01 1.039755491333754688e-06 9.998871461124784199e-01 1.039259348088257095e-06
2.947587858802000028e+03 9.998465323437274455e-01 1.031257728874181572e-06 9.998876089167298975e-01 1.030745105644868172e-06
2.950640100581700153e+03 9.998468517069466488e-01 1.026954934131987505e-06 9.998878433659230680e-01 1.026433872149189902e-06
2.956040101435699853e+03 9.998474143458834229e-01 1.019472935156086694e-06 9.998882563740995044e-01 1.018941448509981705e-06
2.962410981184099910e+03 9.998480741002127026e-01 1.010689093309100161e-06 9.998887406510859055e-01 1.010146517370921598e-06
2.965127182963800351e+03 9.998483541011847775e-01 1.006957489840073839e-06 9.998889461776910847e-01 1.006410125568410142e-06
2.970527186435700060e+03 9.998489084722397280e-01 9.996626794948571582e-07 9.998893530962004172e-01 9.991105386778285841e-07
2.977271446184100114e+03 9.998495965320793877e-01 9.905871161301186060e-07 9.998898581170756472e-01 9.900298078601766419e-07
2.979651602963800087e+03 9.998498382171540078e-01 9.873947638521808121e-07 9.998900355260220696e-01 9.868355709353660809e-07
2.985051606435700251e+03 9.998503844461618106e-01 9.802553116940022064e-07 9.998904364448935045e-01 9.796967270663525412e-07
2.992155131435699786e+03 9.998510984175882355e-01 9.708865349079684519e-07 9.998909604780107374e-01 9.703291061857625511e-07
2.999613366435700300e+03 9.998518425882235716e-01 9.612094367739875073e-07 9.998915066766573823e-01 9.606580464589059668e-07
3.006735561435699765e+03 9.998525479751776412e-01 9.520232615930078142e-07 9.998920243969123822e-01 9.514793767097047201e-07
3.008812460581700179e+03 9.998527528042752133e-01 9.493590175788324118e-07 9.998921747045870223e-01 9.488175630744279342e-07
3.014581283802000144e+03 9.998533193171776912e-01 9.420344504293841566e-07 9.998925904842073109e-01 9.415036722751447688e-07
3.021353326435700183e+03 9.998539801875162558e-01 9.334459266823308606e-07 9.998930755378787616e-01 9.329276239734796502e-07
3.023448897963799936e+03 9.998541838415313521e-01 9.308201972565674903e-07 9.998932250208880657e-01 9.303062178806344387e-07
3.029572431184099969e+03 9.998547764128249415e-01 9.233111922129518750e-07 9.998936599232370881e-01 9.228127184326026512e-07
3.036008431435699549e+03 9.998553953208771938e-01 9.154349728378405972e-07 9.998941141234205521e-01 9.149527503313589121e-07
3.038122667963799813e+03 9.998555977693177610e-01 9.128772004614101468e-07 9.998942627030195096e-01 9.124009347564575345e-07
3.044600911184099914e+03 9.998562153872203595e-01 9.050864774309307570e-07 9.998947159541786700e-01 9.046303949528598884e-07
3.050700871435700265e+03 9.998567933397625174e-01 8.977545172655120884e-07 9.998951400910975895e-01 8.973174027206546685e-07
3.052833777963800003e+03 9.998569945961290895e-01 8.952228069780551332e-07 9.998952878088291918e-01 8.947929355798690014e-07
3.059666731184099717e+03 9.998576365098962304e-01 8.871832156949918532e-07 9.998957588815922115e-01 8.867775079961876802e-07
3.065430651435699929e+03 9.998581747371761974e-01 8.804095767247601190e-07 9.998961538224586665e-01 8.800242219704964964e-07
3.067582227963800051e+03 9.998583748749753086e-01 8.779241351606982242e-07 9.998963006957348743e-01 8.775469306712406299e-07
3.074769891184099833e+03 9.998590402762185247e-01 8.697112618636644312e-07 9.998967889923837671e-01 8.693615943827221054e-07
3.082340137544699701e+03 9.998597360423289171e-01 8.611267072305149359e-07 9.998972995456439916e-01 8.608063887765769222e-07
3.089602219324399812e+03 9.998603985591134613e-01 8.529799096456829384e-07 9.998977856911210882e-01 8.526885682692912964e-07
3.095002221435700449e+03 9.998608882712373136e-01 8.469235746793902615e-07 9.998981450078010536e-01 8.466537666464265118e-07
3.097499301184100204e+03 9.998611137834908513e-01 8.441693078417370280e-07 9.998983105147903894e-01 8.439095560850798224e-07
3.104444012963800105e+03 9.998617382761978423e-01 8.365467196527794069e-07 9.998987687127143253e-01 8.363148361740989092e-07
3.109844016435699814e+03 9.998622209691637730e-01 8.306457161995711939e-07 9.998991228864178016e-01 8.304354220108948355e-07
3.112695806184100093e+03 9.998624747781215127e-01 8.275894481694027485e-07 9.998993091583462389e-01 8.273903760883233415e-07
3.119323142963799910e+03 9.998630621114472650e-01 8.205209095191340591e-07 9.998997400679777714e-01 8.203478362319496979e-07
3.124723146435700073e+03 9.998635378516389505e-01 8.147897659637177181e-07 9.999000891316447426e-01 8.146376527518081271e-07
3.127929646184099965e+03 9.998638191458953939e-01 8.114344829359945016e-07 9.999002955307765284e-01 8.112943177631700122e-07
3.134239612963800028e+03 9.998643701873932699e-01 8.048443795100518498e-07 9.999006998168126215e-01 8.047276668027125677e-07
3.139639616435699736e+03 9.998648391298715632e-01 7.992361843118597202e-07 9.999010438918420896e-01 7.991390646424816246e-07
3.143200823801999832e+03 9.998651470729138513e-01 7.955992099810847453e-07 9.999012698175460123e-01 7.955141290107153410e-07
3.149193420581699684e+03 9.998656628992742545e-01 7.895128458358950237e-07 9.999016482361358094e-01 7.894479931983870182e-07
3.154593421435700293e+03 9.998661250941669465e-01 7.840620015097066821e-07 9.999019873535390790e-01 7.840146840720550164e-07
3.158509336184100448e+03 9.998664588376956486e-01 7.801515413469132881e-07 9.999022321822581549e-01 7.801158856605100209e-07
3.164184562963800090e+03 9.998669402398293604e-01 7.744948292657818290e-07 9.999025853468703762e-01 7.744760670139242266e-07
3.169584566435700253e+03 9.998673959623283203e-01 7.691443892784633023e-07 9.999029196578953504e-01 7.691406937458137704e-07
3.173855191184100022e+03 9.998677545930683142e-01 7.649602257928118381e-07 9.999031827915243476e-01 7.649671619149968312e-07
3.179213042963800035e+03 9.998682026597540684e-01 7.597302828983502843e-07 9.999035114556260595e-01 7.597505734921935587e-07
3.184613046435700198e+03 9.998686518628844278e-01 7.545141135854913965e-07 9.999038410206348981e-01 7.545465207830470388e-07
3.189238381184100035e+03 9.998690347910167420e-01 7.501056481866483427e-07 9.999041219447001305e-01 7.501469920217690887e-07
3.194278862963799838e+03 9.998694502151636021e-01 7.453190622488282020e-07 9.999044266845890094e-01 7.453701786114306475e-07
3.199678866435700002e+03 9.998698931150713509e-01 7.402485586142372556e-07 9.999047515851166024e-01 7.403085959191700601e-07
3.204658911184099907e+03 9.998702995346711031e-01 7.356281417111124387e-07 9.999050497077682786e-01 7.356950133735329720e-07
3.209382022963799955e+03 9.998706831322115018e-01 7.312484463837431558e-07 9.999053311260187593e-01 7.313218469291653244e-07
3.214782026435699663e+03 9.998711197984420096e-01 7.262746997314700752e-07 9.999056514107492744e-01 7.263536559330924075e-07
3.220116781184100091e+03 9.998715489429517156e-01 7.214026984481739544e-07 9.999059662085240108e-01 7.214857045654723310e-07
3.224522517963800055e+03 9.998719017701503953e-01 7.174056912813919710e-07 9.999062250189060252e-01 7.174920969466543262e-07
3.229922521435700219e+03 9.998723322273804781e-01 7.125789695172408921e-07 9.999065407857615773e-01 7.126674679448710875e-07
3.235611986184100260e+03 9.998727833803101595e-01 7.075351641936325540e-07 9.999068717191973432e-01 7.076245825243837288e-07
3.239700347963800141e+03 9.998731061583230328e-01 7.039214936878619922e-07 9.999071084547529464e-01 7.040116316000999759e-07
3.245100351435700304e+03 9.998735305341820423e-01 6.992120957616698685e-07 9.999074197574188139e-01 6.993009593856963530e-07
3.251144526184099959e+03 9.998740030387597288e-01 6.939793614731907565e-07 9.999077663193165488e-01 6.940656891909455780e-07
3.254915522963799958e+03 9.998742964771389907e-01 6.907209508209414593e-07 9.999079815526263904e-01 6.908057537496768093e-07
3.260315526435700122e+03 9.998747149261407730e-01 6.861129903914223830e-07 9.999082884812011685e-01 6.861934875432478385e-07
3.266714406184099971e+03 9.998752080531683184e-01 6.806862982988775412e-07 9.999086501742634470e-01 6.807608762065225844e-07
3.270168027963799886e+03 9.998754729939546282e-01 6.777720934889336577e-07 9.999088445127399805e-01 6.778435287084260903e-07
3.275568031435700050e+03 9.998758856195747446e-01 6.732923823070285595e-07 9.999091471453824820e-01 6.733567014455029472e-07
3.282321626184099841e+03 9.998763987120619090e-01 6.677238034136487822e-07 9.999095234841970381e-01 6.677786024224231385e-07
3.285457877963800001e+03 9.998766359109970692e-01 6.651500560839646704e-07 9.999096974518139058e-01 6.652004779863596339e-07
3.290857881435700165e+03 9.998770427113599091e-01 6.607856455106519253e-07 9.999099958237885888e-01 6.608265860767274992e-07
3.297966183802000160e+03 9.998775751401679512e-01 6.550592578836146016e-07 9.999103862954444866e-01 6.550873682081347421e-07
3.300785060581700236e+03 9.998777853439817509e-01 6.527899979660584934e-07 9.999105404470172154e-01 6.528130569516135130e-07
3.306185061435699936e+03 9.998781864300269051e-01 6.484727560608237164e-07 9.999108346210555665e-01 6.484845684179392325e-07
3.313648076184099864e+03 9.998787375757447471e-01 6.425253254793168393e-07 9.999112388491318004e-01 6.425214648466973393e-07
3.316149587963800059e+03 9.998789215165372335e-01 6.405435400053402455e-07 9.999113737584333084e-01 6.405344526147587076e-07
3.321549591435699767e+03 9.998793171142453806e-01 6.364010275028506126e-07 9.999116639023194475e-01 6.363793728022830153e-07
3.329082501435700124e+03 9.998798656928178374e-01 6.306294221878913339e-07 9.999120662163005768e-01 6.305902461316322316e-07
3.331551447963800001e+03 9.998800446709260603e-01 6.287458891288559774e-07 9.999121974852784867e-01 6.287009584026092579e-07
3.337236261184100385e+03 9.998804552180037275e-01 6.244749704702564486e-07 9.999124985823857337e-01 6.244162329679010736e-07
3.344503026435700122e+03 9.998809769777130541e-01 6.190223506540689901e-07 9.999128812047087811e-01 6.189459808664747316e-07
3.346990642963800383e+03 9.998811547979703507e-01 6.171639644593182618e-07 9.999130116106526023e-01 6.170815591391261225e-07
3.353011501184099870e+03 9.998815835068416424e-01 6.126834834154853171e-07 9.999133260095803832e-01 6.125864147577568624e-07
3.359960896435700306e+03 9.998820755335945387e-01 6.075185894945274742e-07 9.999136868250977361e-01 6.074046068513802167e-07
3.362467180581699722e+03 9.998822522550960823e-01 6.056749698371298836e-07 9.999138164239539384e-01 6.055549703769891611e-07
3.368824073801999475e+03 9.998826985825103320e-01 6.010657486638573106e-07 9.999141437682753653e-01 6.009308458240368660e-07
3.375456096435700147e+03 9.998831615775853887e-01 5.962660176747099002e-07 9.999144833143058797e-01 5.961155726811527131e-07
3.377981052963799812e+03 9.998833371999718000e-01 5.944676852494186670e-07 9.999146120947907113e-01 5.943115557189617331e-07
3.384673991184100032e+03 9.998838005757239022e-01 5.897605539704399327e-07 9.999149519306684830e-01 5.895899935427880847e-07
3.390988641435700629e+03 9.998842352899929287e-01 5.853238639259414647e-07 9.999152707054996814e-01 5.851396928108571280e-07
3.393532262963799894e+03 9.998844097452890267e-01 5.835506619277275228e-07 9.999153986190568721e-01 5.833614088016495334e-07
3.400561241184099799e+03 9.998848895927616720e-01 5.786797179664979151e-07 9.999157505300505511e-01 5.784771005155680881e-07
3.406558521435700186e+03 9.998852967381528511e-01 5.745288881235010431e-07 9.999160490910785626e-01 5.743148724761425282e-07
3.409120812963800290e+03 9.998854700499422155e-01 5.727893180384917680e-07 9.999161761891662836e-01 5.725710727783019630e-07
3.416485831184100334e+03 9.998859659528180899e-01 5.678319595692085581e-07 9.999165398364993074e-01 5.676021677859581656e-07
3.422165741435700056e+03 9.998863462096008181e-01 5.640152048459123331e-07 9.999168186756661747e-01 5.637765143767880387e-07
3.424746702963800089e+03 9.998865183396810075e-01 5.623128829268691207e-07 9.999169449148747058e-01 5.620710251092530779e-07
3.432410292963800202e+03 9.998870271998948622e-01 5.572881239893010807e-07 9.999173180421704332e-01 5.570372143296123057e-07
3.440409925581700008e+03 9.998875546594402364e-01 5.520616888526312166e-07 9.999177048164418213e-01 5.518024144212235816e-07
3.448092190581699924e+03 9.998880577690559823e-01 5.470468723316173168e-07 9.999180736986166274e-01 5.467816722886401420e-07
3.453492191435700079e+03 9.998884093950124452e-01 5.435229520335754336e-07 9.999183315534060368e-01 5.432537505331501665e-07
3.456465326184099922e+03 9.998886023020150393e-01 5.416290260349784115e-07 9.999184730132693044e-01 5.413588216070735257e-07
3.463811422963799941e+03 9.998890767962917980e-01 5.369821903086294623e-07 9.999188209421614459e-01 5.367094979428275245e-07
3.469211426435700105e+03 9.998894236938318247e-01 5.335852234991622711e-07 9.999190752909487001e-01 5.333110101531615167e-07
3.472520601184100087e+03 9.998896354151036725e-01 5.315357889804803687e-07 9.999192305526359847e-01 5.312619170884769584e-07
3.479567992963799952e+03 9.998900843407542149e-01 5.271868941638869062e-07 9.999195597137088276e-01 5.269137210583723189e-07
3.484967996435700115e+03 9.998904264872000569e-01 5.238658874393173449e-07 9.999198105738217324e-01 5.235936563378164522e-07
3.488613211184100237e+03 9.998906565542411418e-01 5.216439862981460794e-07 9.999199792502867501e-01 5.213735709932849869e-07
3.495361897963800402e+03 9.998910805352135833e-01 5.175348616094584767e-07 9.999202901154606860e-01 5.172677643623667970e-07
3.500761901435700111e+03 9.998914180497677773e-01 5.142669795296734835e-07 9.999205376000656065e-01 5.140030399568813508e-07
3.504743161184100245e+03 9.998916659257607309e-01 5.119070588839207072e-07 9.999207193216281819e-01 5.116465795365867797e-07
3.511193147963800584e+03 9.998920656075391822e-01 5.080997320945739128e-07 9.999210123685746687e-01 5.078448124255968513e-07
3.516593151435700292e+03 9.998923985076526577e-01 5.049279193352810291e-07 9.999212564573964901e-01 5.046782207220477220e-07
3.520910447544699764e+03 9.998926635083885683e-01 5.024120925007282670e-07 9.999214507753417802e-01 5.021675946532097961e-07
3.527061729324399948e+03 9.998930395641769664e-01 4.988267156674346678e-07 9.999217264350711565e-01 4.985895758019123095e-07
3.532461731435700585e+03 9.998933679910187999e-01 4.957002032587565682e-07 9.999219672470496256e-01 4.954700131289706360e-07
3.537115068801999769e+03 9.998936498494378489e-01 4.930499915815397393e-07 9.999221738731181031e-01 4.928265250013291474e-07
3.542967650581699672e+03 9.998940026517070256e-01 4.897308120743038603e-07 9.999224325502322763e-01 4.895157529011623771e-07
3.548367651435700282e+03 9.998943267243629585e-01 4.866840501830599020e-07 9.999226701117466254e-01 4.864772009959015355e-07
3.553357031184099924e+03 9.998946247414794986e-01 4.838845027228562644e-07 9.999228886165330010e-01 4.836858076135598517e-07
3.558910907963799673e+03 9.998949550528103414e-01 4.807863967652993585e-07 9.999231307796705437e-01 4.805967335501977779e-07
3.564310911435700291e+03 9.998952746840653605e-01 4.778131376885935410e-07 9.999233651432889447e-01 4.776325662805515662e-07
3.569636333802000536e+03 9.998955886038882745e-01 4.749152108495426086e-07 9.999235952392045990e-01 4.747439291945586900e-07
3.574891505581699676e+03 9.998958968447475559e-01 4.720679000654295598e-07 9.999238212436033502e-01 4.719057447405084576e-07
3.580291506435699830e+03 9.998962122795315155e-01 4.691752851955256633e-07 9.999240524733081781e-01 4.690226209889490577e-07
3.585952966184100205e+03 9.998965413780146472e-01 4.661723201664319650e-07 9.999242937317368574e-01 4.660297049257342556e-07
3.590909437963800428e+03 9.998968282241059713e-01 4.635419668035737166e-07 9.999245040012634256e-01 4.634081185735788893e-07
3.596309441435699682e+03 9.998971393753591785e-01 4.607026895624322092e-07 9.999247321082093132e-01 4.605783458406404334e-07
3.602306946184100070e+03 9.998974833116310856e-01 4.575781582504168605e-07 9.999249842332857963e-01 4.574643340488373984e-07
3.606964712963800139e+03 9.998977491871640089e-01 4.551601256666169784e-07 9.999251791571920345e-01 4.550544481989412289e-07
3.612364716435699847e+03 9.998980562493838820e-01 4.523916086605781781e-07 9.999254042263785447e-01 4.522950090794365968e-07
3.618698261184099920e+03 9.998984146302120068e-01 4.491657292454880513e-07 9.999256668952617444e-01 4.490795512471276404e-07
3.623057322963800289e+03 9.998986601111350403e-01 4.469560188798437557e-07 9.999258468568161806e-01 4.468769988176087742e-07
3.628457326435699997e+03 9.998989629438864712e-01 4.442410048203946630e-07 9.999260688770017502e-01 4.441703029410527275e-07
3.635126911184100209e+03 9.998993352566597492e-01 4.409027709281141441e-07 9.999263417646797603e-01 4.408420762456602894e-07
3.639187272963800297e+03 9.998995609058789480e-01 4.388805756092797899e-07 9.999265071599893195e-01 4.388259669591245202e-07
3.644587276435700005e+03 9.998998597685239131e-01 4.362521362478916281e-07 9.999267262613076301e-01 4.362047325738401665e-07
3.651592901184099446e+03 9.999002455313159565e-01 4.328659593303275928e-07 9.999270090164524838e-01 4.328275728268895233e-07
3.655354557963799380e+03 9.999004517786119761e-01 4.310480718145661503e-07 9.999271601690093991e-01 4.310145286008115408e-07
3.660754561435699998e+03 9.999007466897389396e-01 4.284535413487127530e-07 9.999273763294421746e-01 4.284258786563412224e-07
3.668096226184100487e+03 9.999011456211961413e-01 4.249410124695076731e-07 9.999276686964339023e-01 4.249210640770642926e-07
3.671559182963799685e+03 9.999013328670205425e-01 4.232922468851088469e-07 9.999278059735710045e-01 4.232759459481714044e-07
3.676959186435699849e+03 9.999016239103150072e-01 4.207695031530507792e-07 9.999280192909426601e-01 4.207576009258164805e-07
3.684636888802000158e+03 9.999020354377924358e-01 4.171933665649986365e-07 9.999283209269222983e-01 4.171875096171408026e-07
3.687801145581699984e+03 9.999022043198210197e-01 4.157222469616912586e-07 9.999284446997432907e-01 4.157188936733786736e-07
3.693201146435700139e+03 9.999024914737741909e-01 4.132517558268171675e-07 9.999286551803105993e-01 4.132512145722341588e-07
3.701182111435699426e+03 9.999029135622355957e-01 4.096088280859982593e-07 9.999289645476008292e-01 4.096123478299772674e-07
3.709480451435700616e+03 9.999033495451742359e-01 4.058597439069702990e-07 9.999292841048373903e-01 4.058659768333984516e-07
3.717480081435700413e+03 9.999037672059800652e-01 4.022684793404669609e-07 9.999295901727018876e-01 4.022765660273168756e-07
3.720397082963800131e+03 9.999039187884919411e-01 4.009715636825074134e-07 9.999297012937999884e-01 4.009802554137269497e-07
3.726147241184100494e+03 9.999042165736183874e-01 3.985114183709050818e-07 9.999299195481617941e-01 3.985199562221378814e-07
3.733815391435700349e+03 9.999046114504417382e-01 3.952331697109238918e-07 9.999302089568524732e-01 3.952415288515264784e-07
3.736751059324400103e+03 9.999047620122043512e-01 3.939762576186715009e-07 9.999303192737358792e-01 3.939843841836941354e-07
3.742818582544699893e+03 9.999050720443074525e-01 3.913596351917887779e-07 9.999305464640256824e-01 3.913659557441324012e-07
3.750188031435699941e+03 9.999054464892638272e-01 3.881890945734620903e-07 9.999308209259352154e-01 3.881932468930877231e-07
3.753142372963799971e+03 9.999055960933916909e-01 3.869401976111138592e-07 9.999309305492527500e-01 3.869432809731704825e-07
3.759527271184100300e+03 9.999059180542014813e-01 3.843191431423245682e-07 9.999311664999968041e-01 3.843189372937580654e-07
3.766598016435749742e+03 9.999062725590396328e-01 3.814205017437973138e-07 9.999314263286278592e-01 3.814166757998084176e-07
3.769571022963849828e+03 9.999064210316984669e-01 3.802048615235897445e-07 9.999315351387992878e-01 3.801992825622169732e-07
3.776273291184099435e+03 9.999067544314345080e-01 3.774739717536906673e-07 9.999317794814326366e-01 3.774636967483561037e-07
3.783045331435750086e+03 9.999070895836909001e-01 3.747181398561216989e-07 9.999320250651926312e-01 3.747031398318835958e-07
3.786037007963850101e+03 9.999072370228218043e-01 3.735119321432308175e-07 9.999321331321578965e-01 3.734946023764436855e-07
3.793056651184100247e+03 9.999075816386943094e-01 3.707049865511678712e-07 9.999323856853923331e-01 3.706816591105420520e-07
3.799529991435700140e+03 9.999078978146000996e-01 3.681203946486152577e-07 9.999326173591811528e-01 3.680915532228462997e-07
3.802540337963799630e+03 9.999080442711280048e-01 3.669350961399141999e-07 9.999327246954660131e-01 3.669034618385107284e-07
3.809877351184099098e+03 9.999083998271230955e-01 3.640730739257541054e-07 9.999329852179673628e-01 3.640342970348160001e-07
3.816051986435700201e+03 9.999086973132992329e-01 3.616685204929360250e-07 9.999332032668876158e-01 3.616237453387576561e-07
3.819081002963799619e+03 9.999088428533330353e-01 3.605036771117158930e-07 9.999333098784478624e-01 3.604558114407482318e-07
3.826735391184099626e+03 9.999092087985128607e-01 3.575772423623722926e-07 9.999335780774327720e-01 3.575214333019656556e-07
3.832611321435750142e+03 9.999094883088534003e-01 3.553336674038490109e-07 9.999337828898234859e-01 3.552717711025036885e-07
3.835659002963850526e+03 9.999096327672912787e-01 3.541956935496026503e-07 9.999338887589171998e-01 3.541305554059275799e-07
3.843630761184099811e+03 9.999100089563996985e-01 3.512493894409451616e-07 9.999341644359346359e-01 3.511757375324642796e-07
3.849207991435700023e+03 9.999102707381202215e-01 3.491946374045390755e-07 9.999343562627314164e-01 3.491150370081102759e-07
3.852274344324399863e+03 9.999104141752804820e-01 3.480664872352496181e-07 9.999344613711054208e-01 3.479836278903120936e-07
3.860441999324450080e+03 9.999107946485775722e-01 3.450650330566600328e-07 9.999347401374407696e-01 3.449735121884670865e-07
3.865842001435750262e+03 9.999110448039526533e-01 3.430835329199899331e-07 9.999349234775997131e-01 3.429862972153032189e-07
3.869048497544700695e+03 9.999111928918325010e-01 3.419501563639089104e-07 9.999350319927406971e-01 3.418496474210784453e-07
3.877113344324400259e+03 9.999115636149926711e-01 3.391068145645517547e-07 9.999353036659806016e-01 3.389980920645086714e-07
3.882513346435700441e+03 9.999118105827313752e-01 3.372064727056942242e-07 9.999354846196978341e-01 3.370922898635026572e-07
3.886037216184100089e+03 9.999119711927823007e-01 3.359723749173969726e-07 9.999356022974117408e-01 3.358548813520961946e-07
3.893822027963799883e+03 9.999123244046860259e-01 3.332609983830439968e-07 9.999358611134675501e-01 3.331362079106188462e-07
3.899222031435700501e+03 9.999125681513254538e-01 3.313916113759026594e-07 9.999360397320850025e-01 3.312618441896452590e-07
3.903063276184099777e+03 9.999127409142651857e-01 3.300836467612308317e-07 9.999361663312238413e-01 3.299507023253655964e-07
3.910568052963800255e+03 9.999130770687324476e-01 3.275260311966725510e-07 9.999364125993640551e-01 3.273868921791113344e-07
3.915968056435700419e+03 9.999133177130765660e-01 3.256898388230093406e-07 9.999365889207034730e-01 3.255463860090364845e-07
3.920126671184100815e+03 9.999135022707695830e-01 3.242985144930060723e-07 9.999367241895875669e-01 3.241521889409174407e-07
3.927351412963799703e+03 9.999138216696458192e-01 3.218942502923380600e-07 9.999369581888847280e-01 3.217429392411440745e-07
3.932751416435700321e+03 9.999140592588715570e-01 3.201013982435426749e-07 9.999371322367047732e-01 3.199465579779709073e-07
3.937227401184099563e+03 9.999142553616126028e-01 3.186139631728544320e-07 9.999372759382639808e-01 3.184566793862596543e-07
3.944172112963799918e+03 9.999145583572982554e-01 3.163120147064589407e-07 9.999374979474853209e-01 3.161509375980520523e-07
3.949572116435700082e+03 9.999147929309746274e-01 3.145401307147770156e-07 9.999376698044988299e-01 3.143763930806868548e-07
3.954365471184099988e+03 9.999150002669038306e-01 3.130021165462241877e-07 9.999378217319483397e-01 3.128365934261198989e-07
3.961030147963799664e+03 9.999152872560124194e-01 3.108656148906141707e-07 9.999380320278087320e-01 3.106976003707132061e-07
3.966430151435699827e+03 9.999155187469550565e-01 3.091393822034336059e-07 9.999382016470674817e-01 3.089697006100589270e-07
3.971540881184100272e+03 9.999157369723540301e-01 3.075173272888087825e-07 9.999383615402981373e-01 3.073466459448486977e-07
3.977925522963800177e+03 9.999160084735235765e-01 3.055032860708231622e-07 9.999385604411377138e-01 3.053313389123157135e-07
3.983325526435700340e+03 9.999162370432930214e-01 3.038213771010229683e-07 9.999387279163418629e-01 3.036487875656090461e-07
3.988753626184100540e+03 9.999164658990901122e-01 3.021497889563110643e-07 9.999388955654724409e-01 3.019771453919117434e-07
3.994858232963800219e+03 9.999167220790017296e-01 3.002668792607112181e-07 9.999390832659607042e-01 3.000941530103481084e-07
4.000258236435699928e+03 9.999169478308658210e-01 2.986103422406024830e-07 9.999392486230306298e-01 2.984379872180583300e-07
4.006003708801999892e+03 9.999171868198070134e-01 2.968715028406720274e-07 9.999394237712084799e-01 2.967000563075976271e-07
4.011828285581700129e+03 9.999174281873958181e-01 2.951223335165155603e-07 9.999396005899078288e-01 2.949517813313906617e-07
4.017228286435699374e+03 9.999176509801367407e-01 2.935170647802564044e-07 9.999397638206312111e-01 2.933478690117808671e-07
4.023291128802000003e+03 9.999179000319166066e-01 2.917245938194496429e-07 9.999399462813692852e-01 2.915574352394617839e-07
4.028835670581750037e+03 9.999181268012908852e-01 2.900840186295824682e-07 9.999401124176475752e-01 2.899186936245016838e-07
4.034235671435750191e+03 9.999183468460475233e-01 2.885008475815958218e-07 9.999402735935982722e-01 2.883378237243817731e-07
4.040615887544699945e+03 9.999186054864770412e-01 2.866485659617509323e-07 9.999404631350553574e-01 2.864886772963660665e-07
4.045880399324399605e+03 9.999188181731463176e-01 2.851275624288708964e-07 9.999406188986141863e-01 2.849702295300977562e-07
4.051280401435699787e+03 9.999190353302132017e-01 2.835770127672825876e-07 9.999407780018050307e-01 2.834228156513589927e-07
4.057977986184100246e+03 9.999193035063668189e-01 2.816598973214533370e-07 9.999409744642692166e-01 2.815099287355375118e-07
4.062962462963800135e+03 9.999195022388704945e-01 2.802383735782131722e-07 9.999411200488499407e-01 2.800915198113988203e-07
4.068362466435699389e+03 9.999197167287746657e-01 2.787370074135990036e-07 9.999412771827509427e-01 2.785940081758569991e-07
4.075377422544700039e+03 9.999199940002078124e-01 2.768099082326438315e-07 9.999414803196867707e-01 2.766721708257440831e-07
4.080081864324399703e+03 9.999201791844545273e-01 2.755180644560329433e-07 9.999416159593256248e-01 2.753838269158003530e-07
4.085481866435699885e+03 9.999203908931756368e-01 2.740339347361328320e-07 9.999417710602468423e-01 2.739041375480754307e-07
4.092814193801999409e+03 9.999206770974857772e-01 2.720241565161942241e-07 9.999419806957144941e-01 2.719005588248472539e-07
4.097238600581700666e+03 9.999208490631088520e-01 2.708179925451484007e-07 9.999421066587200757e-01 2.706981088087863138e-07
4.102638601435700366e+03 9.999210581633063422e-01 2.693767697884028882e-07 9.999422598310481192e-01 2.692617233135565824e-07
4.110288303801999064e+03 9.999213528956003572e-01 2.673468681992325677e-07 9.999424757434618449e-01 2.672387547772760611e-07
4.114432680581749082e+03 9.999215119069588820e-01 2.662481114553910863e-07 9.999425922063128747e-01 2.661437297050532321e-07
4.119832681435750601e+03 9.999217183315096680e-01 2.647953804507892521e-07 9.999427434178094209e-01 2.646961127232872166e-07
4.127799751184099478e+03 9.999220214145849717e-01 2.626517897157876974e-07 9.999429654569489401e-01 2.625601065608494762e-07
4.131664092963800613e+03 9.999221679309885369e-01 2.616143794452147852e-07 9.999430727415603570e-01 2.615263557784229073e-07
4.137064096435700776e+03 9.999223718092086211e-01 2.602342041228621803e-07 9.999432221203452542e-01 2.601513385783608129e-07
4.145348541184100213e+03 9.999226830933942711e-01 2.581327634752776643e-07 9.999434501205916037e-01 2.580577969588431705e-07
4.148932847963849781e+03 9.999228171918264074e-01 2.572278209229267960e-07 9.999435483337820729e-01 2.571562571681577279e-07
4.154332851435749944e+03 9.999230185235536972e-01 2.558606460370940380e-07 9.999436958019625177e-01 2.557941337799653551e-07
4.162836546435749369e+03 9.999233339483789562e-01 2.537098397689319683e-07 9.999439268589378482e-01 2.536512581713449273e-07
4.166238937963849821e+03 9.999234596793504792e-01 2.528513976328884363e-07 9.999440189337599483e-01 2.527959722935231613e-07
4.171737061184100639e+03 9.999236621087396193e-01 2.514943131709842007e-07 9.999441672144190330e-01 2.514437518110108941e-07
4.180161301435699897e+03 9.999239707404746769e-01 2.494190964983024641e-07 9.999443932634927146e-01 2.493759773590370882e-07
4.183582362963799824e+03 9.999240954976474915e-01 2.485797874027854363e-07 9.999444846591625247e-01 2.485396543764507071e-07
4.189379191184099909e+03 9.999243063053733227e-01 2.471568991136534764e-07 9.999446390342441315e-01 2.471214375666188024e-07
4.197523401435750202e+03 9.999246008575591871e-01 2.451606305953533746e-07 9.999448548196068209e-01 2.451317248900592355e-07
4.200963132963849603e+03 9.999247249281555394e-01 2.443243807427346702e-07 9.999449456336598763e-01 2.442981675453446453e-07
4.207058661184099037e+03 9.999249437715579392e-01 2.428889358616753158e-07 9.999451059382656881e-01 2.428669797525784538e-07
4.214922836435700447e+03 9.999252246482126516e-01 2.410419863588809752e-07 9.999453116904727379e-01 2.410255205402605726e-07
4.218381237963800231e+03 9.999253477246946575e-01 2.402307053369561030e-07 9.999454018160182089e-01 2.402165347191481676e-07
4.224775471184099843e+03 9.999255743924350126e-01 2.387268239372854036e-07 9.999455678436696138e-01 2.387163367665489415e-07
4.232359611435699662e+03 9.999258420080536780e-01 2.369458719515149029e-07 9.999457638282708283e-01 2.369397539216158726e-07
4.235836677963799957e+03 9.999259642039446394e-01 2.361446761777222996e-07 9.999458533363095869e-01 2.361404001994654237e-07
4.242529611184099849e+03 9.999261986118347378e-01 2.346390936196382779e-07 9.999460249894381869e-01 2.346378180594465602e-07
4.249833716435699898e+03 9.999264530434595066e-01 2.329965458626266607e-07 9.999462113500067195e-01 2.329985474318852703e-07
4.253329455581700131e+03 9.999265742816522140e-01 2.322096069140681269e-07 9.999463001798812867e-01 2.322129474213818274e-07
4.260321093801999268e+03 9.999268160456438181e-01 2.306379309187368947e-07 9.999464772333992446e-01 2.306433740676912628e-07
4.267345166435699866e+03 9.999270577339461896e-01 2.290625224961027281e-07 9.999466542347870135e-01 2.290700830979938066e-07
4.270859575581700483e+03 9.999271782994673119e-01 2.282854472355287500e-07 9.999467424951774541e-01 2.282937834485379853e-07
4.278149913801999901e+03 9.999274272398607222e-01 2.266960480003139540e-07 9.999469248245590469e-01 2.267054593613883158e-07
4.284893951435750751e+03 9.999276563507701887e-01 2.252304087867671190e-07 9.999470926447051600e-01 2.252408199063272159e-07
4.288427029324450814e+03 9.999277760145595106e-01 2.244723910422983526e-07 9.999471802610091498e-01 2.244830050906835631e-07
4.296016072544700364e+03 9.999280319749106472e-01 2.228459006961275330e-07 9.999473676983419157e-01 2.228565053656865161e-07
4.302480076435699630e+03 9.999282488314111816e-01 2.214593113695896061e-07 9.999475265459943918e-01 2.214699134905766405e-07
4.306031822963799641e+03 9.999283676681109956e-01 2.207067081631965328e-07 9.999476135494665963e-01 2.207169685792622415e-07
4.313919571184099368e+03 9.999286303963107470e-01 2.190405488952661108e-07 9.999478059507235228e-01 2.190497102587298397e-07
4.320103541435700208e+03 9.999288354534083823e-01 2.177330767354428343e-07 9.999479560758756103e-01 2.177413816567207870e-07
4.323673954324399347e+03 9.999289533433135535e-01 2.169840259371128802e-07 9.999480424391727906e-01 2.169914561526753333e-07
4.331860402544700264e+03 9.999292226715291720e-01 2.152819657985225899e-07 9.999482396806294027e-01 2.152871350829111061e-07
4.337764336435750010e+03 9.999294159858270747e-01 2.140597902211105443e-07 9.999483812422161888e-01 2.140633336842711917e-07
4.341353420581749560e+03 9.999295330707979046e-01 2.133326953863646827e-07 9.999484670094760386e-01 2.133348914942284508e-07
4.349838573802000610e+03 9.999298088301606935e-01 2.116312991674947007e-07 9.999486689435408415e-01 2.116301681527812886e-07
4.355462476435700410e+03 9.999299906775646063e-01 2.105088988009750772e-07 9.999488021201871080e-01 2.105055662029065371e-07
4.359070230581700343e+03 9.999301070013922876e-01 2.098017251426497682e-07 9.999488872896430403e-01 2.097966626454579265e-07
4.367797950581700206e+03 9.999303870830735796e-01 2.080839553126452817e-07 9.999490924041954942e-01 2.080746615003730436e-07
4.373197951435699906e+03 9.999305595403380487e-01 2.070177852818435119e-07 9.999492186996803422e-01 2.070058718849376215e-07
4.376880506184099431e+03 9.999306768032292236e-01 2.062992722559906354e-07 9.999493045681484560e-01 2.062852835323893686e-07
4.385570762963800917e+03 9.999309523524400056e-01 2.046136836806859168e-07 9.999495063436613096e-01 2.045948077567394482e-07
4.390970766435699261e+03 9.999311227654696932e-01 2.035723801398705176e-07 9.999496311254870706e-01 2.035504521801496321e-07
4.394952026184099850e+03 9.999312479502149298e-01 2.028248206370225367e-07 9.999497228118817693e-01 2.028004497360116808e-07
4.403380917963850152e+03 9.999315119391443130e-01 2.012389860047557675e-07 9.999499161104730138e-01 2.012094569078007040e-07
4.408780921435750315e+03 9.999316802322252284e-01 2.002228898079152187e-07 9.999500393596721937e-01 2.001900357420392322e-07
4.413060881184100253e+03 9.999318131169928625e-01 1.994323521902765168e-07 9.999501367061579549e-01 1.993967301178107640e-07
4.421228402963800363e+03 9.999320657645645039e-01 1.979295772158337362e-07 9.999503217093159702e-01 1.978886888638261025e-07
4.426628406435700526e+03 9.999322320630289473e-01 1.969370015873795125e-07 9.999504434608985637e-01 1.968926285605053805e-07
4.431207071184099732e+03 9.999323725431336074e-01 1.960887938939038529e-07 9.999505463326169297e-01 1.960414505320791441e-07
4.439113232963800328e+03 9.999326141901556664e-01 1.946288193812820813e-07 9.999507232545166158e-01 1.945763631091583813e-07
4.444513236435700492e+03 9.999327784164496746e-01 1.936406343483781685e-07 9.999508435400816797e-01 1.935847065863111917e-07
4.449390601184099978e+03 9.999329262928399187e-01 1.927701826991707700e-07 9.999509518158326005e-01 1.927111853018469343e-07
4.457035397963800278e+03 9.999331570714323769e-01 1.914115851463754166e-07 9.999511208018030395e-01 1.913477915281602839e-07
4.462435401435699532e+03 9.999333193682333754e-01 1.904601090878691841e-07 9.999512396483291043e-01 1.903929804322111443e-07
4.467611468801999763e+03 9.999334743922454471e-01 1.895629253311562995e-07 9.999513531522611354e-01 1.894927363308063717e-07
4.474994900581700676e+03 9.999336945002538224e-01 1.882804401696073069e-07 9.999515143466813916e-01 1.882058984314200175e-07
4.480394901435699467e+03 9.999338548334458787e-01 1.873437915020007957e-07 9.999516317501053742e-01 1.872661640858358739e-07
4.485869671184099388e+03 9.999340168033065135e-01 1.864030215474384808e-07 9.999517503453861922e-01 1.863224756105007917e-07
4.492991737963850028e+03 9.999342266322929218e-01 1.851853201728998026e-07 9.999519039714298563e-01 1.851009888001233035e-07
4.498391741435750191e+03 9.999343850352745422e-01 1.842704964285662666e-07 9.999520199631263262e-01 1.841834441113028274e-07
4.504165216184100245e+03 9.999345537677049034e-01 1.833012074184750571e-07 9.999521435101575983e-01 1.832115118167980658e-07
4.511025917963799657e+03 9.999347534505621526e-01 1.821514658988718867e-07 9.999522897053632065e-01 1.820586366218835222e-07
4.516425921435699820e+03 9.999349099499095228e-01 1.812510261003364007e-07 9.999524043047579580e-01 1.811559135731606327e-07
4.522498096184100177e+03 9.999350852626007757e-01 1.802486547524827924e-07 9.999525326728793129e-01 1.801512495615684044e-07
4.529097432963800202e+03 9.999352749709095045e-01 1.791641523176470408e-07 9.999526715950873834e-01 1.790642589644253915e-07
4.534497436435699456e+03 9.999354296391007590e-01 1.782873419157279345e-07 9.999527848338198854e-01 1.781856731947186701e-07
4.540868316184099967e+03 9.999356113636664878e-01 1.772631154658799372e-07 9.999529178908375115e-01 1.771596843368012090e-07
4.547206287963800605e+03 9.999357913510653617e-01 1.762441988784169771e-07 9.999530496914916800e-01 1.761390150203587691e-07
4.552606291435699859e+03 9.999359441266176818e-01 1.753817028043259226e-07 9.999531615599005496e-01 1.752753068997625063e-07
4.559275873802000206e+03 9.999361320846777978e-01 1.743254820005498525e-07 9.999532991790095471e-01 1.742178917952924231e-07
4.565352480581699638e+03 9.999363026623157014e-01 1.733676127943381969e-07 9.999534240474017288e-01 1.732589320964148699e-07
4.570752481435699337e+03 9.999364536199087938e-01 1.725210151536035371e-07 9.999535345804897446e-01 1.724116862695115585e-07
4.577720766184100285e+03 9.999366476028243023e-01 1.714337275993328665e-07 9.999536766267437260e-01 1.713238509773832888e-07
4.583536007963849443e+03 9.999368088873861193e-01 1.705279821550614952e-07 9.999537946909188291e-01 1.704176421804236387e-07
4.588936011435750515e+03 9.999369580742120123e-01 1.697010391461552451e-07 9.999539039241713834e-01 1.695906104820707639e-07
4.596203001184100685e+03 9.999371579320921466e-01 1.686007082213488616e-07 9.999540502804586950e-01 1.684904152846143384e-07
4.601756877963800434e+03 9.999373100989666918e-01 1.677601268045425670e-07 9.999541616780251996e-01 1.676499292313528382e-07
4.607156881435700598e+03 9.999374574818269412e-01 1.669437788499397836e-07 9.999542695923416824e-01 1.668340433165603734e-07
4.614722571184100161e+03 9.999376631105298951e-01 1.658035159819732445e-07 9.999544201542041044e-01 1.656946519981432085e-07
4.620015082963800523e+03 9.999378063698440844e-01 1.650103149103182404e-07 9.999545250488048875e-01 1.649020501110403806e-07
4.625415086435699777e+03 9.999379520685736100e-01 1.642213520690019293e-07 9.999546317088773284e-01 1.641140650772625939e-07
4.633279481184099495e+03 9.999381632725407032e-01 1.630811684529518515e-07 9.999547863488896793e-01 1.629754799285605888e-07
4.638310627963849583e+03 9.999382978717827886e-01 1.623518288058604044e-07 9.999548848712005444e-01 1.622471506462848931e-07
4.643710631435750656e+03 9.999384417877588138e-01 1.615768727890218085e-07 9.999549902503697130e-01 1.614736275860974374e-07
4.651873726184099723e+03 9.999386583747023050e-01 1.604130392963495422e-07 9.999551488377118602e-01 1.603120827671074406e-07
4.656643507963849515e+03 9.999387844557935390e-01 1.597366373416990232e-07 9.999552411282457420e-01 1.596370046398983490e-07
4.662043511435749679e+03 9.999389266601050874e-01 1.589728656088164619e-07 9.999553452485296923e-01 1.588750689914079728e-07
4.670505308801999490e+03 9.999391485309571115e-01 1.577747264458402192e-07 9.999555076940176424e-01 1.576798871520825225e-07
4.675013725581749895e+03 9.999392662884709626e-01 1.571369261990598984e-07 9.999555938988105019e-01 1.570436488718533488e-07
4.680413726435750505e+03 9.999394068559142035e-01 1.564076621126146167e-07 9.999556968205981500e-01 1.563165557770856380e-07
4.689174228801999561e+03 9.999396338759386493e-01 1.552349004264821556e-07 9.999558630089446787e-01 1.551473545737184636e-07
4.693421285581749544e+03 9.999397434658694461e-01 1.546686287526665624e-07 9.999559432284493843e-01 1.545827960852261024e-07
4.698821286435751063e+03 9.999398823503140576e-01 1.539383547114021130e-07 9.999560449020351571e-01 1.538549406662607814e-07
4.707880488802000400e+03 9.999401142303608880e-01 1.527094113971933662e-07 9.999562146790338391e-01 1.526300558488379730e-07
4.717242953801999647e+03 9.999403526133918696e-01 1.514544227655309305e-07 9.999563891653949765e-01 1.513794280263422872e-07
4.726367276435749773e+03 9.999405834267148796e-01 1.502528435979955746e-07 9.999565581678721005e-01 1.501822196368279982e-07
4.730348407963850150e+03 9.999406838075555193e-01 1.497334944586842759e-07 9.999566316145866995e-01 1.496647702616585326e-07
4.736005221184100265e+03 9.999408258599246091e-01 1.489869906066930389e-07 9.999567356258883821e-01 1.489210753872644111e-07
4.744868181435699626e+03 9.999410474119866388e-01 1.478168974370351754e-07 9.999568978505684047e-01 1.477553641529414457e-07
4.748867980581700067e+03 9.999411471691134201e-01 1.472901741085360622e-07 9.999569708132451940e-01 1.472306089540889227e-07
4.754804823802001010e+03 9.999412944731844721e-01 1.465370181073273293e-07 9.999570787000130467e-01 1.464804009009116217e-07
4.763406421435750417e+03 9.999415070606874067e-01 1.454480947076776740e-07 9.999572343127458574e-01 1.453957323273221391e-07
4.767424892963849743e+03 9.999416060048924582e-01 1.449425292709733192e-07 9.999573067340594701e-01 1.448921453989803325e-07
4.773641771184099525e+03 9.999417585631330541e-01 1.441745771883564699e-07 9.999574183989967668e-01 1.441272621428962597e-07
4.781982001435699203e+03 9.999419622145212516e-01 1.431456688702489724e-07 9.999575674928333768e-01 1.431024568713916491e-07
4.786019137963799949e+03 9.999420604187135853e-01 1.426510342525794435e-07 9.999576393849762823e-01 1.426097727472882247e-07
4.792516051184099524e+03 9.999422178932036998e-01 1.418671695430468118e-07 9.999577546855282772e-01 1.418289319871792403e-07
4.800594916435699815e+03 9.999424129069961475e-01 1.408962559335017945e-07 9.999578974227801842e-01 1.408617673539171887e-07
4.804650720581700625e+03 9.999425104197784409e-01 1.404126086047593779e-07 9.999579688026436486e-01 1.403799584290265522e-07
4.811427663802000097e+03 9.999426727951127303e-01 1.396047738924700003e-07 9.999580876576877886e-01 1.395750757940897731e-07
4.819245166435699502e+03 9.999428592415405825e-01 1.386718501605344200e-07 9.999582241398661253e-01 1.386455485865114846e-07
4.823319642963800106e+03 9.999429561046552228e-01 1.381864557287874921e-07 9.999582950221725941e-01 1.381618467115500676e-07
4.830376621184101168e+03 9.999431232544311321e-01 1.373539339516235917e-07 9.999584173569201484e-01 1.373320712148872771e-07
4.837932756435750889e+03 9.999433013893010980e-01 1.364657378536508402e-07 9.999585477503067921e-01 1.364468091770986010e-07
4.842025899324449711e+03 9.999433974802796055e-01 1.359909354573241980e-07 9.999586181170818655e-01 1.359734957646066012e-07
4.849362912544700521e+03 9.999435692420456379e-01 1.351552782891649226e-07 9.999587438277423024e-01 1.351403107742628287e-07
4.856657686435750293e+03 9.999437392209313824e-01 1.343261585038626560e-07 9.999588682350426527e-01 1.343136442845634978e-07
4.860769500581750435e+03 9.999438346024046576e-01 1.338593046148372600e-07 9.999589380908209257e-01 1.338480523804643021e-07
4.868386543801999323e+03 9.999440108863068000e-01 1.329999036110726021e-07 9.999590670822791072e-01 1.329907973007914128e-07
4.875419951435750590e+03 9.999441728951830033e-01 1.322090565922042572e-07 9.999591856449739913e-01 1.322019292770990883e-07
4.879550435581750207e+03 9.999442675603499309e-01 1.317536207996165468e-07 9.999592550039071437e-01 1.317474967715706705e-07
4.887447513801999776e+03 9.999444481421948527e-01 1.308880819944686963e-07 9.999593871637399989e-01 1.308836723744976949e-07
4.894219556435699815e+03 9.999446023306384213e-01 1.301450163807750689e-07 9.999594999973934195e-01 1.301420755614833796e-07
4.898368707963800261e+03 9.999446964208910105e-01 1.296989016417780048e-07 9.999595688826157236e-01 1.296966689475625364e-07
4.906545821184099623e+03 9.999448812369013950e-01 1.288255256822453235e-07 9.999597041379962858e-01 1.288244959688349996e-07
4.913056496435749068e+03 9.999450276558654593e-01 1.281303138258547615e-07 9.999598113246755959e-01 1.281302417665665880e-07
4.917224315581750488e+03 9.999451211152226016e-01 1.276821670590818865e-07 9.999598797245321524e-01 1.276825175364430261e-07
4.925681463801999598e+03 9.999453100053358190e-01 1.267765523821126698e-07 9.999600179805819833e-01 1.267776132820178971e-07
4.931930776435699954e+03 9.999454490093995229e-01 1.261101614340880378e-07 9.999601197015429710e-01 1.261117475466487731e-07
4.936117267963799350e+03 9.999455417955719350e-01 1.256757808221185477e-07 9.999601876247767862e-01 1.256774903730239116e-07
4.944854451184099162e+03 9.999457347638643911e-01 1.247796500376017353e-07 9.999603288282341573e-01 1.247814907022191271e-07
4.950842396435749833e+03 9.999458662490127159e-01 1.241673927291285239e-07 9.999604251229878837e-01 1.241693241055988455e-07
4.955047552963849739e+03 9.999459585396180961e-01 1.237350963818934269e-07 9.999604925896536933e-01 1.237368533882237219e-07
4.964064771184100209e+03 9.999461552783861507e-01 1.228042880638084261e-07 9.999606366022897319e-01 1.228055845704184774e-07
4.969791351435700562e+03 9.999462796227656103e-01 1.222124848432130055e-07 9.999607276512908483e-01 1.222134896980335099e-07
4.974015177963800852e+03 9.999463711752392125e-01 1.217923457236565274e-07 9.999607946369218903e-01 1.217928893846919295e-07
4.983312431184100205e+03 9.999465717450426450e-01 1.208801656085430363e-07 9.999609414366373850e-01 1.208796473382987895e-07
4.988777646435701172e+03 9.999466891402657431e-01 1.203478066116889964e-07 9.999610273416846828e-01 1.203466645803809248e-07
4.993020139324400589e+03 9.999467799552763658e-01 1.199361292137502871e-07 9.999610938235631297e-01 1.199342741787888112e-07
5.002401274324400219e+03 9.999469799657577651e-01 1.190226493299088414e-07 9.999612402171478287e-01 1.190192117260730157e-07
5.007801276435699947e+03 9.999470946132573701e-01 1.184956147880961372e-07 9.999613241222274906e-01 1.184912572411288706e-07
5.012258591184099714e+03 9.999471890313715861e-01 1.180663575683609253e-07 9.999613931908762909e-01 1.180610339942755579e-07
5.021462242963799326e+03 9.999473830906387972e-01 1.171795851072868850e-07 9.999615351937833907e-01 1.171722712980374386e-07
5.026862246435700399e+03 9.999474963760710544e-01 1.166605255811634522e-07 9.999616181356667521e-01 1.166520237528100034e-07
5.031599596184100847e+03 9.999475955679406614e-01 1.162199023788620676e-07 9.999616907050959957e-01 1.162101653221349109e-07
5.040560547963799763e+03 9.999477823053016801e-01 1.153914487038016359e-07 9.999618273664578894e-01 1.153793813224374473e-07
5.045960551435699927e+03 9.999478943373949491e-01 1.148929853128421499e-07 9.999619093553416826e-01 1.148794934757640276e-07
5.050977936184099235e+03 9.999479980725196615e-01 1.144205704306631466e-07 9.999619852940258014e-01 1.144056360114449523e-07
5.059696192963800058e+03 9.999481776503306163e-01 1.136013302957795958e-07 9.999621167254780785e-01 1.135838966651209617e-07
5.065096196435699312e+03 9.999482884518005044e-01 1.130977738810897152e-07 9.999621978107560150e-01 1.130787694644113025e-07
5.070393616184100210e+03 9.999483968112193866e-01 1.126169488381137616e-07 9.999622770973412011e-01 1.125963078973503702e-07
5.078869177963800212e+03 9.999485694334162567e-01 1.118468474921292358e-07 9.999624034253035143e-01 1.118235970809462965e-07
5.084269181435699466e+03 9.999486790262656077e-01 1.113566513745444833e-07 9.999624835927147792e-01 1.113317208428030474e-07
5.089846631184100261e+03 9.999487916876977911e-01 1.108558948121139705e-07 9.999625660904428726e-01 1.108291719370847431e-07
5.098079497963850372e+03 9.999489575347724202e-01 1.101187466146201297e-07 9.999626874206306582e-01 1.100893864439664674e-07
5.103479501435749626e+03 9.999490658095046003e-01 1.096369516348155378e-07 9.999627666659025582e-01 1.096058640126851177e-07
5.109336983801999850e+03 9.999491828448838771e-01 1.091179824415240490e-07 9.999628523341880237e-01 1.090850329574241017e-07
5.117327155581750048e+03 9.999493418246284682e-01 1.084136094267024474e-07 9.999629687183564375e-01 1.083781291012707670e-07
5.122727156435749748e+03 9.999494489761069360e-01 1.079440649586043364e-07 9.999630470999627541e-01 1.079068837518064465e-07
5.128864676184099153e+03 9.999495702109514328e-01 1.074221956911766615e-07 9.999631358468881182e-01 1.073831078306105604e-07
5.136612152963800327e+03 9.999497227477325278e-01 1.067637916753548655e-07 9.999632474402263549e-01 1.067223049858176002e-07
5.142012156435700490e+03 9.999498286036696548e-01 1.063070635662013876e-07 9.999633249133157431e-01 1.062639450579667032e-07
5.148429708802000278e+03 9.999499540284894072e-01 1.057688388061547074e-07 9.999634166707167537e-01 1.057238639263027840e-07
5.155934485581699846e+03 9.999500999375567911e-01 1.051386364893680334e-07 9.999635234983561549e-01 1.050914972859785731e-07
5.161334486435699546e+03 9.999502047011312733e-01 1.046864427203128252e-07 9.999636001158100918e-01 1.046378091229868900e-07
5.168032071184099550e+03 9.999503340078741420e-01 1.041294002756538105e-07 9.999636947694361400e-01 1.040790224930876725e-07
5.175294157963799989e+03 9.999504737415119138e-01 1.035288327907265640e-07 9.999637970078952831e-01 1.034765693740986316e-07
5.180694161435699243e+03 9.999505772278630689e-01 1.030820599490336194e-07 9.999638727368010960e-01 1.030284733872386312e-07
5.187671781184100837e+03 9.999507104303224647e-01 1.025024502868564606e-07 9.999639702383129602e-01 1.024472706256817753e-07
5.194691167963800581e+03 9.999508440054171166e-01 1.019206929331036685e-07 9.999640679532253440e-01 1.018639148888651621e-07
5.200091171435699835e+03 9.999509463836627754e-01 1.014805223158536035e-07 9.999641428612032756e-01 1.014226366673294125e-07
5.207348826184099380e+03 9.999510834167015805e-01 1.009008843645049198e-07 9.999642431483106719e-01 1.008416623907946665e-07
5.214125512963850269e+03 9.999512108173589375e-01 1.003607506041928373e-07 9.999643363995353029e-01 1.003002836809046787e-07
5.219525516435750433e+03 9.999513120347043316e-01 9.993730826780063227e-08 9.999644104602773975e-01 9.987598164578736640e-08
5.227063206184100636e+03 9.999514527352154625e-01 9.935209023487384280e-08 9.999645134354759879e-01 9.928970228390740675e-08
5.233597197963849794e+03 9.999515742717414168e-01 9.884379201141707247e-08 9.999646023445499798e-01 9.878048459218815334e-08
5.238997201435749957e+03 9.999516743018972420e-01 9.841767521942117236e-08 9.999646755564055578e-01 9.835377304705821792e-08
5.246814926184099932e+03 9.999518185854938679e-01 9.779895260765471208e-08 9.999647811525079755e-01 9.773433682871130178e-08
5.253106222963799155e+03 9.999519343743381583e-01 9.730391925364040919e-08 9.999648658284543412e-01 9.723872931455130751e-08
5.258506226435699318e+03 9.999520332650120302e-01 9.689104337383559675e-08 9.999649382304283129e-01 9.682552855208881373e-08
5.266603982544700557e+03 9.999521811981785246e-01 9.628103871565688567e-08 9.999650464264555616e-01 9.621515965642731949e-08
5.272652584324400777e+03 9.999522910583816815e-01 9.582618678686601357e-08 9.999651268699611961e-01 9.576003372584592430e-08
5.278052586435700505e+03 9.999523889091355144e-01 9.542299954681548955e-08 9.999651984730651977e-01 9.535679381143269678e-08
5.286430376184100169e+03 9.999525401650096734e-01 9.480071095589782690e-08 9.999653091312906694e-01 9.473453829684666608e-08
5.292236282963850499e+03 9.999526445500944716e-01 9.437086025336172926e-08 9.999653855073581399e-01 9.430470756817468501e-08
5.297636286435749753e+03 9.999527412795155001e-01 9.397330139844027214e-08 9.999654563037089217e-01 9.390735594754158470e-08
5.306294111184100075e+03 9.999528958083997443e-01 9.333656244643399220e-08 9.999655693697510062e-01 9.327103807900333944e-08
5.311857317963799687e+03 9.999529946627401245e-01 9.292666986343400578e-08 9.999656417165626587e-01 9.286141244899477385e-08
5.317257321435699851e+03 9.999530903604944010e-01 9.252269127428683581e-08 9.999657117338857093e-01 9.245787402414524261e-08
5.326195181184099965e+03 9.999532482168257408e-01 9.185534037204870050e-08 9.999658271866697090e-01 9.179131396262819700e-08
5.331515692963799665e+03 9.999533417097740129e-01 9.145977398254437198e-08 9.999658956189249048e-01 9.139621354816405381e-08
5.336915696435699829e+03 9.999534363095672340e-01 9.106919352401654079e-08 9.999659648670007339e-01 9.100631096718588173e-08
5.346133588801999394e+03 9.999535972699623576e-01 9.040646107698031341e-08 9.999660826147340753e-01 9.034478537054878396e-08
5.351211405581700092e+03 9.999536855585338113e-01 9.004216738311439519e-08 9.999661472116025962e-01 8.998115183540700516e-08
5.356611406435700701e+03 9.999537791404392584e-01 8.966252633806244437e-08 9.999662156980861916e-01 8.960237028250523707e-08
5.366109331184099574e+03 9.999539430505642867e-01 8.899725483862224859e-08 9.999663356521276691e-01 8.893862865861852858e-08
5.370944457963849345e+03 9.999540261620805115e-01 8.865961716984630690e-08 9.999663964736990041e-01 8.860176404677999427e-08
5.376344461435749508e+03 9.999541187685681010e-01 8.828833761687970361e-08 9.999664642138353932e-01 8.823149076913651031e-08
5.386098971435750173e+03 9.999542852516474234e-01 8.761829802971437224e-08 9.999665860449320487e-01 8.756327103353155119e-08
5.396114846435750223e+03 9.999544553563000093e-01 8.694157157175698439e-08 9.999667104801917006e-01 8.688851232341600720e-08
5.405888026435750362e+03 9.999546203002847022e-01 8.629341688047502971e-08 9.999668311911363849e-01 8.624235873781486523e-08
5.410522570581750188e+03 9.999546982308091803e-01 8.598754865478089019e-08 9.999668882045940066e-01 8.593743907777426230e-08
5.416207383801999640e+03 9.999547935458285020e-01 8.560646192932709212e-08 9.999669579423928756e-01 8.555762069520868609e-08
5.425714421435699478e+03 9.999549522127300083e-01 8.496804532025777210e-08 9.999670740626024346e-01 8.492131578674116957e-08
5.430367634324399660e+03 9.999550296366784830e-01 8.465668497940076469e-08 9.999671306987506503e-01 8.461098710812900491e-08
5.436313812544700340e+03 9.999551282366871963e-01 8.427274148898062243e-08 9.999672028425898862e-01 8.422839633302346922e-08
5.445578156435699384e+03 9.999552812973305782e-01 8.367673780507597853e-08 9.999673147919549976e-01 8.363449087456361944e-08
5.450250037963800423e+03 9.999553581383751055e-01 8.337763181589152160e-08 9.999673710135922322e-01 8.333644027430964190e-08
5.456457581184100491e+03 9.999554599184501402e-01 8.298321883742990246e-08 9.999674454935322254e-01 8.294344792278839489e-08
5.465479226435700184e+03 9.999556072758681857e-01 8.241175761046881027e-08 9.999675532864101823e-01 8.237404277786779742e-08
5.470169775581699469e+03 9.999556835309001412e-01 8.211507685400211151e-08 9.999676091052290827e-01 8.207842375196422052e-08
5.476638683802000742e+03 9.999557883868682717e-01 8.170526539679409077e-08 9.999676858487657194e-01 8.167006751184299903e-08
5.485417631435750991e+03 9.999559302483784773e-01 8.114893891794597088e-08 9.999677896023387857e-01 8.111570840011181124e-08
5.490126852963850070e+03 9.999560059163119519e-01 8.085039411916432648e-08 9.999678450192067691e-01 8.081820445334586546e-08
5.496857131184100581e+03 9.999561139611469196e-01 8.042303341059855166e-08 9.999679240242750344e-01 8.039229541421922251e-08
5.505393381435750598e+03 9.999562503243520917e-01 7.988207168176891109e-08 9.999680237982460085e-01 7.985316827271440142e-08
5.510121267963850187e+03 9.999563256169995418e-01 7.958635983442536546e-08 9.999680788724354397e-01 7.955844801075045015e-08
5.517112911184100085e+03 9.999564365469798544e-01 7.916059228862738227e-08 9.999681600351510991e-01 7.913408685272007869e-08
5.525406466435750190e+03 9.999565675845827339e-01 7.865770302557828729e-08 9.999682559166764850e-01 7.863286027255114980e-08
5.530153020581749843e+03 9.999566423790929859e-01 7.837553959770614741e-08 9.999683106132928323e-01 7.835161470304323753e-08
5.537406023801999254e+03 9.999567561903346391e-01 7.795271716229588259e-08 9.999683938849880382e-01 7.793012215512985196e-08
5.545456886435748856e+03 9.999568820548484505e-01 7.748300513969148052e-08 9.999684859486142052e-01 7.746188180714993855e-08
5.550222112963850122e+03 9.999569561863470568e-01 7.720492164771525549e-08 9.999685402198691397e-01 7.718462311019020663e-08
5.557736481184099830e+03 9.999570727995946706e-01 7.676546351910030181e-08 9.999686255469697471e-01 7.674637892689797575e-08
5.565544646435750110e+03 9.999571935379055754e-01 7.630929851188449044e-08 9.999687138558069899e-01 7.629147198239675907e-08
5.570328540581749621e+03 9.999572672527567985e-01 7.603021979192045757e-08 9.999687677765477511e-01 7.601310681998361960e-08
5.578104273802000534e+03 9.999573865886367541e-01 7.557765746855251734e-08 9.999688551048578899e-01 7.556161188828774352e-08
5.585669741435700416e+03 9.999575023136958452e-01 7.513845944506037776e-08 9.999689397466703378e-01 7.512344961987246643e-08
5.590472305581700311e+03 9.999575755321712389e-01 7.486626949349171818e-08 9.999689933042560375e-01 7.485185230823750633e-08
5.598509403801999724e+03 9.999576975735166018e-01 7.442176109546362695e-08 9.999690826028416746e-01 7.440824736154298673e-08
5.605832176435699694e+03 9.999578083887870061e-01 7.401803293854935652e-08 9.999691636411436324e-01 7.400534074128533977e-08
5.610653410581699973e+03 9.999578809737758034e-01 7.375296211035484698e-08 9.999692167892223482e-01 7.374072787021524708e-08
5.618951873801999682e+03 9.999580057275642142e-01 7.329774104036813355e-08 9.999693080083787988e-01 7.328619966021123384e-08
5.626031951435749761e+03 9.999581115961255762e-01 7.290974470582112680e-08 9.999693854824774908e-01 7.289879354897385865e-08
5.630871852963849960e+03 9.999581837116340299e-01 7.264555851499065744e-08 9.999694382689240379e-01 7.263492648235946649e-08
5.639431681184099943e+03 9.999583108949202659e-01 7.218008667241683660e-08 9.999695313166764299e-01 7.216993834442468331e-08
5.646269066435749664e+03 9.999584120783857610e-01 7.180945805326581089e-08 9.999696053413688057e-01 7.179969577733988345e-08
5.651127637963850248e+03 9.999584837387814895e-01 7.154998151556143902e-08 9.999696577743172332e-01 7.154041641821205317e-08
5.659948831184100527e+03 9.999586134782347813e-01 7.108125572323990084e-08 9.999697526500784805e-01 7.107198734516596098e-08
5.666543516435700440e+03 9.999587100306437382e-01 7.073104449877848832e-08 9.999698232824428823e-01 7.072199769861581302e-08
5.671420752963800624e+03 9.999587812024784972e-01 7.048172607568144830e-08 9.999698753599181034e-01 7.047273338237089140e-08
5.680503311184100312e+03 9.999589132712364270e-01 7.002086584474347223e-08 9.999699719729784331e-01 7.001190629220366400e-08
5.686855301435699403e+03 9.999590052939666407e-01 6.969757976622756708e-08 9.999700392698734897e-01 6.968864413297235583e-08
5.691751207963799970e+03 9.999590758984853167e-01 6.944892191155122847e-08 9.999700909594944065e-01 6.943991134592322624e-08
5.701095131184099955e+03 9.999592103142183053e-01 6.898005230997245115e-08 9.999701892822555616e-01 6.897085334190480825e-08
5.707204426435700043e+03 9.999592978423921252e-01 6.867641305067533587e-08 9.999702533046197495e-01 6.866709118699447548e-08
5.712119002963800085e+03 9.999593679621456843e-01 6.842754951289553666e-08 9.999703046358284775e-01 6.841802706286942201e-08
5.721724291184099457e+03 9.999595046383787933e-01 6.793912269349819643e-08 9.999704046124295864e-01 6.793006497684198457e-08
5.727590891435749654e+03 9.999595877779179354e-01 6.764065942718609546e-08 9.999704654340921817e-01 6.763230999661650631e-08
5.732524135581749761e+03 9.999596575446159097e-01 6.739720940702351962e-08 9.999705164473494667e-01 6.738935824513904799e-08
5.742390783801999532e+03 9.999597964970351471e-01 6.691396487827995424e-08 9.999706180669077904e-01 6.690678224971715295e-08
5.748014686435750264e+03 9.999598752699889737e-01 6.663948412204962666e-08 9.999706757334397844e-01 6.663253811413892393e-08
5.752966602963850164e+03 9.999599444752100830e-01 6.640442472241839285e-08 9.999707263715816863e-01 6.639760519665820018e-08
5.763075822963799510e+03 9.999600852747054791e-01 6.592497290362355667e-08 9.999708293631458522e-01 6.591887514010544941e-08
5.773446407963800084e+03 9.999602289689965007e-01 6.543962671654189912e-08 9.999709344597219607e-01 6.543461334695486192e-08
5.783574297963800745e+03 9.999603684865073783e-01 6.497376703873501372e-08 9.999710365270388923e-01 6.496975500090335080e-08
5.788974301435699999e+03 9.999604425305940181e-01 6.472590442915256720e-08 9.999710907160441753e-01 6.472243726820677473e-08
5.794225046184099483e+03 9.999605144154203318e-01 6.448477220554939747e-08 9.999711432780418185e-01 6.448177288924651641e-08
5.804110112963800020e+03 9.999606491536963127e-01 6.403256619215580562e-08 9.999712418380306556e-01 6.402961779948979389e-08
5.809510116435699274e+03 9.999607224557623963e-01 6.378641697553811544e-08 9.999712954617340221e-01 6.378302948012696322e-08
5.815022226184099054e+03 9.999607970430376414e-01 6.353524671600388390e-08 9.999713500380774667e-01 6.353137115056743592e-08
5.824683267963800063e+03 9.999609273229467243e-01 6.309741818249288457e-08 9.999714453352176458e-01 6.309157894829376202e-08
5.830083271435699316e+03 9.999609999472367505e-01 6.285563250548702068e-08 9.999714984214144176e-01 6.284802455863656142e-08
5.835856743801999983e+03 9.999610772216477317e-01 6.260631161479608896e-08 9.999715549749581545e-01 6.259679673943909248e-08
5.845293755581699770e+03 9.999612031528194445e-01 6.219773309566052261e-08 9.999716470770242394e-01 6.218611821562924655e-08
5.850693756435700379e+03 9.999612749441623150e-01 6.196335558445400519e-08 9.999716995790340901e-01 6.195119877312045548e-08
5.856728596184099843e+03 9.999613549063085527e-01 6.170418947520960254e-08 9.999717580750426826e-01 6.169142322483668244e-08
5.865941582963851033e+03 9.999614763860205091e-01 6.131105875399976924e-08 9.999718469947699306e-01 6.129686901817870099e-08
5.871341586435750287e+03 9.999615474903754686e-01 6.108149145397353890e-08 9.999718989580065331e-01 6.106611794001945650e-08
5.877637791184100024e+03 9.999616300111917599e-01 6.081047217597145692e-08 9.999719593263218798e-01 6.079373224864260635e-08
5.886626747963799971e+03 9.999617474246416116e-01 6.042008018937850808e-08 9.999720451990145031e-01 6.040371404876821072e-08
5.892026751435700135e+03 9.999618176081838117e-01 6.018464892535821580e-08 9.999720965784597571e-01 6.017031469297919026e-08
5.898584321184101100e+03 9.999619027246269276e-01 5.990551284692412718e-08 9.999721588152241658e-01 5.989367051788456072e-08
5.907349252963800609e+03 9.999620159901716487e-01 5.953611496056416245e-08 9.999722416613984199e-01 5.952601162656709262e-08
5.912749256435699863e+03 9.999620854614527099e-01 5.931237826909382758e-08 9.999722925045096966e-01 5.930200492163766225e-08
5.919568188801999895e+03 9.999621731282777315e-01 5.903196018660439167e-08 9.999723565543474635e-01 5.902128237643847519e-08
5.928109090581700002e+03 9.999622822160986191e-01 5.868073182362945813e-08 9.999724363990974974e-01 5.866911367868134437e-08
5.933509091435699702e+03 9.999623510717616792e-01 5.846038492446888328e-08 9.999724867386383664e-01 5.844767362706136942e-08
5.940589391184100350e+03 9.999624410083081116e-01 5.817630643151164661e-08 9.999725525148487337e-01 5.816222910631519991e-08
5.948906272963850824e+03 9.999625462123317154e-01 5.784495521549465304e-08 9.999726294695907569e-01 5.782862923796285414e-08
5.954306276435750078e+03 9.999626142924765704e-01 5.763319272120582472e-08 9.999726792665633024e-01 5.761476764631907900e-08
5.961647937544700653e+03 9.999627065331397890e-01 5.734929516173379869e-08 9.999727467425343352e-01 5.732808760017597476e-08
5.969740789324449906e+03 9.999628079207809606e-01 5.703833799257181833e-08 9.999728208555871412e-01 5.701339569001927624e-08
5.975140791435749634e+03 9.999628751499515245e-01 5.683444962223058711e-08 9.999728701011104670e-01 5.680628249744307055e-08
5.982743817544700505e+03 9.999629697086195312e-01 5.655084286970603125e-08 9.999729392469243194e-01 5.651822120545637577e-08
5.990612639324400334e+03 9.999630671467496512e-01 5.625562671336664585e-08 9.999730105232278454e-01 5.621983756499850520e-08
5.996012641435700061e+03 9.999631337581544877e-01 5.605120157642369307e-08 9.999730592680027286e-01 5.601516249880622899e-08
6.003877036184100689e+03 9.999632305485652850e-01 5.575517259024040439e-08 9.999731300391381250e-01 5.571883761792787455e-08
6.011521832963850102e+03 9.999633242869476746e-01 5.546761362509905532e-08 9.999731985725818229e-01 5.543099123781073585e-08
6.016921836435750265e+03 9.999633902476829928e-01 5.526309111089238464e-08 9.999732468131862229e-01 5.522632875614552421e-08
6.025047596184100257e+03 9.999634891638157219e-01 5.495336154150818475e-08 9.999733191612570904e-01 5.491646781241557114e-08
6.032468367963800119e+03 9.999635790809157099e-01 5.467207732327001466e-08 9.999733849616647685e-01 5.463506328105135800e-08
6.037868371435699373e+03 9.999636444492630005e-01 5.446872062464281210e-08 9.999734327249193422e-01 5.443167822243133889e-08
6.046255491184099810e+03 9.999637453889089755e-01 5.415300489947943720e-08 9.999735066002259920e-01 5.411598139637804445e-08
6.053452232963850292e+03 9.999638317945255261e-01 5.388237248933363865e-08 9.999735697798834977e-01 5.384536415981830914e-08
6.058852236435750456e+03 9.999638963432622152e-01 5.368605253632384357e-08 9.999736170202558894e-01 5.364912674317607366e-08
6.067500723801999811e+03 9.999639994919331532e-01 5.337805633038950365e-08 9.999736924398330284e-01 5.334132616078026598e-08
6.074473440581749855e+03 9.999640822131304896e-01 5.313019086124358689e-08 9.999737529796018931e-01 5.309361659549901155e-08
6.079873441435750465e+03 9.999641462174387874e-01 5.293895527262794080e-08 9.999737997524502653e-01 5.290257065464059930e-08
6.088783293802000117e+03 9.999642512326617494e-01 5.262414079847547352e-08 9.999738766021599723e-01 5.258812001627873513e-08
6.095531985581699701e+03 9.999643305694299045e-01 5.238640957598227647e-08 9.999739346107177074e-01 5.235066234752370328e-08
6.100102252963799401e+03 9.999643841163634583e-01 5.222467392253919574e-08 9.999739737745542145e-01 5.218917031505877477e-08
6.104004181184099252e+03 9.999644297939127568e-01 5.208577668081531979e-08 9.999740071555963672e-01 5.205050526651698958e-08
6.109404184656000325e+03 9.999644927947375361e-01 5.189211723975599764e-08 9.999740532331309328e-01 5.185716343543931080e-08
6.114616873801999645e+03 9.999645534029939498e-01 5.170528822889553107e-08 9.999740975844120250e-01 5.167064022254216166e-08
6.116571265581699663e+03 9.999645761814252021e-01 5.163563201794729318e-08 9.999741142108193870e-01 5.160109776593313032e-08
6.121971266435699363e+03 9.999646387360371369e-01 5.145269430959230838e-08 9.999741599972741257e-01 5.141853765031753916e-08
6.129385217544700026e+03 9.999647244587875905e-01 5.120570242589742339e-08 9.999742226792228683e-01 5.117208966220994306e-08
6.135742449324400695e+03 9.999647976330335863e-01 5.099512626411288155e-08 9.999742762221444092e-01 5.096197673173768348e-08
6.141142451435701332e+03 9.999648597234480629e-01 5.081399484912910135e-08 9.999743215954361997e-01 5.078127793220557320e-08
6.150712336184100423e+03 9.999649691786552941e-01 5.048676127085780404e-08 9.999744016731507701e-01 5.045489275828102973e-08
6.158807577963850235e+03 9.999650613892845374e-01 5.020995125927328308e-08 9.999744691219523141e-01 5.017879778107596768e-08
6.164207581435749489e+03 9.999651227071018056e-01 5.002416055566388684e-08 9.999745139728959398e-01 4.999353176086392513e-08
6.174690176435699868e+03 9.999652414177873094e-01 4.966459362201360331e-08 9.999746007332145359e-01 4.963499259004961451e-08
6.187487677963799797e+03 9.999653854290413424e-01 4.924178375249993986e-08 9.999747060440937751e-01 4.921349249500327838e-08
6.197988947963799546e+03 9.999655027678376884e-01 4.890710266455955959e-08 9.999747919215269398e-01 4.887993043189533923e-08
6.203388951435699710e+03 9.999655629588580785e-01 4.873396858961444110e-08 9.999748359269958753e-01 4.870738212119384136e-08
6.213908891435749865e+03 9.999656796822680160e-01 4.838842927589738213e-08 9.999749213094890621e-01 4.836301414467927459e-08
6.233247843215499415e+03 9.999658928573975647e-01 4.776291424537871619e-08 9.999750771821069861e-01 4.773967715777398384e-08
6.245326689324449944e+03 9.999660249841004767e-01 4.737945938183569722e-08 9.999751738030477899e-01 4.735760065263801682e-08
6.252266932544699557e+03 9.999661005202793440e-01 4.716816062858202581e-08 9.999752290539266619e-01 4.714709632435757838e-08
6.261283966435750699e+03 9.999661983114703778e-01 4.689420604347179787e-08 9.999753005639431258e-01 4.687416290749707608e-08
6.275476943215450774e+03 9.999663513694848627e-01 4.644535700059179277e-08 9.999754124895576801e-01 4.642687210406522546e-08
6.296647498215450469e+03 9.999665777984579895e-01 4.578588736337181813e-08 9.999755780666650384e-01 4.576966005243652391e-08
6.315004565581749375e+03 9.999667721816904997e-01 4.522918611257157927e-08 9.999757202554485636e-01 4.521480992759010856e-08
6.325617850581700623e+03 9.999668839326695258e-01 4.490565070043007243e-08 9.999758019356411731e-01 4.489229572053727254e-08
6.331017851435700322e+03 9.999669404585537213e-01 4.474541406322942225e-08 9.999758433107043265e-01 4.473255224952029280e-08
6.341649801435750305e+03 9.999670515300690399e-01 4.444120320638010954e-08 9.999759245044521627e-01 4.442924320969476698e-08
6.360383198215449738e+03 9.999672457260034841e-01 4.389535540723614402e-08 9.999760665283953243e-01 4.388483544802564582e-08
6.375604083215399442e+03 9.999674022261341166e-01 4.345910659582438216e-08 9.999761810097146375e-01 4.344962870950854807e-08
6.386216773215400281e+03 9.999675107428496190e-01 4.316081675806250509e-08 9.999762603393932414e-01 4.315195315264878684e-08
6.400985123215449676e+03 9.999676608796643773e-01 4.273933042878994432e-08 9.999763701026630480e-01 4.273119107635796080e-08
6.421043070581750726e+03 9.999678629863736345e-01 4.218708265227586491e-08 9.999765179295651008e-01 4.217966354153038418e-08
6.433644260581750132e+03 9.999679890118864378e-01 4.184473196871808966e-08 9.999766100930735924e-01 4.183767536058161408e-08
6.439044261435748922e+03 9.999680428671384735e-01 4.169723597440306986e-08 9.999766494378835580e-01 4.169023633113178837e-08
6.457241766435749923e+03 9.999682231339005467e-01 4.120449981521158684e-08 9.999767812471870299e-01 4.119762408246885023e-08
6.497587638215449260e+03 9.999686173396036271e-01 4.012838456508827372e-08 9.999770695253964448e-01 4.012092692556721034e-08
6.557264007963800395e+03 9.999691872327262088e-01 3.860554567217931949e-08 9.999774862285646382e-01 3.859522939678271691e-08
6.595214052963850008e+03 9.999695414580133113e-01 3.766714064338855222e-08 9.999777452974649705e-01 3.765435539572490396e-08
6.600614056435750172e+03 9.999695913706413419e-01 3.753530137108798459e-08 9.999777818074990776e-01 3.752214517350888912e-08
6.655418091435700262e+03 9.999700911336740772e-01 3.626801584941130234e-08 9.999781472423703299e-01 3.625037723816681308e-08
6.764309337963799408e+03 9.999710484145556411e-01 3.386677998740139486e-08 9.999788471433933568e-01 3.384289310219735372e-08
6.824643681184099478e+03 9.999715590895428274e-01 3.260234844709001081e-08 9.999792205314270710e-01 3.257648500023858446e-08
6.848852386435749395e+03 9.999717601592247318e-01 3.211111748239458385e-08 9.999793675785292324e-01 3.208459362764078471e-08
6.981952333215449471e+03 9.999728288613083382e-01 2.970148355344281523e-08 9.999801488650613690e-01 2.968354761859770457e-08
7.122792737963800391e+03 9.999738948015894913e-01 2.727306932033639354e-08 9.999809281891077761e-01 2.726456255377617046e-08
7.154741901184099333e+03 9.999741277536383643e-01 2.679385397138329763e-08 9.999810985576990108e-01 2.678564893516084191e-08
7.293241856435699447e+03 9.999751028719077173e-01 2.483080471928675964e-08 9.999818113511014239e-01 2.482220981302983460e-08
7.526190897963799216e+03 9.999766228171202975e-01 2.178642143452668354e-08 9.999829224630565339e-01 2.177734223277019292e-08
7.631439991184100109e+03 9.999772643076194623e-01 2.056348122869362963e-08 9.999833913103368666e-01 2.055431271820208163e-08
7.769939941435701257e+03 9.999780688165819109e-01 1.905149129538860616e-08 9.999839793767629770e-01 1.904280721523785333e-08
8.108742132963799122e+03 9.999798661065597560e-01 1.598602304227570133e-08 9.999852930068940937e-01 1.597787270770140222e-08
8.319844381184098893e+03 9.999808761223183406e-01 1.433074253794363833e-08 9.999860312257510264e-01 1.432265896694158200e-08
8.458344331435700951e+03 9.999814983021527715e-01 1.334940425407333010e-08 9.999864858472927720e-01 1.334129712572890923e-08
8.950010097963800945e+03 9.999834778227567611e-01 1.067541637361272838e-08 9.999879324443970985e-01 1.066817894861086425e-08
9.313975921184099207e+03 9.999847453353235549e-01 8.918744160256530709e-09 9.999888585650211770e-01 8.912407926163755852e-09
9.452475871435701265e+03 9.999851896540389307e-01 8.327038391665958179e-09 9.999891832201602826e-01 8.320945033917903627e-09
1.016489341558170054e+04 9.999871951082154320e-01 6.310924539857180979e-09 9.999906484766991621e-01 6.305932309275461863e-09
1.074961101380199943e+04 9.999885513655824010e-01 4.850336496680401101e-09 9.999916393044561147e-01 4.846217495623421986e-09
1.088811096643570090e+04 9.999888410006728678e-01 4.554854053164995571e-09 9.999918509476702910e-01 4.550871523672497221e-09
1.191931834796380099e+04 9.999906898800116073e-01 3.285533139915974015e-09 9.999932015183639056e-01 3.282410225250237138e-09
1.282282579618409909e+04 9.999919563895938168e-01 2.294588411837478936e-09 9.999941266102267967e-01 2.292196454332319695e-09
1.296132576643570064e+04 9.999921276882600685e-01 2.169961848927028863e-09 9.999942516449470409e-01 2.167632765169500994e-09
1.445290064796380102e+04 9.999936696673664693e-01 1.488308305307783152e-09 9.999953778324595088e-01 1.486527949289463644e-09
1.581677559618410123e+04 9.999947148795352847e-01 9.243636518168029808e-10 9.999961410875753964e-01 9.230726588981063556e-10
1.595527556643574826e+04 9.999948062297926432e-01 8.788390722618053716e-10 9.999962078399630139e-01 8.775754877530636991e-10
1.811167171558174960e+04 9.999959699833715909e-01 5.793474168745188949e-10 9.999970575856917954e-01 5.784160456426240188e-10
2.014036791380199793e+04 9.999967411644185011e-01 3.229831827250806180e-10 9.999976207179466225e-01 3.223580699108866915e-10
2.027886786643575033e+04 9.999967851731740298e-01 3.095559090250673454e-10 9.999976530410308317e-01 3.089410658220615108e-10
2.339533894796384993e+04 9.999975852135533083e-01 1.971574848165361834e-10 9.999982369594739851e-01 1.967160457235023681e-10
2.638411009618410026e+04 9.999981014687207015e-01 9.750212669552883270e-11 9.999986138782461786e-01 9.722434715046116469e-11
2.652261001643574855e+04 9.999981211213733179e-01 9.407078318656674617e-11 9.999986282956325745e-01 9.379644198041695427e-11
3.102553464796385379e+04 9.999986267785968552e-01 5.863429841676203495e-11 9.999989975714170809e-01 5.844121402951950104e-11
3.540075939618410484e+04 9.999989451923280148e-01 2.646064868052077343e-11 9.999992300542771551e-01 2.634555350339339876e-11
3.553925936643575551e+04 9.999989534862513407e-01 2.573621128152456902e-11 9.999992360762520738e-01 2.562216706782250777e-11
4.204437524796384969e+04 9.999992523196984395e-01 1.609431465668429524e-11 9.999994542234338368e-01 1.601529904084214337e-11
4.842179119618410186e+04 9.999994360204915722e-01 7.141452028294682580e-12 9.999995884366685850e-01 7.096465122088560892e-12
4.856029116643570160e+04 9.999994396623826942e-01 6.992978012939312493e-12 9.999995908761483143e-01 6.948290815744637093e-12
5.795679109796379635e+04 9.999996057947003747e-01 4.248495047131984973e-12 9.999997126277394566e-01 4.217898028491491502e-12
6.722559109618410002e+04 9.999997081404630173e-01 1.645609118626910828e-12 9.999997866977884398e-01 1.628816863948696101e-12
6.736409106643569248e+04 9.999997084719811635e-01 1.623069986572686774e-12 9.999997873351009758e-01 1.606357473303755476e-12
8.093606709796383802e+04 9.999997980098604966e-01 1.146031419381832425e-12 9.999998526859141812e-01 1.134671329438277167e-12
9.438034319618415611e+04 9.999998519923983809e-01 6.905536989062107923e-13 9.999998917745703819e-01 6.844700621199954746e-13
9.451884316643574857e+04 9.999998519129412733e-01 6.881292486798179131e-13 9.999998919679616849e-01 6.820661718766906637e-13
1.141206650655817502e+05 9.999998971247431312e-01 7.178972473739435180e-13 9.999999255650480201e-01 7.138043981244030630e-13
1.335947870138020371e+05 9.999999233765640705e-01 7.498547614856007109e-13 9.999999453604138111e-01 7.477125362872272086e-13
1.337332869164358126e+05 9.999999221734652277e-01 7.470193648651930252e-13 9.999999450842959048e-01 7.448822854992490784e-13
1.620428689155817265e+05 9.999999494402885825e-01 3.952214623897683306e-13 9.999999631963871760e-01 3.937915900208436087e-13
1.902247510138019570e+05 9.999999631024515390e-01 4.614176969522854604e-14 9.999999731741444631e-01 4.541419722900731869e-14
1.903632509164357616e+05 9.999999597852295974e-01 4.613464027323499919e-14 9.999999724276048552e-01 4.540829458568091563e-14
2.312477944155817386e+05 9.999999724567718573e-01 5.585621366902406845e-14 9.999999812141405764e-01 5.536914389554876196e-14
2.720046380138020613e+05 9.999999795165803729e-01 6.558213887393479851e-14 9.999999863114991117e-01 6.533317613010653276e-14
2.721431379164357204e+05 9.999999778999547617e-01 6.547507729997344560e-14 9.999999858965318289e-01 6.522640428595805878e-14
3.311873066479638801e+05 9.999999865588371506e-01 3.372090775606523233e-14 9.999999908010783756e-01 3.355440823648992987e-14
3.901037757461841102e+05 9.999999883696142344e-01 2.073841470787399069e-15 9.999999929711548274e-01 1.989238828506511741e-15
3.902422759164356976e+05 9.999999882569045040e-01 2.073231822842315968e-15 9.999999928695908480e-01 1.988695796381271897e-15
4.755109381479638978e+05 1.000000003699572648e+00 2.887428057287284858e-15 9.999999982045618685e-01 2.830218255134173393e-15
5.606519007461841684e+05 1.000000001983446962e+00 2.062789307496900827e-15 9.999999986439580546e-01 2.047255619352298713e-15
5.607904009164357558e+05 9.999999999699544784e-01 2.823825064680771043e-16 9.999999979259837080e-01 2.810639725347778207e-16
