1.500001740000000139e-01 0.000000000000000000e+00 0.000000000000000000e+00
2.999992800999999876e-01 0.000000000000000000e+00 0.000000000000000000e+00
4.499982122000000251e-01 0.000000000000000000e+00 0.000000000000000000e+00
5.499982122000000029e-01 0.000000000000000000e+00 0.000000000000000000e+00
6.499988728000000160e-01 0.000000000000000000e+00 0.000000000000000000e+00
7.499996907000000546e-01 0.000000000000000000e+00 0.000000000000000000e+00
8.499999240000000178e-01 0.000000000000000000e+00 0.000000000000000000e+00
9.500001739999999195e-01 0.000000000000000000e+00 0.000000000000000000e+00
1.050000347999999972e+00 0.000000000000000000e+00 0.000000000000000000e+00
1.150000348000000061e+00 0.000000000000000000e+00 0.000000000000000000e+00
1.299999280100000210e+00 0.000000000000000000e+00 0.000000000000000000e+00
1.449998872800000171e+00 0.000000000000000000e+00 0.000000000000000000e+00
1.549999690699999988e+00 0.000000000000000000e+00 0.000000000000000000e+00
1.649999848000000213e+00 0.000000000000000000e+00 0.000000000000000000e+00
1.749999924000000151e+00 0.000000000000000000e+00 0.000000000000000000e+00
1.850000000000000311e+00 0.000000000000000000e+00 0.000000000000000000e+00
1.950000174000000142e+00 0.000000000000000000e+00 0.000000000000000000e+00
2.050000347999999750e+00 0.000000000000000000e+00 0.000000000000000000e+00
2.150000348000000283e+00 0.000000000000000000e+00 0.000000000000000000e+00
2.250000347999999928e+00 0.000000000000000000e+00 0.000000000000000000e+00
2.399999280099999854e+00 0.000000000000000000e+00 0.000000000000000000e+00
2.549998212200000225e+00 0.000000000000000000e+00 0.000000000000000000e+00
2.649998212200000314e+00 0.000000000000000000e+00 0.000000000000000000e+00
2.749998872799999994e+00 0.000000000000000000e+00 0.000000000000000000e+00
2.849999533400000118e+00 0.000000000000000000e+00 0.000000000000000000e+00
2.949999533400000207e+00 0.000000000000000000e+00 0.000000000000000000e+00
3.049999533399999851e+00 0.000000000000000000e+00 0.000000000000000000e+00
3.149999533400000384e+00 0.000000000000000000e+00 0.000000000000000000e+00
3.249999690700000610e+00 0.000000000000000000e+00 0.000000000000000000e+00
3.349999847999999947e+00 0.000000000000000000e+00 0.000000000000000000e+00
3.449999924000000551e+00 0.000000000000000000e+00 0.000000000000000000e+00
3.549999999999999822e+00 0.000000000000000000e+00 0.000000000000000000e+00
3.650000000000000355e+00 0.000000000000000000e+00 0.000000000000000000e+00
3.750000000000000444e+00 0.000000000000000000e+00 0.000000000000000000e+00
3.850000000000000089e+00 0.000000000000000000e+00 0.000000000000000000e+00
3.950000174000000364e+00 0.000000000000000000e+00 0.000000000000000000e+00
4.099999280100000476e+00 0.000000000000000000e+00 0.000000000000000000e+00
4.249998212200000403e+00 0.000000000000000000e+00 0.000000000000000000e+00
4.349998872799999639e+00 0.000000000000000000e+00 0.000000000000000000e+00
4.449999690699999455e+00 0.000000000000000000e+00 0.000000000000000000e+00
4.549999847999999680e+00 0.000000000000000000e+00 0.000000000000000000e+00
4.649999924000000284e+00 0.000000000000000000e+00 0.000000000000000000e+00
4.750000000000000000e+00 0.000000000000000000e+00 0.000000000000000000e+00
4.850000174000000719e+00 0.000000000000000000e+00 0.000000000000000000e+00
4.950000347999999661e+00 0.000000000000000000e+00 0.000000000000000000e+00
5.056825680100001108e+00 0.000000000000000000e+00 0.000000000000000000e+00
5.206824612200000146e+00 0.000000000000000000e+00 0.000000000000000000e+00
5.349998872799999639e+00 0.000000000000000000e+00 0.000000000000000000e+00
5.449999690700000343e+00 0.000000000000000000e+00 0.000000000000000000e+00
5.549999848000000569e+00 0.000000000000000000e+00 0.000000000000000000e+00
5.649999924000000284e+00 0.000000000000000000e+00 0.000000000000000000e+00
5.750000000000000000e+00 0.000000000000000000e+00 0.000000000000000000e+00
5.850000174000000719e+00 0.000000000000000000e+00 0.000000000000000000e+00
5.950000347999999661e+00 0.000000000000000000e+00 0.000000000000000000e+00
6.064887030100000409e+00 0.000000000000000000e+00 0.000000000000000000e+00
6.214885962200000336e+00 0.000000000000000000e+00 0.000000000000000000e+00
6.349998872800000527e+00 0.000000000000000000e+00 0.000000000000000000e+00
6.449999690699999455e+00 0.000000000000000000e+00 0.000000000000000000e+00
6.549999847999999680e+00 0.000000000000000000e+00 0.000000000000000000e+00
6.649999924000000284e+00 0.000000000000000000e+00 0.000000000000000000e+00
6.750000000000000000e+00 0.000000000000000000e+00 0.000000000000000000e+00
6.850000174000000719e+00 0.000000000000000000e+00 0.000000000000000000e+00
6.950000348000000550e+00 0.000000000000000000e+00 0.000000000000000000e+00
7.076948880099999784e+00 0.000000000000000000e+00 0.000000000000000000e+00
7.214285662200000893e+00 0.000000000000000000e+00 0.000000000000000000e+00
7.337336062200000342e+00 0.000000000000000000e+00 0.000000000000000000e+00
7.449998212200000580e+00 0.000000000000000000e+00 0.000000000000000000e+00
7.549998872800000704e+00 0.000000000000000000e+00 0.000000000000000000e+00
7.649999690699999633e+00 0.000000000000000000e+00 0.000000000000000000e+00
7.749999923999999929e+00 0.000000000000000000e+00 0.000000000000000000e+00
7.850000173999999831e+00 0.000000000000000000e+00 0.000000000000000000e+00
7.950000347999999661e+00 0.000000000000000000e+00 0.000000000000000000e+00
8.050000951999999543e+00 0.000000000000000000e+00 0.000000000000000000e+00
8.150001806000000570e+00 0.000000000000000000e+00 0.000000000000000000e+00
8.297405634100000427e+00 0.000000000000000000e+00 0.000000000000000000e+00
8.447403712199999859e+00 0.000000000000000000e+00 0.000000000000000000e+00
8.549998872799999816e+00 0.000000000000000000e+00 0.000000000000000000e+00
8.649999690700001409e+00 0.000000000000000000e+00 0.000000000000000000e+00
8.749999847999999858e+00 0.000000000000000000e+00 0.000000000000000000e+00
8.849999924000000462e+00 0.000000000000000000e+00 0.000000000000000000e+00
8.950000173999999475e+00 0.000000000000000000e+00 0.000000000000000000e+00
9.050000952000001320e+00 0.000000000000000000e+00 0.000000000000000000e+00
9.150001806000002347e+00 0.000000000000000000e+00 0.000000000000000000e+00
9.256429505999999918e+00 0.000000000000000000e+00 0.000000000000000000e+00
9.385897374099998913e+00 0.000000000000000000e+00 0.000000000000000000e+00
9.529468027200000080e+00 0.000000000000000000e+00 0.000000000000000000e+00
9.649998907799998804e+00 0.000000000000000000e+00 0.000000000000000000e+00
9.749999705699998742e+00 0.000000000000000000e+00 0.000000000000000000e+00
9.849999928999999099e+00 0.000000000000000000e+00 0.000000000000000000e+00
9.950000183999998526e+00 0.000000000000000000e+00 0.000000000000000000e+00
1.005000096200000037e+01 0.000000000000000000e+00 0.000000000000000000e+00
1.015000180600000057e+01 0.000000000000000000e+00 0.000000000000000000e+00
1.027752404410000153e+01 0.000000000000000000e+00 0.000000000000000000e+00
1.042752214719999948e+01 0.000000000000000000e+00 0.000000000000000000e+00
1.054999890779999916e+01 0.000000000000000000e+00 0.000000000000000000e+00
1.064999970569999910e+01 0.000000000000000000e+00 0.000000000000000000e+00
1.074999992899999945e+01 0.000000000000000000e+00 0.000000000000000000e+00
1.085000018400000066e+01 0.000000000000000000e+00 0.000000000000000000e+00
1.095000096200000073e+01 0.000000000000000000e+00 0.000000000000000000e+00
1.105000180600000093e+01 0.000000000000000000e+00 0.000000000000000000e+00
1.115000205599999994e+01 0.000000000000000000e+00 0.000000000000000000e+00
1.130000015909999966e+01 0.000000000000000000e+00 0.000000000000000000e+00
1.144999890779999951e+01 0.000000000000000000e+00 0.000000000000000000e+00
1.154999970569999945e+01 0.000000000000000000e+00 0.000000000000000000e+00
1.164999992899999981e+01 0.000000000000000000e+00 0.000000000000000000e+00
1.175000018399999924e+01 0.000000000000000000e+00 0.000000000000000000e+00
1.185000036799999990e+01 0.000000000000000000e+00 0.000000000000000000e+00
1.195000096200000073e+01 0.000000000000000000e+00 0.000000000000000000e+00
1.205000180599999915e+01 0.000000000000000000e+00 0.000000000000000000e+00
1.215000205599999816e+01 0.000000000000000000e+00 0.000000000000000000e+00
1.230000015909999966e+01 0.000000000000000000e+00 0.000000000000000000e+00
1.244999890779999951e+01 0.000000000000000000e+00 0.000000000000000000e+00
1.254999970569999945e+01 0.000000000000000000e+00 0.000000000000000000e+00
1.264999992900000159e+01 0.000000000000000000e+00 0.000000000000000000e+00
1.275000018399999924e+01 0.000000000000000000e+00 0.000000000000000000e+00
1.285000036799999990e+01 0.000000000000000000e+00 0.000000000000000000e+00
1.295000096199999895e+01 0.000000000000000000e+00 0.000000000000000000e+00
1.305000180599999915e+01 0.000000000000000000e+00 0.000000000000000000e+00
1.315000205599999994e+01 0.000000000000000000e+00 0.000000000000000000e+00
1.330000015909999966e+01 0.000000000000000000e+00 0.000000000000000000e+00
1.344999890779999951e+01 0.000000000000000000e+00 0.000000000000000000e+00
1.354999970570000123e+01 0.000000000000000000e+00 0.000000000000000000e+00
1.364999992899999981e+01 0.000000000000000000e+00 0.000000000000000000e+00
1.375000018399999924e+01 0.000000000000000000e+00 0.000000000000000000e+00
1.385000036800000167e+01 0.000000000000000000e+00 0.000000000000000000e+00
1.395000096200000073e+01 0.000000000000000000e+00 0.000000000000000000e+00
1.405000180600000270e+01 0.000000000000000000e+00 0.000000000000000000e+00
1.415000205600000172e+01 0.000000000000000000e+00 0.000000000000000000e+00
1.430000015910000144e+01 0.000000000000000000e+00 0.000000000000000000e+00
1.444999890780000129e+01 0.000000000000000000e+00 0.000000000000000000e+00
1.454999970569999945e+01 0.000000000000000000e+00 0.000000000000000000e+00
1.464999992900000159e+01 0.000000000000000000e+00 0.000000000000000000e+00
1.475000018400000101e+01 0.000000000000000000e+00 0.000000000000000000e+00
1.485000036799999990e+01 0.000000000000000000e+00 0.000000000000000000e+00
1.495000096200000250e+01 0.000000000000000000e+00 0.000000000000000000e+00
1.505000180599999737e+01 0.000000000000000000e+00 0.000000000000000000e+00
1.515000205599999994e+01 0.000000000000000000e+00 0.000000000000000000e+00
1.530000015910000322e+01 0.000000000000000000e+00 0.000000000000000000e+00
1.544999890780000307e+01 0.000000000000000000e+00 0.000000000000000000e+00
1.554999970570000123e+01 0.000000000000000000e+00 0.000000000000000000e+00
1.564999992900000159e+01 0.000000000000000000e+00 0.000000000000000000e+00
1.575000018400000279e+01 0.000000000000000000e+00 0.000000000000000000e+00
1.585000036799999812e+01 0.000000000000000000e+00 0.000000000000000000e+00
1.595000096200000073e+01 0.000000000000000000e+00 0.000000000000000000e+00
1.605000180600000093e+01 0.000000000000000000e+00 0.000000000000000000e+00
1.616787921909999781e+01 0.000000000000000000e+00 0.000000000000000000e+00
1.631787732219999754e+01 0.000000000000000000e+00 0.000000000000000000e+00
1.644999890779999774e+01 0.000000000000000000e+00 0.000000000000000000e+00
1.654999955339999929e+01 0.000000000000000000e+00 0.000000000000000000e+00
1.664999955340000071e+01 0.000000000000000000e+00 0.000000000000000000e+00
1.674999970570000229e+01 0.000000000000000000e+00 0.000000000000000000e+00
1.684999985800000033e+01 0.000000000000000000e+00 0.000000000000000000e+00
1.694999992900000052e+01 0.000000000000000000e+00 0.000000000000000000e+00
1.705000000000000071e+01 0.000000000000000000e+00 0.000000000000000000e+00
1.715000018400000315e+01 0.000000000000000000e+00 0.000000000000000000e+00
1.725000096200000144e+01 0.000000000000000000e+00 0.000000000000000000e+00
1.735000180600000164e+01 0.000000000000000000e+00 0.000000000000000000e+00
1.750000102800000334e+01 0.000000000000000000e+00 0.000000000000000000e+00
1.765000077799999900e+01 0.000000000000000000e+00 0.000000000000000000e+00
1.775000155600000085e+01 0.000000000000000000e+00 0.000000000000000000e+00
1.785000180600000164e+01 0.000000000000000000e+00 0.000000000000000000e+00
1.798733965599999962e+01 0.000000000000000000e+00 0.000000000000000000e+00
1.813733862799999841e+01 0.000000000000000000e+00 0.000000000000000000e+00
1.825000000000000000e+01 0.000000000000000000e+00 0.000000000000000000e+00
1.835000000000000142e+01 0.000000000000000000e+00 0.000000000000000000e+00
1.845000077799999971e+01 0.000000000000000000e+00 0.000000000000000000e+00
1.855000180600000093e+01 0.000000000000000000e+00 0.000000000000000000e+00
1.870000102800000263e+01 0.000000000000000000e+00 0.000000000000000000e+00
1.885000000000000142e+01 0.000000000000000000e+00 0.000000000000000000e+00
1.895000077800000327e+01 0.000000000000000000e+00 0.000000000000000000e+00
1.905000180600000093e+01 0.000000000000000000e+00 0.000000000000000000e+00
1.920000102799999908e+01 0.000000000000000000e+00 0.000000000000000000e+00
1.935000000000000142e+01 0.000000000000000000e+00 0.000000000000000000e+00
1.945000077800000327e+01 0.000000000000000000e+00 0.000000000000000000e+00
1.955000180600000093e+01 0.000000000000000000e+00 0.000000000000000000e+00
1.970000102799999908e+01 0.000000000000000000e+00 0.000000000000000000e+00
1.985000000000000142e+01 0.000000000000000000e+00 0.000000000000000000e+00
1.995000077800000327e+01 0.000000000000000000e+00 0.000000000000000000e+00
2.005000180600000093e+01 0.000000000000000000e+00 0.000000000000000000e+00
2.017947155600000286e+01 0.000000000000000000e+00 0.000000000000000000e+00
2.032947052800000520e+01 0.000000000000000000e+00 0.000000000000000000e+00
2.045000078300000368e+01 0.000000000000000000e+00 0.000000000000000000e+00
2.055000182100000217e+01 0.000000000000000000e+00 0.000000000000000000e+00
2.065000207599999982e+01 0.000000000000000000e+00 0.000000000000000000e+00
2.075482214410000026e+01 0.000000000000000000e+00 0.000000000000000000e+00
2.088247351720000111e+01 0.000000000000000000e+00 0.000000000000000000e+00
2.102765241110000005e+01 0.000000000000000000e+00 0.000000000000000000e+00
2.115000000000000213e+01 0.000000000000000000e+00 0.000000000000000000e+00
2.125000078300000084e+01 0.000000000000000000e+00 0.000000000000000000e+00
2.135000156599999954e+01 0.000000000000000000e+00 0.000000000000000000e+00
2.145000156600000452e+01 0.000000000000000000e+00 0.000000000000000000e+00
2.155000182099999861e+01 0.000000000000000000e+00 0.000000000000000000e+00
2.165000207599999982e+01 0.000000000000000000e+00 0.000000000000000000e+00
2.176821749409999640e+01 0.000000000000000000e+00 0.000000000000000000e+00
2.191195449219999603e+01 0.000000000000000000e+00 0.000000000000000000e+00
2.204373803610000238e+01 0.000000000000000000e+00 0.000000000000000000e+00
2.215000000000000213e+01 0.000000000000000000e+00 0.000000000000000000e+00
2.225000078300000084e+01 0.000000000000000000e+00 0.000000000000000000e+00
2.235000156599999954e+01 0.000000000000000000e+00 0.000000000000000000e+00
2.245000156600000096e+01 0.000000000000000000e+00 0.000000000000000000e+00
2.255000182100000217e+01 0.000000000000000000e+00 0.000000000000000000e+00
2.265000207599999626e+01 0.000000000000000000e+00 0.000000000000000000e+00
2.280000103800000133e+01 0.000000000000000000e+00 0.000000000000000000e+00
2.295000078300000368e+01 0.000000000000000000e+00 0.000000000000000000e+00
2.305000182099999861e+01 0.000000000000000000e+00 0.000000000000000000e+00
2.315000207599999982e+01 0.000000000000000000e+00 0.000000000000000000e+00
2.329766101600000283e+01 0.000000000000000000e+00 0.000000000000000000e+00
2.344765997800000079e+01 0.000000000000000000e+00 0.000000000000000000e+00
2.355000000000000071e+01 0.000000000000000000e+00 0.000000000000000000e+00
2.365000000000000213e+01 0.000000000000000000e+00 0.000000000000000000e+00
2.375000078300000084e+01 0.000000000000000000e+00 0.000000000000000000e+00
2.385000156599999599e+01 0.000000000000000000e+00 0.000000000000000000e+00
2.395000156600000096e+01 0.000000000000000000e+00 0.000000000000000000e+00
2.405000182099999861e+01 0.000000000000000000e+00 0.000000000000000000e+00
2.415000207599999982e+01 0.000000000000000000e+00 0.000000000000000000e+00
2.430000103800000488e+01 0.000000000000000000e+00 0.000000000000000000e+00
2.445000078300000368e+01 0.000000000000000000e+00 0.000000000000000000e+00
2.455000182100000217e+01 0.000000000000000000e+00 0.000000000000000000e+00
2.465000207599999982e+01 0.000000000000000000e+00 0.000000000000000000e+00
2.480000103800000488e+01 0.000000000000000000e+00 0.000000000000000000e+00
2.495000078300000368e+01 0.000000000000000000e+00 0.000000000000000000e+00
2.505000182100000217e+01 0.000000000000000000e+00 0.000000000000000000e+00
2.515000207599999982e+01 0.000000000000000000e+00 0.000000000000000000e+00
2.525400947910000227e+01 0.000000000000000000e+00 0.000000000000000000e+00
2.538779357409999804e+01 0.000000000000000000e+00 0.000000000000000000e+00
2.553378513299999852e+01 0.000000000000000000e+00 0.000000000000000000e+00
2.565000000000000213e+01 0.000000000000000000e+00 0.000000000000000000e+00
2.575000078300000084e+01 0.000000000000000000e+00 0.000000000000000000e+00
2.585000156599999954e+01 0.000000000000000000e+00 0.000000000000000000e+00
2.595000156600000452e+01 0.000000000000000000e+00 0.000000000000000000e+00
2.605000182099999861e+01 0.000000000000000000e+00 0.000000000000000000e+00
2.615000207599999982e+01 0.000000000000000000e+00 0.000000000000000000e+00
2.625848810409999956e+01 0.000000000000000000e+00 0.000000000000000000e+00
2.640325681719999906e+01 0.000000000000000000e+00 0.000000000000000000e+00
2.654476975109999870e+01 0.000000000000000000e+00 0.000000000000000000e+00
2.665000000000000213e+01 0.000000000000000000e+00 0.000000000000000000e+00
2.675000078300000084e+01 0.000000000000000000e+00 0.000000000000000000e+00
2.685000156599999954e+01 0.000000000000000000e+00 0.000000000000000000e+00
2.695000156600000096e+01 0.000000000000000000e+00 0.000000000000000000e+00
2.705000182100000217e+01 0.000000000000000000e+00 0.000000000000000000e+00
2.715000207599999626e+01 0.000000000000000000e+00 0.000000000000000000e+00
2.730000103800000133e+01 0.000000000000000000e+00 0.000000000000000000e+00
2.745000078300000013e+01 0.000000000000000000e+00 0.000000000000000000e+00
2.755000182099999861e+01 0.000000000000000000e+00 0.000000000000000000e+00
2.765000207599999982e+01 0.000000000000000000e+00 0.000000000000000000e+00
2.778793162599999533e+01 0.000000000000000000e+00 0.000000000000000000e+00
2.793793058800000040e+01 0.000000000000000000e+00 0.000000000000000000e+00
2.805000000000000071e+01 0.000000000000000000e+00 0.000000000000000000e+00
2.815000000000000568e+01 0.000000000000000000e+00 0.000000000000000000e+00
2.830000000000000071e+01 0.000000000000000000e+00 0.000000000000000000e+00
2.850000000000000000e+01 0.000000000000000000e+00 0.000000000000000000e+00
2.865000000000000568e+01 0.000000000000000000e+00 0.000000000000000000e+00
2.879141072299999848e+01 0.000000000000000000e+00 0.000000000000000000e+00
2.894141072300000062e+01 0.000000000000000000e+00 0.000000000000000000e+00
2.905000000000000426e+01 0.000000000000000000e+00 0.000000000000000000e+00
2.914999999999999858e+01 0.000000000000000000e+00 0.000000000000000000e+00
2.929999999999999716e+01 0.000000000000000000e+00 0.000000000000000000e+00
2.950000000000000355e+01 0.000000000000000000e+00 0.000000000000000000e+00
2.965000000000000213e+01 0.000000000000000000e+00 0.000000000000000000e+00
2.975148958200000138e+01 0.000000000000000000e+00 0.000000000000000000e+00
2.990148958199999996e+01 0.000000000000000000e+00 0.000000000000000000e+00
3.004999999999999716e+01 0.000000000000000000e+00 0.000000000000000000e+00
3.015000000000000213e+01 0.000000000000000000e+00 0.000000000000000000e+00
3.030000000000000071e+01 0.000000000000000000e+00 0.000000000000000000e+00
3.050000000000000355e+01 0.000000000000000000e+00 0.000000000000000000e+00
3.065000000000000213e+01 0.000000000000000000e+00 0.000000000000000000e+00
3.080000000000000071e+01 0.000000000000000000e+00 0.000000000000000000e+00
3.100000000000000355e+01 0.000000000000000000e+00 0.000000000000000000e+00
3.115000000000000213e+01 0.000000000000000000e+00 0.000000000000000000e+00
3.129746040610000080e+01 0.000000000000000000e+00 0.000000000000000000e+00
3.144746040609999937e+01 0.000000000000000000e+00 0.000000000000000000e+00
3.155000000000000071e+01 0.000000000000000000e+00 0.000000000000000000e+00
3.165000000000000213e+01 0.000000000000000000e+00 0.000000000000000000e+00
3.180000000000000071e+01 0.000000000000000000e+00 0.000000000000000000e+00
3.200000000000000711e+01 0.000000000000000000e+00 0.000000000000000000e+00
3.215000000000000568e+01 0.000000000000000000e+00 0.000000000000000000e+00
3.225000000000000000e+01 0.000000000000000000e+00 0.000000000000000000e+00
3.240000000000000568e+01 0.000000000000000000e+00 0.000000000000000000e+00
3.255000000000000426e+01 0.000000000000000000e+00 0.000000000000000000e+00
3.265000000000000568e+01 0.000000000000000000e+00 0.000000000000000000e+00
3.275000000000000000e+01 0.000000000000000000e+00 0.000000000000000000e+00
3.287861015610000237e+01 0.000000000000000000e+00 0.000000000000000000e+00
3.302861015610000095e+01 0.000000000000000000e+00 0.000000000000000000e+00
3.314999999999999858e+01 0.000000000000000000e+00 0.000000000000000000e+00
3.325000000000000000e+01 0.000000000000000000e+00 0.000000000000000000e+00
3.340000000000000568e+01 0.000000000000000000e+00 0.000000000000000000e+00
3.354999999999999716e+01 0.000000000000000000e+00 0.000000000000000000e+00
3.364999999999999858e+01 0.000000000000000000e+00 0.000000000000000000e+00
3.375000000000000000e+01 0.000000000000000000e+00 0.000000000000000000e+00
3.390000000000000568e+01 0.000000000000000000e+00 0.000000000000000000e+00
3.404999999999999716e+01 0.000000000000000000e+00 0.000000000000000000e+00
3.414999999999999858e+01 0.000000000000000000e+00 0.000000000000000000e+00
3.425000000000000000e+01 0.000000000000000000e+00 0.000000000000000000e+00
3.439999999999999858e+01 0.000000000000000000e+00 0.000000000000000000e+00
3.454999999999999716e+01 0.000000000000000000e+00 0.000000000000000000e+00
3.464999999999999858e+01 0.000000000000000000e+00 0.000000000000000000e+00
3.475000000000000711e+01 0.000000000000000000e+00 0.000000000000000000e+00
3.488191770299999916e+01 0.000000000000000000e+00 0.000000000000000000e+00
3.503191770300000485e+01 0.000000000000000000e+00 0.000000000000000000e+00
3.514999999999999858e+01 0.000000000000000000e+00 0.000000000000000000e+00
3.525000000000000711e+01 0.000000000000000000e+00 0.000000000000000000e+00
3.540000000000000568e+01 0.000000000000000000e+00 0.000000000000000000e+00
3.554999999999999716e+01 0.000000000000000000e+00 0.000000000000000000e+00
3.565000000000000568e+01 0.000000000000000000e+00 0.000000000000000000e+00
3.575000000000000711e+01 0.000000000000000000e+00 0.000000000000000000e+00
3.587041768800000341e+01 0.000000000000000000e+00 0.000000000000000000e+00
3.602041768800000199e+01 0.000000000000000000e+00 0.000000000000000000e+00
3.615000000000000568e+01 0.000000000000000000e+00 0.000000000000000000e+00
3.625000000000000711e+01 0.000000000000000000e+00 0.000000000000000000e+00
3.640000000000000568e+01 0.000000000000000000e+00 0.000000000000000000e+00
3.655000000000000426e+01 0.000000000000000000e+00 0.000000000000000000e+00
3.665000000000000568e+01 0.000000000000000000e+00 0.000000000000000000e+00
3.675000000000000711e+01 0.000000000000000000e+00 0.000000000000000000e+00
3.689999999999999858e+01 0.000000000000000000e+00 0.000000000000000000e+00
3.705000000000000426e+01 0.000000000000000000e+00 0.000000000000000000e+00
3.715000000000000568e+01 0.000000000000000000e+00 0.000000000000000000e+00
3.725000000000000711e+01 0.000000000000000000e+00 0.000000000000000000e+00
3.739999999999999858e+01 0.000000000000000000e+00 0.000000000000000000e+00
3.755000000000000426e+01 0.000000000000000000e+00 0.000000000000000000e+00
3.765000000000000568e+01 0.000000000000000000e+00 0.000000000000000000e+00
3.775000000000000000e+01 0.000000000000000000e+00 0.000000000000000000e+00
3.789999999999999858e+01 0.000000000000000000e+00 0.000000000000000000e+00
3.805000000000000426e+01 0.000000000000000000e+00 0.000000000000000000e+00
3.814999999999999858e+01 0.000000000000000000e+00 0.000000000000000000e+00
3.825000000000000000e+01 0.000000000000000000e+00 0.000000000000000000e+00
3.835000000000000142e+01 0.000000000000000000e+00 0.000000000000000000e+00
3.845420163800000779e+01 0.000000000000000000e+00 0.000000000000000000e+00
3.860420163799999926e+01 0.000000000000000000e+00 0.000000000000000000e+00
3.875000000000000000e+01 0.000000000000000000e+00 0.000000000000000000e+00
3.885000000000000853e+01 0.000000000000000000e+00 0.000000000000000000e+00
3.900000000000000000e+01 0.000000000000000000e+00 0.000000000000000000e+00
3.914999999999999858e+01 0.000000000000000000e+00 0.000000000000000000e+00
3.925000000000000711e+01 0.000000000000000000e+00 0.000000000000000000e+00
3.935000000000000853e+01 0.000000000000000000e+00 0.000000000000000000e+00
3.949063755800001019e+01 0.000000000000000000e+00 0.000000000000000000e+00
3.964063755800000166e+01 0.000000000000000000e+00 0.000000000000000000e+00
3.975000000000000711e+01 0.000000000000000000e+00 0.000000000000000000e+00
3.985000000000000853e+01 0.000000000000000000e+00 0.000000000000000000e+00
4.001598810610000356e+01 0.000000000000000000e+00 0.000000000000000000e+00
4.024516166220000457e+01 0.000000000000000000e+00 0.000000000000000000e+00
4.061388893409999667e+01 0.000000000000000000e+00 0.000000000000000000e+00
4.096378425599999673e+01 0.000000000000000000e+00 0.000000000000000000e+00
4.138848618409999602e+01 0.000000000000000000e+00 0.000000000000000000e+00
4.183471031220000214e+01 0.000000000000000000e+00 0.000000000000000000e+00
4.207275508409999532e+01 0.000000000000000000e+00 0.000000000000000000e+00
4.229196795600000058e+01 0.000000000000000000e+00 0.000000000000000000e+00
4.286602128410000034e+01 0.000000000000000000e+00 0.000000000000000000e+00
4.345039313409999693e+01 0.000000000000000000e+00 0.000000000000000000e+00
4.365748950599999745e+01 0.000000000000000000e+00 0.000000000000000000e+00
4.435757405599999714e+01 0.000000000000000000e+00 0.000000000000000000e+00
4.506034890600000153e+01 0.000000000000000000e+00 0.000000000000000000e+00
4.577910240599999980e+01 0.000000000000000000e+00 0.000000000000000000e+00
4.650054615599999863e+01 0.000000000000000000e+00 0.000000000000000000e+00
4.677849528410000346e+01 0.000000000000000000e+00 0.000000000000000000e+00
4.741080308410000299e+01 0.000000000000000000e+00 0.000000000000000000e+00
4.797808125600000295e+01 0.000000000000000000e+00 0.000000000000000000e+00
4.826276628409999603e+01 0.000000000000000000e+00 0.000000000000000000e+00
4.856628326219999536e+01 0.000000000000000000e+00 0.000000000000000000e+00
4.903768958410000067e+01 0.000000000000000000e+00 0.000000000000000000e+00
4.949295420600000028e+01 0.000000000000000000e+00 0.000000000000000000e+00
4.990832168409999525e+01 0.000000000000000000e+00 0.000000000000000000e+00
5.034252111220000359e+01 0.000000000000000000e+00 0.000000000000000000e+00
5.070191388410000144e+01 0.000000000000000000e+00 0.000000000000000000e+00
5.104516500599999773e+01 0.000000000000000000e+00 0.000000000000000000e+00
5.159121493410000170e+01 0.000000000000000000e+00 0.000000000000000000e+00
5.215609676220000068e+01 0.000000000000000000e+00 0.000000000000000000e+00
5.240347598409999819e+01 0.000000000000000000e+00 0.000000000000000000e+00
5.263471360599999826e+01 0.000000000000000000e+00 0.000000000000000000e+00
5.331144598409999702e+01 0.000000000000000000e+00 0.000000000000000000e+00
5.400701026219999790e+01 0.000000000000000000e+00 0.000000000000000000e+00
5.426094198410000757e+01 0.000000000000000000e+00 0.000000000000000000e+00
5.506901488409999956e+01 0.000000000000000000e+00 0.000000000000000000e+00
5.589526166220000647e+01 0.000000000000000000e+00 0.000000000000000000e+00
5.676804978410000047e+01 0.000000000000000000e+00 0.000000000000000000e+00
5.759210133410000054e+01 0.000000000000000000e+00 0.000000000000000000e+00
5.782085091220000805e+01 0.000000000000000000e+00 0.000000000000000000e+00
5.860029443410000027e+01 0.000000000000000000e+00 0.000000000000000000e+00
5.936628655600000570e+01 0.000000000000000000e+00 0.000000000000000000e+00
5.956696138409999719e+01 0.000000000000000000e+00 0.000000000000000000e+00
5.978377791220000148e+01 0.000000000000000000e+00 0.000000000000000000e+00
6.046987683409999192e+01 0.000000000000000000e+00 0.000000000000000000e+00
6.114252435600000979e+01 0.000000000000000000e+00 0.000000000000000000e+00
6.145521278409999866e+01 0.000000000000000000e+00 0.000000000000000000e+00
6.178404286220001040e+01 0.000000000000000000e+00 0.000000000000000000e+00
6.237679713410000204e+01 0.000000000000000000e+00 0.000000000000000000e+00
6.295610005600001102e+01 0.000000000000000000e+00 0.000000000000000000e+00
6.338080198410000321e+01 0.000000000000000000e+00 0.000000000000000000e+00
6.382164556219998985e+01 0.000000000000000000e+00 0.000000000000000000e+00
6.432105528409999806e+01 0.000000000000000000e+00 0.000000000000000000e+00
6.480701360599999816e+01 0.000000000000000000e+00 0.000000000000000000e+00
6.534372908409999070e+01 0.000000000000000000e+00 0.000000000000000000e+00
6.589658621220000612e+01 0.000000000000000000e+00 0.000000000000000000e+00
6.630265128410000841e+01 0.000000000000000000e+00 0.000000000000000000e+00
6.669526500599999963e+01 0.000000000000000000e+00 0.000000000000000000e+00
6.734399398409999549e+01 0.000000000000000000e+00 0.000000000000000000e+00
6.800886461219998580e+01 0.000000000000000000e+00 0.000000000000000000e+00
6.832158508409999342e+01 0.000000000000000000e+00 0.000000000000000000e+00
6.862085415600000715e+01 0.000000000000000000e+00 0.000000000000000000e+00
6.938159668410000336e+01 0.000000000000000000e+00 0.000000000000000000e+00
7.015848091220001947e+01 0.000000000000000000e+00 0.000000000000000000e+00
7.037785678410000401e+01 0.000000000000000000e+00 0.000000000000000000e+00
7.058378125600000885e+01 0.000000000000000000e+00 0.000000000000000000e+00
7.145653733410000541e+01 0.000000000000000000e+00 0.000000000000000000e+00
7.231254613410000331e+01 0.000000000000000000e+00 0.000000000000000000e+00
7.258404615599999943e+01 0.000000000000000000e+00 0.000000000000000000e+00
7.356881573409999930e+01 0.000000000000000000e+00 0.000000000000000000e+00
7.456972696219999364e+01 0.000000000000000000e+00 0.000000000000000000e+00
7.563853878410000675e+01 0.000000000000000000e+00 0.000000000000000000e+00
7.660639813410000443e+01 0.000000000000000000e+00 0.000000000000000000e+00
7.675724748409999165e+01 0.000000000000000000e+00 0.000000000000000000e+00
7.692154818410000416e+01 0.000000000000000000e+00 0.000000000000000000e+00
7.782549293409999791e+01 0.000000000000000000e+00 0.000000000000000000e+00
7.880886795600000028e+01 0.000000000000000000e+00 0.000000000000000000e+00
7.912986148410000453e+01 0.000000000000000000e+00 0.000000000000000000e+00
8.004978488410000637e+01 0.000000000000000000e+00 0.000000000000000000e+00
8.095848420600000850e+01 0.000000000000000000e+00 0.000000000000000000e+00
8.120583138410000856e+01 0.000000000000000000e+00 0.000000000000000000e+00
8.146662996220000252e+01 0.000000000000000000e+00 0.000000000000000000e+00
8.231141468410000073e+01 0.000000000000000000e+00 0.000000000000000000e+00
8.314543830599998842e+01 0.000000000000000000e+00 0.000000000000000000e+00
8.348613008409999736e+01 0.000000000000000000e+00 0.000000000000000000e+00
8.384027326220000020e+01 0.000000000000000000e+00 0.000000000000000000e+00
8.461038233409999521e+01 0.000000000000000000e+00 0.000000000000000000e+00
8.536973030600000811e+01 0.000000000000000000e+00 0.000000000000000000e+00
8.580376668410001173e+01 0.000000000000000000e+00 0.000000000000000000e+00
8.625125441219999800e+01 0.000000000000000000e+00 0.000000000000000000e+00
8.694668778409999277e+01 0.000000000000000000e+00 0.000000000000000000e+00
8.763136005599999123e+01 0.000000000000000000e+00 0.000000000000000000e+00
8.815874108410000076e+01 0.000000000000000000e+00 0.000000000000000000e+00
8.869957351219998998e+01 0.000000000000000000e+00 0.000000000000000000e+00
8.932033118410001293e+01 0.000000000000000000e+00 0.000000000000000000e+00
8.993032775600001116e+01 0.000000000000000000e+00 0.000000000000000000e+00
9.055105338410000115e+01 0.000000000000000000e+00 0.000000000000000000e+00
9.118523036220000222e+01 0.000000000000000000e+00 0.000000000000000000e+00
9.173131233409998231e+01 0.000000000000000000e+00 0.000000000000000000e+00
9.226663320599999452e+01 0.000000000000000000e+00 0.000000000000000000e+00
9.298070343410000760e+01 0.000000000000000000e+00 0.000000000000000000e+00
9.370822506220000037e+01 0.000000000000000000e+00 0.000000000000000000e+00
9.417963138410000568e+01 0.000000000000000000e+00 0.000000000000000000e+00
9.464027660600000047e+01 0.000000000000000000e+00 0.000000000000000000e+00
9.544769143409999401e+01 0.000000000000000000e+00 0.000000000000000000e+00
9.626855761219999863e+01 0.000000000000000000e+00 0.000000000000000000e+00
9.666528823410001792e+01 0.000000000000000000e+00 0.000000000000000000e+00
9.705125775599999827e+01 0.000000000000000000e+00 0.000000000000000000e+00
9.736850188569999887e+01 0.000000000000000000e+00 0.000000000000000000e+00
9.809419951380000668e+01 0.000000000000000000e+00 0.000000000000000000e+00
9.886622801219999701e+01 0.000000000000000000e+00 0.000000000000000000e+00
9.918828298409999888e+01 0.000000000000000000e+00 0.000000000000000000e+00
9.949957680599999321e+01 0.000000000000000000e+00 0.000000000000000000e+00
1.004936808341000045e+02 0.000000000000000000e+00 0.000000000000000000e+00
1.015012362622000097e+02 0.000000000000000000e+00 0.000000000000000000e+00
1.017486154840999859e+02 0.000000000000000000e+00 0.000000000000000000e+00
1.019852336560000055e+02 0.000000000000000000e+00 0.000000000000000000e+00
1.030726823340999800e+02 0.000000000000000000e+00 0.000000000000000000e+00
1.041523921840999805e+02 0.000000000000000000e+00 0.000000000000000000e+00
1.045082284060000006e+02 0.000000000000000000e+00 0.000000000000000000e+00
1.056890216341000013e+02 0.000000000000000000e+00 0.000000000000000000e+00
1.067847101340999956e+02 0.000000000000000000e+00 0.000000000000000000e+00
1.070685609559999989e+02 0.000000000000000000e+00 0.000000000000000000e+00
1.083426987841000084e+02 0.000000000000000000e+00 0.000000000000000000e+00
1.096428791341000135e+02 0.000000000000000000e+00 0.000000000000000000e+00
1.109823903560000105e+02 0.000000000000000000e+00 0.000000000000000000e+00
1.121613596340999948e+02 0.000000000000000000e+00 0.000000000000000000e+00
1.123525630840999980e+02 0.000000000000000000e+00 0.000000000000000000e+00
1.136360675059999892e+02 0.000000000000000000e+00 0.000000000000000000e+00
1.149056911341000102e+02 0.000000000000000000e+00 0.000000000000000000e+00
1.162591879340999981e+02 0.000000000000000000e+00 0.000000000000000000e+00
1.176873604340999862e+02 0.000000000000000000e+00 0.000000000000000000e+00
1.190595261840999939e+02 0.000000000000000000e+00 0.000000000000000000e+00
1.205063673840999883e+02 0.000000000000000000e+00 0.000000000000000000e+00
1.218972020840999875e+02 0.000000000000000000e+00 0.000000000000000000e+00
1.233627125840999952e+02 0.000000000000000000e+00 0.000000000000000000e+00
1.247722161341000060e+02 0.000000000000000000e+00 0.000000000000000000e+00
1.262563956341000164e+02 0.000000000000000000e+00 0.000000000000000000e+00
1.276845681840999873e+02 0.000000000000000000e+00 0.000000000000000000e+00
1.291874161840999875e+02 0.000000000000000000e+00 0.000000000000000000e+00
1.306342576840999925e+02 0.000000000000000000e+00 0.000000000000000000e+00
1.321557746841000096e+02 0.000000000000000000e+00 0.000000000000000000e+00
1.336212851841000031e+02 0.000000000000000000e+00 0.000000000000000000e+00
1.351614711840999803e+02 0.000000000000000000e+00 0.000000000000000000e+00
1.366456501840999920e+02 0.000000000000000000e+00 0.000000000000000000e+00
1.382045051840999861e+02 0.000000000000000000e+00 0.000000000000000000e+00
1.397073536841000134e+02 0.000000000000000000e+00 0.000000000000000000e+00
1.412848776840999676e+02 0.000000000000000000e+00 0.000000000000000000e+00
1.428063946840999847e+02 0.000000000000000000e+00 0.000000000000000000e+00
1.444025876841000127e+02 0.000000000000000000e+00 0.000000000000000000e+00
1.459427736841000183e+02 0.000000000000000000e+00 0.000000000000000000e+00
1.468253404357000136e+02 0.000000000000000000e+00 0.000000000000000000e+00
1.477727719638000110e+02 0.000000000000000000e+00 0.000000000000000000e+00
1.491164901841000017e+02 0.000000000000000000e+00 0.000000000000000000e+00
1.507500211841000066e+02 0.000000000000000000e+00 0.000000000000000000e+00
1.523275451840999892e+02 0.000000000000000000e+00 0.000000000000000000e+00
1.539797446841000124e+02 0.000000000000000000e+00 0.000000000000000000e+00
1.555759371840999847e+02 0.000000000000000000e+00 0.000000000000000000e+00
1.572468056840999679e+02 0.000000000000000000e+00 0.000000000000000000e+00
1.588616676841000128e+02 0.000000000000000000e+00 0.000000000000000000e+00
1.605512051841000130e+02 0.000000000000000000e+00 0.000000000000000000e+00
1.621847356840999907e+02 0.000000000000000000e+00 0.000000000000000000e+00
1.638929416841000091e+02 0.000000000000000000e+00 0.000000000000000000e+00
1.655451411840999754e+02 0.000000000000000000e+00 0.000000000000000000e+00
1.672720166841000093e+02 0.000000000000000000e+00 0.000000000000000000e+00
1.689428851840999926e+02 0.000000000000000000e+00 0.000000000000000000e+00
1.706884291840999879e+02 0.000000000000000000e+00 0.000000000000000000e+00
1.723779666840999880e+02 0.000000000000000000e+00 0.000000000000000000e+00
1.741421796841000003e+02 0.000000000000000000e+00 0.000000000000000000e+00
1.758503861840999889e+02 0.000000000000000000e+00 0.000000000000000000e+00
1.776332681840999896e+02 0.000000000000000000e+00 0.000000000000000000e+00
1.793601431840999965e+02 0.000000000000000000e+00 0.000000000000000000e+00
1.811616941841000141e+02 0.000000000000000000e+00 0.000000000000000000e+00
1.829072381841000094e+02 0.000000000000000000e+00 0.000000000000000000e+00
1.847228071559999876e+02 0.000000000000000000e+00 0.000000000000000000e+00
1.877186609357000009e+02 0.000000000000000000e+00 0.000000000000000000e+00
1.895015429356999732e+02 0.000000000000000000e+00 0.000000000000000000e+00
1.901134426840999936e+02 0.000000000000000000e+00 0.000000000000000000e+00
1.919149936841000113e+02 0.000000000000000000e+00 0.000000000000000000e+00
1.937725511841000241e+02 0.000000000000000000e+00 0.000000000000000000e+00
1.955927706841000031e+02 0.000000000000000000e+00 0.000000000000000000e+00
1.974689971841000045e+02 0.000000000000000000e+00 0.000000000000000000e+00
1.993078861840999707e+02 0.000000000000000000e+00 0.000000000000000000e+00
2.012027816840999890e+02 0.000000000000000000e+00 0.000000000000000000e+00
2.030603391841000018e+02 0.000000000000000000e+00 0.000000000000000000e+00
2.049739036841000370e+02 0.000000000000000000e+00 0.000000000000000000e+00
2.068501306841000371e+02 0.000000000000000000e+00 0.000000000000000000e+00
2.087823641840999755e+02 0.000000000000000000e+00 0.000000000000000000e+00
2.106772596840999938e+02 0.000000000000000000e+00 0.000000000000000000e+00
2.126281621841000060e+02 0.000000000000000000e+00 0.000000000000000000e+00
2.145417266841000128e+02 0.000000000000000000e+00 0.000000000000000000e+00
2.165112976841000147e+02 0.000000000000000000e+00 0.000000000000000000e+00
2.184435311840999816e+02 0.000000000000000000e+00 0.000000000000000000e+00
2.204317716840999708e+02 0.000000000000000000e+00 0.000000000000000000e+00
2.220903205138000089e+02 0.000000000000000000e+00 0.000000000000000000e+00
2.235325104857000156e+02 0.000000000000000000e+00 0.000000000000000000e+00
2.243895826840999916e+02 0.000000000000000000e+00 0.000000000000000000e+00
2.263591541841000208e+02 0.000000000000000000e+00 0.000000000000000000e+00
2.283847321841000166e+02 0.000000000000000000e+00 0.000000000000000000e+00
2.303729721840999787e+02 0.000000000000000000e+00 0.000000000000000000e+00
2.324172191841000199e+02 0.000000000000000000e+00 0.000000000000000000e+00
2.344241281840999989e+02 0.000000000000000000e+00 0.000000000000000000e+00
2.364870436840999730e+02 0.000000000000000000e+00 0.000000000000000000e+00
2.385126216840999689e+02 0.000000000000000000e+00 0.000000000000000000e+00
2.405942066841000155e+02 0.000000000000000000e+00 0.000000000000000000e+00
2.426384536840999999e+02 0.000000000000000000e+00 0.000000000000000000e+00
2.447387071841000079e+02 0.000000000000000000e+00 0.000000000000000000e+00
2.468016231841000092e+02 0.000000000000000000e+00 0.000000000000000000e+00
2.489205461841000044e+02 0.000000000000000000e+00 0.000000000000000000e+00
2.510021306840999671e+02 0.000000000000000000e+00 0.000000000000000000e+00
2.531397221841000089e+02 0.000000000000000000e+00 0.000000000000000000e+00
2.552399761841000156e+02 0.000000000000000000e+00 0.000000000000000000e+00
2.573962366840999607e+02 0.000000000000000000e+00 0.000000000000000000e+00
2.595151591841000140e+02 0.000000000000000000e+00 0.000000000000000000e+00
2.616900881841000341e+02 0.000000000000000000e+00 0.000000000000000000e+00
2.638276796841000191e+02 0.000000000000000000e+00 0.000000000000000000e+00
2.660212781840999696e+02 0.000000000000000000e+00 0.000000000000000000e+00
2.680530152137999949e+02 0.000000000000000000e+00 0.000000000000000000e+00
2.690844891857000221e+02 0.000000000000000000e+00 0.000000000000000000e+00
2.696085524856999882e+02 0.000000000000000000e+00 0.000000000000000000e+00
2.705134867154000062e+02 0.000000000000000000e+00 0.000000000000000000e+00
2.712947399138000719e+02 0.000000000000000000e+00 0.000000000000000000e+00
2.717814653638000095e+02 0.000000000000000000e+00 0.000000000000000000e+00
2.724603885653999669e+02 0.000000000000000000e+00 0.000000000000000000e+00
2.732436583856999732e+02 0.000000000000000000e+00 0.000000000000000000e+00
2.736930459856999960e+02 0.000000000000000000e+00 0.000000000000000000e+00
2.740135610653999834e+02 0.000000000000000000e+00 0.000000000000000000e+00
2.742499018153999941e+02 0.000000000000000000e+00 0.000000000000000000e+00
2.743499018154000169e+02 0.000000000000000000e+00 0.000000000000000000e+00
2.744499020654000105e+02 0.000000000000000000e+00 0.000000000000000000e+00
2.745499023154000042e+02 0.000000000000000000e+00 0.000000000000000000e+00
2.746999020654000105e+02 0.000000000000000000e+00 0.000000000000000000e+00
2.748499018154000169e+02 0.000000000000000000e+00 0.000000000000000000e+00
2.749499020654000105e+02 0.000000000000000000e+00 0.000000000000000000e+00
2.750499023154000042e+02 0.000000000000000000e+00 0.000000000000000000e+00
2.751999020654000105e+02 0.000000000000000000e+00 0.000000000000000000e+00
2.753499018154000169e+02 0.000000000000000000e+00 0.000000000000000000e+00
2.754499020654000105e+02 0.000000000000000000e+00 0.000000000000000000e+00
2.755499023154000042e+02 0.000000000000000000e+00 0.000000000000000000e+00
2.756999020654000105e+02 0.000000000000000000e+00 0.000000000000000000e+00
2.758499018154000169e+02 0.000000000000000000e+00 0.000000000000000000e+00
2.759499020654000105e+02 0.000000000000000000e+00 0.000000000000000000e+00
2.760499023154000042e+02 0.000000000000000000e+00 0.000000000000000000e+00
2.761997106153999653e+02 0.000000000000000000e+00 0.000000000000000000e+00
2.763497103654000284e+02 0.000000000000000000e+00 0.000000000000000000e+00
2.764499020654000105e+02 0.000000000000000000e+00 0.000000000000000000e+00
2.765499023154000042e+02 0.000000000000000000e+00 0.000000000000000000e+00
2.766999020654000674e+02 0.000000000000000000e+00 0.000000000000000000e+00
2.768499018154000169e+02 0.000000000000000000e+00 0.000000000000000000e+00
2.769499020654000105e+02 0.000000000000000000e+00 0.000000000000000000e+00
2.770499023154000042e+02 0.000000000000000000e+00 0.000000000000000000e+00
2.771999020654000105e+02 0.000000000000000000e+00 0.000000000000000000e+00
2.773499018154000169e+02 0.000000000000000000e+00 0.000000000000000000e+00
2.774499020654000105e+02 0.000000000000000000e+00 0.000000000000000000e+00
2.775499023154000042e+02 0.000000000000000000e+00 0.000000000000000000e+00
2.776804655653999703e+02 0.000000000000000000e+00 0.000000000000000000e+00
2.778304653154000334e+02 0.000000000000000000e+00 0.000000000000000000e+00
2.779499020654000105e+02 0.000000000000000000e+00 0.000000000000000000e+00
2.780499023154000042e+02 0.000000000000000000e+00 0.000000000000000000e+00
2.781999020654000105e+02 0.000000000000000000e+00 0.000000000000000000e+00
2.783499018154000169e+02 0.000000000000000000e+00 0.000000000000000000e+00
2.784499020654000105e+02 0.000000000000000000e+00 0.000000000000000000e+00
2.785499023154000042e+02 0.000000000000000000e+00 0.000000000000000000e+00
2.786999020654000105e+02 0.000000000000000000e+00 0.000000000000000000e+00
2.788499018154000169e+02 0.000000000000000000e+00 0.000000000000000000e+00
2.789499020654000105e+02 0.000000000000000000e+00 0.000000000000000000e+00
2.790499023154000042e+02 0.000000000000000000e+00 0.000000000000000000e+00
2.791999020654000105e+02 0.000000000000000000e+00 0.000000000000000000e+00
2.793499018153999600e+02 0.000000000000000000e+00 0.000000000000000000e+00
2.794499020654000105e+02 0.000000000000000000e+00 0.000000000000000000e+00
2.795499023154000042e+02 0.000000000000000000e+00 0.000000000000000000e+00
2.796999020654000105e+02 0.000000000000000000e+00 0.000000000000000000e+00
2.798499018154000169e+02 0.000000000000000000e+00 0.000000000000000000e+00
2.799499020654000105e+02 0.000000000000000000e+00 0.000000000000000000e+00
2.800499023154000042e+02 0.000000000000000000e+00 0.000000000000000000e+00
2.801679483654000364e+02 0.000000000000000000e+00 0.000000000000000000e+00
2.803179481154000428e+02 0.000000000000000000e+00 0.000000000000000000e+00
2.804499020654000105e+02 0.000000000000000000e+00 0.000000000000000000e+00
2.805499023153999474e+02 0.000000000000000000e+00 0.000000000000000000e+00
2.806806467654000130e+02 0.000000000000000000e+00 0.000000000000000000e+00
2.808306465153999625e+02 0.000000000000000000e+00 0.000000000000000000e+00
2.809499020654000105e+02 0.000000000000000000e+00 0.000000000000000000e+00
2.810499023154000042e+02 0.000000000000000000e+00 0.000000000000000000e+00
2.811746762653999667e+02 0.000000000000000000e+00 0.000000000000000000e+00
2.813246760154000299e+02 0.000000000000000000e+00 0.000000000000000000e+00
2.814499020654000105e+02 0.000000000000000000e+00 0.000000000000000000e+00
2.815499023154000042e+02 0.000000000000000000e+00 0.000000000000000000e+00
2.816500368154000284e+02 0.000000000000000000e+00 0.000000000000000000e+00
2.818000365654000348e+02 0.000000000000000000e+00 0.000000000000000000e+00
2.819499020654000105e+02 0.000000000000000000e+00 0.000000000000000000e+00
2.820499023154000042e+02 0.000000000000000000e+00 0.000000000000000000e+00
2.821999020654000105e+02 0.000000000000000000e+00 0.000000000000000000e+00
2.823499018154000169e+02 0.000000000000000000e+00 0.000000000000000000e+00
2.824499020654000105e+02 0.000000000000000000e+00 0.000000000000000000e+00
2.825499023154000042e+02 0.000000000000000000e+00 0.000000000000000000e+00
2.826999020654000105e+02 0.000000000000000000e+00 0.000000000000000000e+00
2.828499018154000169e+02 0.000000000000000000e+00 0.000000000000000000e+00
2.829499020654000105e+02 0.000000000000000000e+00 0.000000000000000000e+00
2.830499023154000611e+02 0.000000000000000000e+00 0.000000000000000000e+00
2.831999020654000105e+02 0.000000000000000000e+00 0.000000000000000000e+00
2.833499018154000169e+02 0.000000000000000000e+00 0.000000000000000000e+00
2.834499020654000105e+02 0.000000000000000000e+00 0.000000000000000000e+00
2.835499023154000042e+02 0.000000000000000000e+00 0.000000000000000000e+00
2.836999020654000105e+02 0.000000000000000000e+00 0.000000000000000000e+00
2.838499018154000169e+02 0.000000000000000000e+00 0.000000000000000000e+00
2.839499020654000105e+02 0.000000000000000000e+00 0.000000000000000000e+00
2.840499023154000042e+02 0.000000000000000000e+00 0.000000000000000000e+00
2.841872399154000277e+02 0.000000000000000000e+00 0.000000000000000000e+00
2.843372396653999772e+02 0.000000000000000000e+00 0.000000000000000000e+00
2.844499020654000105e+02 0.000000000000000000e+00 0.000000000000000000e+00
2.845499023154000042e+02 0.000000000000000000e+00 0.000000000000000000e+00
2.846999020654000674e+02 0.000000000000000000e+00 0.000000000000000000e+00
2.848499018154000169e+02 0.000000000000000000e+00 0.000000000000000000e+00
2.849499020654000105e+02 0.000000000000000000e+00 0.000000000000000000e+00
2.850499023154000042e+02 0.000000000000000000e+00 0.000000000000000000e+00
2.851999020653999537e+02 0.000000000000000000e+00 0.000000000000000000e+00
2.853499018154000169e+02 0.000000000000000000e+00 0.000000000000000000e+00
2.854499020654000105e+02 0.000000000000000000e+00 0.000000000000000000e+00
2.855499023154000042e+02 0.000000000000000000e+00 0.000000000000000000e+00
2.856559934154000189e+02 0.000000000000000000e+00 0.000000000000000000e+00
2.858059931654000252e+02 0.000000000000000000e+00 0.000000000000000000e+00
2.859499018354000555e+02 0.000000000000000000e+00 0.000000000000000000e+00
2.860499020703999804e+02 0.000000000000000000e+00 0.000000000000000000e+00
2.861499022854000032e+02 0.000000000000000000e+00 0.000000000000000000e+00
2.862999020703999804e+02 0.000000000000000000e+00 0.000000000000000000e+00
2.864499018554000145e+02 0.000000000000000000e+00 0.000000000000000000e+00
2.865499020703999804e+02 0.000000000000000000e+00 0.000000000000000000e+00
2.866499022854000032e+02 0.000000000000000000e+00 0.000000000000000000e+00
2.867661884707000013e+02 0.000000000000000000e+00 0.000000000000000000e+00
2.869161882556999785e+02 0.000000000000000000e+00 0.000000000000000000e+00
2.870499020704000372e+02 0.000000000000000000e+00 0.000000000000000000e+00
2.871499022854000032e+02 0.000000000000000000e+00 0.000000000000000000e+00
2.872774259554000196e+02 0.000000000000000000e+00 0.000000000000000000e+00
2.874274257403999968e+02 0.000000000000000000e+00 0.000000000000000000e+00
2.875499020704000372e+02 0.000000000000000000e+00 0.000000000000000000e+00
2.876499022854000032e+02 0.000000000000000000e+00 0.000000000000000000e+00
2.877794564003999653e+02 0.000000000000000000e+00 0.000000000000000000e+00
2.879294561853999994e+02 0.000000000000000000e+00 0.000000000000000000e+00
2.880499020704000372e+02 0.000000000000000000e+00 0.000000000000000000e+00
2.881499022854000032e+02 0.000000000000000000e+00 0.000000000000000000e+00
2.882999020703999804e+02 0.000000000000000000e+00 0.000000000000000000e+00
2.884499018553999576e+02 0.000000000000000000e+00 0.000000000000000000e+00
2.885499020703999804e+02 0.000000000000000000e+00 0.000000000000000000e+00
2.886499022854000032e+02 0.000000000000000000e+00 0.000000000000000000e+00
2.887999020703999804e+02 0.000000000000000000e+00 0.000000000000000000e+00
2.889499018554000145e+02 0.000000000000000000e+00 0.000000000000000000e+00
2.890499020704000372e+02 0.000000000000000000e+00 0.000000000000000000e+00
2.891499022854000032e+02 0.000000000000000000e+00 0.000000000000000000e+00
2.892999020704000372e+02 0.000000000000000000e+00 0.000000000000000000e+00
2.894499018554000145e+02 0.000000000000000000e+00 0.000000000000000000e+00
2.895499020703999804e+02 0.000000000000000000e+00 0.000000000000000000e+00
2.896499022854000032e+02 0.000000000000000000e+00 0.000000000000000000e+00
2.897999020703999804e+02 0.000000000000000000e+00 0.000000000000000000e+00
2.899499018554000145e+02 0.000000000000000000e+00 0.000000000000000000e+00
2.900499020703999804e+02 0.000000000000000000e+00 0.000000000000000000e+00
2.901499022854000032e+02 0.000000000000000000e+00 0.000000000000000000e+00
2.902999020703999804e+02 0.000000000000000000e+00 0.000000000000000000e+00
2.904499018554000145e+02 0.000000000000000000e+00 0.000000000000000000e+00
2.905499020703999804e+02 0.000000000000000000e+00 0.000000000000000000e+00
2.906499022853999463e+02 0.000000000000000000e+00 0.000000000000000000e+00
2.907999020703999804e+02 0.000000000000000000e+00 0.000000000000000000e+00
2.909499018554000713e+02 0.000000000000000000e+00 0.000000000000000000e+00
2.910499020704000372e+02 0.000000000000000000e+00 0.000000000000000000e+00
2.911499022854000032e+02 0.000000000000000000e+00 0.000000000000000000e+00
2.912657934707000322e+02 0.000000000000000000e+00 0.000000000000000000e+00
2.914157932556999526e+02 0.000000000000000000e+00 0.000000000000000000e+00
2.915499020704000372e+02 0.000000000000000000e+00 0.000000000000000000e+00
2.916499022854000032e+02 0.000000000000000000e+00 0.000000000000000000e+00
2.917999020704000372e+02 0.000000000000000000e+00 0.000000000000000000e+00
2.919499018554000145e+02 0.000000000000000000e+00 0.000000000000000000e+00
2.920499020704000372e+02 0.000000000000000000e+00 0.000000000000000000e+00
2.921499022854000032e+02 0.000000000000000000e+00 0.000000000000000000e+00
2.922999020703999804e+02 0.000000000000000000e+00 0.000000000000000000e+00
2.924499018554000145e+02 0.000000000000000000e+00 0.000000000000000000e+00
2.925499020703999804e+02 0.000000000000000000e+00 0.000000000000000000e+00
2.926499022854000032e+02 0.000000000000000000e+00 0.000000000000000000e+00
2.927999020704000372e+02 0.000000000000000000e+00 0.000000000000000000e+00
2.929499018554000145e+02 0.000000000000000000e+00 0.000000000000000000e+00
2.930499020704000372e+02 0.000000000000000000e+00 0.000000000000000000e+00
2.931499022854000600e+02 0.000000000000000000e+00 0.000000000000000000e+00
2.932999020704000372e+02 0.000000000000000000e+00 0.000000000000000000e+00
2.934499018554000145e+02 0.000000000000000000e+00 0.000000000000000000e+00
2.935499020703999804e+02 0.000000000000000000e+00 0.000000000000000000e+00
2.936499022854000032e+02 0.000000000000000000e+00 0.000000000000000000e+00
2.937999020703999804e+02 0.000000000000000000e+00 0.000000000000000000e+00
2.939499018554000145e+02 0.000000000000000000e+00 0.000000000000000000e+00
2.940499020703999804e+02 0.000000000000000000e+00 0.000000000000000000e+00
2.941499022854000032e+02 0.000000000000000000e+00 0.000000000000000000e+00
2.945765515319000087e+02 0.000000000000000000e+00 0.000000000000000000e+00
2.950179612519000329e+02 0.000000000000000000e+00 0.000000000000000000e+00
2.954753498345500020e+02 0.000000000000000000e+00 0.000000000000000000e+00
2.959354286938499854e+02 0.000000000000000000e+00 0.000000000000000000e+00
2.964114861986999472e+02 0.000000000000000000e+00 0.000000000000000000e+00
2.968902339794000227e+02 0.000000000000000000e+00 0.000000000000000000e+00
2.973849604053999656e+02 0.000000000000000000e+00 0.000000000000000000e+00
2.978823771104000571e+02 0.000000000000000000e+00 0.000000000000000000e+00
2.983957724603999964e+02 0.000000000000000000e+00 0.000000000000000000e+00
2.989118580854000129e+02 0.000000000000000000e+00 0.000000000000000000e+00
2.994439223553999909e+02 0.000000000000000000e+00 0.000000000000000000e+00
2.999786769003999893e+02 0.000000000000000000e+00 0.000000000000000000e+00
3.002495037056999649e+02 0.000000000000000000e+00 0.000000000000000000e+00
3.007220250406999753e+02 0.000000000000000000e+00 0.000000000000000000e+00
3.010828335553999864e+02 0.000000000000000000e+00 0.000000000000000000e+00
3.016522356704000458e+02 0.000000000000000000e+00 0.000000000000000000e+00
3.022243280604000120e+02 0.000000000000000000e+00 0.000000000000000000e+00
3.028123990953999964e+02 0.000000000000000000e+00 0.000000000000000000e+00
3.034031604104000053e+02 0.000000000000000000e+00 0.000000000000000000e+00
3.040099003653999716e+02 0.000000000000000000e+00 0.000000000000000000e+00
3.046193305953999584e+02 0.000000000000000000e+00 0.000000000000000000e+00
3.048808231057000171e+02 0.000000000000000000e+00 0.000000000000000000e+00
3.054172590256999911e+02 0.000000000000000000e+00 0.000000000000000000e+00
3.058728386553999599e+02 0.000000000000000000e+00 0.000000000000000000e+00
3.065169164653999587e+02 0.000000000000000000e+00 0.000000000000000000e+00
3.071636845154000071e+02 0.000000000000000000e+00 0.000000000000000000e+00
3.077845373637999842e+02 0.000000000000000000e+00 0.000000000000000000e+00
3.084499743637999813e+02 0.000000000000000000e+00 0.000000000000000000e+00
3.091454078356999844e+02 0.000000000000000000e+00 0.000000000000000000e+00
3.098295137356999476e+02 0.000000000000000000e+00 0.000000000000000000e+00
3.105574743153999293e+02 0.000000000000000000e+00 0.000000000000000000e+00
3.112602491654000119e+02 0.000000000000000000e+00 0.000000000000000000e+00
3.119790026654000030e+02 0.000000000000000000e+00 0.000000000000000000e+00
3.127004464654000344e+02 0.000000000000000000e+00 0.000000000000000000e+00
3.129385864138000102e+02 0.000000000000000000e+00 0.000000000000000000e+00
3.135708941638000624e+02 0.000000000000000000e+00 0.000000000000000000e+00
3.141779815154000062e+02 0.000000000000000000e+00 0.000000000000000000e+00
3.143367950356999927e+02 0.000000000000000000e+00 0.000000000000000000e+00
3.149850814857000501e+02 0.000000000000000000e+00 0.000000000000000000e+00
3.156928544653999893e+02 0.000000000000000000e+00 0.000000000000000000e+00
3.164676147154000319e+02 0.000000000000000000e+00 0.000000000000000000e+00
3.172450652654000010e+02 0.000000000000000000e+00 0.000000000000000000e+00
3.176138877138000112e+02 0.000000000000000000e+00 0.000000000000000000e+00
3.182941314138000166e+02 0.000000000000000000e+00 0.000000000000000000e+00
3.188346138654000015e+02 0.000000000000000000e+00 0.000000000000000000e+00
3.190307651357000509e+02 0.000000000000000000e+00 0.000000000000000000e+00
3.197269874857000218e+02 0.000000000000000000e+00 0.000000000000000000e+00
3.204615003154000306e+02 0.000000000000000000e+00 0.000000000000000000e+00
3.212922673654000505e+02 0.000000000000000000e+00 0.000000000000000000e+00
3.221257246654000141e+02 0.000000000000000000e+00 0.000000000000000000e+00
3.224758783138000240e+02 0.000000000000000000e+00 0.000000000000000000e+00
3.232040580137999655e+02 0.000000000000000000e+00 0.000000000000000000e+00
3.237874779856999794e+02 0.000000000000000000e+00 0.000000000000000000e+00
3.246555828356999882e+02 0.000000000000000000e+00 0.000000000000000000e+00
3.255661868154000445e+02 0.000000000000000000e+00 0.000000000000000000e+00
3.264529605654000193e+02 0.000000000000000000e+00 0.000000000000000000e+00
3.273424246654000171e+02 0.000000000000000000e+00 0.000000000000000000e+00
3.275245582638000315e+02 0.000000000000000000e+00 0.000000000000000000e+00
3.281234466841000312e+02 0.000000000000000000e+00 0.000000000000000000e+00
3.288467558357000371e+02 0.000000000000000000e+00 0.000000000000000000e+00
3.291560003654000184e+02 0.000000000000000000e+00 0.000000000000000000e+00
3.300801119654000217e+02 0.000000000000000000e+00 0.000000000000000000e+00
3.310069138654000653e+02 0.000000000000000000e+00 0.000000000000000000e+00
3.318144561138000199e+02 0.000000000000000000e+00 0.000000000000000000e+00
3.326225290137999764e+02 0.000000000000000000e+00 0.000000000000000000e+00
3.328951652654000100e+02 0.000000000000000000e+00 0.000000000000000000e+00
3.332686709356999586e+02 0.000000000000000000e+00 0.000000000000000000e+00
3.340927224356999545e+02 0.000000000000000000e+00 0.000000000000000000e+00
3.348207544653999435e+02 0.000000000000000000e+00 0.000000000000000000e+00
3.358008728653999810e+02 0.000000000000000000e+00 0.000000000000000000e+00
3.367836815154000192e+02 0.000000000000000000e+00 0.000000000000000000e+00
3.371805073638000181e+02 0.000000000000000000e+00 0.000000000000000000e+00
3.379059611841000219e+02 0.000000000000000000e+00 0.000000000000000000e+00
3.385079226857000094e+02 0.000000000000000000e+00 0.000000000000000000e+00
3.387839464653999926e+02 0.000000000000000000e+00 0.000000000000000000e+00
3.398014026654000190e+02 0.000000000000000000e+00 0.000000000000000000e+00
3.408215491653999720e+02 0.000000000000000000e+00 0.000000000000000000e+00
3.416944324638000126e+02 0.000000000000000000e+00 0.000000000000000000e+00
3.425823985637999840e+02 0.000000000000000000e+00 0.000000000000000000e+00
3.428964897654000197e+02 0.000000000000000000e+00 0.000000000000000000e+00
3.431673163856999622e+02 0.000000000000000000e+00 0.000000000000000000e+00
3.440712611357000128e+02 0.000000000000000000e+00 0.000000000000000000e+00
3.450087682154000390e+02 0.000000000000000000e+00 0.000000000000000000e+00
3.460822312153999860e+02 0.000000000000000000e+00 0.000000000000000000e+00
3.471583844653999336e+02 0.000000000000000000e+00 0.000000000000000000e+00
3.473778555137999433e+02 0.000000000000000000e+00 0.000000000000000000e+00
3.478378276840999774e+02 0.000000000000000000e+00 0.000000000000000000e+00
3.487104885356999944e+02 0.000000000000000000e+00 0.000000000000000000e+00
3.493453385654000272e+02 0.000000000000000000e+00 0.000000000000000000e+00
3.504561394153999458e+02 0.000000000000000000e+00 0.000000000000000000e+00
3.515696305653999616e+02 0.000000000000000000e+00 0.000000000000000000e+00
3.521158078638000006e+02 0.000000000000000000e+00 0.000000000000000000e+00
3.528597676841000066e+02 0.000000000000000000e+00 0.000000000000000000e+00
3.534430601857000056e+02 0.000000000000000000e+00 0.000000000000000000e+00
3.538312604154000383e+02 0.000000000000000000e+00 0.000000000000000000e+00
3.549793990654000027e+02 0.000000000000000000e+00 0.000000000000000000e+00
3.561302280154000073e+02 0.000000000000000000e+00 0.000000000000000000e+00
3.569471048638000639e+02 0.000000000000000000e+00 0.000000000000000000e+00
3.579190456841000127e+02 0.000000000000000000e+00 0.000000000000000000e+00
3.584386577357000192e+02 0.000000000000000000e+00 0.000000000000000000e+00
3.596520100654000203e+02 0.000000000000000000e+00 0.000000000000000000e+00
3.608401768653999966e+02 0.000000000000000000e+00 0.000000000000000000e+00
3.618717460637999466e+02 0.000000000000000000e+00 0.000000000000000000e+00
3.629035199638000222e+02 0.000000000000000000e+00 0.000000000000000000e+00
3.631882374356999890e+02 0.000000000000000000e+00 0.000000000000000000e+00
3.633632992356999694e+02 0.000000000000000000e+00 0.000000000000000000e+00
3.644739724153999987e+02 0.000000000000000000e+00 0.000000000000000000e+00
3.656994770654000035e+02 0.000000000000000000e+00 0.000000000000000000e+00
3.668897324138000045e+02 0.000000000000000000e+00 0.000000000000000000e+00
3.679534636637999938e+02 0.000000000000000000e+00 0.000000000000000000e+00
3.681851339653999844e+02 0.000000000000000000e+00 0.000000000000000000e+00
3.694452861654000344e+02 0.000000000000000000e+00 0.000000000000000000e+00
3.707081286653999541e+02 0.000000000000000000e+00 0.000000000000000000e+00
3.719869498154000098e+02 0.000000000000000000e+00 0.000000000000000000e+00
3.732684612154000092e+02 0.000000000000000000e+00 0.000000000000000000e+00
3.745659512654000309e+02 0.000000000000000000e+00 0.000000000000000000e+00
3.758661316154000360e+02 0.000000000000000000e+00 0.000000000000000000e+00
3.771822906153999497e+02 0.000000000000000000e+00 0.000000000000000000e+00
3.785011398653999777e+02 0.000000000000000000e+00 0.000000000000000000e+00
3.798359677653999711e+02 0.000000000000000000e+00 0.000000000000000000e+00
3.823098644637999541e+02 0.000000000000000000e+00 0.000000000000000000e+00
3.837755021840999916e+02 0.000000000000000000e+00 0.000000000000000000e+00
3.851708924856999943e+02 0.000000000000000000e+00 0.000000000000000000e+00
3.876958480138000027e+02 0.000000000000000000e+00 0.000000000000000000e+00
3.890588066840999772e+02 0.000000000000000000e+00 0.000000000000000000e+00
3.905942142856999340e+02 0.000000000000000000e+00 0.000000000000000000e+00
3.931751768138000216e+02 0.000000000000000000e+00 0.000000000000000000e+00
3.943794496840999955e+02 0.000000000000000000e+00 0.000000000000000000e+00
3.946640392856999711e+02 0.000000000000000000e+00 0.000000000000000000e+00
3.963347805654000240e+02 0.000000000000000000e+00 0.000000000000000000e+00
3.987478499637999789e+02 0.000000000000000000e+00 0.000000000000000000e+00
4.002133599637999737e+02 0.000000000000000000e+00 0.000000000000000000e+00
4.021968217154000058e+02 0.000000000000000000e+00 0.000000000000000000e+00
4.043998819357000230e+02 0.000000000000000000e+00 0.000000000000000000e+00
4.059027299356999947e+02 0.000000000000000000e+00 0.000000000000000000e+00
4.082082142154000053e+02 0.000000000000000000e+00 0.000000000000000000e+00
4.101219064356999979e+02 0.000000000000000000e+00 0.000000000000000000e+00
4.105654051840999728e+02 0.000000000000000000e+00 0.000000000000000000e+00
4.117134164638000016e+02 0.000000000000000000e+00 0.000000000000000000e+00
4.143689587154000264e+02 0.000000000000000000e+00 0.000000000000000000e+00
4.160259369638000067e+02 0.000000000000000000e+00 0.000000000000000000e+00
4.176034609637999893e+02 0.000000000000000000e+00 0.000000000000000000e+00
4.202497964356999773e+02 0.000000000000000000e+00 0.000000000000000000e+00
4.215427306840999790e+02 0.000000000000000000e+00 0.000000000000000000e+00
4.219719884637999598e+02 0.000000000000000000e+00 0.000000000000000000e+00
4.238901087154000038e+02 0.000000000000000000e+00 0.000000000000000000e+00
4.262145169356999759e+02 0.000000000000000000e+00 0.000000000000000000e+00
4.270874006840999755e+02 0.000000000000000000e+00 0.000000000000000000e+00
4.280113849637999692e+02 0.000000000000000000e+00 0.000000000000000000e+00
4.304242317153999693e+02 0.000000000000000000e+00 0.000000000000000000e+00
4.322725824357000306e+02 0.000000000000000000e+00 0.000000000000000000e+00
4.326694081840999502e+02 0.000000000000000000e+00 0.000000000000000000e+00
4.341441254637999805e+02 0.000000000000000000e+00 0.000000000000000000e+00
4.367344544357000018e+02 0.000000000000000000e+00 0.000000000000000000e+00
4.382887536841000156e+02 0.000000000000000000e+00 0.000000000000000000e+00
4.386620049638000296e+02 0.000000000000000000e+00 0.000000000000000000e+00
4.405054492153999490e+02 0.000000000000000000e+00 0.000000000000000000e+00
4.429418709356999670e+02 0.000000000000000000e+00 0.000000000000000000e+00
4.439454371840999443e+02 0.000000000000000000e+00 0.000000000000000000e+00
4.449440969637999501e+02 0.000000000000000000e+00 0.000000000000000000e+00
4.474129502153999738e+02 0.000000000000000000e+00 0.000000000000000000e+00
4.492426319356999898e+02 0.000000000000000000e+00 0.000000000000000000e+00
4.496394581841000218e+02 0.000000000000000000e+00 0.000000000000000000e+00
4.513195334637999281e+02 0.000000000000000000e+00 0.000000000000000000e+00
4.538538554356999271e+02 0.000000000000000000e+00 0.000000000000000000e+00
4.553708171841000194e+02 0.000000000000000000e+00 0.000000000000000000e+00
4.559867639638000583e+02 0.000000000000000000e+00 0.000000000000000000e+00
4.580542352153999559e+02 0.000000000000000000e+00 0.000000000000000000e+00
4.603039679356999159e+02 0.000000000000000000e+00 0.000000000000000000e+00
4.611395136840999953e+02 0.000000000000000000e+00 0.000000000000000000e+00
4.625115519638000023e+02 0.000000000000000000e+00 0.000000000000000000e+00
4.650085364356999662e+02 0.000000000000000000e+00 0.000000000000000000e+00
4.668474254357000177e+02 0.000000000000000000e+00 0.000000000000000000e+00
4.672721274638000182e+02 0.000000000000000000e+00 0.000000000000000000e+00
4.691296849638000594e+02 0.000000000000000000e+00 0.000000000000000000e+00
4.716080004356999211e+02 0.000000000000000000e+00 0.000000000000000000e+00
4.727889211840999337e+02 0.000000000000000000e+00 0.000000000000000000e+00
4.739462664638000433e+02 0.000000000000000000e+00 0.000000000000000000e+00
4.764059129356999165e+02 0.000000000000000000e+00 0.000000000000000000e+00
4.783008089356999335e+02 0.000000000000000000e+00 0.000000000000000000e+00
4.788001864638000598e+02 0.000000000000000000e+00 0.000000000000000000e+00
4.807137504638000678e+02 0.000000000000000000e+00 0.000000000000000000e+00
4.831547279357000662e+02 0.000000000000000000e+00 0.000000000000000000e+00
4.845876791841000113e+02 0.000000000000000000e+00 0.000000000000000000e+00
4.856236769637999942e+02 0.000000000000000000e+00 0.000000000000000000e+00
4.880459859357000028e+02 0.000000000000000000e+00 0.000000000000000000e+00
4.905430656840999859e+02 0.000000000000000000e+00 0.000000000000000000e+00
4.925405124637999847e+02 0.000000000000000000e+00 0.000000000000000000e+00
4.949441524357000048e+02 0.000000000000000000e+00 0.000000000000000000e+00
4.965357896840999388e+02 0.000000000000000000e+00 0.000000000000000000e+00
4.975437839637999673e+02 0.000000000000000000e+00 0.000000000000000000e+00
4.999287549357000557e+02 0.000000000000000000e+00 0.000000000000000000e+00
5.025658511841000404e+02 0.000000000000000000e+00 0.000000000000000000e+00
5.046099704637999821e+02 0.000000000000000000e+00 0.000000000000000000e+00
5.069762724356999684e+02 0.000000000000000000e+00 0.000000000000000000e+00
5.086332506841000054e+02 0.000000000000000000e+00 0.000000000000000000e+00
5.097065864638000221e+02 0.000000000000000000e+00 0.000000000000000000e+00
5.120542194357000199e+02 0.000000000000000000e+00 0.000000000000000000e+00
5.141171354356999927e+02 0.000000000000000000e+00 0.000000000000000000e+00
5.148405399637999835e+02 0.000000000000000000e+00 0.000000000000000000e+00
5.169221244637999462e+02 0.000000000000000000e+00 0.000000000000000000e+00
5.192510884357001260e+02 0.000000000000000000e+00 0.000000000000000000e+00
5.208800631840999813e+02 0.000000000000000000e+00 0.000000000000000000e+00
5.221120844637999880e+02 0.000000000000000000e+00 0.000000000000000000e+00
5.244223799356999507e+02 0.000000000000000000e+00 0.000000000000000000e+00
5.265413029357000596e+02 0.000000000000000000e+00 0.000000000000000000e+00
5.273393829637999488e+02 0.000000000000000000e+00 0.000000000000000000e+00
5.294769744637999338e+02 0.000000000000000000e+00 0.000000000000000000e+00
5.317686009356999648e+02 0.000000000000000000e+00 0.000000000000000000e+00
5.332762276840999220e+02 0.000000000000000000e+00 0.000000000000000000e+00
5.347602794637999750e+02 0.000000000000000000e+00 0.000000000000000000e+00
5.370332369356999607e+02 0.000000000000000000e+00 0.000000000000000000e+00
5.392081659356999808e+02 0.000000000000000000e+00 0.000000000000000000e+00
5.400809219637999377e+02 0.000000000000000000e+00 0.000000000000000000e+00
5.422745204638000587e+02 0.000000000000000000e+00 0.000000000000000000e+00
5.445288084356999434e+02 0.000000000000000000e+00 0.000000000000000000e+00
5.458217426841000588e+02 0.000000000000000000e+00 0.000000000000000000e+00
5.476511699637999300e+02 0.000000000000000000e+00 0.000000000000000000e+00
5.498867894357000523e+02 0.000000000000000000e+00 0.000000000000000000e+00
5.521177254356999811e+02 0.000000000000000000e+00 0.000000000000000000e+00
5.552819802153999262e+02 0.000000000000000000e+00 0.000000000000000000e+00
5.585164824638000027e+02 0.000000000000000000e+00 0.000000000000000000e+00
5.607847564638000222e+02 0.000000000000000000e+00 0.000000000000000000e+00
5.629830379357000538e+02 0.000000000000000000e+00 0.000000000000000000e+00
5.649200501840999777e+02 0.000000000000000000e+00 0.000000000000000000e+00
5.662920884637999279e+02 0.000000000000000000e+00 0.000000000000000000e+00
5.684717009356999142e+02 0.000000000000000000e+00 0.000000000000000000e+00
5.707773124356999688e+02 0.000000000000000000e+00 0.000000000000000000e+00
5.718367574638000406e+02 0.000000000000000000e+00 0.000000000000000000e+00
5.741610384638000824e+02 0.000000000000000000e+00 0.000000000000000000e+00
5.763219824356999652e+02 0.000000000000000000e+00 0.000000000000000000e+00
5.778389436841000588e+02 0.000000000000000000e+00 0.000000000000000000e+00
5.797617149638000456e+02 0.000000000000000000e+00 0.000000000000000000e+00
5.819039899356999967e+02 0.000000000000000000e+00 0.000000000000000000e+00
5.842656089356999018e+02 0.000000000000000000e+00 0.000000000000000000e+00
5.853997299637999276e+02 0.000000000000000000e+00 0.000000000000000000e+00
5.876121241840999119e+02 0.000000000000000000e+00 0.000000000000000000e+00
5.899036229357000138e+02 0.000000000000000000e+00 0.000000000000000000e+00
5.910750819638000166e+02 0.000000000000000000e+00 0.000000000000000000e+00
5.934740379638000149e+02 0.000000000000000000e+00 0.000000000000000000e+00
5.955789749357001028e+02 0.000000000000000000e+00 0.000000000000000000e+00
5.974973181840999814e+02 0.000000000000000000e+00 0.000000000000000000e+00
5.992053969638000126e+02 0.000000000000000000e+00 0.000000000000000000e+00
6.012916649356999415e+02 0.000000000000000000e+00 0.000000000000000000e+00
6.037279594356999723e+02 0.000000000000000000e+00 0.000000000000000000e+00
6.049740939637999873e+02 0.000000000000000000e+00 0.000000000000000000e+00
6.074290569638000079e+02 0.000000000000000000e+00 0.000000000000000000e+00
6.107801284637999970e+02 0.000000000000000000e+00 0.000000000000000000e+00
6.132537604637999493e+02 0.000000000000000000e+00 0.000000000000000000e+00
6.153026909356999568e+02 0.000000000000000000e+00 0.000000000000000000e+00
6.174917336840999269e+02 0.000000000000000000e+00 0.000000000000000000e+00
6.191158024637999233e+02 0.000000000000000000e+00 0.000000000000000000e+00
6.211460639356999991e+02 0.000000000000000000e+00 0.000000000000000000e+00
6.236570339357000421e+02 0.000000000000000000e+00 0.000000000000000000e+00
6.250151819637999324e+02 0.000000000000000000e+00 0.000000000000000000e+00
6.275448204637999652e+02 0.000000000000000000e+00 0.000000000000000000e+00
6.295564124356999400e+02 0.000000000000000000e+00 0.000000000000000000e+00
6.310080326841000442e+02 0.000000000000000000e+00 0.000000000000000000e+00
6.335002064638000547e+02 0.000000000000000000e+00 0.000000000000000000e+00
6.354931299356999261e+02 0.000000000000000000e+00 0.000000000000000000e+00
6.378221891841000115e+02 0.000000000000000000e+00 0.000000000000000000e+00
6.394929299638000657e+02 0.000000000000000000e+00 0.000000000000000000e+00
6.414671844357000055e+02 0.000000000000000000e+00 0.000000000000000000e+00
6.440528304357000025e+02 0.000000000000000000e+00 0.000000000000000000e+00
6.455229919637999956e+02 0.000000000000000000e+00 0.000000000000000000e+00
6.480994306840999570e+02 0.000000000000000000e+00 0.000000000000000000e+00
6.515625156841000489e+02 0.000000000000000000e+00 0.000000000000000000e+00
6.542133749637999927e+02 0.000000000000000000e+00 0.000000000000000000e+00
6.561502919357000110e+02 0.000000000000000000e+00 0.000000000000000000e+00
6.584886856841000053e+02 0.000000000000000000e+00 0.000000000000000000e+00
6.603367814637999800e+02 0.000000000000000000e+00 0.000000000000000000e+00
6.622550294356998393e+02 0.000000000000000000e+00 0.000000000000000000e+00
6.649153504356999065e+02 0.000000000000000000e+00 0.000000000000000000e+00
6.664975254638000024e+02 0.000000000000000000e+00 0.000000000000000000e+00
6.689339476841000760e+02 0.000000000000000000e+00 0.000000000000000000e+00
6.710760949356999845e+02 0.000000000000000000e+00 0.000000000000000000e+00
6.726956074638000018e+02 0.000000000000000000e+00 0.000000000000000000e+00
6.753932664638001597e+02 0.000000000000000000e+00 0.000000000000000000e+00
6.772741764357001557e+02 0.000000000000000000e+00 0.000000000000000000e+00
6.794912226840999665e+02 0.000000000000000000e+00 0.000000000000000000e+00
6.816473559638000097e+02 0.000000000000000000e+00 0.000000000000000000e+00
6.835095969357000740e+02 0.000000000000000000e+00 0.000000000000000000e+00
6.862445939357000952e+02 0.000000000000000000e+00 0.000000000000000000e+00
6.879387824637999529e+02 0.000000000000000000e+00 0.000000000000000000e+00
6.901045046840999930e+02 0.000000000000000000e+00 0.000000000000000000e+00
6.925360204357000384e+02 0.000000000000000000e+00 0.000000000000000000e+00
6.942675469637999868e+02 0.000000000000000000e+00 0.000000000000000000e+00
6.970398814637999294e+02 0.000000000000000000e+00 0.000000000000000000e+00
6.988647844356999030e+02 0.000000000000000000e+00 0.000000000000000000e+00
7.008298001841000087e+02 0.000000000000000000e+00 0.000000000000000000e+00
7.034246529638000993e+02 0.000000000000000000e+00 0.000000000000000000e+00
7.052308869357001413e+02 0.000000000000000000e+00 0.000000000000000000e+00
7.080173346841000921e+02 0.000000000000000000e+00 0.000000000000000000e+00
7.116111021841001048e+02 0.000000000000000000e+00 0.000000000000000000e+00
7.144626689357000942e+02 0.000000000000000000e+00 0.000000000000000000e+00
7.163062089638000316e+02 0.000000000000000000e+00 0.000000000000000000e+00
7.188546441841000387e+02 0.000000000000000000e+00 0.000000000000000000e+00
7.209221159357001625e+02 0.000000000000000000e+00 0.000000000000000000e+00
7.228029934637999077e+02 0.000000000000000000e+00 0.000000000000000000e+00
7.256686729637999633e+02 0.000000000000000000e+00 0.000000000000000000e+00
7.274189004357000385e+02 0.000000000000000000e+00 0.000000000000000000e+00
7.298039666841000326e+02 0.000000000000000000e+00 0.000000000000000000e+00
7.322214649638000310e+02 0.000000000000000000e+00 0.000000000000000000e+00
7.339530234357000609e+02 0.000000000000000000e+00 0.000000000000000000e+00
7.368560404357000380e+02 0.000000000000000000e+00 0.000000000000000000e+00
7.388115939637999645e+02 0.000000000000000000e+00 0.000000000000000000e+00
7.408092961840999351e+02 0.000000000000000000e+00 0.000000000000000000e+00
7.434461699357000271e+02 0.000000000000000000e+00 0.000000000000000000e+00
7.454390614638000443e+02 0.000000000000000000e+00 0.000000000000000000e+00
7.482021891840998933e+02 0.000000000000000000e+00 0.000000000000000000e+00
7.500736369356999376e+02 0.000000000000000000e+00 0.000000000000000000e+00
7.521038664638000455e+02 0.000000000000000000e+00 0.000000000000000000e+00
7.550628904638000449e+02 0.000000000000000000e+00 0.000000000000000000e+00
7.567384419356999388e+02 0.000000000000000000e+00 0.000000000000000000e+00
7.593755386840999790e+02 0.000000000000000000e+00 0.000000000000000000e+00
7.617837019638000129e+02 0.000000000000000000e+00 0.000000000000000000e+00
7.634405849357000307e+02 0.000000000000000000e+00 0.000000000000000000e+00
7.664369469356998934e+02 0.000000000000000000e+00 0.000000000000000000e+00
7.685418519638000134e+02 0.000000000000000000e+00 0.000000000000000000e+00
7.706048951841000871e+02 0.000000000000000000e+00 0.000000000000000000e+00
7.731950964357000657e+02 0.000000000000000000e+00 0.000000000000000000e+00
7.753373394638000491e+02 0.000000000000000000e+00 0.000000000000000000e+00
7.781471396841000114e+02 0.000000000000000000e+00 0.000000000000000000e+00
7.799905844357000433e+02 0.000000000000000000e+00 0.000000000000000000e+00
7.821701649638000617e+02 0.000000000000000000e+00 0.000000000000000000e+00
7.852225334638000049e+02 0.000000000000000000e+00 0.000000000000000000e+00
7.868234094357000004e+02 0.000000000000000000e+00 0.000000000000000000e+00
7.895445161840999617e+02 0.000000000000000000e+00 0.000000000000000000e+00
7.921113654637999844e+02 0.000000000000000000e+00 0.000000000000000000e+00
7.936935724357000481e+02 0.000000000000000000e+00 0.000000000000000000e+00
7.967832789356999683e+02 0.000000000000000000e+00 0.000000000000000000e+00
7.990375354638000545e+02 0.000000000000000000e+00 0.000000000000000000e+00
8.009978996841000480e+02 0.000000000000000000e+00 0.000000000000000000e+00
8.037094489357000384e+02 0.000000000000000000e+00 0.000000000000000000e+00
8.060010434637999879e+02 0.000000000000000000e+00 0.000000000000000000e+00
8.086894956841000521e+02 0.000000000000000000e+00 0.000000000000000000e+00
8.106729569357000855e+02 0.000000000000000000e+00 0.000000000000000000e+00
8.130018889637999564e+02 0.000000000000000000e+00 0.000000000000000000e+00
8.161476024638000126e+02 0.000000000000000000e+00 0.000000000000000000e+00
8.176738029356999959e+02 0.000000000000000000e+00 0.000000000000000000e+00
8.203108991840999806e+02 0.000000000000000000e+00 0.000000000000000000e+00
8.232044544637999479e+02 0.000000000000000000e+00 0.000000000000000000e+00
8.247119859356999996e+02 0.000000000000000000e+00 0.000000000000000000e+00
8.278950374357000328e+02 0.000000000000000000e+00 0.000000000000000000e+00
8.302986454638000851e+02 0.000000000000000000e+00 0.000000000000000000e+00
8.319883101840999871e+02 0.000000000000000000e+00 0.000000000000000000e+00
8.349892279357000007e+02 0.000000000000000000e+00 0.000000000000000000e+00
8.374301734638000880e+02 0.000000000000000000e+00 0.000000000000000000e+00
8.398292571841000154e+02 0.000000000000000000e+00 0.000000000000000000e+00
8.421207559356998900e+02 0.000000000000000000e+00 0.000000000000000000e+00
8.445990394638000680e+02 0.000000000000000000e+00 0.000000000000000000e+00
8.477075421841000207e+02 0.000000000000000000e+00 0.000000000000000000e+00
8.492896219356999836e+02 0.000000000000000000e+00 0.000000000000000000e+00
8.518052429637999694e+02 0.000000000000000000e+00 0.000000000000000000e+00
8.550629694637999592e+02 0.000000000000000000e+00 0.000000000000000000e+00
8.564958254356999987e+02 0.000000000000000000e+00 0.000000000000000000e+00
8.596089796841000634e+02 0.000000000000000000e+00 0.000000000000000000e+00
8.623251804637999385e+02 0.000000000000000000e+00 0.000000000000000000e+00
8.637393674357000464e+02 0.000000000000000000e+00 0.000000000000000000e+00
8.670344319357000131e+02 0.000000000000000000e+00 0.000000000000000000e+00
8.696247284638000110e+02 0.000000000000000000e+00 0.000000000000000000e+00
8.715664236841000729e+02 0.000000000000000000e+00 0.000000000000000000e+00
8.743339799356999720e+02 0.000000000000000000e+00 0.000000000000000000e+00
8.769616149637998888e+02 0.000000000000000000e+00 0.000000000000000000e+00
8.795940606840998726e+02 0.000000000000000000e+00 0.000000000000000000e+00
8.816708664356999634e+02 0.000000000000000000e+00 0.000000000000000000e+00
8.843358389638000290e+02 0.000000000000000000e+00 0.000000000000000000e+00
8.876590346841001065e+02 0.000000000000000000e+00 0.000000000000000000e+00
8.917195251841000072e+02 0.000000000000000000e+00 0.000000000000000000e+00
8.951171414638000670e+02 0.000000000000000000e+00 0.000000000000000000e+00
8.964566524357001072e+02 0.000000000000000000e+00 0.000000000000000000e+00
8.998405061841000361e+02 0.000000000000000000e+00 0.000000000000000000e+00
9.039009966841000505e+02 0.000000000000000000e+00 0.000000000000000000e+00
9.073126304357001572e+02 0.000000000000000000e+00 0.000000000000000000e+00
9.100896164638000982e+02 0.000000000000000000e+00 0.000000000000000000e+00
9.120779841840999325e+02 0.000000000000000000e+00 0.000000000000000000e+00
9.148175369356999909e+02 0.000000000000000000e+00 0.000000000000000000e+00
9.176318609638000225e+02 0.000000000000000000e+00 0.000000000000000000e+00
9.202923101840999607e+02 0.000000000000000000e+00 0.000000000000000000e+00
9.223597814356999152e+02 0.000000000000000000e+00 0.000000000000000000e+00
9.252114429637999820e+02 0.000000000000000000e+00 0.000000000000000000e+00
9.285439731841000821e+02 0.000000000000000000e+00 0.000000000000000000e+00
9.299393634357001019e+02 0.000000000000000000e+00 0.000000000000000000e+00
9.328283629637999184e+02 0.000000000000000000e+00 0.000000000000000000e+00
9.363101169638000556e+02 0.000000000000000000e+00 0.000000000000000000e+00
9.375562834357000384e+02 0.000000000000000000e+00 0.000000000000000000e+00
9.410054781841000704e+02 0.000000000000000000e+00 0.000000000000000000e+00
9.439830439638001280e+02 0.000000000000000000e+00 0.000000000000000000e+00
9.452105419356998937e+02 0.000000000000000000e+00 0.000000000000000000e+00
9.487296334357000660e+02 0.000000000000000000e+00 0.000000000000000000e+00
9.516933084638000082e+02 0.000000000000000000e+00 0.000000000000000000e+00
9.535229906840997955e+02 0.000000000000000000e+00 0.000000000000000000e+00
9.564398984356998881e+02 0.000000000000000000e+00 0.000000000000000000e+00
9.594409114637999210e+02 0.000000000000000000e+00 0.000000000000000000e+00
9.619240051840999968e+02 0.000000000000000000e+00 0.000000000000000000e+00
9.641875004357000307e+02 0.000000000000000000e+00 0.000000000000000000e+00
9.672258514637998132e+02 0.000000000000000000e+00 0.000000000000000000e+00
9.703623576841000613e+02 0.000000000000000000e+00 0.000000000000000000e+00
9.719724409356999786e+02 0.000000000000000000e+00 0.000000000000000000e+00
9.750481299638000792e+02 0.000000000000000000e+00 0.000000000000000000e+00
9.786418974637999781e+02 0.000000000000000000e+00 0.000000000000000000e+00
9.797947194356999034e+02 0.000000000000000000e+00 0.000000000000000000e+00
9.831038971840998784e+02 0.000000000000000000e+00 0.000000000000000000e+00
9.865201824637999835e+02 0.000000000000000000e+00 0.000000000000000000e+00
9.876543354356998634e+02 0.000000000000000000e+00 0.000000000000000000e+00
9.912854404357001386e+02 0.000000000000000000e+00 0.000000000000000000e+00
9.944358049637999102e+02 0.000000000000000000e+00 0.000000000000000000e+00
9.959014426841000613e+02 0.000000000000000000e+00 0.000000000000000000e+00
9.992010634357000072e+02 0.000000000000000000e+00 0.000000000000000000e+00
1.002388765963799983e+03 0.000000000000000000e+00 0.000000000000000000e+00
1.004489146684100092e+03 0.000000000000000000e+00 0.000000000000000000e+00
1.007154023935700138e+03 0.000000000000000000e+00 0.000000000000000000e+00
1.010379064463799978e+03 0.000000000000000000e+00 0.000000000000000000e+00
1.013114188684099986e+03 0.000000000000000000e+00 0.000000000000000000e+00
1.015144322435700019e+03 0.000000000000000000e+00 0.000000000000000000e+00
1.018406698963799954e+03 0.000000000000000000e+00 0.000000000000000000e+00
1.021776566684100089e+03 0.000000000000000000e+00 0.000000000000000000e+00
1.023171958935699990e+03 0.000000000000000000e+00 0.000000000000000000e+00
1.026471674963800069e+03 0.000000000000000000e+00 0.000000000000000000e+00
1.030196124963800230e+03 0.000000000000000000e+00 0.000000000000000000e+00
1.031236933435699939e+03 0.000000000000000000e+00 0.000000000000000000e+00
1.034854146184099818e+03 0.000000000000000000e+00 0.000000000000000000e+00
1.038317103463800095e+03 0.000000000000000000e+00 0.000000000000000000e+00
1.039339246935699975e+03 0.000000000000000000e+00 0.000000000000000000e+00
1.043101034935700000e+03 0.000000000000000000e+00 0.000000000000000000e+00
1.046475422824400084e+03 0.000000000000000000e+00 0.000000000000000000e+00
1.047987732544700066e+03 0.000000000000000000e+00 0.000000000000000000e+00
1.051259351435699955e+03 0.000000000000000000e+00 0.000000000000000000e+00
1.054671079324399898e+03 0.000000000000000000e+00 0.000000000000000000e+00
1.056799462544699963e+03 0.000000000000000000e+00 0.000000000000000000e+00
1.059455006935700112e+03 0.000000000000000000e+00 0.000000000000000000e+00
1.062904073463799932e+03 0.000000000000000000e+00 0.000000000000000000e+00
1.065648531184099966e+03 0.000000000000000000e+00 0.000000000000000000e+00
1.067688001435700016e+03 0.000000000000000000e+00 0.000000000000000000e+00
1.071174407963800149e+03 0.000000000000000000e+00 0.000000000000000000e+00
1.074534941184100035e+03 0.000000000000000000e+00 0.000000000000000000e+00
1.075958334935700123e+03 0.000000000000000000e+00 0.000000000000000000e+00
1.079482076463800013e+03 0.000000000000000000e+00 0.000000000000000000e+00
1.083337208963799867e+03 0.000000000000000000e+00 0.000000000000000000e+00
1.084266007435699976e+03 0.000000000000000000e+00 0.000000000000000000e+00
1.087948561184099844e+03 0.000000000000000000e+00 0.000000000000000000e+00
1.091700884963799808e+03 0.000000000000000000e+00 0.000000000000000000e+00
1.092611013435699988e+03 0.000000000000000000e+00 0.000000000000000000e+00
1.096503483935700160e+03 0.000000000000000000e+00 0.000000000000000000e+00
1.100101900463799893e+03 0.000000000000000000e+00 0.000000000000000000e+00
1.101418186184100023e+03 0.000000000000000000e+00 0.000000000000000000e+00
1.104904497935699965e+03 0.000000000000000000e+00 0.000000000000000000e+00
1.108540254463800238e+03 0.000000000000000000e+00 0.000000000000000000e+00
1.110453946184100005e+03 0.000000000000000000e+00 0.000000000000000000e+00
1.113342850935699971e+03 0.000000000000000000e+00 0.000000000000000000e+00
1.117015943824399983e+03 0.000000000000000000e+00 0.000000000000000000e+00
1.119527042544699952e+03 0.000000000000000000e+00 0.000000000000000000e+00
1.121818542935699952e+03 0.000000000000000000e+00 0.000000000000000000e+00
1.125528972081699976e+03 0.000000000000000000e+00 0.000000000000000000e+00
1.128637473801999931e+03 0.000000000000000000e+00 0.000000000000000000e+00
1.130331568435699864e+03 0.000000000000000000e+00 0.000000000000000000e+00
1.134079339963800066e+03 0.000000000000000000e+00 0.000000000000000000e+00
1.137785246184099833e+03 0.000000000000000000e+00 0.000000000000000000e+00
1.138881933435699921e+03 0.000000000000000000e+00 0.000000000000000000e+00
1.142667042581699889e+03 0.000000000000000000e+00 0.000000000000000000e+00
1.146671526081699994e+03 0.000000000000000000e+00 0.000000000000000000e+00
1.147469641935699883e+03 0.000000000000000000e+00 0.000000000000000000e+00
1.151492794935699976e+03 0.000000000000000000e+00 0.000000000000000000e+00
1.155315236463800147e+03 0.000000000000000000e+00 0.000000000000000000e+00
1.156192801184099835e+03 0.000000000000000000e+00 0.000000000000000000e+00
1.160136501435699984e+03 0.000000000000000000e+00 0.000000000000000000e+00
1.163996285581700022e+03 0.000000000000000000e+00 0.000000000000000000e+00
1.165452588802000037e+03 0.000000000000000000e+00 0.000000000000000000e+00
1.168817551935699839e+03 0.000000000000000000e+00 0.000000000000000000e+00
1.172714673463799954e+03 0.000000000000000000e+00 0.000000000000000000e+00
1.174749711184100306e+03 0.000000000000000000e+00 0.000000000000000000e+00
1.177535936435700023e+03 0.000000000000000000e+00 0.000000000000000000e+00
1.181470397963799769e+03 0.000000000000000000e+00 0.000000000000000000e+00
1.184084176184100215e+03 0.000000000000000000e+00 0.000000000000000000e+00
1.186291664435699886e+03 0.000000000000000000e+00 0.000000000000000000e+00
1.190263458581699979e+03 0.000000000000000000e+00 0.000000000000000000e+00
1.193455973801999789e+03 0.000000000000000000e+00 0.000000000000000000e+00
1.195084726935699791e+03 0.000000000000000000e+00 0.000000000000000000e+00
1.199093858463799961e+03 0.000000000000000000e+00 0.000000000000000000e+00
1.202865106184099886e+03 0.000000000000000000e+00 0.000000000000000000e+00
1.203915122935700083e+03 0.000000000000000000e+00 0.000000000000000000e+00
1.207961595824400092e+03 0.000000000000000000e+00 0.000000000000000000e+00
1.212115430824400164e+03 0.000000000000000000e+00 0.000000000000000000e+00
1.212782862935699995e+03 0.000000000000000000e+00 0.000000000000000000e+00
1.216955366935699885e+03 0.000000000000000000e+00 0.000000000000000000e+00
1.221039176081699907e+03 0.000000000000000000e+00 0.000000000000000000e+00
1.221795393801999808e+03 0.000000000000000000e+00 0.000000000000000000e+00
1.225879109935699944e+03 0.000000000000000000e+00 0.000000000000000000e+00
1.230000257824400251e+03 0.000000000000000000e+00 0.000000000000000000e+00
1.231316542544700269e+03 0.000000000000000000e+00 0.000000000000000000e+00
1.234840191935699977e+03 0.000000000000000000e+00 0.000000000000000000e+00
1.238998678463799934e+03 0.000000000000000000e+00 0.000000000000000000e+00
1.240875031184099953e+03 0.000000000000000000e+00 0.000000000000000000e+00
1.243838612435700043e+03 0.000000000000000000e+00 0.000000000000000000e+00
1.248034436581700220e+03 0.000000000000000000e+00 0.000000000000000000e+00
1.250470858802000066e+03 0.000000000000000000e+00 0.000000000000000000e+00
1.252874372435700025e+03 0.000000000000000000e+00 0.000000000000000000e+00
1.257107533963800051e+03 0.000000000000000000e+00 0.000000000000000000e+00
1.260104021184100020e+03 0.000000000000000000e+00 0.000000000000000000e+00
1.261947465935699938e+03 0.000000000000000000e+00 0.000000000000000000e+00
1.266217967463799823e+03 0.000000000000000000e+00 0.000000000000000000e+00
1.269774526184099841e+03 0.000000000000000000e+00 0.000000000000000000e+00
1.271057903435699927e+03 0.000000000000000000e+00 0.000000000000000000e+00
1.275365739963800024e+03 0.000000000000000000e+00 0.000000000000000000e+00
1.279482366184099874e+03 0.000000000000000000e+00 0.000000000000000000e+00
1.280205674935700017e+03 0.000000000000000000e+00 0.000000000000000000e+00
1.284550847824399852e+03 0.000000000000000000e+00 0.000000000000000000e+00
1.288872703324399936e+03 0.000000000000000000e+00 0.000000000000000000e+00
1.289390785435700082e+03 0.000000000000000000e+00 0.000000000000000000e+00
1.293731311435700036e+03 0.000000000000000000e+00 0.000000000000000000e+00
1.298113822963799976e+03 0.000000000000000000e+00 0.000000000000000000e+00
1.299010056184099994e+03 0.000000000000000000e+00 0.000000000000000000e+00
1.302972421435700198e+03 0.000000000000000000e+00 0.000000000000000000e+00
1.307392272963799996e+03 0.000000000000000000e+00 0.000000000000000000e+00
1.308829911184099956e+03 0.000000000000000000e+00 0.000000000000000000e+00
1.312250881435699966e+03 0.000000000000000000e+00 0.000000000000000000e+00
1.316708067963799976e+03 0.000000000000000000e+00 0.000000000000000000e+00
1.318687101184100129e+03 0.000000000000000000e+00 0.000000000000000000e+00
1.321566671435700073e+03 0.000000000000000000e+00 0.000000000000000000e+00
1.326061195581700076e+03 0.000000000000000000e+00 0.000000000000000000e+00
1.328581628802000068e+03 0.000000000000000000e+00 0.000000000000000000e+00
1.330919801435700037e+03 0.000000000000000000e+00 0.000000000000000000e+00
1.335451662963799890e+03 0.000000000000000000e+00 0.000000000000000000e+00
1.338513491184100076e+03 0.000000000000000000e+00 0.000000000000000000e+00
1.340310266435699987e+03 0.000000000000000000e+00 0.000000000000000000e+00
1.344879469324400134e+03 0.000000000000000000e+00 0.000000000000000000e+00
1.348482697544699931e+03 0.000000000000000000e+00 0.000000000000000000e+00
1.349738071435699794e+03 0.000000000000000000e+00 0.000000000000000000e+00
1.354344610581699953e+03 0.000000000000000000e+00 0.000000000000000000e+00
1.358489238802000045e+03 0.000000000000000000e+00 0.000000000000000000e+00
1.359203216435700142e+03 0.000000000000000000e+00 0.000000000000000000e+00
1.363847094324399905e+03 0.000000000000000000e+00 0.000000000000000000e+00
1.368336969324399888e+03 0.000000000000000000e+00 0.000000000000000000e+00
1.368705696435700020e+03 0.000000000000000000e+00 0.000000000000000000e+00
1.373214241435699932e+03 0.000000000000000000e+00 0.000000000000000000e+00
1.377895457963800027e+03 0.000000000000000000e+00 0.000000000000000000e+00
1.378614336184100011e+03 0.000000000000000000e+00 0.000000000000000000e+00
1.382772726435699951e+03 0.000000000000000000e+00 0.000000000000000000e+00
1.387491280581699812e+03 0.000000000000000000e+00 0.000000000000000000e+00
1.388732893801999808e+03 0.000000000000000000e+00 0.000000000000000000e+00
1.392368556435699929e+03 0.000000000000000000e+00 0.000000000000000000e+00
1.397124447963800094e+03 0.000000000000000000e+00 0.000000000000000000e+00
1.398888786184100127e+03 0.000000000000000000e+00 0.000000000000000000e+00
1.402001716435700018e+03 0.000000000000000000e+00 0.000000000000000000e+00
1.406794947963800041e+03 0.000000000000000000e+00 0.000000000000000000e+00
1.409082021184100086e+03 0.000000000000000000e+00 0.000000000000000000e+00
1.411672221435700067e+03 0.000000000000000000e+00 0.000000000000000000e+00
1.416502785581699982e+03 0.000000000000000000e+00 0.000000000000000000e+00
1.419312588801999937e+03 0.000000000000000000e+00 0.000000000000000000e+00
1.421380061435699872e+03 0.000000000000000000e+00 0.000000000000000000e+00
1.426247962963800092e+03 0.000000000000000000e+00 0.000000000000000000e+00
1.429580491184100083e+03 0.000000000000000000e+00 0.000000000000000000e+00
1.431125236435700117e+03 0.000000000000000000e+00 0.000000000000000000e+00
1.436030480581699976e+03 0.000000000000000000e+00 0.000000000000000000e+00
1.439885738802000105e+03 0.000000000000000000e+00 0.000000000000000000e+00
1.440907751435699993e+03 0.000000000000000000e+00 0.000000000000000000e+00
1.445850332963799929e+03 0.000000000000000000e+00 0.000000000000000000e+00
1.450228321184100196e+03 0.000000000000000000e+00 0.000000000000000000e+00
1.450727601435700080e+03 0.000000000000000000e+00 0.000000000000000000e+00
1.455684073215400076e+03 0.000000000000000000e+00 0.000000000000000000e+00
1.460584796435700127e+03 0.000000000000000000e+00 0.000000000000000000e+00
1.465280031435700039e+03 0.000000000000000000e+00 0.000000000000000000e+00
1.470297284324399925e+03 0.000000000000000000e+00 0.000000000000000000e+00
1.471025497544700102e+03 0.000000000000000000e+00 0.000000000000000000e+00
1.475193226435700126e+03 0.000000000000000000e+00 0.000000000000000000e+00
1.480247822963799990e+03 0.000000000000000000e+00 0.000000000000000000e+00
1.481480096184100148e+03 0.000000000000000000e+00 0.000000000000000000e+00
1.485143761435700071e+03 0.000000000000000000e+00 0.000000000000000000e+00
1.490235692963800147e+03 0.000000000000000000e+00 0.000000000000000000e+00
1.491972031184099933e+03 0.000000000000000000e+00 0.000000000000000000e+00
1.495131636435700102e+03 0.000000000000000000e+00 0.000000000000000000e+00
1.500260902963800163e+03 0.000000000000000000e+00 0.000000000000000000e+00
1.502501301184100157e+03 0.000000000000000000e+00 0.000000000000000000e+00
1.505156846435699890e+03 0.000000000000000000e+00 0.000000000000000000e+00
1.510323452963799809e+03 0.000000000000000000e+00 0.000000000000000000e+00
1.513067911184100012e+03 0.000000000000000000e+00 0.000000000000000000e+00
1.515219396435699991e+03 0.000000000000000000e+00 0.000000000000000000e+00
1.520423342963799996e+03 0.000000000000000000e+00 0.000000000000000000e+00
1.523671861184100180e+03 0.000000000000000000e+00 0.000000000000000000e+00
1.525319281435700077e+03 0.000000000000000000e+00 0.000000000000000000e+00
1.530560562963800066e+03 0.000000000000000000e+00 0.000000000000000000e+00
1.534313146184100106e+03 0.000000000000000000e+00 0.000000000000000000e+00
1.535456506435700021e+03 0.000000000000000000e+00 0.000000000000000000e+00
1.540735124324400203e+03 0.000000000000000000e+00 0.000000000000000000e+00
1.544991767544699997e+03 0.000000000000000000e+00 0.000000000000000000e+00
1.545631066435700177e+03 0.000000000000000000e+00 0.000000000000000000e+00
1.550947024324400218e+03 0.000000000000000000e+00 0.000000000000000000e+00
1.555810279324399971e+03 0.000000000000000000e+00 0.000000000000000000e+00
1.560827443215399853e+03 0.000000000000000000e+00 0.000000000000000000e+00
1.566078187963800019e+03 0.000000000000000000e+00 0.000000000000000000e+00
1.570978777963799985e+03 0.000000000000000000e+00 0.000000000000000000e+00
1.576378781435699921e+03 0.000000000000000000e+00 0.000000000000000000e+00
1.581298041435700043e+03 0.000000000000000000e+00 0.000000000000000000e+00
1.586702696435699863e+03 0.000000000000000000e+00 0.000000000000000000e+00
1.591640626435699915e+03 0.000000000000000000e+00 0.000000000000000000e+00
1.597063946435700018e+03 0.000000000000000000e+00 0.000000000000000000e+00
1.602020546435699998e+03 0.000000000000000000e+00 0.000000000000000000e+00
1.607462536435700258e+03 0.000000000000000000e+00 0.000000000000000000e+00
1.609847601184100085e+03 0.000000000000000000e+00 0.000000000000000000e+00
1.612498462963800193e+03 0.000000000000000000e+00 0.000000000000000000e+00
1.617898466435699902e+03 0.000000000000000000e+00 0.000000000000000000e+00
1.620787591184099938e+03 0.000000000000000000e+00 0.000000000000000000e+00
1.622971727963800049e+03 0.000000000000000000e+00 0.000000000000000000e+00
1.628371731435699985e+03 0.000000000000000000e+00 0.000000000000000000e+00
1.631764917544699983e+03 0.000000000000000000e+00 0.000000000000000000e+00
1.633482329324399871e+03 0.000000000000000000e+00 0.000000000000000000e+00
1.638882331435700053e+03 0.000000000000000000e+00 0.000000000000000000e+00
1.642779578802000060e+03 0.000000000000000000e+00 0.000000000000000000e+00
1.644030270581700279e+03 0.000000000000000000e+00 0.000000000000000000e+00
1.649430271435700206e+03 0.000000000000000000e+00 0.000000000000000000e+00
1.653831581184099832e+03 0.000000000000000000e+00 0.000000000000000000e+00
1.654615552963800155e+03 0.000000000000000000e+00 0.000000000000000000e+00
1.660015556435699864e+03 0.000000000000000000e+00 0.000000000000000000e+00
1.664920923802000061e+03 0.000000000000000000e+00 0.000000000000000000e+00
1.665238165581699832e+03 0.000000000000000000e+00 0.000000000000000000e+00
1.670488688215400089e+03 0.000000000000000000e+00 0.000000000000000000e+00
1.675725446435700178e+03 0.000000000000000000e+00 0.000000000000000000e+00
1.676047596184100030e+03 0.000000000000000000e+00 0.000000000000000000e+00
1.681004067963800026e+03 0.000000000000000000e+00 0.000000000000000000e+00
1.686404071435700189e+03 0.000000000000000000e+00 0.000000000000000000e+00
1.687211613802000102e+03 0.000000000000000000e+00 0.000000000000000000e+00
1.691720030581699802e+03 0.000000000000000000e+00 0.000000000000000000e+00
1.697120031435699957e+03 0.000000000000000000e+00 0.000000000000000000e+00
1.698412966184100014e+03 0.000000000000000000e+00 0.000000000000000000e+00
1.702473332963800203e+03 0.000000000000000000e+00 0.000000000000000000e+00
1.707873336435699912e+03 0.000000000000000000e+00 0.000000000000000000e+00
1.709651661184099794e+03 0.000000000000000000e+00 0.000000000000000000e+00
1.713263967963799814e+03 0.000000000000000000e+00 0.000000000000000000e+00
1.718663971435699978e+03 0.000000000000000000e+00 0.000000000000000000e+00
1.720927688802000148e+03 0.000000000000000000e+00 0.000000000000000000e+00
1.724091940581699873e+03 0.000000000000000000e+00 0.000000000000000000e+00
1.729491941435699800e+03 0.000000000000000000e+00 0.000000000000000000e+00
1.732241051184099888e+03 0.000000000000000000e+00 0.000000000000000000e+00
1.734957252963800101e+03 0.000000000000000000e+00 0.000000000000000000e+00
1.740357256435699810e+03 0.000000000000000000e+00 0.000000000000000000e+00
1.743591757544700158e+03 0.000000000000000000e+00 0.000000000000000000e+00
1.745859904324400077e+03 0.000000000000000000e+00 0.000000000000000000e+00
1.751259906435700259e+03 0.000000000000000000e+00 0.000000000000000000e+00
1.754979798802000005e+03 0.000000000000000000e+00 0.000000000000000000e+00
1.756799890581699856e+03 0.000000000000000000e+00 0.000000000000000000e+00
1.762199891435699783e+03 0.000000000000000000e+00 0.000000000000000000e+00
1.766405178801999909e+03 0.000000000000000000e+00 0.000000000000000000e+00
1.767777220581699794e+03 0.000000000000000000e+00 0.000000000000000000e+00
1.773177221435699948e+03 0.000000000000000000e+00 0.000000000000000000e+00
1.777867896184099891e+03 0.000000000000000000e+00 0.000000000000000000e+00
1.778791882963799935e+03 0.000000000000000000e+00 0.000000000000000000e+00
1.784191886435700098e+03 0.000000000000000000e+00 0.000000000000000000e+00
1.789367953801999647e+03 0.000000000000000000e+00 0.000000000000000000e+00
1.789843885581700079e+03 0.000000000000000000e+00 0.000000000000000000e+00
1.795243886435700006e+03 0.000000000000000000e+00 0.000000000000000000e+00
1.800905346184099926e+03 0.000000000000000000e+00 0.000000000000000000e+00
1.806263202963800268e+03 0.000000000000000000e+00 0.000000000000000000e+00
1.811663206435699976e+03 0.000000000000000000e+00 0.000000000000000000e+00
1.812480081184100072e+03 0.000000000000000000e+00 0.000000000000000000e+00
1.817408547963799947e+03 0.000000000000000000e+00 0.000000000000000000e+00
1.822808551435700110e+03 0.000000000000000000e+00 0.000000000000000000e+00
1.824092151184099976e+03 0.000000000000000000e+00 0.000000000000000000e+00
1.828591232963800167e+03 0.000000000000000000e+00 0.000000000000000000e+00
1.833991236435699875e+03 0.000000000000000000e+00 0.000000000000000000e+00
1.835741557544699845e+03 0.000000000000000000e+00 0.000000000000000000e+00
1.839811254324399897e+03 0.000000000000000000e+00 0.000000000000000000e+00
1.845211256435699852e+03 0.000000000000000000e+00 0.000000000000000000e+00
1.847428301184100064e+03 0.000000000000000000e+00 0.000000000000000000e+00
1.851068612963799978e+03 0.000000000000000000e+00 0.000000000000000000e+00
1.856468616435700142e+03 0.000000000000000000e+00 0.000000000000000000e+00
1.859152386184100124e+03 0.000000000000000000e+00 0.000000000000000000e+00
1.862363312963799899e+03 0.000000000000000000e+00 0.000000000000000000e+00
1.867763316435700062e+03 0.000000000000000000e+00 0.000000000000000000e+00
1.870913806184099940e+03 0.000000000000000000e+00 0.000000000000000000e+00
1.873695347963800259e+03 0.000000000000000000e+00 0.000000000000000000e+00
1.879095351435699968e+03 0.000000000000000000e+00 0.000000000000000000e+00
1.882712563802000204e+03 0.000000000000000000e+00 0.000000000000000000e+00
1.885064720581700158e+03 0.000000000000000000e+00 0.000000000000000000e+00
1.890464721435700085e+03 0.000000000000000000e+00 0.000000000000000000e+00
1.894548656184100309e+03 0.000000000000000000e+00 0.000000000000000000e+00
1.896471427963800124e+03 0.000000000000000000e+00 0.000000000000000000e+00
1.901871431435699833e+03 0.000000000000000000e+00 0.000000000000000000e+00
1.906422093802000063e+03 0.000000000000000000e+00 0.000000000000000000e+00
1.907915480581699967e+03 0.000000000000000000e+00 0.000000000000000000e+00
1.913315481435699894e+03 0.000000000000000000e+00 0.000000000000000000e+00
1.918332863802000020e+03 0.000000000000000000e+00 0.000000000000000000e+00
1.919396865581700013e+03 0.000000000000000000e+00 0.000000000000000000e+00
1.924796866435700167e+03 0.000000000000000000e+00 0.000000000000000000e+00
1.930280973801999608e+03 0.000000000000000000e+00 0.000000000000000000e+00
1.930915590581699917e+03 0.000000000000000000e+00 0.000000000000000000e+00
1.936315591435699844e+03 0.000000000000000000e+00 0.000000000000000000e+00
1.941869596435699805e+03 0.000000000000000000e+00 0.000000000000000000e+00
1.942471652963800125e+03 0.000000000000000000e+00 0.000000000000000000e+00
1.948044327963800015e+03 0.000000000000000000e+00 0.000000000000000000e+00
1.953444331435699723e+03 0.000000000000000000e+00 0.000000000000000000e+00
1.954289208802000076e+03 0.000000000000000000e+00 0.000000000000000000e+00
1.959656395581700053e+03 0.000000000000000000e+00 0.000000000000000000e+00
1.965056396435699980e+03 0.000000000000000000e+00 0.000000000000000000e+00
1.966349331184100265e+03 0.000000000000000000e+00 0.000000000000000000e+00
1.971305802963800033e+03 0.000000000000000000e+00 0.000000000000000000e+00
1.976705806435699969e+03 0.000000000000000000e+00 0.000000000000000000e+00
1.978446796184100322e+03 0.000000000000000000e+00 0.000000000000000000e+00
1.982992547963800234e+03 0.000000000000000000e+00 0.000000000000000000e+00
1.988392551435700170e+03 0.000000000000000000e+00 0.000000000000000000e+00
1.990581593802000043e+03 0.000000000000000000e+00 0.000000000000000000e+00
1.994716630581700429e+03 0.000000000000000000e+00 0.000000000000000000e+00
2.000116631435700356e+03 0.000000000000000000e+00 0.000000000000000000e+00
2.002753726184099833e+03 0.000000000000000000e+00 0.000000000000000000e+00
2.006478052963799882e+03 0.000000000000000000e+00 0.000000000000000000e+00
2.011878056435700046e+03 0.000000000000000000e+00 0.000000000000000000e+00
2.014963203802000180e+03 0.000000000000000000e+00 0.000000000000000000e+00
2.018276810581700374e+03 0.000000000000000000e+00 0.000000000000000000e+00
2.023676811435700074e+03 0.000000000000000000e+00 0.000000000000000000e+00
2.027210016184099914e+03 0.000000000000000000e+00 0.000000000000000000e+00
2.030112907963799898e+03 0.000000000000000000e+00 0.000000000000000000e+00
2.035512911435700062e+03 0.000000000000000000e+00 0.000000000000000000e+00
2.039494171184099969e+03 0.000000000000000000e+00 0.000000000000000000e+00
2.041986342963800098e+03 0.000000000000000000e+00 0.000000000000000000e+00
2.047386346435700034e+03 0.000000000000000000e+00 0.000000000000000000e+00
2.051815657544699661e+03 0.000000000000000000e+00 0.000000000000000000e+00
2.053897114324400263e+03 0.000000000000000000e+00 0.000000000000000000e+00
2.059297116435699991e+03 0.000000000000000000e+00 0.000000000000000000e+00
2.064174481184099932e+03 0.000000000000000000e+00 0.000000000000000000e+00
2.065845222963799642e+03 0.000000000000000000e+00 0.000000000000000000e+00
2.071245226435700260e+03 0.000000000000000000e+00 0.000000000000000000e+00
2.076570646184100042e+03 0.000000000000000000e+00 0.000000000000000000e+00
2.077830667963800352e+03 0.000000000000000000e+00 0.000000000000000000e+00
2.083230671435700060e+03 0.000000000000000000e+00 0.000000000000000000e+00
2.089004147544700118e+03 0.000000000000000000e+00 0.000000000000000000e+00
2.095230232544700357e+03 0.000000000000000000e+00 0.000000000000000000e+00
2.101068826435700430e+03 0.000000000000000000e+00 0.000000000000000000e+00
2.101913577963799980e+03 0.000000000000000000e+00 0.000000000000000000e+00
2.107719741184099803e+03 0.000000000000000000e+00 0.000000000000000000e+00
2.113983166184099900e+03 0.000000000000000000e+00 0.000000000000000000e+00
2.119863747963800051e+03 0.000000000000000000e+00 0.000000000000000000e+00
2.125263751435700215e+03 0.000000000000000000e+00 0.000000000000000000e+00
2.126528681184100151e+03 0.000000000000000000e+00 0.000000000000000000e+00
2.132017212963800375e+03 0.000000000000000000e+00 0.000000000000000000e+00
2.137417216435700084e+03 0.000000000000000000e+00 0.000000000000000000e+00
2.139111533801999940e+03 0.000000000000000000e+00 0.000000000000000000e+00
2.144208020581700112e+03 0.000000000000000000e+00 0.000000000000000000e+00
2.149608021435699811e+03 0.000000000000000000e+00 0.000000000000000000e+00
2.151731723802000033e+03 0.000000000000000000e+00 0.000000000000000000e+00
2.156436165581700152e+03 0.000000000000000000e+00 0.000000000000000000e+00
2.161836166435699852e+03 0.000000000000000000e+00 0.000000000000000000e+00
2.164389251184100431e+03 0.000000000000000000e+00 0.000000000000000000e+00
2.168701647963800042e+03 0.000000000000000000e+00 0.000000000000000000e+00
2.174101651435700205e+03 0.000000000000000000e+00 0.000000000000000000e+00
2.177084121184099786e+03 0.000000000000000000e+00 0.000000000000000000e+00
2.181004467963799925e+03 0.000000000000000000e+00 0.000000000000000000e+00
2.186404471435700088e+03 0.000000000000000000e+00 0.000000000000000000e+00
2.189816326184100035e+03 0.000000000000000000e+00 0.000000000000000000e+00
2.193344622963799793e+03 0.000000000000000000e+00 0.000000000000000000e+00
2.198744626435699956e+03 0.000000000000000000e+00 0.000000000000000000e+00
2.202585867544700250e+03 0.000000000000000000e+00 0.000000000000000000e+00
2.205722119324399955e+03 0.000000000000000000e+00 0.000000000000000000e+00
2.211122121435699682e+03 0.000000000000000000e+00 0.000000000000000000e+00
2.215392746184099906e+03 0.000000000000000000e+00 0.000000000000000000e+00
2.218136952963800013e+03 0.000000000000000000e+00 0.000000000000000000e+00
2.223536956435700176e+03 0.000000000000000000e+00 0.000000000000000000e+00
2.228236966184099856e+03 0.000000000000000000e+00 0.000000000000000000e+00
2.230589122963800037e+03 0.000000000000000000e+00 0.000000000000000000e+00
2.235989126435699745e+03 0.000000000000000000e+00 0.000000000000000000e+00
2.241118523802000254e+03 0.000000000000000000e+00 0.000000000000000000e+00
2.243078630581700054e+03 0.000000000000000000e+00 0.000000000000000000e+00
2.248478631435700208e+03 0.000000000000000000e+00 0.000000000000000000e+00
2.254037416184099584e+03 0.000000000000000000e+00 0.000000000000000000e+00
2.255605477963800240e+03 0.000000000000000000e+00 0.000000000000000000e+00
2.261005481435699949e+03 0.000000000000000000e+00 0.000000000000000000e+00
2.266993651184100145e+03 0.000000000000000000e+00 0.000000000000000000e+00
2.268169662963799965e+03 0.000000000000000000e+00 0.000000000000000000e+00
2.273569666435700128e+03 0.000000000000000000e+00 0.000000000000000000e+00
2.279665071435699701e+03 0.000000000000000000e+00 0.000000000000000000e+00
2.280771185581700138e+03 0.000000000000000000e+00 0.000000000000000000e+00
2.286493333802000507e+03 0.000000000000000000e+00 0.000000000000000000e+00
2.292285256435700376e+03 0.000000000000000000e+00 0.000000000000000000e+00
2.293410042963800151e+03 0.000000000000000000e+00 0.000000000000000000e+00
2.299542782963800164e+03 0.000000000000000000e+00 0.000000000000000000e+00
2.306086242963800032e+03 0.000000000000000000e+00 0.000000000000000000e+00
2.312237652963849996e+03 0.000000000000000000e+00 0.000000000000000000e+00
2.317637656435750159e+03 0.000000000000000000e+00 0.000000000000000000e+00
2.319191956184099581e+03 0.000000000000000000e+00 0.000000000000000000e+00
2.324969857963799768e+03 0.000000000000000000e+00 0.000000000000000000e+00
2.330369861435700386e+03 0.000000000000000000e+00 0.000000000000000000e+00
2.332334876184100267e+03 0.000000000000000000e+00 0.000000000000000000e+00
2.337739397963800002e+03 0.000000000000000000e+00 0.000000000000000000e+00
2.343139401435700165e+03 0.000000000000000000e+00 0.000000000000000000e+00
2.345515133801999582e+03 0.000000000000000000e+00 0.000000000000000000e+00
2.350546280581700103e+03 0.000000000000000000e+00 0.000000000000000000e+00
2.355946281435700257e+03 0.000000000000000000e+00 0.000000000000000000e+00
2.358732726184100102e+03 0.000000000000000000e+00 0.000000000000000000e+00
2.363390497963800044e+03 0.000000000000000000e+00 0.000000000000000000e+00
2.368790501435699753e+03 0.000000000000000000e+00 0.000000000000000000e+00
2.371987663802000043e+03 0.000000000000000000e+00 0.000000000000000000e+00
2.376272055581699988e+03 0.000000000000000000e+00 0.000000000000000000e+00
2.381672056435700142e+03 0.000000000000000000e+00 0.000000000000000000e+00
2.385279933801999960e+03 0.000000000000000000e+00 0.000000000000000000e+00
2.389190945581699907e+03 0.000000000000000000e+00 0.000000000000000000e+00
2.394590946435700062e+03 0.000000000000000000e+00 0.000000000000000000e+00
2.398609543801999735e+03 0.000000000000000000e+00 0.000000000000000000e+00
2.402147180581700013e+03 0.000000000000000000e+00 0.000000000000000000e+00
2.407547181435700168e+03 0.000000000000000000e+00 0.000000000000000000e+00
2.411976491184100269e+03 0.000000000000000000e+00 0.000000000000000000e+00
2.415140747963800095e+03 0.000000000000000000e+00 0.000000000000000000e+00
2.420540751435699804e+03 0.000000000000000000e+00 0.000000000000000000e+00
2.425380781184099760e+03 0.000000000000000000e+00 0.000000000000000000e+00
2.428171657963800499e+03 0.000000000000000000e+00 0.000000000000000000e+00
2.433571661435700207e+03 0.000000000000000000e+00 0.000000000000000000e+00
2.438822406184099691e+03 0.000000000000000000e+00 0.000000000000000000e+00
2.441239902963799977e+03 0.000000000000000000e+00 0.000000000000000000e+00
2.446639906435700141e+03 0.000000000000000000e+00 0.000000000000000000e+00
2.452301366184100061e+03 0.000000000000000000e+00 0.000000000000000000e+00
2.454345482963799441e+03 0.000000000000000000e+00 0.000000000000000000e+00
2.459745486435700059e+03 0.000000000000000000e+00 0.000000000000000000e+00
2.465817666184100290e+03 0.000000000000000000e+00 0.000000000000000000e+00
2.467488407963800000e+03 0.000000000000000000e+00 0.000000000000000000e+00
2.472888411435700164e+03 0.000000000000000000e+00 0.000000000000000000e+00
2.479282516435700018e+03 0.000000000000000000e+00 0.000000000000000000e+00
2.480668665581699770e+03 0.000000000000000000e+00 0.000000000000000000e+00
2.486157453801999964e+03 0.000000000000000000e+00 0.000000000000000000e+00
2.492481441435700162e+03 0.000000000000000000e+00 0.000000000000000000e+00
2.493886262963800164e+03 0.000000000000000000e+00 0.000000000000000000e+00
2.499767101184099829e+03 0.000000000000000000e+00 0.000000000000000000e+00
2.505717706435700165e+03 0.000000000000000000e+00 0.000000000000000000e+00
2.507141192963800222e+03 0.000000000000000000e+00 0.000000000000000000e+00
2.513414081184099814e+03 0.000000000000000000e+00 0.000000000000000000e+00
2.518991311435700027e+03 0.000000000000000000e+00 0.000000000000000000e+00
2.520433467963799558e+03 0.000000000000000000e+00 0.000000000000000000e+00
2.526902247963799709e+03 0.000000000000000000e+00 0.000000000000000000e+00
2.532302251435699873e+03 0.000000000000000000e+00 0.000000000000000000e+00
2.533959231184099735e+03 0.000000000000000000e+00 0.000000000000000000e+00
2.540250527963800323e+03 0.000000000000000000e+00 0.000000000000000000e+00
2.545650531435700032e+03 0.000000000000000000e+00 0.000000000000000000e+00
2.547699556184099947e+03 0.000000000000000000e+00 0.000000000000000000e+00
2.553636142963800012e+03 0.000000000000000000e+00 0.000000000000000000e+00
2.559036146435699720e+03 0.000000000000000000e+00 0.000000000000000000e+00
2.561477218801999697e+03 0.000000000000000000e+00 0.000000000000000000e+00
2.567059100581700022e+03 0.000000000000000000e+00 0.000000000000000000e+00
2.572459101435699722e+03 0.000000000000000000e+00 0.000000000000000000e+00
2.575292221184100072e+03 0.000000000000000000e+00 0.000000000000000000e+00
2.580519392963799874e+03 0.000000000000000000e+00 0.000000000000000000e+00
2.585919396435700037e+03 0.000000000000000000e+00 0.000000000000000000e+00
2.589144563801999993e+03 0.000000000000000000e+00 0.000000000000000000e+00
2.594017020581699853e+03 0.000000000000000000e+00 0.000000000000000000e+00
2.599417021435700008e+03 0.000000000000000000e+00 0.000000000000000000e+00
2.603034236184100337e+03 0.000000000000000000e+00 0.000000000000000000e+00
2.607551987963800002e+03 0.000000000000000000e+00 0.000000000000000000e+00
2.612951991435699711e+03 0.000000000000000000e+00 0.000000000000000000e+00
2.616961256184099966e+03 0.000000000000000000e+00 0.000000000000000000e+00
2.621124297963800018e+03 0.000000000000000000e+00 0.000000000000000000e+00
2.626524301435699726e+03 0.000000000000000000e+00 0.000000000000000000e+00
2.630925611184100035e+03 0.000000000000000000e+00 0.000000000000000000e+00
2.634733942963800018e+03 0.000000000000000000e+00 0.000000000000000000e+00
2.640133946435700182e+03 0.000000000000000000e+00 0.000000000000000000e+00
2.644927301184099633e+03 0.000000000000000000e+00 0.000000000000000000e+00
2.648380922963800003e+03 0.000000000000000000e+00 0.000000000000000000e+00
2.653780926435699712e+03 0.000000000000000000e+00 0.000000000000000000e+00
2.658966331184100000e+03 0.000000000000000000e+00 0.000000000000000000e+00
2.662065242963799847e+03 0.000000000000000000e+00 0.000000000000000000e+00
2.667465246435700010e+03 0.000000000000000000e+00 0.000000000000000000e+00
2.673042697544699877e+03 0.000000000000000000e+00 0.000000000000000000e+00
2.675786899324399656e+03 0.000000000000000000e+00 0.000000000000000000e+00
2.681186901435699838e+03 0.000000000000000000e+00 0.000000000000000000e+00
2.687156401184100105e+03 0.000000000000000000e+00 0.000000000000000000e+00
2.689545897963800144e+03 0.000000000000000000e+00 0.000000000000000000e+00
2.694945901435699852e+03 0.000000000000000000e+00 0.000000000000000000e+00
2.701307446184100172e+03 0.000000000000000000e+00 0.000000000000000000e+00
2.703342227963799814e+03 0.000000000000000000e+00 0.000000000000000000e+00
2.708742231435699523e+03 0.000000000000000000e+00 0.000000000000000000e+00
2.715472376435699516e+03 0.000000000000000000e+00 0.000000000000000000e+00
2.722575901435699961e+03 0.000000000000000000e+00 0.000000000000000000e+00
2.729324721435700212e+03 0.000000000000000000e+00 0.000000000000000000e+00
2.731046910581700104e+03 0.000000000000000000e+00 0.000000000000000000e+00
2.736843733801999861e+03 0.000000000000000000e+00 0.000000000000000000e+00
2.743214391435699781e+03 0.000000000000000000e+00 0.000000000000000000e+00
2.744955252963799921e+03 0.000000000000000000e+00 0.000000000000000000e+00
2.751125461184100004e+03 0.000000000000000000e+00 0.000000000000000000e+00
2.757141411435699865e+03 0.000000000000000000e+00 0.000000000000000000e+00
2.758900939324400497e+03 0.000000000000000000e+00 0.000000000000000000e+00
2.765444522544700249e+03 0.000000000000000000e+00 0.000000000000000000e+00
2.771105761435700515e+03 0.000000000000000000e+00 0.000000000000000000e+00
2.772883960581700194e+03 0.000000000000000000e+00 0.000000000000000000e+00
2.779707455581699833e+03 0.000000000000000000e+00 0.000000000000000000e+00
2.785107456435699987e+03 0.000000000000000000e+00 0.000000000000000000e+00
2.786997792544700133e+03 0.000000000000000000e+00 0.000000000000000000e+00
2.793746484324400171e+03 0.000000000000000000e+00 0.000000000000000000e+00
2.799146486435700353e+03 0.000000000000000000e+00 0.000000000000000000e+00
2.801410201184100515e+03 0.000000000000000000e+00 0.000000000000000000e+00
2.807822847963800086e+03 0.000000000000000000e+00 0.000000000000000000e+00
2.813222851435699795e+03 0.000000000000000000e+00 0.000000000000000000e+00
2.815859947544699935e+03 0.000000000000000000e+00 0.000000000000000000e+00
2.821936554324400277e+03 0.000000000000000000e+00 0.000000000000000000e+00
2.827336556435699549e+03 0.000000000000000000e+00 0.000000000000000000e+00
2.830347028801999841e+03 0.000000000000000000e+00 0.000000000000000000e+00
2.836087595581699588e+03 0.000000000000000000e+00 0.000000000000000000e+00
2.841487596435699743e+03 0.000000000000000000e+00 0.000000000000000000e+00
2.844871448802000486e+03 0.000000000000000000e+00 0.000000000000000000e+00
2.850275975581700095e+03 0.000000000000000000e+00 0.000000000000000000e+00
2.855675976435699795e+03 0.000000000000000000e+00 0.000000000000000000e+00
2.859433208801999626e+03 0.000000000000000000e+00 0.000000000000000000e+00
2.864501695581700005e+03 0.000000000000000000e+00 0.000000000000000000e+00
2.869901696435700160e+03 0.000000000000000000e+00 0.000000000000000000e+00
2.874032306184099980e+03 0.000000000000000000e+00 0.000000000000000000e+00
2.878764752963800220e+03 0.000000000000000000e+00 0.000000000000000000e+00
2.884164756435700383e+03 0.000000000000000000e+00 0.000000000000000000e+00
2.888668742544700308e+03 0.000000000000000000e+00 0.000000000000000000e+00
2.893065144324400080e+03 0.000000000000000000e+00 0.000000000000000000e+00
2.898465146435700262e+03 0.000000000000000000e+00 0.000000000000000000e+00
2.903342513802000212e+03 0.000000000000000000e+00 0.000000000000000000e+00
2.907402875581700300e+03 0.000000000000000000e+00 0.000000000000000000e+00
2.912802876435700000e+03 0.000000000000000000e+00 0.000000000000000000e+00
2.918053623801999947e+03 0.000000000000000000e+00 0.000000000000000000e+00
2.921777945581700351e+03 0.000000000000000000e+00 0.000000000000000000e+00
2.927177946435700051e+03 0.000000000000000000e+00 0.000000000000000000e+00
2.932802071184099987e+03 0.000000000000000000e+00 0.000000000000000000e+00
2.936190352963800251e+03 0.000000000000000000e+00 0.000000000000000000e+00
2.941590356435699960e+03 0.000000000000000000e+00 0.000000000000000000e+00
2.947587858802000028e+03 0.000000000000000000e+00 0.000000000000000000e+00
2.950640100581700153e+03 0.000000000000000000e+00 0.000000000000000000e+00
2.956040101435699853e+03 0.000000000000000000e+00 0.000000000000000000e+00
2.962410981184099910e+03 0.000000000000000000e+00 0.000000000000000000e+00
2.965127182963800351e+03 0.000000000000000000e+00 0.000000000000000000e+00
2.970527186435700060e+03 0.000000000000000000e+00 0.000000000000000000e+00
2.977271446184100114e+03 0.000000000000000000e+00 0.000000000000000000e+00
2.979651602963800087e+03 0.000000000000000000e+00 0.000000000000000000e+00
2.985051606435700251e+03 0.000000000000000000e+00 0.000000000000000000e+00
2.992155131435699786e+03 0.000000000000000000e+00 0.000000000000000000e+00
2.999613366435700300e+03 0.000000000000000000e+00 0.000000000000000000e+00
3.006735561435699765e+03 0.000000000000000000e+00 0.000000000000000000e+00
3.008812460581700179e+03 0.000000000000000000e+00 0.000000000000000000e+00
3.014581283802000144e+03 0.000000000000000000e+00 0.000000000000000000e+00
3.021353326435700183e+03 0.000000000000000000e+00 0.000000000000000000e+00
3.023448897963799936e+03 0.000000000000000000e+00 0.000000000000000000e+00
3.029572431184099969e+03 0.000000000000000000e+00 0.000000000000000000e+00
3.036008431435699549e+03 0.000000000000000000e+00 0.000000000000000000e+00
3.038122667963799813e+03 0.000000000000000000e+00 0.000000000000000000e+00
3.044600911184099914e+03 0.000000000000000000e+00 0.000000000000000000e+00
3.050700871435700265e+03 0.000000000000000000e+00 0.000000000000000000e+00
3.052833777963800003e+03 0.000000000000000000e+00 0.000000000000000000e+00
3.059666731184099717e+03 0.000000000000000000e+00 0.000000000000000000e+00
3.065430651435699929e+03 0.000000000000000000e+00 0.000000000000000000e+00
3.067582227963800051e+03 0.000000000000000000e+00 0.000000000000000000e+00
3.074769891184099833e+03 0.000000000000000000e+00 0.000000000000000000e+00
3.082340137544699701e+03 0.000000000000000000e+00 0.000000000000000000e+00
3.089602219324399812e+03 0.000000000000000000e+00 0.000000000000000000e+00
3.095002221435700449e+03 0.000000000000000000e+00 0.000000000000000000e+00
3.097499301184100204e+03 0.000000000000000000e+00 0.000000000000000000e+00
3.104444012963800105e+03 0.000000000000000000e+00 0.000000000000000000e+00
3.109844016435699814e+03 0.000000000000000000e+00 0.000000000000000000e+00
3.112695806184100093e+03 0.000000000000000000e+00 0.000000000000000000e+00
3.119323142963799910e+03 0.000000000000000000e+00 0.000000000000000000e+00
3.124723146435700073e+03 0.000000000000000000e+00 0.000000000000000000e+00
3.127929646184099965e+03 0.000000000000000000e+00 0.000000000000000000e+00
3.134239612963800028e+03 0.000000000000000000e+00 0.000000000000000000e+00
3.139639616435699736e+03 0.000000000000000000e+00 0.000000000000000000e+00
3.143200823801999832e+03 0.000000000000000000e+00 0.000000000000000000e+00
3.149193420581699684e+03 0.000000000000000000e+00 0.000000000000000000e+00
3.154593421435700293e+03 0.000000000000000000e+00 0.000000000000000000e+00
3.158509336184100448e+03 0.000000000000000000e+00 0.000000000000000000e+00
3.164184562963800090e+03 0.000000000000000000e+00 0.000000000000000000e+00
3.169584566435700253e+03 0.000000000000000000e+00 0.000000000000000000e+00
3.173855191184100022e+03 0.000000000000000000e+00 0.000000000000000000e+00
3.179213042963800035e+03 0.000000000000000000e+00 0.000000000000000000e+00
3.184613046435700198e+03 0.000000000000000000e+00 0.000000000000000000e+00
3.189238381184100035e+03 0.000000000000000000e+00 0.000000000000000000e+00
3.194278862963799838e+03 0.000000000000000000e+00 0.000000000000000000e+00
3.199678866435700002e+03 0.000000000000000000e+00 0.000000000000000000e+00
3.204658911184099907e+03 0.000000000000000000e+00 0.000000000000000000e+00
3.209382022963799955e+03 0.000000000000000000e+00 0.000000000000000000e+00
3.214782026435699663e+03 0.000000000000000000e+00 0.000000000000000000e+00
3.220116781184100091e+03 0.000000000000000000e+00 0.000000000000000000e+00
3.224522517963800055e+03 0.000000000000000000e+00 0.000000000000000000e+00
3.229922521435700219e+03 0.000000000000000000e+00 0.000000000000000000e+00
3.235611986184100260e+03 0.000000000000000000e+00 0.000000000000000000e+00
3.239700347963800141e+03 0.000000000000000000e+00 0.000000000000000000e+00
3.245100351435700304e+03 0.000000000000000000e+00 0.000000000000000000e+00
3.251144526184099959e+03 0.000000000000000000e+00 0.000000000000000000e+00
3.254915522963799958e+03 0.000000000000000000e+00 0.000000000000000000e+00
3.260315526435700122e+03 0.000000000000000000e+00 0.000000000000000000e+00
3.266714406184099971e+03 0.000000000000000000e+00 0.000000000000000000e+00
3.270168027963799886e+03 0.000000000000000000e+00 0.000000000000000000e+00
3.275568031435700050e+03 0.000000000000000000e+00 0.000000000000000000e+00
3.282321626184099841e+03 0.000000000000000000e+00 0.000000000000000000e+00
3.285457877963800001e+03 0.000000000000000000e+00 0.000000000000000000e+00
3.290857881435700165e+03 0.000000000000000000e+00 0.000000000000000000e+00
3.297966183802000160e+03 0.000000000000000000e+00 0.000000000000000000e+00
3.300785060581700236e+03 0.000000000000000000e+00 0.000000000000000000e+00
3.306185061435699936e+03 0.000000000000000000e+00 0.000000000000000000e+00
3.313648076184099864e+03 0.000000000000000000e+00 0.000000000000000000e+00
3.316149587963800059e+03 0.000000000000000000e+00 0.000000000000000000e+00
3.321549591435699767e+03 0.000000000000000000e+00 0.000000000000000000e+00
3.329082501435700124e+03 0.000000000000000000e+00 0.000000000000000000e+00
3.331551447963800001e+03 0.000000000000000000e+00 0.000000000000000000e+00
3.337236261184100385e+03 0.000000000000000000e+00 0.000000000000000000e+00
3.344503026435700122e+03 0.000000000000000000e+00 0.000000000000000000e+00
3.346990642963800383e+03 0.000000000000000000e+00 0.000000000000000000e+00
3.353011501184099870e+03 0.000000000000000000e+00 0.000000000000000000e+00
3.359960896435700306e+03 0.000000000000000000e+00 0.000000000000000000e+00
3.362467180581699722e+03 0.000000000000000000e+00 0.000000000000000000e+00
3.368824073801999475e+03 0.000000000000000000e+00 0.000000000000000000e+00
3.375456096435700147e+03 0.000000000000000000e+00 0.000000000000000000e+00
3.377981052963799812e+03 0.000000000000000000e+00 0.000000000000000000e+00
3.384673991184100032e+03 0.000000000000000000e+00 0.000000000000000000e+00
3.390988641435700629e+03 0.000000000000000000e+00 0.000000000000000000e+00
3.393532262963799894e+03 0.000000000000000000e+00 0.000000000000000000e+00
3.400561241184099799e+03 0.000000000000000000e+00 0.000000000000000000e+00
3.406558521435700186e+03 0.000000000000000000e+00 0.000000000000000000e+00
3.409120812963800290e+03 0.000000000000000000e+00 0.000000000000000000e+00
3.416485831184100334e+03 0.000000000000000000e+00 0.000000000000000000e+00
3.422165741435700056e+03 0.000000000000000000e+00 0.000000000000000000e+00
3.424746702963800089e+03 0.000000000000000000e+00 0.000000000000000000e+00
3.432410292963800202e+03 0.000000000000000000e+00 0.000000000000000000e+00
3.440409925581700008e+03 0.000000000000000000e+00 0.000000000000000000e+00
3.448092190581699924e+03 0.000000000000000000e+00 0.000000000000000000e+00
3.453492191435700079e+03 0.000000000000000000e+00 0.000000000000000000e+00
3.456465326184099922e+03 0.000000000000000000e+00 0.000000000000000000e+00
3.463811422963799941e+03 0.000000000000000000e+00 0.000000000000000000e+00
3.469211426435700105e+03 0.000000000000000000e+00 0.000000000000000000e+00
3.472520601184100087e+03 0.000000000000000000e+00 0.000000000000000000e+00
3.479567992963799952e+03 0.000000000000000000e+00 0.000000000000000000e+00
3.484967996435700115e+03 0.000000000000000000e+00 0.000000000000000000e+00
3.488613211184100237e+03 0.000000000000000000e+00 0.000000000000000000e+00
3.495361897963800402e+03 0.000000000000000000e+00 0.000000000000000000e+00
3.500761901435700111e+03 0.000000000000000000e+00 0.000000000000000000e+00
3.504743161184100245e+03 0.000000000000000000e+00 0.000000000000000000e+00
3.511193147963800584e+03 0.000000000000000000e+00 0.000000000000000000e+00
3.516593151435700292e+03 0.000000000000000000e+00 0.000000000000000000e+00
3.520910447544699764e+03 0.000000000000000000e+00 0.000000000000000000e+00
3.527061729324399948e+03 0.000000000000000000e+00 0.000000000000000000e+00
3.532461731435700585e+03 0.000000000000000000e+00 0.000000000000000000e+00
3.537115068801999769e+03 0.000000000000000000e+00 0.000000000000000000e+00
3.542967650581699672e+03 0.000000000000000000e+00 0.000000000000000000e+00
3.548367651435700282e+03 0.000000000000000000e+00 0.000000000000000000e+00
3.553357031184099924e+03 0.000000000000000000e+00 0.000000000000000000e+00
3.558910907963799673e+03 0.000000000000000000e+00 0.000000000000000000e+00
3.564310911435700291e+03 0.000000000000000000e+00 0.000000000000000000e+00
3.569636333802000536e+03 0.000000000000000000e+00 0.000000000000000000e+00
3.574891505581699676e+03 0.000000000000000000e+00 0.000000000000000000e+00
3.580291506435699830e+03 0.000000000000000000e+00 0.000000000000000000e+00
3.585952966184100205e+03 0.000000000000000000e+00 0.000000000000000000e+00
3.590909437963800428e+03 0.000000000000000000e+00 0.000000000000000000e+00
3.596309441435699682e+03 0.000000000000000000e+00 0.000000000000000000e+00
3.602306946184100070e+03 0.000000000000000000e+00 0.000000000000000000e+00
3.606964712963800139e+03 0.000000000000000000e+00 0.000000000000000000e+00
3.612364716435699847e+03 0.000000000000000000e+00 0.000000000000000000e+00
3.618698261184099920e+03 0.000000000000000000e+00 0.000000000000000000e+00
3.623057322963800289e+03 0.000000000000000000e+00 0.000000000000000000e+00
3.628457326435699997e+03 0.000000000000000000e+00 0.000000000000000000e+00
3.635126911184100209e+03 0.000000000000000000e+00 0.000000000000000000e+00
3.639187272963800297e+03 0.000000000000000000e+00 0.000000000000000000e+00
3.644587276435700005e+03 0.000000000000000000e+00 0.000000000000000000e+00
3.651592901184099446e+03 0.000000000000000000e+00 0.000000000000000000e+00
3.655354557963799380e+03 0.000000000000000000e+00 0.000000000000000000e+00
3.660754561435699998e+03 0.000000000000000000e+00 0.000000000000000000e+00
3.668096226184100487e+03 0.000000000000000000e+00 0.000000000000000000e+00
3.671559182963799685e+03 0.000000000000000000e+00 0.000000000000000000e+00
3.676959186435699849e+03 0.000000000000000000e+00 0.000000000000000000e+00
3.684636888802000158e+03 0.000000000000000000e+00 0.000000000000000000e+00
3.687801145581699984e+03 0.000000000000000000e+00 0.000000000000000000e+00
3.693201146435700139e+03 0.000000000000000000e+00 0.000000000000000000e+00
3.701182111435699426e+03 0.000000000000000000e+00 0.000000000000000000e+00
3.709480451435700616e+03 0.000000000000000000e+00 0.000000000000000000e+00
3.717480081435700413e+03 0.000000000000000000e+00 0.000000000000000000e+00
3.720397082963800131e+03 0.000000000000000000e+00 0.000000000000000000e+00
3.726147241184100494e+03 0.000000000000000000e+00 0.000000000000000000e+00
3.733815391435700349e+03 0.000000000000000000e+00 0.000000000000000000e+00
3.736751059324400103e+03 0.000000000000000000e+00 0.000000000000000000e+00
3.742818582544699893e+03 0.000000000000000000e+00 0.000000000000000000e+00
3.750188031435699941e+03 0.000000000000000000e+00 0.000000000000000000e+00
3.753142372963799971e+03 0.000000000000000000e+00 0.000000000000000000e+00
3.759527271184100300e+03 0.000000000000000000e+00 0.000000000000000000e+00
3.766598016435749742e+03 0.000000000000000000e+00 0.000000000000000000e+00
3.769571022963849828e+03 0.000000000000000000e+00 0.000000000000000000e+00
3.776273291184099435e+03 0.000000000000000000e+00 0.000000000000000000e+00
3.783045331435750086e+03 0.000000000000000000e+00 0.000000000000000000e+00
3.786037007963850101e+03 0.000000000000000000e+00 0.000000000000000000e+00
3.793056651184100247e+03 0.000000000000000000e+00 0.000000000000000000e+00
3.799529991435700140e+03 0.000000000000000000e+00 0.000000000000000000e+00
3.802540337963799630e+03 0.000000000000000000e+00 0.000000000000000000e+00
3.809877351184099098e+03 0.000000000000000000e+00 0.000000000000000000e+00
3.816051986435700201e+03 0.000000000000000000e+00 0.000000000000000000e+00
3.819081002963799619e+03 0.000000000000000000e+00 0.000000000000000000e+00
3.826735391184099626e+03 0.000000000000000000e+00 0.000000000000000000e+00
3.832611321435750142e+03 0.000000000000000000e+00 0.000000000000000000e+00
3.835659002963850526e+03 0.000000000000000000e+00 0.000000000000000000e+00
3.843630761184099811e+03 0.000000000000000000e+00 0.000000000000000000e+00
3.849207991435700023e+03 0.000000000000000000e+00 0.000000000000000000e+00
3.852274344324399863e+03 0.000000000000000000e+00 0.000000000000000000e+00
3.860441999324450080e+03 0.000000000000000000e+00 0.000000000000000000e+00
3.865842001435750262e+03 0.000000000000000000e+00 0.000000000000000000e+00
3.869048497544700695e+03 0.000000000000000000e+00 0.000000000000000000e+00
3.877113344324400259e+03 0.000000000000000000e+00 0.000000000000000000e+00
3.882513346435700441e+03 0.000000000000000000e+00 0.000000000000000000e+00
3.886037216184100089e+03 0.000000000000000000e+00 0.000000000000000000e+00
3.893822027963799883e+03 0.000000000000000000e+00 0.000000000000000000e+00
3.899222031435700501e+03 0.000000000000000000e+00 0.000000000000000000e+00
3.903063276184099777e+03 0.000000000000000000e+00 0.000000000000000000e+00
3.910568052963800255e+03 0.000000000000000000e+00 0.000000000000000000e+00
3.915968056435700419e+03 0.000000000000000000e+00 0.000000000000000000e+00
3.920126671184100815e+03 0.000000000000000000e+00 0.000000000000000000e+00
3.927351412963799703e+03 0.000000000000000000e+00 0.000000000000000000e+00
3.932751416435700321e+03 0.000000000000000000e+00 0.000000000000000000e+00
3.937227401184099563e+03 0.000000000000000000e+00 0.000000000000000000e+00
3.944172112963799918e+03 0.000000000000000000e+00 0.000000000000000000e+00
3.949572116435700082e+03 0.000000000000000000e+00 0.000000000000000000e+00
3.954365471184099988e+03 0.000000000000000000e+00 0.000000000000000000e+00
3.961030147963799664e+03 0.000000000000000000e+00 0.000000000000000000e+00
3.966430151435699827e+03 0.000000000000000000e+00 0.000000000000000000e+00
3.971540881184100272e+03 0.000000000000000000e+00 0.000000000000000000e+00
3.977925522963800177e+03 0.000000000000000000e+00 0.000000000000000000e+00
3.983325526435700340e+03 0.000000000000000000e+00 0.000000000000000000e+00
3.988753626184100540e+03 0.000000000000000000e+00 0.000000000000000000e+00
3.994858232963800219e+03 0.000000000000000000e+00 0.000000000000000000e+00
4.000258236435699928e+03 0.000000000000000000e+00 0.000000000000000000e+00
4.006003708801999892e+03 0.000000000000000000e+00 0.000000000000000000e+00
4.011828285581700129e+03 0.000000000000000000e+00 0.000000000000000000e+00
4.017228286435699374e+03 0.000000000000000000e+00 0.000000000000000000e+00
4.023291128802000003e+03 0.000000000000000000e+00 0.000000000000000000e+00
4.028835670581750037e+03 0.000000000000000000e+00 0.000000000000000000e+00
4.034235671435750191e+03 0.000000000000000000e+00 0.000000000000000000e+00
4.040615887544699945e+03 0.000000000000000000e+00 0.000000000000000000e+00
4.045880399324399605e+03 0.000000000000000000e+00 0.000000000000000000e+00
4.051280401435699787e+03 0.000000000000000000e+00 0.000000000000000000e+00
4.057977986184100246e+03 0.000000000000000000e+00 0.000000000000000000e+00
4.062962462963800135e+03 0.000000000000000000e+00 0.000000000000000000e+00
4.068362466435699389e+03 0.000000000000000000e+00 0.000000000000000000e+00
4.075377422544700039e+03 0.000000000000000000e+00 0.000000000000000000e+00
4.080081864324399703e+03 0.000000000000000000e+00 0.000000000000000000e+00
4.085481866435699885e+03 0.000000000000000000e+00 0.000000000000000000e+00
4.092814193801999409e+03 0.000000000000000000e+00 0.000000000000000000e+00
4.097238600581700666e+03 0.000000000000000000e+00 0.000000000000000000e+00
4.102638601435700366e+03 0.000000000000000000e+00 0.000000000000000000e+00
4.110288303801999064e+03 0.000000000000000000e+00 0.000000000000000000e+00
4.114432680581749082e+03 0.000000000000000000e+00 0.000000000000000000e+00
4.119832681435750601e+03 0.000000000000000000e+00 0.000000000000000000e+00
4.127799751184099478e+03 0.000000000000000000e+00 0.000000000000000000e+00
4.131664092963800613e+03 0.000000000000000000e+00 0.000000000000000000e+00
4.137064096435700776e+03 0.000000000000000000e+00 0.000000000000000000e+00
4.145348541184100213e+03 0.000000000000000000e+00 0.000000000000000000e+00
4.148932847963849781e+03 0.000000000000000000e+00 0.000000000000000000e+00
4.154332851435749944e+03 0.000000000000000000e+00 0.000000000000000000e+00
4.162836546435749369e+03 0.000000000000000000e+00 0.000000000000000000e+00
4.166238937963849821e+03 0.000000000000000000e+00 0.000000000000000000e+00
4.171737061184100639e+03 0.000000000000000000e+00 0.000000000000000000e+00
4.180161301435699897e+03 0.000000000000000000e+00 0.000000000000000000e+00
4.183582362963799824e+03 0.000000000000000000e+00 0.000000000000000000e+00
4.189379191184099909e+03 0.000000000000000000e+00 0.000000000000000000e+00
4.197523401435750202e+03 0.000000000000000000e+00 0.000000000000000000e+00
4.200963132963849603e+03 0.000000000000000000e+00 0.000000000000000000e+00
4.207058661184099037e+03 0.000000000000000000e+00 0.000000000000000000e+00
4.214922836435700447e+03 0.000000000000000000e+00 0.000000000000000000e+00
4.218381237963800231e+03 0.000000000000000000e+00 0.000000000000000000e+00
4.224775471184099843e+03 0.000000000000000000e+00 0.000000000000000000e+00
4.232359611435699662e+03 0.000000000000000000e+00 0.000000000000000000e+00
4.235836677963799957e+03 0.000000000000000000e+00 0.000000000000000000e+00
4.242529611184099849e+03 0.000000000000000000e+00 0.000000000000000000e+00
4.249833716435699898e+03 0.000000000000000000e+00 0.000000000000000000e+00
4.253329455581700131e+03 0.000000000000000000e+00 0.000000000000000000e+00
4.260321093801999268e+03 0.000000000000000000e+00 0.000000000000000000e+00
4.267345166435699866e+03 0.000000000000000000e+00 0.000000000000000000e+00
4.270859575581700483e+03 0.000000000000000000e+00 0.000000000000000000e+00
4.278149913801999901e+03 0.000000000000000000e+00 0.000000000000000000e+00
4.284893951435750751e+03 0.000000000000000000e+00 0.000000000000000000e+00
4.288427029324450814e+03 0.000000000000000000e+00 0.000000000000000000e+00
4.296016072544700364e+03 0.000000000000000000e+00 0.000000000000000000e+00
4.302480076435699630e+03 0.000000000000000000e+00 0.000000000000000000e+00
4.306031822963799641e+03 0.000000000000000000e+00 0.000000000000000000e+00
4.313919571184099368e+03 0.000000000000000000e+00 0.000000000000000000e+00
4.320103541435700208e+03 0.000000000000000000e+00 0.000000000000000000e+00
4.323673954324399347e+03 0.000000000000000000e+00 0.000000000000000000e+00
4.331860402544700264e+03 0.000000000000000000e+00 0.000000000000000000e+00
4.337764336435750010e+03 0.000000000000000000e+00 0.000000000000000000e+00
4.341353420581749560e+03 0.000000000000000000e+00 0.000000000000000000e+00
4.349838573802000610e+03 0.000000000000000000e+00 0.000000000000000000e+00
4.355462476435700410e+03 0.000000000000000000e+00 0.000000000000000000e+00
4.359070230581700343e+03 0.000000000000000000e+00 0.000000000000000000e+00
4.367797950581700206e+03 0.000000000000000000e+00 0.000000000000000000e+00
4.373197951435699906e+03 0.000000000000000000e+00 0.000000000000000000e+00
4.376880506184099431e+03 0.000000000000000000e+00 0.000000000000000000e+00
4.385570762963800917e+03 0.000000000000000000e+00 0.000000000000000000e+00
4.390970766435699261e+03 0.000000000000000000e+00 0.000000000000000000e+00
4.394952026184099850e+03 0.000000000000000000e+00 0.000000000000000000e+00
4.403380917963850152e+03 0.000000000000000000e+00 0.000000000000000000e+00
4.408780921435750315e+03 0.000000000000000000e+00 0.000000000000000000e+00
4.413060881184100253e+03 0.000000000000000000e+00 0.000000000000000000e+00
4.421228402963800363e+03 0.000000000000000000e+00 0.000000000000000000e+00
4.426628406435700526e+03 0.000000000000000000e+00 0.000000000000000000e+00
4.431207071184099732e+03 0.000000000000000000e+00 0.000000000000000000e+00
4.439113232963800328e+03 0.000000000000000000e+00 0.000000000000000000e+00
4.444513236435700492e+03 0.000000000000000000e+00 0.000000000000000000e+00
4.449390601184099978e+03 0.000000000000000000e+00 0.000000000000000000e+00
4.457035397963800278e+03 0.000000000000000000e+00 0.000000000000000000e+00
4.462435401435699532e+03 0.000000000000000000e+00 0.000000000000000000e+00
4.467611468801999763e+03 0.000000000000000000e+00 0.000000000000000000e+00
4.474994900581700676e+03 0.000000000000000000e+00 0.000000000000000000e+00
4.480394901435699467e+03 0.000000000000000000e+00 0.000000000000000000e+00
4.485869671184099388e+03 0.000000000000000000e+00 0.000000000000000000e+00
4.492991737963850028e+03 0.000000000000000000e+00 0.000000000000000000e+00
4.498391741435750191e+03 0.000000000000000000e+00 0.000000000000000000e+00
4.504165216184100245e+03 0.000000000000000000e+00 0.000000000000000000e+00
4.511025917963799657e+03 0.000000000000000000e+00 0.000000000000000000e+00
4.516425921435699820e+03 0.000000000000000000e+00 0.000000000000000000e+00
4.522498096184100177e+03 0.000000000000000000e+00 0.000000000000000000e+00
4.529097432963800202e+03 0.000000000000000000e+00 0.000000000000000000e+00
4.534497436435699456e+03 0.000000000000000000e+00 0.000000000000000000e+00
4.540868316184099967e+03 0.000000000000000000e+00 0.000000000000000000e+00
4.547206287963800605e+03 0.000000000000000000e+00 0.000000000000000000e+00
4.552606291435699859e+03 0.000000000000000000e+00 0.000000000000000000e+00
4.559275873802000206e+03 0.000000000000000000e+00 0.000000000000000000e+00
4.565352480581699638e+03 0.000000000000000000e+00 0.000000000000000000e+00
4.570752481435699337e+03 0.000000000000000000e+00 0.000000000000000000e+00
4.577720766184100285e+03 0.000000000000000000e+00 0.000000000000000000e+00
4.583536007963849443e+03 0.000000000000000000e+00 0.000000000000000000e+00
4.588936011435750515e+03 0.000000000000000000e+00 0.000000000000000000e+00
4.596203001184100685e+03 0.000000000000000000e+00 0.000000000000000000e+00
4.601756877963800434e+03 0.000000000000000000e+00 0.000000000000000000e+00
4.607156881435700598e+03 0.000000000000000000e+00 0.000000000000000000e+00
4.614722571184100161e+03 0.000000000000000000e+00 0.000000000000000000e+00
4.620015082963800523e+03 0.000000000000000000e+00 0.000000000000000000e+00
4.625415086435699777e+03 0.000000000000000000e+00 0.000000000000000000e+00
4.633279481184099495e+03 0.000000000000000000e+00 0.000000000000000000e+00
4.638310627963849583e+03 0.000000000000000000e+00 0.000000000000000000e+00
4.643710631435750656e+03 0.000000000000000000e+00 0.000000000000000000e+00
4.651873726184099723e+03 0.000000000000000000e+00 0.000000000000000000e+00
4.656643507963849515e+03 0.000000000000000000e+00 0.000000000000000000e+00
4.662043511435749679e+03 0.000000000000000000e+00 0.000000000000000000e+00
4.670505308801999490e+03 0.000000000000000000e+00 0.000000000000000000e+00
4.675013725581749895e+03 0.000000000000000000e+00 0.000000000000000000e+00
4.680413726435750505e+03 0.000000000000000000e+00 0.000000000000000000e+00
4.689174228801999561e+03 0.000000000000000000e+00 0.000000000000000000e+00
4.693421285581749544e+03 0.000000000000000000e+00 0.000000000000000000e+00
4.698821286435751063e+03 0.000000000000000000e+00 0.000000000000000000e+00
4.707880488802000400e+03 0.000000000000000000e+00 0.000000000000000000e+00
4.717242953801999647e+03 0.000000000000000000e+00 0.000000000000000000e+00
4.726367276435749773e+03 0.000000000000000000e+00 0.000000000000000000e+00
4.730348407963850150e+03 0.000000000000000000e+00 0.000000000000000000e+00
4.736005221184100265e+03 0.000000000000000000e+00 0.000000000000000000e+00
4.744868181435699626e+03 0.000000000000000000e+00 0.000000000000000000e+00
4.748867980581700067e+03 0.000000000000000000e+00 0.000000000000000000e+00
4.754804823802001010e+03 0.000000000000000000e+00 0.000000000000000000e+00
4.763406421435750417e+03 0.000000000000000000e+00 0.000000000000000000e+00
4.767424892963849743e+03 0.000000000000000000e+00 0.000000000000000000e+00
4.773641771184099525e+03 0.000000000000000000e+00 0.000000000000000000e+00
4.781982001435699203e+03 0.000000000000000000e+00 0.000000000000000000e+00
4.786019137963799949e+03 0.000000000000000000e+00 0.000000000000000000e+00
4.792516051184099524e+03 0.000000000000000000e+00 0.000000000000000000e+00
4.800594916435699815e+03 0.000000000000000000e+00 0.000000000000000000e+00
4.804650720581700625e+03 0.000000000000000000e+00 0.000000000000000000e+00
4.811427663802000097e+03 0.000000000000000000e+00 0.000000000000000000e+00
4.819245166435699502e+03 0.000000000000000000e+00 0.000000000000000000e+00
4.823319642963800106e+03 0.000000000000000000e+00 0.000000000000000000e+00
4.830376621184101168e+03 0.000000000000000000e+00 0.000000000000000000e+00
4.837932756435750889e+03 0.000000000000000000e+00 0.000000000000000000e+00
4.842025899324449711e+03 0.000000000000000000e+00 0.000000000000000000e+00
4.849362912544700521e+03 0.000000000000000000e+00 0.000000000000000000e+00
4.856657686435750293e+03 0.000000000000000000e+00 0.000000000000000000e+00
4.860769500581750435e+03 0.000000000000000000e+00 0.000000000000000000e+00
4.868386543801999323e+03 0.000000000000000000e+00 0.000000000000000000e+00
4.875419951435750590e+03 0.000000000000000000e+00 0.000000000000000000e+00
4.879550435581750207e+03 0.000000000000000000e+00 0.000000000000000000e+00
4.887447513801999776e+03 0.000000000000000000e+00 0.000000000000000000e+00
4.894219556435699815e+03 0.000000000000000000e+00 0.000000000000000000e+00
4.898368707963800261e+03 0.000000000000000000e+00 0.000000000000000000e+00
4.906545821184099623e+03 0.000000000000000000e+00 0.000000000000000000e+00
4.913056496435749068e+03 0.000000000000000000e+00 0.000000000000000000e+00
4.917224315581750488e+03 0.000000000000000000e+00 0.000000000000000000e+00
4.925681463801999598e+03 0.000000000000000000e+00 0.000000000000000000e+00
4.931930776435699954e+03 0.000000000000000000e+00 0.000000000000000000e+00
4.936117267963799350e+03 0.000000000000000000e+00 0.000000000000000000e+00
4.944854451184099162e+03 0.000000000000000000e+00 0.000000000000000000e+00
4.950842396435749833e+03 0.000000000000000000e+00 0.000000000000000000e+00
4.955047552963849739e+03 0.000000000000000000e+00 0.000000000000000000e+00
4.964064771184100209e+03 0.000000000000000000e+00 0.000000000000000000e+00
4.969791351435700562e+03 0.000000000000000000e+00 0.000000000000000000e+00
4.974015177963800852e+03 0.000000000000000000e+00 0.000000000000000000e+00
4.983312431184100205e+03 0.000000000000000000e+00 0.000000000000000000e+00
4.988777646435701172e+03 0.000000000000000000e+00 0.000000000000000000e+00
4.993020139324400589e+03 0.000000000000000000e+00 0.000000000000000000e+00
5.002401274324400219e+03 0.000000000000000000e+00 0.000000000000000000e+00
5.007801276435699947e+03 0.000000000000000000e+00 0.000000000000000000e+00
5.012258591184099714e+03 0.000000000000000000e+00 0.000000000000000000e+00
5.021462242963799326e+03 0.000000000000000000e+00 0.000000000000000000e+00
5.026862246435700399e+03 0.000000000000000000e+00 0.000000000000000000e+00
5.031599596184100847e+03 0.000000000000000000e+00 0.000000000000000000e+00
5.040560547963799763e+03 0.000000000000000000e+00 0.000000000000000000e+00
5.045960551435699927e+03 0.000000000000000000e+00 0.000000000000000000e+00
5.050977936184099235e+03 0.000000000000000000e+00 0.000000000000000000e+00
5.059696192963800058e+03 0.000000000000000000e+00 0.000000000000000000e+00
5.065096196435699312e+03 0.000000000000000000e+00 0.000000000000000000e+00
5.070393616184100210e+03 0.000000000000000000e+00 0.000000000000000000e+00
5.078869177963800212e+03 0.000000000000000000e+00 0.000000000000000000e+00
5.084269181435699466e+03 0.000000000000000000e+00 0.000000000000000000e+00
5.089846631184100261e+03 0.000000000000000000e+00 0.000000000000000000e+00
5.098079497963850372e+03 0.000000000000000000e+00 0.000000000000000000e+00
5.103479501435749626e+03 0.000000000000000000e+00 0.000000000000000000e+00
5.109336983801999850e+03 0.000000000000000000e+00 0.000000000000000000e+00
5.117327155581750048e+03 0.000000000000000000e+00 0.000000000000000000e+00
5.122727156435749748e+03 0.000000000000000000e+00 0.000000000000000000e+00
5.128864676184099153e+03 0.000000000000000000e+00 0.000000000000000000e+00
5.136612152963800327e+03 0.000000000000000000e+00 0.000000000000000000e+00
5.142012156435700490e+03 0.000000000000000000e+00 0.000000000000000000e+00
5.148429708802000278e+03 0.000000000000000000e+00 0.000000000000000000e+00
5.155934485581699846e+03 0.000000000000000000e+00 0.000000000000000000e+00
5.161334486435699546e+03 0.000000000000000000e+00 0.000000000000000000e+00
5.168032071184099550e+03 0.000000000000000000e+00 0.000000000000000000e+00
5.175294157963799989e+03 0.000000000000000000e+00 0.000000000000000000e+00
5.180694161435699243e+03 0.000000000000000000e+00 0.000000000000000000e+00
5.187671781184100837e+03 0.000000000000000000e+00 0.000000000000000000e+00
5.194691167963800581e+03 0.000000000000000000e+00 0.000000000000000000e+00
5.200091171435699835e+03 0.000000000000000000e+00 0.000000000000000000e+00
5.207348826184099380e+03 0.000000000000000000e+00 0.000000000000000000e+00
5.214125512963850269e+03 0.000000000000000000e+00 0.000000000000000000e+00
5.219525516435750433e+03 0.000000000000000000e+00 0.000000000000000000e+00
5.227063206184100636e+03 0.000000000000000000e+00 0.000000000000000000e+00
5.233597197963849794e+03 0.000000000000000000e+00 0.000000000000000000e+00
5.238997201435749957e+03 0.000000000000000000e+00 0.000000000000000000e+00
5.246814926184099932e+03 0.000000000000000000e+00 0.000000000000000000e+00
5.253106222963799155e+03 0.000000000000000000e+00 0.000000000000000000e+00
5.258506226435699318e+03 0.000000000000000000e+00 0.000000000000000000e+00
5.266603982544700557e+03 0.000000000000000000e+00 0.000000000000000000e+00
5.272652584324400777e+03 0.000000000000000000e+00 0.000000000000000000e+00
5.278052586435700505e+03 0.000000000000000000e+00 0.000000000000000000e+00
5.286430376184100169e+03 0.000000000000000000e+00 0.000000000000000000e+00
5.292236282963850499e+03 0.000000000000000000e+00 0.000000000000000000e+00
5.297636286435749753e+03 0.000000000000000000e+00 0.000000000000000000e+00
5.306294111184100075e+03 0.000000000000000000e+00 0.000000000000000000e+00
5.311857317963799687e+03 0.000000000000000000e+00 0.000000000000000000e+00
5.317257321435699851e+03 0.000000000000000000e+00 0.000000000000000000e+00
5.326195181184099965e+03 0.000000000000000000e+00 0.000000000000000000e+00
5.331515692963799665e+03 0.000000000000000000e+00 0.000000000000000000e+00
5.336915696435699829e+03 0.000000000000000000e+00 0.000000000000000000e+00
5.346133588801999394e+03 0.000000000000000000e+00 0.000000000000000000e+00
5.351211405581700092e+03 0.000000000000000000e+00 0.000000000000000000e+00
5.356611406435700701e+03 0.000000000000000000e+00 0.000000000000000000e+00
5.366109331184099574e+03 0.000000000000000000e+00 0.000000000000000000e+00
5.370944457963849345e+03 0.000000000000000000e+00 0.000000000000000000e+00
5.376344461435749508e+03 0.000000000000000000e+00 0.000000000000000000e+00
5.386098971435750173e+03 0.000000000000000000e+00 0.000000000000000000e+00
5.396114846435750223e+03 0.000000000000000000e+00 0.000000000000000000e+00
5.405888026435750362e+03 0.000000000000000000e+00 0.000000000000000000e+00
5.410522570581750188e+03 0.000000000000000000e+00 0.000000000000000000e+00
5.416207383801999640e+03 0.000000000000000000e+00 0.000000000000000000e+00
5.425714421435699478e+03 0.000000000000000000e+00 0.000000000000000000e+00
5.430367634324399660e+03 0.000000000000000000e+00 0.000000000000000000e+00
5.436313812544700340e+03 0.000000000000000000e+00 0.000000000000000000e+00
5.445578156435699384e+03 0.000000000000000000e+00 0.000000000000000000e+00
5.450250037963800423e+03 0.000000000000000000e+00 0.000000000000000000e+00
5.456457581184100491e+03 0.000000000000000000e+00 0.000000000000000000e+00
5.465479226435700184e+03 0.000000000000000000e+00 0.000000000000000000e+00
5.470169775581699469e+03 0.000000000000000000e+00 0.000000000000000000e+00
5.476638683802000742e+03 0.000000000000000000e+00 0.000000000000000000e+00
5.485417631435750991e+03 0.000000000000000000e+00 0.000000000000000000e+00
5.490126852963850070e+03 0.000000000000000000e+00 0.000000000000000000e+00
5.496857131184100581e+03 0.000000000000000000e+00 0.000000000000000000e+00
5.505393381435750598e+03 0.000000000000000000e+00 0.000000000000000000e+00
5.510121267963850187e+03 0.000000000000000000e+00 0.000000000000000000e+00
5.517112911184100085e+03 0.000000000000000000e+00 0.000000000000000000e+00
5.525406466435750190e+03 0.000000000000000000e+00 0.000000000000000000e+00
5.530153020581749843e+03 0.000000000000000000e+00 0.000000000000000000e+00
5.537406023801999254e+03 0.000000000000000000e+00 0.000000000000000000e+00
5.545456886435748856e+03 0.000000000000000000e+00 0.000000000000000000e+00
5.550222112963850122e+03 0.000000000000000000e+00 0.000000000000000000e+00
5.557736481184099830e+03 0.000000000000000000e+00 0.000000000000000000e+00
5.565544646435750110e+03 0.000000000000000000e+00 0.000000000000000000e+00
5.570328540581749621e+03 0.000000000000000000e+00 0.000000000000000000e+00
5.578104273802000534e+03 0.000000000000000000e+00 0.000000000000000000e+00
5.585669741435700416e+03 0.000000000000000000e+00 0.000000000000000000e+00
5.590472305581700311e+03 0.000000000000000000e+00 0.000000000000000000e+00
5.598509403801999724e+03 0.000000000000000000e+00 0.000000000000000000e+00
5.605832176435699694e+03 0.000000000000000000e+00 0.000000000000000000e+00
5.610653410581699973e+03 0.000000000000000000e+00 0.000000000000000000e+00
5.618951873801999682e+03 0.000000000000000000e+00 0.000000000000000000e+00
5.626031951435749761e+03 0.000000000000000000e+00 0.000000000000000000e+00
5.630871852963849960e+03 0.000000000000000000e+00 0.000000000000000000e+00
5.639431681184099943e+03 0.000000000000000000e+00 0.000000000000000000e+00
5.646269066435749664e+03 0.000000000000000000e+00 0.000000000000000000e+00
5.651127637963850248e+03 0.000000000000000000e+00 0.000000000000000000e+00
5.659948831184100527e+03 0.000000000000000000e+00 0.000000000000000000e+00
5.666543516435700440e+03 0.000000000000000000e+00 0.000000000000000000e+00
5.671420752963800624e+03 0.000000000000000000e+00 0.000000000000000000e+00
5.680503311184100312e+03 0.000000000000000000e+00 0.000000000000000000e+00
5.686855301435699403e+03 0.000000000000000000e+00 0.000000000000000000e+00
5.691751207963799970e+03 0.000000000000000000e+00 0.000000000000000000e+00
5.701095131184099955e+03 0.000000000000000000e+00 0.000000000000000000e+00
5.707204426435700043e+03 0.000000000000000000e+00 0.000000000000000000e+00
5.712119002963800085e+03 0.000000000000000000e+00 0.000000000000000000e+00
5.721724291184099457e+03 0.000000000000000000e+00 0.000000000000000000e+00
5.727590891435749654e+03 0.000000000000000000e+00 0.000000000000000000e+00
5.732524135581749761e+03 0.000000000000000000e+00 0.000000000000000000e+00
5.742390783801999532e+03 0.000000000000000000e+00 0.000000000000000000e+00
5.748014686435750264e+03 0.000000000000000000e+00 0.000000000000000000e+00
5.752966602963850164e+03 0.000000000000000000e+00 0.000000000000000000e+00
5.763075822963799510e+03 0.000000000000000000e+00 0.000000000000000000e+00
5.773446407963800084e+03 0.000000000000000000e+00 0.000000000000000000e+00
5.783574297963800745e+03 0.000000000000000000e+00 0.000000000000000000e+00
5.788974301435699999e+03 0.000000000000000000e+00 0.000000000000000000e+00
5.794225046184099483e+03 0.000000000000000000e+00 0.000000000000000000e+00
5.804110112963800020e+03 0.000000000000000000e+00 0.000000000000000000e+00
5.809510116435699274e+03 0.000000000000000000e+00 0.000000000000000000e+00
5.815022226184099054e+03 0.000000000000000000e+00 0.000000000000000000e+00
5.824683267963800063e+03 0.000000000000000000e+00 0.000000000000000000e+00
5.830083271435699316e+03 0.000000000000000000e+00 0.000000000000000000e+00
5.835856743801999983e+03 0.000000000000000000e+00 0.000000000000000000e+00
5.845293755581699770e+03 0.000000000000000000e+00 0.000000000000000000e+00
5.850693756435700379e+03 0.000000000000000000e+00 0.000000000000000000e+00
5.856728596184099843e+03 0.000000000000000000e+00 0.000000000000000000e+00
5.865941582963851033e+03 0.000000000000000000e+00 0.000000000000000000e+00
5.871341586435750287e+03 0.000000000000000000e+00 0.000000000000000000e+00
5.877637791184100024e+03 0.000000000000000000e+00 0.000000000000000000e+00
5.886626747963799971e+03 0.000000000000000000e+00 0.000000000000000000e+00
5.892026751435700135e+03 0.000000000000000000e+00 0.000000000000000000e+00
5.898584321184101100e+03 0.000000000000000000e+00 0.000000000000000000e+00
5.907349252963800609e+03 0.000000000000000000e+00 0.000000000000000000e+00
5.912749256435699863e+03 0.000000000000000000e+00 0.000000000000000000e+00
5.919568188801999895e+03 0.000000000000000000e+00 0.000000000000000000e+00
5.928109090581700002e+03 0.000000000000000000e+00 0.000000000000000000e+00
5.933509091435699702e+03 0.000000000000000000e+00 0.000000000000000000e+00
5.940589391184100350e+03 0.000000000000000000e+00 0.000000000000000000e+00
5.948906272963850824e+03 0.000000000000000000e+00 0.000000000000000000e+00
5.954306276435750078e+03 0.000000000000000000e+00 0.000000000000000000e+00
5.961647937544700653e+03 0.000000000000000000e+00 0.000000000000000000e+00
5.969740789324449906e+03 0.000000000000000000e+00 0.000000000000000000e+00
5.975140791435749634e+03 0.000000000000000000e+00 0.000000000000000000e+00
5.982743817544700505e+03 0.000000000000000000e+00 0.000000000000000000e+00
5.990612639324400334e+03 0.000000000000000000e+00 0.000000000000000000e+00
5.996012641435700061e+03 0.000000000000000000e+00 0.000000000000000000e+00
6.003877036184100689e+03 0.000000000000000000e+00 0.000000000000000000e+00
6.011521832963850102e+03 0.000000000000000000e+00 0.000000000000000000e+00
6.016921836435750265e+03 0.000000000000000000e+00 0.000000000000000000e+00
6.025047596184100257e+03 0.000000000000000000e+00 0.000000000000000000e+00
6.032468367963800119e+03 0.000000000000000000e+00 0.000000000000000000e+00
6.037868371435699373e+03 0.000000000000000000e+00 0.000000000000000000e+00
6.046255491184099810e+03 0.000000000000000000e+00 0.000000000000000000e+00
6.053452232963850292e+03 0.000000000000000000e+00 0.000000000000000000e+00
6.058852236435750456e+03 0.000000000000000000e+00 0.000000000000000000e+00
6.067500723801999811e+03 0.000000000000000000e+00 0.000000000000000000e+00
6.074473440581749855e+03 0.000000000000000000e+00 0.000000000000000000e+00
6.079873441435750465e+03 0.000000000000000000e+00 0.000000000000000000e+00
6.088783293802000117e+03 0.000000000000000000e+00 0.000000000000000000e+00
6.095531985581699701e+03 0.000000000000000000e+00 0.000000000000000000e+00
6.100102252963799401e+03 0.000000000000000000e+00 0.000000000000000000e+00
6.104004181184099252e+03 0.000000000000000000e+00 0.000000000000000000e+00
6.109404184656000325e+03 0.000000000000000000e+00 0.000000000000000000e+00
6.114616873801999645e+03 0.000000000000000000e+00 0.000000000000000000e+00
6.116571265581699663e+03 0.000000000000000000e+00 0.000000000000000000e+00
6.121971266435699363e+03 0.000000000000000000e+00 0.000000000000000000e+00
6.129385217544700026e+03 0.000000000000000000e+00 0.000000000000000000e+00
6.135742449324400695e+03 0.000000000000000000e+00 0.000000000000000000e+00
6.141142451435701332e+03 0.000000000000000000e+00 0.000000000000000000e+00
6.150712336184100423e+03 0.000000000000000000e+00 0.000000000000000000e+00
6.158807577963850235e+03 0.000000000000000000e+00 0.000000000000000000e+00
6.164207581435749489e+03 0.000000000000000000e+00 0.000000000000000000e+00
6.174690176435699868e+03 0.000000000000000000e+00 0.000000000000000000e+00
6.187487677963799797e+03 0.000000000000000000e+00 0.000000000000000000e+00
6.197988947963799546e+03 0.000000000000000000e+00 0.000000000000000000e+00
6.203388951435699710e+03 0.000000000000000000e+00 0.000000000000000000e+00
6.213908891435749865e+03 0.000000000000000000e+00 0.000000000000000000e+00
6.233247843215499415e+03 0.000000000000000000e+00 0.000000000000000000e+00
6.245326689324449944e+03 0.000000000000000000e+00 0.000000000000000000e+00
6.252266932544699557e+03 0.000000000000000000e+00 0.000000000000000000e+00
6.261283966435750699e+03 0.000000000000000000e+00 0.000000000000000000e+00
6.275476943215450774e+03 0.000000000000000000e+00 0.000000000000000000e+00
6.296647498215450469e+03 0.000000000000000000e+00 0.000000000000000000e+00
6.315004565581749375e+03 0.000000000000000000e+00 0.000000000000000000e+00
6.325617850581700623e+03 0.000000000000000000e+00 0.000000000000000000e+00
6.331017851435700322e+03 0.000000000000000000e+00 0.000000000000000000e+00
6.341649801435750305e+03 0.000000000000000000e+00 0.000000000000000000e+00
6.360383198215449738e+03 0.000000000000000000e+00 0.000000000000000000e+00
6.375604083215399442e+03 0.000000000000000000e+00 0.000000000000000000e+00
6.386216773215400281e+03 0.000000000000000000e+00 0.000000000000000000e+00
6.400985123215449676e+03 0.000000000000000000e+00 0.000000000000000000e+00
6.421043070581750726e+03 0.000000000000000000e+00 0.000000000000000000e+00
6.433644260581750132e+03 0.000000000000000000e+00 0.000000000000000000e+00
6.439044261435748922e+03 0.000000000000000000e+00 0.000000000000000000e+00
6.457241766435749923e+03 0.000000000000000000e+00 0.000000000000000000e+00
6.497587638215449260e+03 0.000000000000000000e+00 0.000000000000000000e+00
6.557264007963800395e+03 0.000000000000000000e+00 0.000000000000000000e+00
6.595214052963850008e+03 0.000000000000000000e+00 0.000000000000000000e+00
6.600614056435750172e+03 0.000000000000000000e+00 0.000000000000000000e+00
6.655418091435700262e+03 0.000000000000000000e+00 0.000000000000000000e+00
6.764309337963799408e+03 0.000000000000000000e+00 0.000000000000000000e+00
6.824643681184099478e+03 0.000000000000000000e+00 0.000000000000000000e+00
6.848852386435749395e+03 0.000000000000000000e+00 0.000000000000000000e+00
6.981952333215449471e+03 0.000000000000000000e+00 0.000000000000000000e+00
7.122792737963800391e+03 0.000000000000000000e+00 0.000000000000000000e+00
7.154741901184099333e+03 0.000000000000000000e+00 0.000000000000000000e+00
7.293241856435699447e+03 0.000000000000000000e+00 0.000000000000000000e+00
7.526190897963799216e+03 0.000000000000000000e+00 0.000000000000000000e+00
7.631439991184100109e+03 0.000000000000000000e+00 0.000000000000000000e+00
7.769939941435701257e+03 0.000000000000000000e+00 0.000000000000000000e+00
8.108742132963799122e+03 0.000000000000000000e+00 0.000000000000000000e+00
8.319844381184098893e+03 0.000000000000000000e+00 0.000000000000000000e+00
8.458344331435700951e+03 0.000000000000000000e+00 0.000000000000000000e+00
8.950010097963800945e+03 0.000000000000000000e+00 0.000000000000000000e+00
9.313975921184099207e+03 0.000000000000000000e+00 0.000000000000000000e+00
9.452475871435701265e+03 0.000000000000000000e+00 0.000000000000000000e+00
1.016489341558170054e+04 0.000000000000000000e+00 0.000000000000000000e+00
1.074961101380199943e+04 0.000000000000000000e+00 0.000000000000000000e+00
1.088811096643570090e+04 0.000000000000000000e+00 0.000000000000000000e+00
1.191931834796380099e+04 0.000000000000000000e+00 0.000000000000000000e+00
1.282282579618409909e+04 0.000000000000000000e+00 0.000000000000000000e+00
1.296132576643570064e+04 0.000000000000000000e+00 0.000000000000000000e+00
1.445290064796380102e+04 0.000000000000000000e+00 0.000000000000000000e+00
1.581677559618410123e+04 0.000000000000000000e+00 0.000000000000000000e+00
1.595527556643574826e+04 0.000000000000000000e+00 0.000000000000000000e+00
1.811167171558174960e+04 0.000000000000000000e+00 0.000000000000000000e+00
2.014036791380199793e+04 0.000000000000000000e+00 0.000000000000000000e+00
2.027886786643575033e+04 0.000000000000000000e+00 0.000000000000000000e+00
2.339533894796384993e+04 0.000000000000000000e+00 0.000000000000000000e+00
2.638411009618410026e+04 0.000000000000000000e+00 0.000000000000000000e+00
2.652261001643574855e+04 0.000000000000000000e+00 0.000000000000000000e+00
3.102553464796385379e+04 0.000000000000000000e+00 0.000000000000000000e+00
3.540075939618410484e+04 0.000000000000000000e+00 0.000000000000000000e+00
3.553925936643575551e+04 0.000000000000000000e+00 0.000000000000000000e+00
4.204437524796384969e+04 0.000000000000000000e+00 0.000000000000000000e+00
4.842179119618410186e+04 0.000000000000000000e+00 0.000000000000000000e+00
4.856029116643570160e+04 0.000000000000000000e+00 0.000000000000000000e+00
5.795679109796379635e+04 0.000000000000000000e+00 0.000000000000000000e+00
6.722559109618410002e+04 0.000000000000000000e+00 0.000000000000000000e+00
6.736409106643569248e+04 0.000000000000000000e+00 0.000000000000000000e+00
8.093606709796383802e+04 0.000000000000000000e+00 0.000000000000000000e+00
9.438034319618415611e+04 0.000000000000000000e+00 0.000000000000000000e+00
9.451884316643574857e+04 0.000000000000000000e+00 0.000000000000000000e+00
1.141206650655817502e+05 0.000000000000000000e+00 0.000000000000000000e+00
1.335947870138020371e+05 0.000000000000000000e+00 0.000000000000000000e+00
1.337332869164358126e+05 0.000000000000000000e+00 0.000000000000000000e+00
1.620428689155817265e+05 0.000000000000000000e+00 0.000000000000000000e+00
1.902247510138019570e+05 0.000000000000000000e+00 0.000000000000000000e+00
1.903632509164357616e+05 0.000000000000000000e+00 0.000000000000000000e+00
2.312477944155817386e+05 0.000000000000000000e+00 0.000000000000000000e+00
2.720046380138020613e+05 0.000000000000000000e+00 0.000000000000000000e+00
2.721431379164357204e+05 0.000000000000000000e+00 0.000000000000000000e+00
3.311873066479638801e+05 0.000000000000000000e+00 0.000000000000000000e+00
3.901037757461841102e+05 0.000000000000000000e+00 0.000000000000000000e+00
3.902422759164356976e+05 0.000000000000000000e+00 0.000000000000000000e+00
4.755109381479638978e+05 0.000000000000000000e+00 0.000000000000000000e+00
5.606519007461841684e+05 0.000000000000000000e+00 0.000000000000000000e+00
5.607904009164357558e+05 0.000000000000000000e+00 0.000000000000000000e+00
