1.500001740000000139e-01 1.514327564039964358e+01 1.364630350576335971e+00 7.625305307952390699e+00 6.177511326412555848e-01
2.999992800999999876e-01 1.394235218108792296e+01 4.101986071371334752e+00 7.076411098826124402e+00 1.854970087292348468e+00
4.499982122000000251e-01 1.183579376346468415e+01 5.913962244462716455e+00 6.114359954296621602e+00 2.655198479789987687e+00
5.499982122000000029e-01 1.053157357515111592e+01 6.044939710064388017e+00 5.531264172194783946e+00 2.705705334690273745e+00
6.499988728000000160e-01 9.562795443522478678e+00 6.008406891881027612e+00 5.100274663479722470e+00 2.683407896106886348e+00
7.499996907000000546e-01 8.800512193242171932e+00 5.906938464671600997e+00 4.762821981238470670e+00 2.633774677800294395e+00
8.499999240000000178e-01 8.180986293164627554e+00 5.779359514597707914e+00 4.489888373834717505e+00 2.573822986435602367e+00
9.500001739999999195e-01 7.665502217530535845e+00 5.643094341930177116e+00 4.263792051456533727e+00 2.511160838183954080e+00
1.050000347999999972e+00 7.228563368819669321e+00 5.506314024745034175e+00 4.072931453854376826e+00 2.449247783124611111e+00
1.150000348000000061e+00 6.853327790376558148e+00 5.372400767800251664e+00 3.909625180023486468e+00 2.389521284908206589e+00
1.299999280100000210e+00 6.381076336685651107e+00 5.196731733990077373e+00 3.704034981692079675e+00 2.311837350236916500e+00
1.449998872800000171e+00 5.971939365195637173e+00 5.014777033847874321e+00 3.528184049634936148e+00 2.232789728607438295e+00
1.549999690699999988e+00 5.742764117027089554e+00 4.905517132849404938e+00 3.429448846825995378e+00 2.186267226742675707e+00
1.649999848000000213e+00 5.535231545183818547e+00 4.803106525837481655e+00 3.340155986657479925e+00 2.143067658280713328e+00
1.749999924000000151e+00 5.346581292763266546e+00 4.706751981663111373e+00 3.259068496565332929e+00 2.102841944971237442e+00
1.850000000000000311e+00 5.174244780309215308e+00 4.615965689920519033e+00 3.185023928115403358e+00 2.065348464051296240e+00
1.950000174000000142e+00 5.016064185115309826e+00 4.530348079737013478e+00 3.117058437164905715e+00 2.030362139645321307e+00
2.050000347999999750e+00 4.870231294023591673e+00 4.449523527174161330e+00 3.054378777250852828e+00 1.997679873944235185e+00
2.150000348000000283e+00 4.735257321325343050e+00 4.373106733254231493e+00 2.996330489775321126e+00 1.967113377228272064e+00
2.250000347999999928e+00 4.610014658476539573e+00 4.300625021319068431e+00 2.942405331889121456e+00 1.938451127892113712e+00
2.399999280099999854e+00 4.438789819343979204e+00 4.202902295118170706e+00 2.868220849842552322e+00 1.900313845852829031e+00
2.549998212200000225e+00 4.278559551722615595e+00 4.107617264346141717e+00 2.799241729345158358e+00 1.863462914393522407e+00
2.649998212200000314e+00 4.181933252640694043e+00 4.048849646614016251e+00 2.757337868662526059e+00 1.841184173388382028e+00
2.749998872799999994e+00 4.090504606191207593e+00 3.993094043075509969e+00 2.717586256141966583e+00 1.820252134075940775e+00
2.849999533400000118e+00 4.003922289466498086e+00 3.940000456086021341e+00 2.679844325697344321e+00 1.800516756031850685e+00
2.949999533400000207e+00 3.921759365244463336e+00 3.889347418249863075e+00 2.643938078691808968e+00 1.781881600546721955e+00
3.049999533399999851e+00 3.843655227456759693e+00 3.840928591828579375e+00 2.609704563583570280e+00 1.764261230170050876e+00
3.149999533400000384e+00 3.769271692424900344e+00 3.794591007492082557e+00 2.576994915069569902e+00 1.747575814612509104e+00
3.249999690700000610e+00 3.698319320169073166e+00 3.750177851204568036e+00 2.545688613638706688e+00 1.731747685791289459e+00
3.349999847999999947e+00 3.630542881659303056e+00 3.707561278311753306e+00 2.515682632653943873e+00 1.716716038354961782e+00
3.449999924000000551e+00 3.565710601387419132e+00 3.666625235060136045e+00 2.486880718899266096e+00 1.702431693087430808e+00
3.549999999999999822e+00 3.503624269428159632e+00 3.627261225161485303e+00 2.459191702594255791e+00 1.688848528599519838e+00
3.650000000000000355e+00 3.444105676137467320e+00 3.589380383874596792e+00 2.432536453438588264e+00 1.675920083606216249e+00
3.750000000000000444e+00 3.386995471622640252e+00 3.552901407349609020e+00 2.406848617622981301e+00 1.663604498288992817e+00
3.850000000000000089e+00 3.332153269956807939e+00 3.517746520579039693e+00 2.382072958729008150e+00 1.651865871783037232e+00
3.950000174000000364e+00 3.279491554155776090e+00 3.483811375515771580e+00 2.358173886433288402e+00 1.640668172721884144e+00
4.099999280100000476e+00 3.204595671903493592e+00 3.436321902306553433e+00 2.323845848451221219e+00 1.625285262777508066e+00
4.249998212200000403e+00 3.132266431969049858e+00 3.390061724114372677e+00 2.290702123782141442e+00 1.610432877038669330e+00
4.349998872799999639e+00 3.086886927578121220e+00 3.360858557150448345e+00 2.269664565012033286e+00 1.601257184145956192e+00
4.449999690699999455e+00 3.043003131412343354e+00 3.332823750984721389e+00 2.249212045395550419e+00 1.592560158285426075e+00
4.549999847999999680e+00 3.000554386496407488e+00 3.305894622162492968e+00 2.229314292579247514e+00 1.584323836196398494e+00
4.649999924000000284e+00 2.959451712804901380e+00 3.280035146583049066e+00 2.209932106319625778e+00 1.576528416940647270e+00
4.750000000000000000e+00 2.919606352692532880e+00 3.255214842344178461e+00 2.191029702988001038e+00 1.569155227835981714e+00
4.850000174000000719e+00 2.880941954314229836e+00 3.231395285125385097e+00 2.172580879984297386e+00 1.562180755584630765e+00
4.950000347999999661e+00 2.843417298011323702e+00 3.208482308967030239e+00 2.154597867895720054e+00 1.555553734273647626e+00
5.056825680100001108e+00 2.805471183569868021e+00 3.185498305256973861e+00 2.136393703372887920e+00 1.549302054222605252e+00
5.206824612200000146e+00 2.750767164525155462e+00 3.156830290614166312e+00 2.109265136598999391e+00 1.541808292275687942e+00
5.349998872799999639e+00 2.700298778269525357e+00 3.128249167190616742e+00 2.084659479077360267e+00 1.533663035070309544e+00
5.449999690700000343e+00 2.666557097576685464e+00 3.110007184681845338e+00 2.068043441788363523e+00 1.528847689216477734e+00
5.549999848000000569e+00 2.633215216778235668e+00 3.092665234524593298e+00 2.051539195195621890e+00 1.524372311494244903e+00
5.649999924000000284e+00 2.600244154438852817e+00 3.076126593903595108e+00 2.035158291059235847e+00 1.520190790211386922e+00
5.750000000000000000e+00 2.567583722014681769e+00 3.060285823840362074e+00 2.018887074776104740e+00 1.516261343084847724e+00
5.850000174000000719e+00 2.535216452098809636e+00 3.045045799607709824e+00 2.002727645836098080e+00 1.512541945558248058e+00
5.950000347999999661e+00 2.503121279409879829e+00 3.030249327686111549e+00 1.986712392646568182e+00 1.508950502827376638e+00
6.064887030100000409e+00 2.468088136540720789e+00 3.014528536414278648e+00 1.969293873019132279e+00 1.505682452778272173e+00
6.214885962200000336e+00 2.417580146060768431e+00 2.997263690179917894e+00 1.943234608196923618e+00 1.502458124770767345e+00
6.349998872800000527e+00 2.373162964735861191e+00 2.977957968533136768e+00 1.921085900843880312e+00 1.497263866109328045e+00
6.449999690699999455e+00 2.341122862779651648e+00 2.964930836402851710e+00 1.905047730968050690e+00 1.494225826216461828e+00
6.549999847999999680e+00 2.308910537450742595e+00 2.952117318621276354e+00 1.888897443163334300e+00 1.491261786120259503e+00
6.649999924000000284e+00 2.276599574386658276e+00 2.939368983227147680e+00 1.872695711405532482e+00 1.488300169549165552e+00
6.750000000000000000e+00 2.244217882477568260e+00 2.926543145607782836e+00 1.856470275527893454e+00 1.485281981536770157e+00
6.850000174000000719e+00 2.211844555979822324e+00 2.913503095988003722e+00 1.840268688443760903e+00 1.482152027803940841e+00
6.950000348000000550e+00 2.179592305568674782e+00 2.900045128651568938e+00 1.824184443273076495e+00 1.478814141338452792e+00
7.076948880099999784e+00 2.140808633457801591e+00 2.883201027854583653e+00 1.804957581712305803e+00 1.475097839024203994e+00
7.214285662200000893e+00 2.096798462381591843e+00 2.868162078299380635e+00 1.782312722168946983e+00 1.472772367760297962e+00
7.337336062200000342e+00 2.052438497311613208e+00 2.853151212730165476e+00 1.759237137937759377e+00 1.469056847748186012e+00
7.449998212200000580e+00 2.014863574095301590e+00 2.833253988238853438e+00 1.740708448638830008e+00 1.462597307083862042e+00
7.549998872800000704e+00 1.983197511076138397e+00 2.817376305485852939e+00 1.724842501540393647e+00 1.458219327827761980e+00
7.649999690699999633e+00 1.951527169242462056e+00 2.801328670446599833e+00 1.708864241540777540e+00 1.453788664197585012e+00
7.749999923999999929e+00 1.920057524438496088e+00 2.784867216428726699e+00 1.692915990174936658e+00 1.449191547424101945e+00
7.850000173999999831e+00 1.888877856846305159e+00 2.767916413940219478e+00 1.677048890314587926e+00 1.444392425714798200e+00
7.950000347999999661e+00 1.858054496595328731e+00 2.750439289791046793e+00 1.661291634756324687e+00 1.439374899749919834e+00
8.050000951999999543e+00 1.827641702754049913e+00 2.732413054453303847e+00 1.645668810767700663e+00 1.434124756252603383e+00
8.150001806000000570e+00 1.797706157443339725e+00 2.713795557745648512e+00 1.630211691575379929e+00 1.428625399158033327e+00
8.297405634100000427e+00 1.754918394224789235e+00 2.685660138539275987e+00 1.607896476237981931e+00 1.420223471050959363e+00
8.447403712199999859e+00 1.711570742577717796e+00 2.656148874766037782e+00 1.585095363629416498e+00 1.411304408409485012e+00
8.549998872799999816e+00 1.682957795600767970e+00 2.634455172813640278e+00 1.569979579285185389e+00 1.404452794557096373e+00
8.649999690700001409e+00 1.655957687396968359e+00 2.613065585171063354e+00 1.555562790331292078e+00 1.397730299381819918e+00
8.749999847999999858e+00 1.629658577050257628e+00 2.591175732339089599e+00 1.541389608826807311e+00 1.390786333279040665e+00
8.849999924000000462e+00 1.604110643242714129e+00 2.568774285861761708e+00 1.527489536521225988e+00 1.383611353156944279e+00
8.950000173999999475e+00 1.579382766005096084e+00 2.545840387615716960e+00 1.513892616264393309e+00 1.376201312919687059e+00
9.050000952000001320e+00 1.555518668352523060e+00 2.522398873432207367e+00 1.500618224998372385e+00 1.368562534017566001e+00
9.150001806000002347e+00 1.532580210669844734e+00 2.498423008050326466e+00 1.487698443133240067e+00 1.360687346468369086e+00
9.256429505999999918e+00 1.509343754627096912e+00 2.472305398999764314e+00 1.474413460507332241e+00 1.352047585918399131e+00
9.385897374099998913e+00 1.483562910189481387e+00 2.440183839812854583e+00 1.459251138906860756e+00 1.341534718336432563e+00
9.529468027200000080e+00 1.454964585256873777e+00 2.405162986079993459e+00 1.441916172060164758e+00 1.329956859354665344e+00
9.649998907799998804e+00 1.433087262744268786e+00 2.372775480948342341e+00 1.428571830197320924e+00 1.318810042826141782e+00
9.749999705699998742e+00 1.417124602266196298e+00 2.346039854500449273e+00 1.418290169953922764e+00 1.309785640846778065e+00
9.849999928999999099e+00 1.402570765638768036e+00 2.319090058273246324e+00 1.408502492104087178e+00 1.300682097094198797e+00
9.950000183999998526e+00 1.389679495573435952e+00 2.291825863513163419e+00 1.399312344488001347e+00 1.291479144972720761e+00
1.005000096200000037e+01 1.378614901683190119e+00 2.264387848029887795e+00 1.390771443577650812e+00 1.282224415355396330e+00
1.015000180600000057e+01 1.369604875761192719e+00 2.236729993144316087e+00 1.382975046950017717e+00 1.272909988993086383e+00
1.027752404410000153e+01 1.362946889252661942e+00 2.202377159648980509e+00 1.374752132046182851e+00 1.261632774932514023e+00
1.042752214719999948e+01 1.356998925214361051e+00 2.165013861445184595e+00 1.364961645774161791e+00 1.249352721502899222e+00
1.054999890779999916e+01 1.356916105243797244e+00 2.133081359346904460e+00 1.358955963041611703e+00 1.238496814586116157e+00
1.064999970569999910e+01 1.361310679228932452e+00 2.109645262134007826e+00 1.355429128040311459e+00 1.230789194760506744e+00
1.074999992899999945e+01 1.369942680760361631e+00 2.088857903212051781e+00 1.353102574189464447e+00 1.224061874605843148e+00
1.085000018400000066e+01 1.382378243216165759e+00 2.073859738472153325e+00 1.351682623295402674e+00 1.219182836974873174e+00
1.095000096200000073e+01 1.395103348733527371e+00 2.066843748635960321e+00 1.350063565806759014e+00 1.216578508460428587e+00
1.105000180600000093e+01 1.404725332582806629e+00 2.066699131562887537e+00 1.347357309910068635e+00 1.215787635530331645e+00
1.115000205599999994e+01 1.409049415371198322e+00 2.071166378639273553e+00 1.343040482909480859e+00 1.216083410979715396e+00
1.130000015909999966e+01 1.405187356465151138e+00 2.078964158683093366e+00 1.333808635206447768e+00 1.216496877716291447e+00
1.144999890779999951e+01 1.394657017019829581e+00 2.087278677306396713e+00 1.322712816522284562e+00 1.216842452039737177e+00
1.154999970569999945e+01 1.383042350408937526e+00 2.091096770914375291e+00 1.314195827329883937e+00 1.216431463810963232e+00
1.164999992899999981e+01 1.369404466097184248e+00 2.093022134352764851e+00 1.305230293823566479e+00 1.215439787169058317e+00
1.175000018399999924e+01 1.354986968023318861e+00 2.092826580897216626e+00 1.296188401836553927e+00 1.213864834543888938e+00
1.185000036799999990e+01 1.340311466629860115e+00 2.091378321347078906e+00 1.287155542048524337e+00 1.211986050063018849e+00
1.195000096200000073e+01 1.325608383231209775e+00 2.089033753405609151e+00 1.278160479876321753e+00 1.209918519723977237e+00
1.205000180599999915e+01 1.310819953309697361e+00 2.086302030268660346e+00 1.269135512385182851e+00 1.207794586344256516e+00
1.215000205599999816e+01 1.295764056938368824e+00 2.083440608667071370e+00 1.260000869387269073e+00 1.205664066003707457e+00
1.230000015909999966e+01 1.271419236031163802e+00 2.078579159980086910e+00 1.245705528214256175e+00 1.202222464610720687e+00
1.244999890779999951e+01 1.245743933355971889e+00 2.072626383170237396e+00 1.230972255431645568e+00 1.198380958588085576e+00
1.254999970569999945e+01 1.227474268013151404e+00 2.067339209835041380e+00 1.220826815807390275e+00 1.195312029477381577e+00
1.264999992900000159e+01 1.208821212257399580e+00 2.060815525077871246e+00 1.210610106005877151e+00 1.191806108172567713e+00
1.275000018399999924e+01 1.190150211898694188e+00 2.052985916524885823e+00 1.200449544992711948e+00 1.187856216102193274e+00
1.285000036799999990e+01 1.171646040651674658e+00 2.044051648907873719e+00 1.190393814368994718e+00 1.183530717841446922e+00
1.295000096199999895e+01 1.153497205770098066e+00 2.034044142349453299e+00 1.180506136269516393e+00 1.178846158422970802e+00
1.305000180599999915e+01 1.135843103284919886e+00 2.023134409943661005e+00 1.170825327289955142e+00 1.173858971979255372e+00
1.315000205599999994e+01 1.118748679919908451e+00 2.011442260911152857e+00 1.161368688819049533e+00 1.168606852990425438e+00
1.330000015909999966e+01 1.094422685405245899e+00 1.992867895602572714e+00 1.147672678662679413e+00 1.160354690711570047e+00
1.344999890779999951e+01 1.071230405136495367e+00 1.973019387989973783e+00 1.134490699066926567e+00 1.151645077223834468e+00
1.354999970570000123e+01 1.056745883572385747e+00 1.959323471502463665e+00 1.126069561533359353e+00 1.145669052774284546e+00
1.364999992899999981e+01 1.042908518223468306e+00 1.945360534894199578e+00 1.117913264743403801e+00 1.139580067693999332e+00
1.375000018399999924e+01 1.029726133155925538e+00 1.931174151203280287e+00 1.110042206596068892e+00 1.133389471152966177e+00
1.385000036800000167e+01 1.017181893385365798e+00 1.916836023276428991e+00 1.102456005628265956e+00 1.127129564945575702e+00
1.395000096200000073e+01 1.005262333427752175e+00 1.902383560162273612e+00 1.095165555403155411e+00 1.120811631264313712e+00
1.405000180600000270e+01 9.939588748628841453e-01 1.887861872008759656e+00 1.088189574975988450e+00 1.114461380711854410e+00
1.415000205600000172e+01 9.832584861894081429e-01 1.873301136126668931e+00 1.081529842181688128e+00 1.108103396926126916e+00
1.430000015910000144e+01 9.684749765294776713e-01 1.851720766220829040e+00 1.072250262805873655e+00 1.098772409823066454e+00
1.444999890780000129e+01 9.545262962030572895e-01 1.830079956078225267e+00 1.063556819888351157e+00 1.089502210233132873e+00
1.454999970569999945e+01 9.461109174728200566e-01 1.815811396945901102e+00 1.058320171015666444e+00 1.083595655019001125e+00
1.464999992900000159e+01 9.382179246151287622e-01 1.801750906359012250e+00 1.053389660464253419e+00 1.078022026138723000e+00
1.475000018400000101e+01 9.308234727418587262e-01 1.787926138832665712e+00 1.048682306324670854e+00 1.072840817438330152e+00
1.485000036799999990e+01 9.238922913085247934e-01 1.774378471414466807e+00 1.044113039949394306e+00 1.068097534370455515e+00
1.495000096200000250e+01 9.173720153707352054e-01 1.761146316387926847e+00 1.039542476562961504e+00 1.063836261536827088e+00
1.505000180599999737e+01 9.111908626151926649e-01 1.748245538611597594e+00 1.034786855889685553e+00 1.060007725418137037e+00
1.515000205599999994e+01 9.053141781365425800e-01 1.735643229740565952e+00 1.029809708801279422e+00 1.056463642148850912e+00
1.530000015910000322e+01 8.971074959643786650e-01 1.717475542257285159e+00 1.021872259132237115e+00 1.051541549654417818e+00
1.544999890780000307e+01 8.891335512927280860e-01 1.699898300466716750e+00 1.013359033817458288e+00 1.047003485494766073e+00
1.554999970570000123e+01 8.841348337460827045e-01 1.688605897902857755e+00 1.007239372465916105e+00 1.044097530757691183e+00
1.564999992900000159e+01 8.792416867347130349e-01 1.677631883086013520e+00 1.000776016641316213e+00 1.041165908989370781e+00
1.575000018400000279e+01 8.744097843238273216e-01 1.666956557017448048e+00 9.939337199761161257e-01 1.038151114038586176e+00
1.585000036799999812e+01 8.696131374099151934e-01 1.656521945301930865e+00 9.867407422415158669e-01 1.034911472162250323e+00
1.595000096200000073e+01 8.648469383522376930e-01 1.646287349939675071e+00 9.792896136219063630e-01 1.031345936877330116e+00
1.605000180600000093e+01 8.601193982388357639e-01 1.636215153473784767e+00 9.717022620063360261e-01 1.027413024068131175e+00
1.616787921909999781e+01 8.546452189432798274e-01 1.624545416891314042e+00 9.626876635718119024e-01 1.022311933837068532e+00
1.631787732219999754e+01 8.477258433698305895e-01 1.610003088063737264e+00 9.512855509602398119e-01 1.015159822702467407e+00
1.644999890779999774e+01 8.417526348513836298e-01 1.597300036853470440e+00 9.414577629873279729e-01 1.008297289895137450e+00
1.654999955339999929e+01 8.374022212068006343e-01 1.587848613933168007e+00 9.341957374068280417e-01 1.002818982017876115e+00
1.664999955340000071e+01 8.331513919317258265e-01 1.578540929783396551e+00 9.271023903707092950e-01 9.971414265118517806e-01
1.674999970570000229e+01 8.290019526063813204e-01 1.569376623583005559e+00 9.201919385646981642e-01 9.912866222537423111e-01
1.684999985800000033e+01 8.249507487005148798e-01 1.560364795009550498e+00 9.134705584959634805e-01 9.852867939630942651e-01
1.694999992900000052e+01 8.209910906866574321e-01 1.551512248667280325e+00 9.069377361929807924e-01 9.791651957742957268e-01
1.705000000000000071e+01 8.171137047161142197e-01 1.542826990241567220e+00 9.005974752700740549e-01 9.729403107722627286e-01
1.715000018400000315e+01 8.132984169994413870e-01 1.534316125156752308e+00 8.944454680028123272e-01 9.666345960791842273e-01
1.725000096200000144e+01 8.095265145626361347e-01 1.525969625107044925e+00 8.884795711076931557e-01 9.602609573008985544e-01
1.735000180600000164e+01 8.057923449347743627e-01 1.517771362640842003e+00 8.826978083662364583e-01 9.538320305128095145e-01
1.750000102800000334e+01 8.002805477705556836e-01 1.505787275320164209e+00 8.743767795726917758e-01 9.441803615047155152e-01
1.765000077799999900e+01 7.947472583812572600e-01 1.494070757975473951e+00 8.663472179784887928e-01 9.343887685969468615e-01
1.775000155600000085e+01 7.911185919866611238e-01 1.486425013409201412e+00 8.612418768807912350e-01 9.278555144314609704e-01
1.785000180600000164e+01 7.875050186020462473e-01 1.478906624803800307e+00 8.562925688770796073e-01 9.213173286014679775e-01
1.798733965599999962e+01 7.825950185620086375e-01 1.468809032164059669e+00 8.497723192497654843e-01 9.123951945986590317e-01
1.813733862799999841e+01 7.771545863500918250e-01 1.458051063559189231e+00 8.428534356434670416e-01 9.026428250870874859e-01
1.825000000000000000e+01 7.730829297879565631e-01 1.450072462416589048e+00 8.378918609909395965e-01 8.952930601528589216e-01
1.835000000000000142e+01 7.694901205373095854e-01 1.443116277714941775e+00 8.336458828798429810e-01 8.888129568165390459e-01
1.845000077799999971e+01 7.658946809643307763e-01 1.436263952839790026e+00 8.295249852372033050e-01 8.823587678182169824e-01
1.855000180600000093e+01 7.622945714207172152e-01 1.429508719369283254e+00 8.255291951668827233e-01 8.759289490724532223e-01
1.870000102800000263e+01 7.568908481818962253e-01 1.419571265444661279e+00 8.197754732823681056e-01 8.663982151801994380e-01
1.885000000000000142e+01 7.514185520019777131e-01 1.409807706773532399e+00 8.141953812315105843e-01 8.568659322462195416e-01
1.895000077800000327e+01 7.477658237495127258e-01 1.403398351326820004e+00 8.106483176042276195e-01 8.505645558017055352e-01
1.905000180600000093e+01 7.440935327606386096e-01 1.397062809026667685e+00 8.072040984359701854e-01 8.442993391811689508e-01
1.920000102799999908e+01 7.385538400346307597e-01 1.387697332317887167e+00 8.022403150289137974e-01 8.350255808741234853e-01
1.935000000000000142e+01 7.329406087598080433e-01 1.378446721340961911e+00 7.974193762651112793e-01 8.257722513878276160e-01
1.945000077800000327e+01 7.291872375881989221e-01 1.372336513917545187e+00 7.943543155964613023e-01 8.196638230794650593e-01
1.955000180600000093e+01 7.254273769971942842e-01 1.366269032483778956e+00 7.913759775224071813e-01 8.135969304618750897e-01
1.970000102799999908e+01 7.197843961813561453e-01 1.357277180333791300e+00 7.870799710140728989e-01 8.046231084328021588e-01
1.985000000000000142e+01 7.140883210859230168e-01 1.348380114943921848e+00 7.829013004704625800e-01 7.956835272568073547e-01
1.995000077800000327e+01 7.102852151328264974e-01 1.342505637330844825e+00 7.802430339556541972e-01 7.897864706375372634e-01
2.005000180600000093e+01 7.064657834956274973e-01 1.336673768615743718e+00 7.776576363944407433e-01 7.839332516381225524e-01
2.017947155600000286e+01 7.014975682718572747e-01 1.329184478266980829e+00 7.744277474413913120e-01 7.764424523335031747e-01
2.032947052800000520e+01 6.956982063783967440e-01 1.320571178593290984e+00 7.707921336319765171e-01 7.678392494765207132e-01
2.045000078300000368e+01 6.910069215241655405e-01 1.313696022756099868e+00 7.679807666174875980e-01 7.609763721004105808e-01
2.055000182100000217e+01 6.870963649326532474e-01 1.308014443026919604e+00 7.657301300879598704e-01 7.553375064601073330e-01
2.065000207599999982e+01 6.831720180969977907e-01 1.302346256295858096e+00 7.635404330060121536e-01 7.497416471003244265e-01
2.075482214410000026e+01 6.790558318469406274e-01 1.296416827795823679e+00 7.613122376342599251e-01 7.439230144912175602e-01
2.088247351720000111e+01 6.740532203024266478e-01 1.289232967748551451e+00 7.586894830583837956e-01 7.369110728439506319e-01
2.102765241110000005e+01 6.683043868446354452e-01 1.281128860563325311e+00 7.557951703612989514e-01 7.290156400305795037e-01
2.115000000000000213e+01 6.634445142550504659e-01 1.274280549180379252e+00 7.534423359626867267e-01 7.224099504556981133e-01
2.125000078300000084e+01 6.594737955071146018e-01 1.268709531798700718e+00 7.515875628565013011e-01 7.170645070442294156e-01
2.135000156599999954e+01 6.554891351015609269e-01 1.263150694442787492e+00 7.497815999423659283e-01 7.117604168830279354e-01
2.145000156600000452e+01 6.514914145537357149e-01 1.257598588157530450e+00 7.480242893589880149e-01 7.064962075366882921e-01
2.155000182099999861e+01 6.474817712406273351e-01 1.252048456970618284e+00 7.463150369878120971e-01 7.012710330861083863e-01
2.165000207599999982e+01 6.434626087347150580e-01 1.246495429615342543e+00 7.446535839352640407e-01 6.960840412449823544e-01
2.176821749409999640e+01 6.387128274320849064e-01 1.239927491133540061e+00 7.427545155699198931e-01 6.900107393114186527e-01
2.191195449219999603e+01 6.329154091000833704e-01 1.231944861595712037e+00 7.405191611705921328e-01 6.827001021300924677e-01
2.204373803610000238e+01 6.275866655793403970e-01 1.224596262604032537e+00 7.385357385755699777e-01 6.760547382061627975e-01
2.215000000000000213e+01 6.233026370805293537e-01 1.218650198547021057e+00 7.369979953207203005e-01 6.707411819141697595e-01
2.225000078300000084e+01 6.192786322091120566e-01 1.213052737959391170e+00 7.355946604522742849e-01 6.657830743099467652e-01
2.235000156599999954e+01 6.152567624910614263e-01 1.207446837592556443e+00 7.342302568158669551e-01 6.608619686323059517e-01
2.245000156600000096e+01 6.112383289459375479e-01 1.201829461921245068e+00 7.329045266938416514e-01 6.559770707844904125e-01
2.255000182100000217e+01 6.072253673896085280e-01 1.196197751834885192e+00 7.316170232333746304e-01 6.511277236446962879e-01
2.265000207599999626e+01 6.032209799197296718e-01 1.190549330015274965e+00 7.303679409684215029e-01 6.463127240255631678e-01
2.280000103800000133e+01 5.972440899949593707e-01 1.182059389975026464e+00 7.285682107467535973e-01 6.391808233424450814e-01
2.295000078300000368e+01 5.912703486940732445e-01 1.173519224134965011e+00 7.268174126384562284e-01 6.320921106404958634e-01
2.305000182099999861e+01 5.873166317088639454e-01 1.167803292347078692e+00 7.257091266485137249e-01 6.274144936720333909e-01
2.315000207599999982e+01 5.833793282238860511e-01 1.162067912639195510e+00 7.246342855638937541e-01 6.227706120311481408e-01
2.329766101600000283e+01 5.776134634655096800e-01 1.153577019520203750e+00 7.231118710974037134e-01 6.159963695010437501e-01
2.344765997800000079e+01 5.717789252171501246e-01 1.144894167309062016e+00 7.216101888077740556e-01 6.091589098489972320e-01
2.355000000000000071e+01 5.678433338106879669e-01 1.138945838449809456e+00 7.206393627272177360e-01 6.045398329637817758e-01
2.365000000000000213e+01 5.640261536198111214e-01 1.133116795811573985e+00 7.197212723765016307e-01 6.000607883244089003e-01
2.375000078300000084e+01 5.602386078254243396e-01 1.127271201771521847e+00 7.188326750687853428e-01 5.956140570606773821e-01
2.385000156599999599e+01 5.564823577108752861e-01 1.121410015184051367e+00 7.179731500485527773e-01 5.911991009019924581e-01
2.395000156600000096e+01 5.527587087122368681e-01 1.115534380797307934e+00 7.171421629963861122e-01 5.868154175951999507e-01
2.405000182099999861e+01 5.490686101323101198e-01 1.109645198801946453e+00 7.163393327783433850e-01 5.824622716643897968e-01
2.415000207599999982e+01 5.454133708079438314e-01 1.103742301932180814e+00 7.155649912285173553e-01 5.781384603563016755e-01
2.430000103800000488e+01 5.400111838526610031e-01 1.094888586009336917e+00 7.144582543630145777e-01 5.717272760507767781e-01
2.445000078300000368e+01 5.346465357818496189e-01 1.085992095484527464e+00 7.133910213169083470e-01 5.653542844167653847e-01
2.455000182100000217e+01 5.311330342638143076e-01 1.080048762699076903e+00 7.127253141740501619e-01 5.611474327741662327e-01
2.465000207599999982e+01 5.276576297012098848e-01 1.074097266997170452e+00 7.120856912632871349e-01 5.569701866640175414e-01
2.480000103800000488e+01 5.225340292823745791e-01 1.065183326200757064e+00 7.111766466767707184e-01 5.507777485714326904e-01
2.495000078300000368e+01 5.174528731479519639e-01 1.056239889593933556e+00 7.103026315189501227e-01 5.446247979748162216e-01
2.505000182100000217e+01 5.141338709846910993e-01 1.050276611533829785e+00 7.097607321940965219e-01 5.405634342330194464e-01
2.515000207599999982e+01 5.108530386843573856e-01 1.044317269821216643e+00 7.092413162598031340e-01 5.365306642778630009e-01
2.525400947910000227e+01 5.074818039303357065e-01 1.038124745921011671e+00 7.087261379427378660e-01 5.323660557021052675e-01
2.538779357409999804e+01 5.032108960905031791e-01 1.030179852061213097e+00 7.081019776692700773e-01 5.270597778284249468e-01
2.553378513299999852e+01 4.985934182689755745e-01 1.021526572969762459e+00 7.074555812552032474e-01 5.213166696175671744e-01
2.565000000000000213e+01 4.949589369523796911e-01 1.014646058168720888e+00 7.069784079150566170e-01 5.167808603758561325e-01
2.575000078300000084e+01 4.918620390780490403e-01 1.008734595659422251e+00 7.065946540409130394e-01 5.129103572133482114e-01
2.585000156599999954e+01 4.887873220505711824e-01 1.002827018188869435e+00 7.062320513424251711e-01 5.090670909266191702e-01
2.595000156600000452e+01 4.857368349324666656e-01 9.969212143224948086e-01 7.058903810652796817e-01 5.052507332003621787e-01
2.605000182099999861e+01 4.827122213844746712e-01 9.910178591964116102e-01 7.055692756689593281e-01 5.014608577250643240e-01
2.615000207599999982e+01 4.797136339260111293e-01 9.851187879744788267e-01 7.052685482032766684e-01 4.976970032640239960e-01
2.625848810409999956e+01 4.764916601458832335e-01 9.787280719389361838e-01 7.049658364756192785e-01 4.936442735388041902e-01
2.640325681719999906e+01 4.722349429473463034e-01 9.702278196084997974e-01 7.045980689287384413e-01 4.882892937364167185e-01
2.654476975109999870e+01 4.680804760344708937e-01 9.619355849756678900e-01 7.042679851775015543e-01 4.830946804741700351e-01
2.665000000000000213e+01 4.650058881887454421e-01 9.557786465540649701e-01 7.040534132259556044e-01 4.792655157902277474e-01
2.675000078300000084e+01 4.620812983758449954e-01 9.499335477566678287e-01 7.038691971574383421e-01 4.756545316274550794e-01
2.685000156599999954e+01 4.591490757697342384e-01 9.440804465707641757e-01 7.037029414699444985e-01 4.720691423818405563e-01
2.695000156600000096e+01 4.562124380500379717e-01 9.382087652340688200e-01 7.035543822895345967e-01 4.685089966703429587e-01
2.705000182100000217e+01 4.532777761361838631e-01 9.323113586852818102e-01 7.034233287291178360e-01 4.649736552284236546e-01
2.715000207599999626e+01 4.503520265864134897e-01 9.263848794010187682e-01 7.033101105548708043e-01 4.614625518072432153e-01
2.730000103800000133e+01 4.460010216102436864e-01 9.174564252113827090e-01 7.031728610300458371e-01 4.562548520853970113e-01
2.745000078300000013e+01 4.416658331163527129e-01 9.084588771415189612e-01 7.030594340607237980e-01 4.510836341710726671e-01
2.755000182099999861e+01 4.388121825287596423e-01 9.024365154818850820e-01 7.030102872926842217e-01 4.476713314193243032e-01
2.765000207599999982e+01 4.359725715227754095e-01 8.964041811976870555e-01 7.029743196799661531e-01 4.442851742159283912e-01
2.778793162599999533e+01 4.320286383699122323e-01 8.880601892908166484e-01 7.029356872097910491e-01 4.396551254898184991e-01
2.793793058800000040e+01 4.277276195613965437e-01 8.788606729289190067e-01 7.029225992478235208e-01 4.346426479780003960e-01
2.805000000000000071e+01 4.245331781603874921e-01 8.718934447794040032e-01 7.029434561706863205e-01 4.309249204361362273e-01
2.815000000000000568e+01 4.217136965545463800e-01 8.656017369651594073e-01 7.029835879445698321e-01 4.276310388370376803e-01
2.830000000000000071e+01 4.175735908611074576e-01 8.560561627506988458e-01 7.030773372035965529e-01 4.227425672881220398e-01
2.850000000000000000e+01 4.122132913772442175e-01 8.431027829225128389e-01 7.032521086398261234e-01 4.162905219715197780e-01
2.865000000000000568e+01 4.083331356147008595e-01 8.332211352504025337e-01 7.034231025508204116e-01 4.114994581500573401e-01
2.879141072299999848e+01 4.048655440494317026e-01 8.238252569338735398e-01 7.036267086382661518e-01 4.070433759713683597e-01
2.894141072300000062e+01 4.013059515759748730e-01 8.137489563673024895e-01 7.038671489480412546e-01 4.023542608699343104e-01
2.905000000000000426e+01 3.988525281365381536e-01 8.063959786580687794e-01 7.040662351929406482e-01 3.989928342604850409e-01
2.914999999999999858e+01 3.966823902599330154e-01 7.995906695687770016e-01 7.042654315508507512e-01 3.959219563302144307e-01
2.929999999999999716e+01 3.936042662244481627e-01 7.893597665606701952e-01 7.045899586388038038e-01 3.913678499131292288e-01
2.950000000000000355e+01 3.897491743825592936e-01 7.756171334674945017e-01 7.050611007603045932e-01 3.853628655926581992e-01
2.965000000000000213e+01 3.870537677704430357e-01 7.652353487972984869e-01 7.054451848480604026e-01 3.809077814690493557e-01
2.975148958200000138e+01 3.853736064056607069e-01 7.581893757893302110e-01 7.057270470710544918e-01 3.779245449145911540e-01
2.990148958199999996e+01 3.830831116012424209e-01 7.477915218166948375e-01 7.061661055306405199e-01 3.735648488876828766e-01
3.004999999999999716e+01 3.809608681038723077e-01 7.374448036098047998e-01 7.066209782174399656e-01 3.692816532923122175e-01
3.015000000000000213e+01 3.796883207119729486e-01 7.304754812050714419e-01 7.069480148968874111e-01 3.664277335446489148e-01
3.030000000000000071e+01 3.779959757007061438e-01 7.200898465134063509e-01 7.074594565751071151e-01 3.621970838418659966e-01
3.050000000000000355e+01 3.760084289148649672e-01 7.063118303087786432e-01 7.081728492211707415e-01 3.566220504465917873e-01
3.065000000000000213e+01 3.747061854789485169e-01 6.960389765322423372e-01 7.087334240708240696e-01 3.524883197466502360e-01
3.080000000000000071e+01 3.736280703774590983e-01 6.858715506047643462e-01 7.093235008711658018e-01 3.484147048971102945e-01
3.100000000000000355e+01 3.723772437183041073e-01 6.724086849799876253e-01 7.101381214517750173e-01 3.430466470984358529e-01
3.115000000000000213e+01 3.715867108351382786e-01 6.623632590780177409e-01 7.107728436079456813e-01 3.390666179243105871e-01
3.129746040610000080e+01 3.710041219063743845e-01 6.525753638867242135e-01 7.114233203289119789e-01 3.352112222190210544e-01
3.144746040609999937e+01 3.705130476048300037e-01 6.426641531620256309e-01 7.120988316190429712e-01 3.313230358784196028e-01
3.155000000000000071e+01 3.702806380517307261e-01 6.359405696641163841e-01 7.125753319593631785e-01 3.286942026127508965e-01
3.165000000000000213e+01 3.701122413218129736e-01 6.294264060935944594e-01 7.130485997521383013e-01 3.261507088782590325e-01
3.180000000000000071e+01 3.699651799069305635e-01 6.197531576032896394e-01 7.137731219594064536e-01 3.223799243324544928e-01
3.200000000000000711e+01 3.698891722573118823e-01 6.069686749307260376e-01 7.147612336009444567e-01 3.174123235565643464e-01
3.215000000000000568e+01 3.699231635025125864e-01 5.974462730835861102e-01 7.155203987811855626e-01 3.137304901034512206e-01
3.225000000000000000e+01 3.700079455202722745e-01 5.911273316014238333e-01 7.160397871357030430e-01 3.113025082537926314e-01
3.240000000000000568e+01 3.702198738397013411e-01 5.817017327577247432e-01 7.168311884386721067e-01 3.077034003896837455e-01
3.255000000000000426e+01 3.705058410707657290e-01 5.722950183771146060e-01 7.176331813712008012e-01 3.041352571282127659e-01
3.265000000000000568e+01 3.707712579320953661e-01 5.660457469829367483e-01 7.181798112310526783e-01 3.017830986300162333e-01
3.275000000000000000e+01 3.710881442073206693e-01 5.598168247542361087e-01 7.187324109169088704e-01 2.994497605437177468e-01
3.287861015610000237e+01 3.715736676392772941e-01 5.518453650149447443e-01 7.194514732630155063e-01 2.964786601898729557e-01
3.302861015610000095e+01 3.722383300568454234e-01 5.425859541093017713e-01 7.203018497687474486e-01 2.930475137752791004e-01
3.314999999999999858e+01 3.728528488467410806e-01 5.351317004398897792e-01 7.209988452372793066e-01 2.902996694339005646e-01
3.325000000000000000e+01 3.734157228164430298e-01 5.290123611403195758e-01 7.215807064860383369e-01 2.880563162614315220e-01
3.340000000000000568e+01 3.743579634518767185e-01 5.198832539755642301e-01 7.224628868673805826e-01 2.847303310339714399e-01
3.354999999999999716e+01 3.753903292182484974e-01 5.107756993928368461e-01 7.233531562856641006e-01 2.814329678841580029e-01
3.364999999999999858e+01 3.761565369979014140e-01 5.047253282056709534e-01 7.239565807809975606e-01 2.792589062441077075e-01
3.375000000000000000e+01 3.769802332888848584e-01 4.986911742955024707e-01 7.245652459294957826e-01 2.771020898081624217e-01
3.390000000000000568e+01 3.783389725597917641e-01 4.896930244768260554e-01 7.254867311821268094e-01 2.739052358011580535e-01
3.404999999999999716e+01 3.798136532585570380e-01 4.807262400583037776e-01 7.264148601368826119e-01 2.707368276514970917e-01
3.414999999999999858e+01 3.808901153230885295e-01 4.747861902083131413e-01 7.270421160592098753e-01 2.686482762413727188e-01
3.425000000000000000e+01 3.820293015311166385e-01 4.688779996202940281e-01 7.276735127152264004e-01 2.665763533589634027e-01
3.439999999999999858e+01 3.838598903437345777e-01 4.600965992793187853e-01 7.286273211338563094e-01 2.635047378580591126e-01
3.454999999999999716e+01 3.858001072755810612e-01 4.513731232309266539e-01 7.295866559042046839e-01 2.604601171054568010e-01
3.464999999999999858e+01 3.871800151202648421e-01 4.456054239052866794e-01 7.302339101365901142e-01 2.584527468782475412e-01
3.475000000000000711e+01 3.886188684321606468e-01 4.398751769084741081e-01 7.308850025734970890e-01 2.564612663912123058e-01
3.488191770299999916e+01 3.906132701932329976e-01 4.323840333765715527e-01 7.317496258259841291e-01 2.538615723335372887e-01
3.503191770300000485e+01 3.929937378142451809e-01 4.239436389487000745e-01 7.327381879189184266e-01 2.509347404630831724e-01
3.514999999999999858e+01 3.949665141800771662e-01 4.173607754387711477e-01 7.335231236919327324e-01 2.486545817106301515e-01
3.525000000000000711e+01 3.967091998779210260e-01 4.118386034999187428e-01 7.341924711861315123e-01 2.467417538121281784e-01
3.540000000000000568e+01 3.994406582664229433e-01 4.036680695659501383e-01 7.352011408252649982e-01 2.439066190523660749e-01
3.554999999999999716e+01 4.022774358054199695e-01 3.955961500024924304e-01 7.362133181830136097e-01 2.410971268058261785e-01
3.565000000000000568e+01 4.042478039296988901e-01 3.902887771959316354e-01 7.368939316667862949e-01 2.392451826432465956e-01
3.575000000000000711e+01 4.062691640959965045e-01 3.850393962301101314e-01 7.375769867450556738e-01 2.374080287539440393e-01
3.587041768800000341e+01 4.087717629721829282e-01 3.788008644992140739e-01 7.384029973543828618e-01 2.352167663577054424e-01
3.602041768800000199e+01 4.119782410386190752e-01 3.711500127615365852e-01 7.394355419095423043e-01 2.325154989734817268e-01
3.615000000000000568e+01 4.148268981862582305e-01 3.646396495486723954e-01 7.403322456743485214e-01 2.302045125822343441e-01
3.625000000000000711e+01 4.170819504471959815e-01 3.596882954777105290e-01 7.410288075011124409e-01 2.284388022525203621e-01
3.640000000000000568e+01 4.205460431223624340e-01 3.523924043779238513e-01 7.420775441581590748e-01 2.258217450110025504e-01
3.655000000000000426e+01 4.240853830407470548e-01 3.452200124875294263e-01 7.431292106477290771e-01 2.232288576623328302e-01
3.665000000000000568e+01 4.265025429898842146e-01 3.405238141656360962e-01 7.438351865398914464e-01 2.215203374990464269e-01
3.675000000000000711e+01 4.289560061023107718e-01 3.358950611314056034e-01 7.445429982465422425e-01 2.198258515662863122e-01
3.689999999999999858e+01 4.327004569281442947e-01 3.290934752287598686e-01 7.456069793177326765e-01 2.173143803402091678e-01
3.705000000000000426e+01 4.364977177743113446e-01 3.224279228783201723e-01 7.466724213653451736e-01 2.148259200673647840e-01
3.715000000000000568e+01 4.390706870585192045e-01 3.180738477723636937e-01 7.473867566286247488e-01 2.131857296946541025e-01
3.725000000000000711e+01 4.416677644735112485e-01 3.137884156710251671e-01 7.481026268851976857e-01 2.115587072037598548e-01
3.739999999999999858e+01 4.456055770110516900e-01 3.074992966700614838e-01 7.491783978924865250e-01 2.091467186121510058e-01
3.755000000000000426e+01 4.495760893445611139e-01 3.013459766304944498e-01 7.502556890709247694e-01 2.067566209584270065e-01
3.765000000000000568e+01 4.522514635294471730e-01 2.973309949666906871e-01 7.509777980733384206e-01 2.051812733767696129e-01
3.775000000000000000e+01 4.549423968824807818e-01 2.933826835224130902e-01 7.517014629550016203e-01 2.036187083185040936e-01
3.789999999999999858e+01 4.590055662831941663e-01 2.875948547577235059e-01 7.527888079354655426e-01 2.013028787453829127e-01
3.805000000000000426e+01 4.630858194905445591e-01 2.819404123969564968e-01 7.538775276941793724e-01 1.990086930556640710e-01
3.814999999999999858e+01 4.658238016614426602e-01 2.782565221307557457e-01 7.546067280198658356e-01 1.974973722120738073e-01
3.825000000000000000e+01 4.685686852933273472e-01 2.746382780658270795e-01 7.553366157740790676e-01 1.959988218716487984e-01
3.835000000000000142e+01 4.713192150006090264e-01 2.710847048192162601e-01 7.560673520335621234e-01 1.945127731234022050e-01
3.845420163800000779e+01 4.741900381663505248e-01 2.674500662033232334e-01 7.568298542523640426e-01 1.929776026307908621e-01
3.860420163799999926e+01 4.783260158501223547e-01 2.623437877913620819e-01 7.579280540016385403e-01 1.907936873347409190e-01
3.875000000000000000e+01 4.823408680854847086e-01 2.575011907992313387e-01 7.589958886607611754e-01 1.886911268801148012e-01
3.885000000000000853e+01 4.850975006096161501e-01 2.542559524649440350e-01 7.597310103055422426e-01 1.872653742619180828e-01
3.900000000000000000e+01 4.892265428888261103e-01 2.495053449560065140e-01 7.608338137062499174e-01 1.851526305517464110e-01
3.914999999999999858e+01 4.933407224059795371e-01 2.448711866385217817e-01 7.619366126886480961e-01 1.830597874086601906e-01
3.925000000000000711e+01 4.960814591325525824e-01 2.418543604116095980e-01 7.626743814292860080e-01 1.816810881315547299e-01
3.935000000000000853e+01 4.988163035381430466e-01 2.388924227368203479e-01 7.634127076132460887e-01 1.803141012562370082e-01
3.949063755800001019e+01 5.026510734804461311e-01 2.348237108354708502e-01 7.644512768244434708e-01 1.784141019547359208e-01
3.964063755800000166e+01 5.067194663396077381e-01 2.305912367489528769e-01 7.655584996119315644e-01 1.764079551625276909e-01
3.975000000000000711e+01 5.096757381640837359e-01 2.275791226535833767e-01 7.663677376901825156e-01 1.749620807259038291e-01
3.985000000000000853e+01 5.123700396281815062e-01 2.248777877134437997e-01 7.671083943787192494e-01 1.736523374815747423e-01
4.001598810610000356e+01 5.168216460758775499e-01 2.205155358205787286e-01 7.683365937690153080e-01 1.715059306917094684e-01
4.024516166220000457e+01 5.229021431493072747e-01 2.146975159231191699e-01 7.700403272158659052e-01 1.685838546345240496e-01
4.061388893409999667e+01 5.325557189819414283e-01 2.058944816853621185e-01 7.727915477829147006e-01 1.640661656855987305e-01
4.096378425599999673e+01 5.414473330330870082e-01 1.980292011546629372e-01 7.753285920820270904e-01 1.598888489668474633e-01
4.138848618409999602e+01 5.519708955260050898e-01 1.891073561144461512e-01 7.783865572689535606e-01 1.549666438334587615e-01
4.183471031220000214e+01 5.627683076115266303e-01 1.802776725706728145e-01 7.816542367436986050e-01 1.498990846399764487e-01
4.207275508409999532e+01 5.684508776870286217e-01 1.758913623540095394e-01 7.834285610674306399e-01 1.473351052674829742e-01
4.229196795600000058e+01 5.735648669391891774e-01 1.720269362950181680e-01 7.850184489495450890e-01 1.450380248686651552e-01
4.286602128410000034e+01 5.864692415908726586e-01 1.625503361816823533e-01 7.890757327539518196e-01 1.392125329206236883e-01
4.345039313409999693e+01 5.990785306590763470e-01 1.535435243750433720e-01 7.932148667212579607e-01 1.334145076420715781e-01
4.365748950599999745e+01 6.034774619631511072e-01 1.505834636098767332e-01 7.947155483138943488e-01 1.314755172790156024e-01
4.435757405599999714e+01 6.176306830672555481e-01 1.413583568510577704e-01 7.995415774241924067e-01 1.252656731512158672e-01
4.506034890600000153e+01 6.310808000454439792e-01 1.327483793847306914e-01 8.043052674407370484e-01 1.191853868429426089e-01
4.577910240599999980e+01 6.441714086837955211e-01 1.250187206800547346e-01 8.091227989189484493e-01 1.135740670328675983e-01
4.650054615599999863e+01 6.564917714187694653e-01 1.177910079046718822e-01 8.137492085717464851e-01 1.081053735435316410e-01
4.677849528410000346e+01 6.611199065161826871e-01 1.151925200398526694e-01 8.155574352012500139e-01 1.060981446489050184e-01
4.741080308410000299e+01 6.712633080581998923e-01 1.097225028964770310e-01 8.195773320227108805e-01 1.018151321475226079e-01
4.797808125600000295e+01 6.798726184870022005e-01 1.051083448903057660e-01 8.230192471112611763e-01 9.810508306664751654e-02
4.826276628409999603e+01 6.840715536792427720e-01 1.028980448956103577e-01 8.247340775721740957e-01 9.629668233022355139e-02
4.856628326219999536e+01 6.884836729475952710e-01 1.006182563910158895e-01 8.265787499882231160e-01 9.441299377053487263e-02
4.903768958410000067e+01 6.951241830544196976e-01 9.731039552893896993e-02 8.293827653222043406e-01 9.166991826241197017e-02
4.949295420600000028e+01 7.012721773474749343e-01 9.424965479884662989e-02 8.319818149075712821e-01 8.909223598970558711e-02
4.990832168409999525e+01 7.067050112713549881e-01 9.157963699898176435e-02 8.343097679361163310e-01 8.681022595994855595e-02
5.034252111220000359e+01 7.122409097344242213e-01 8.888432022903473839e-02 8.367396704248721839e-01 8.447739015497028603e-02
5.070191388410000144e+01 7.167038126608734627e-01 8.678510733441444081e-02 8.387263241894025168e-01 8.266170896218028030e-02
5.104516500599999773e+01 7.208371633842213244e-01 8.484621780727670537e-02 8.405607529065242112e-01 8.097191728878846972e-02
5.159121493410000170e+01 7.271952048044889594e-01 8.189259079671838693e-02 8.434024036538327884e-01 7.836466208696141189e-02
5.215609676220000068e+01 7.335489116254443331e-01 7.894812191272987389e-02 8.463053956138310019e-01 7.572665114505712503e-02
5.240347598409999819e+01 7.362704983836411143e-01 7.772626920557738905e-02 8.475710343596646323e-01 7.463245597050727209e-02
5.263471360599999826e+01 7.387643594672604896e-01 7.661570754521718207e-02 8.487266314660677491e-01 7.363601873974442991e-02
5.331144598409999702e+01 7.458094864519042577e-01 7.350308201253306917e-02 8.519973060717147550e-01 7.081191846010338742e-02
5.400701026219999790e+01 7.527480996820575809e-01 7.042557501912403983e-02 8.552831142540073817e-01 6.797456446043954881e-02
5.426094198410000757e+01 7.552244059393306008e-01 6.936488031244843200e-02 8.564787836668708021e-01 6.699634916106197990e-02
5.506901488409999956e+01 7.627714295823326829e-01 6.617969388375075090e-02 8.601056092673359244e-01 6.403568122146496844e-02
5.589526166220000647e+01 7.701123119386140692e-01 6.305170028021155060e-02 8.636967517489583246e-01 6.107884952323869299e-02
5.676804978410000047e+01 7.774807802277925450e-01 6.005830943953371914e-02 8.673562563149777027e-01 5.823726209620073285e-02
5.759210133410000054e+01 7.840716467817934188e-01 5.733740173686464880e-02 8.706593487707580126e-01 5.561472268873809965e-02
5.782085091220000805e+01 7.858641050184894672e-01 5.662134938274841073e-02 8.715788157070026854e-01 5.491987050825045819e-02
5.860029443410000027e+01 7.917503739028797227e-01 5.430820325839056523e-02 8.745944107046852434e-01 5.268002323415833105e-02
5.936628655600000570e+01 7.972704416732940835e-01 5.210928251239954623e-02 8.774372590703313213e-01 5.052735763297681176e-02
5.956696138409999719e+01 7.986864414169616566e-01 5.155516185064596552e-02 8.781767850437873779e-01 4.997879577781998151e-02
5.978377791220000148e+01 8.002002051250503012e-01 5.097050667004364433e-02 8.789760583890310341e-01 4.940030029930601169e-02
6.046987683409999192e+01 8.048485052054691335e-01 4.919556403636078656e-02 8.814287252309084275e-01 4.765640860637025689e-02
6.114252435600000979e+01 8.092313161861457438e-01 4.750388050282699365e-02 8.837450369562347419e-01 4.598234582914594720e-02
6.145521278409999866e+01 8.112222191485263245e-01 4.674816369251266063e-02 8.848079850941189539e-01 4.522524939000873573e-02
6.178404286220001040e+01 8.132818903431463520e-01 4.597056767504091590e-02 8.859229351841735323e-01 4.444526660172271743e-02
6.237679713410000204e+01 8.168966016470233793e-01 4.462476940147609705e-02 8.878843909557053715e-01 4.311093942275578961e-02
6.295610005600001102e+01 8.203183154101726382e-01 4.334140217075046347e-02 8.897385525628593861e-01 4.183322194830591673e-02
6.338080198410000321e+01 8.227662755186885279e-01 4.243684868713590297e-02 8.910751034474866383e-01 4.092158919861613869e-02
6.382164556219998985e+01 8.252536286256751952e-01 4.151791221095986473e-02 8.924535952602566935e-01 3.999346774785936948e-02
6.432105528409999806e+01 8.280043763112696631e-01 4.051775606581683314e-02 8.939859087584371977e-01 3.899777022012101274e-02
6.480701360599999816e+01 8.306128681677548142e-01 3.956566885538961159e-02 8.954335082270195034e-01 3.804849208476882710e-02
6.534372908409999070e+01 8.334210919586440003e-01 3.855319334385398644e-02 8.969999887010148276e-01 3.702780530991435504e-02
6.589658621220000612e+01 8.362405441553457663e-01 3.753248417248985364e-02 8.985961570403581122e-01 3.599605271282109442e-02
6.630265128410000841e+01 8.382670964839159522e-01 3.681174329778743454e-02 8.997520994829029117e-01 3.527862924333820954e-02
6.669526500599999963e+01 8.401870196763681076e-01 3.612888453994863441e-02 9.008416197117021795e-01 3.459950151716838923e-02
6.734399398409999549e+01 8.432765516250261273e-01 3.504015200660436091e-02 9.025997433621626431e-01 3.350694973629875922e-02
6.800886461219998580e+01 8.463513712937402733e-01 3.394822743269450271e-02 9.043735387314913998e-01 3.240787297956140844e-02
6.832158508409999342e+01 8.477701587770669622e-01 3.345423151494095887e-02 9.051998727197017036e-01 3.191772947322579768e-02
6.862085415600000715e+01 8.491070014516323150e-01 3.299086101880363553e-02 9.059743248102238855e-01 3.145945591733500385e-02
6.938159668410000336e+01 8.524135207247353074e-01 3.185143059135284171e-02 9.078901810823281071e-01 3.032526160950377303e-02
7.015848091220001947e+01 8.556817253450702543e-01 3.071287808207460307e-02 9.098065355521701703e-01 2.918824315391582366e-02
7.037785678410000401e+01 8.565893159126785061e-01 3.040320528589736046e-02 9.103446348158289458e-01 2.888247491996911304e-02
7.058378125600000885e+01 8.574320702710774844e-01 3.011882092951946241e-02 9.108422843483665599e-01 2.860340268332331112e-02
7.145653733410000541e+01 8.609032931841060776e-01 2.894970156697232802e-02 9.128859210128587032e-01 2.745169784664355794e-02
7.231254613410000331e+01 8.641899915373111307e-01 2.782619563549774272e-02 9.148394739765728367e-01 2.634078930570576960e-02
7.258404615599999943e+01 8.652145328609250896e-01 2.748636419290335225e-02 9.154549293084941475e-01 2.600863328054950352e-02
7.356881573409999930e+01 8.688085199461291763e-01 2.630471063881935356e-02 9.176007408022891498e-01 2.485734882689729502e-02
7.456972696219999364e+01 8.723215691915264802e-01 2.513047578777724209e-02 9.197138670137718908e-01 2.370966880668482282e-02
7.563853878410000675e+01 8.759215034669616262e-01 2.397634437864295739e-02 9.218900612933218497e-01 2.259690201612470431e-02
7.660639813410000443e+01 8.790469767439141879e-01 2.295130821977895211e-02 9.237827523582632372e-01 2.160555502160666289e-02
7.675724748409999165e+01 8.795289769407323988e-01 2.279781128906850987e-02 9.240787370501231113e-01 2.145774019757864734e-02
7.692154818410000416e+01 8.800496942410940271e-01 2.263266409696618187e-02 9.243978621693237363e-01 2.129928525253216298e-02
7.782549293409999791e+01 8.828373844326721231e-01 2.176397042456628544e-02 9.260976555082881534e-01 2.047080457688813318e-02
7.880886795600000028e+01 8.857584640325317782e-01 2.083428193880977261e-02 9.278807962644091134e-01 1.958153057191489022e-02
7.912986148410000453e+01 8.866967508692706890e-01 2.054249750118185280e-02 9.284595305232362650e-01 1.930353334804630477e-02
8.004978488410000637e+01 8.893108841319666835e-01 1.974959208271269764e-02 9.300657404886741864e-01 1.855368967348948461e-02
8.095848420600000850e+01 8.918000352180637247e-01 1.898166861349125795e-02 9.315946612070169497e-01 1.782618952711687368e-02
8.120583138410000856e+01 8.924667845956802958e-01 1.877758481152913897e-02 9.320066666344896111e-01 1.763304737416650225e-02
8.146662996220000252e+01 8.931661616632216028e-01 1.856725358183207789e-02 9.324403598631978429e-01 1.743485580672098426e-02
8.231141468410000073e+01 8.953762404750719162e-01 1.791758786556092026e-02 9.338062782996788824e-01 1.682517897718463842e-02
8.314543830599998842e+01 8.974858842000298376e-01 1.728831579990093917e-02 9.351090395303517377e-01 1.623389814339492448e-02
8.348613008409999736e+01 8.983328107461813206e-01 1.703714616842009338e-02 9.356341350847844351e-01 1.599837497637338415e-02
8.384027326220000020e+01 8.992067227900805149e-01 1.678138092705794282e-02 9.361778433788588982e-01 1.575908838158181224e-02
8.461038233409999521e+01 9.010639831673094013e-01 1.625348030950329523e-02 9.373312239136784019e-01 1.526675391157355545e-02
8.536973030600000811e+01 9.028397179637913661e-01 1.574262278880065452e-02 9.384328190432561501e-01 1.478990192416548312e-02
8.580376668410001173e+01 9.038362283912744211e-01 1.545711997098415946e-02 9.390526090001994897e-01 1.452414540627621105e-02
8.625125441219999800e+01 9.048535168951294949e-01 1.516843468149921791e-02 9.396872773360702702e-01 1.425570380844131887e-02
8.694668778409999277e+01 9.064012681438553543e-01 1.474393810982370899e-02 9.406522761215929673e-01 1.386166294264547759e-02
8.763136005599999123e+01 9.078829321904769989e-01 1.433375896448574154e-02 9.415750640177419362e-01 1.348069864088669717e-02
8.815874108410000076e+01 9.090024558335859650e-01 1.402467468301011461e-02 9.422733470707633785e-01 1.319458123088245241e-02
8.869957351219998998e+01 9.101362211649458578e-01 1.371358422105288695e-02 9.429823966680828118e-01 1.290666642660743581e-02
8.932033118410001293e+01 9.114122824211182694e-01 1.337643735497736665e-02 9.437806719119422594e-01 1.259472478542420643e-02
8.993032775600001116e+01 9.126348871002346597e-01 1.305136717772060508e-02 9.445447189894703444e-01 1.229386019533037708e-02
9.055105338410000115e+01 9.138543211437237801e-01 1.272762912049559339e-02 9.453072625492353609e-01 1.199533059359458864e-02
9.118523036220000222e+01 9.150812848002640720e-01 1.240284214032185382e-02 9.460762534657202183e-01 1.169572536734813512e-02
9.173131233409998231e+01 9.161189030552785439e-01 1.213907360095565872e-02 9.467272450422140606e-01 1.145214906750990740e-02
9.226663320599999452e+01 9.171133752535103323e-01 1.188554165111588463e-02 9.473505994133771813e-01 1.121799452520551126e-02
9.298070343410000760e+01 9.184126079896004491e-01 1.155447927301796358e-02 9.481649082800459594e-01 1.091341934838455097e-02
9.370822506220000037e+01 9.197126059152272992e-01 1.122312778451135459e-02 9.489812642485235816e-01 1.060834279223575767e-02
9.417963138410000568e+01 9.205410838389256334e-01 1.102066508068744177e-02 9.495023717951135422e-01 1.042152564422956992e-02
9.464027660600000047e+01 9.213347688755878506e-01 1.082690998711906272e-02 9.500012079379362984e-01 1.024274583905732811e-02
9.544769143409999401e+01 9.226962474255459012e-01 1.049439794972306141e-02 9.508562966560215601e-01 9.937130680833357321e-03
9.626855761219999863e+01 9.240517635144175346e-01 1.016218537675935701e-02 9.517090297789887465e-01 9.631464535417721615e-03
9.666528823410001792e+01 9.246969333861475571e-01 1.001061235818135123e-02 9.521157533703917819e-01 9.491580824345473288e-03
9.705125775599999827e+01 9.253139494076363381e-01 9.866461241805837487e-03 9.525044524363612819e-01 9.358564900918247761e-03
9.736850188569999887e+01 9.258149765329181102e-01 9.748954139238515462e-03 9.528200067051147970e-01 9.250455968594218162e-03
9.809419951380000668e+01 9.269420042630973633e-01 9.484766871008914677e-03 9.535290944621528375e-01 9.007652901981098859e-03
9.886622801219999701e+01 9.281193841781922860e-01 9.208380300087937523e-03 9.542713025985181119e-01 8.753207175440761573e-03
9.918828298409999888e+01 9.286042963799883143e-01 9.098796622502305920e-03 9.545776507939013333e-01 8.651985076372853412e-03
9.949957680599999321e+01 9.290665697283787550e-01 8.995567582022981346e-03 9.548695707894493401e-01 8.556656169784779276e-03
1.004936808341000045e+02 9.305089694399852895e-01 8.672788998872039620e-03 9.557788315332513829e-01 8.259577855104499947e-03
1.015012362622000097e+02 9.319327808572726024e-01 8.351065127255261414e-03 9.566775335586665818e-01 7.963047896650986973e-03
1.017486154840999859e+02 9.322778597807830359e-01 8.275919615571614152e-03 9.568960069233689580e-01 7.893544034598968390e-03
1.019852336560000055e+02 9.326045388158520355e-01 8.206232167016005996e-03 9.571027770448171657e-01 7.829112678527771346e-03
1.030726823340999800e+02 9.340697397430474114e-01 7.892678856042806279e-03 9.580280394004933031e-01 7.539962257101204789e-03
1.041523921840999805e+02 9.354844346852937420e-01 7.587296500507812597e-03 9.589226907577016457e-01 7.257825907149376317e-03
1.045082284060000006e+02 9.359414022292766866e-01 7.493417138822879020e-03 9.592122213803312425e-01 7.170778527269645528e-03
1.056890216341000013e+02 9.374176422676173681e-01 7.189632384910197953e-03 9.601456291841820034e-01 6.890049646974254205e-03
1.067847101340999956e+02 9.387487170561810146e-01 6.911752110324070365e-03 9.609885260651400696e-01 6.632857075689862179e-03
1.070685609559999989e+02 9.390880533400329799e-01 6.845151128231771395e-03 9.612040054094743713e-01 6.570962132569437703e-03
1.083426987841000084e+02 9.405685979933705587e-01 6.553641665847836743e-03 9.621415887325974747e-01 6.300786385311739173e-03
1.096428791341000135e+02 9.420311387574799022e-01 6.262256167134001850e-03 9.630693490606639928e-01 6.030277586014927242e-03
1.109823903560000105e+02 9.434803667351944201e-01 5.989083940091422323e-03 9.639885555355581781e-01 5.776257139623223492e-03
1.121613596340999948e+02 9.447135352073168235e-01 5.750779092672557262e-03 9.647712487065613907e-01 5.554469492854984501e-03
1.123525630840999980e+02 9.449121430237353847e-01 5.714604432123159168e-03 9.648979265888897316e-01 5.520732848895735373e-03
1.136360675059999892e+02 9.462039399417383478e-01 5.481416259196423245e-03 9.657183996741560694e-01 5.303186898076778406e-03
1.149056911341000102e+02 9.474390239972650951e-01 5.252797196750776283e-03 9.665034021898498695e-01 5.089753816192447641e-03
1.162591879340999981e+02 9.487129544260741731e-01 5.031627561670865521e-03 9.673137811839251921e-01 4.882824317319060803e-03
1.176873604340999862e+02 9.500066305384280430e-01 4.801831685112820103e-03 9.681368660917000213e-01 4.667521136660694910e-03
1.190595261840999939e+02 9.512082052972452573e-01 4.600747623210758690e-03 9.689022418591114461e-01 4.478762470326062665e-03
1.205063673840999883e+02 9.524276115131662390e-01 4.393094220902535145e-03 9.696789886867986930e-01 4.283548576071210569e-03
1.218972020840999875e+02 9.535612605671799358e-01 4.210134416328081310e-03 9.704019708230564589e-01 4.111229667266718540e-03
1.233627125840999952e+02 9.547112936887172108e-01 4.022294680521728422e-03 9.711353392167404452e-01 3.934037692397427191e-03
1.247722161341000060e+02 9.557813480215936464e-01 3.855699487055341563e-03 9.718185555270459908e-01 3.776599283830900898e-03
1.262563956341000164e+02 9.568666150102853596e-01 3.685624084490760500e-03 9.725113667474190038e-01 3.615607241275312078e-03
1.276845681840999873e+02 9.578771577741416188e-01 3.533868892788127186e-03 9.731573076183328563e-01 3.471700101309046094e-03
1.291874161840999875e+02 9.589018842198533399e-01 3.379778091245421324e-03 9.738121357533063849e-01 3.325322766855465326e-03
1.306342576840999925e+02 9.598567121542629366e-01 3.241468003226724830e-03 9.744231143337725998e-01 3.193698449267134802e-03
1.321557746841000096e+02 9.608248473830964809e-01 3.101767263758502952e-03 9.750423903965719230e-01 3.060503421899517067e-03
1.336212851841000031e+02 9.617275153154652978e-01 2.975682239710533000e-03 9.756205875684789142e-01 2.940069739564813919e-03
1.351614711840999803e+02 9.626426901832547678e-01 2.848975774942470555e-03 9.762065436468679858e-01 2.818801880255285448e-03
1.366456501840999920e+02 9.634964956454608043e-01 2.734008557826720157e-03 9.767539822723005916e-01 2.708562414975532965e-03
1.382045051840999861e+02 9.643620826439218696e-01 2.619050068098531525e-03 9.773087011472811891e-01 2.598094828257841230e-03
1.397073536841000134e+02 9.651700894450598867e-01 2.514211505041940697e-03 9.778272654066095804e-01 2.497154992258031510e-03
1.412848776840999676e+02 9.659892040807566138e-01 2.409890343890564064e-03 9.783526767940883273e-01 2.396478968806650851e-03
1.428063946840999847e+02 9.667542508243256449e-01 2.314285306472633422e-03 9.788441171080014547e-01 2.304027502566295162e-03
1.444025876841000127e+02 9.675297700928989775e-01 2.219602018996411422e-03 9.793420062830681116e-01 2.212234095865420191e-03
1.459427736841000183e+02 9.682544649798345837e-01 2.132412186003884800e-03 9.798079262818832902e-01 2.127528793409389028e-03
1.468253404357000136e+02 9.686592027326611509e-01 2.084612069497302454e-03 9.800680073700760442e-01 2.081059726678445836e-03
1.477727719638000110e+02 9.690851060630013558e-01 2.035092407528648045e-03 9.803417227397422939e-01 2.032686028594394342e-03
1.491164901841000017e+02 9.696760130427748425e-01 1.966895964253919521e-03 9.807220374070717561e-01 1.966116046946066783e-03
1.507500211841000066e+02 9.703721791524707596e-01 1.888807892843384672e-03 9.811697778988187624e-01 1.889650192542394452e-03
1.523275451840999892e+02 9.710234501584018574e-01 1.816226235945947237e-03 9.815892218308489570e-01 1.818425821518607948e-03
1.539797446841000124e+02 9.716835207883290915e-01 1.745245755888658176e-03 9.820141423271865344e-01 1.748547568625820944e-03
1.555759371840999847e+02 9.723013696817620621e-01 1.678963493496827501e-03 9.824124128702133030e-01 1.683159499221499470e-03
1.572468056840999679e+02 9.729275309652576365e-01 1.614395427806339638e-03 9.828158995946865151e-01 1.619246504478016836e-03
1.588616676841000128e+02 9.735139648805999357e-01 1.553838322023108794e-03 9.831942642026191281e-01 1.559185938979440250e-03
1.605512051841000130e+02 9.741082379398021684e-01 1.495041028235651135e-03 9.835775917601460305e-01 1.500668386476532125e-03
1.621847356840999907e+02 9.746651408373023795e-01 1.439653853856679745e-03 9.839372443268129542e-01 1.445444643965879258e-03
1.638929416841000091e+02 9.752294461523999258e-01 1.386032204619772230e-03 9.843016336085996798e-01 1.391796225505250372e-03
1.655451411840999754e+02 9.757586048883558627e-01 1.335304887624243469e-03 9.846437163595752606e-01 1.340960812158775110e-03
1.672720166841000093e+02 9.762947651770506052e-01 1.286336306302755415e-03 9.849903345115201825e-01 1.291725975702327171e-03
1.689428851840999926e+02 9.767978517567591501e-01 1.239824827796009304e-03 9.853159147990293576e-01 1.244895495206799164e-03
1.706884291840999879e+02 9.773075569445895949e-01 1.195017821719708594e-03 9.856458330825179637e-01 1.199645828775739928e-03
1.723779666840999880e+02 9.777861624536429153e-01 1.152289283484154471e-03 9.859559330481347805e-01 1.156443711887585393e-03
1.741421796841000003e+02 9.782710442612485569e-01 1.111221311252371443e-03 9.862701996724176912e-01 1.114814256575787522e-03
1.758503861840999889e+02 9.787266660075654157e-01 1.071912890310413669e-03 9.865657811827658330e-01 1.074929449361854659e-03
1.776332681840999896e+02 9.791882445981019423e-01 1.034208710778542145e-03 9.868653647988601119e-01 1.036596704954136821e-03
1.793601431840999965e+02 9.796222877224367576e-01 9.979911697901892257e-04 9.871473273799186154e-01 9.997464062839712343e-04
1.811616941841000141e+02 9.800619967909403041e-01 9.633092318771136224e-04 9.874331397575664138e-01 9.644115439405968621e-04
1.829072381841000094e+02 9.804757927268844542e-01 9.298803273011949436e-04 9.877023396693233037e-01 9.303317437149464597e-04
1.847228071559999876e+02 9.808939400017365751e-01 8.980094460283352112e-04 9.879745656088525507e-01 8.978221115305437495e-04
1.877186609357000009e+02 9.815580988431059639e-01 8.472449952199211575e-04 9.884074864329156496e-01 8.460191480137187322e-04
1.895015429356999732e+02 9.819385502725397341e-01 8.186787324220335966e-04 9.886556667735361126e-01 8.168641557855767579e-04
1.901134426840999936e+02 9.820669816167039157e-01 8.090368865370595403e-04 9.887395939342132900e-01 8.070211175554212321e-04
1.919149936841000113e+02 9.824375761129412465e-01 7.825604352891773856e-04 9.889816818668605292e-01 7.800217900836095303e-04
1.937725511841000241e+02 9.828092494301675641e-01 7.553984957268389255e-04 9.892246968013019837e-01 7.523161440073493919e-04
1.955927706841000031e+02 9.831636586873607753e-01 7.308523652828271405e-04 9.894566695145249335e-01 7.273194619785113609e-04
1.974689971841000045e+02 9.835191213886452788e-01 7.057395135394219652e-04 9.896895441080809652e-01 7.017433309848699436e-04
1.993078861840999707e+02 9.838583317600376743e-01 6.829666153700212359e-04 9.899120171215627373e-01 6.786007058480162269e-04
2.012027816840999890e+02 9.841986307960036706e-01 6.597298797665540528e-04 9.901354300232060313e-01 6.549890402184544618e-04
2.030603391841000018e+02 9.845236346885254397e-01 6.385901773534771427e-04 9.903490502297125353e-01 6.335644673835023237e-04
2.049739036841000370e+02 9.848497756266928471e-01 6.170755375790575731e-04 9.905636608038502766e-01 6.117663015732206300e-04
2.068501306841000371e+02 9.851615258474031300e-01 5.974389708039161461e-04 9.907690573062890582e-01 5.919295385301908633e-04
2.087823641840999755e+02 9.854744805055776213e-01 5.775043924510876378e-04 9.909755124061864207e-01 5.718014404377376415e-04
2.106772596840999938e+02 9.857739007881375359e-01 5.592529544737072020e-04 9.911733059700812420e-01 5.534309705370963738e-04
2.126281621841000060e+02 9.860746140693054107e-01 5.407694160576429539e-04 9.913722455973890124e-01 5.348390838457919155e-04
2.145417266841000128e+02 9.863626089392965035e-01 5.237933579910453814e-04 9.915630568030989744e-01 5.178190681781039877e-04
2.165112976841000147e+02 9.866520125490769733e-01 5.066417442954033621e-04 9.917551265733663968e-01 5.006368318566855810e-04
2.184435311840999816e+02 9.869294800958435809e-01 4.908401471258128177e-04 9.919395871805557485e-01 4.848583007367994620e-04
2.204317716840999708e+02 9.872085034478226273e-01 4.749107104368194450e-04 9.921254478849245162e-01 4.689666392370910172e-04
2.220903205138000089e+02 9.874366158244460845e-01 4.623466333026039158e-04 9.922776821355251409e-01 4.564727901007786153e-04
2.235325104857000156e+02 9.876315146245078225e-01 4.516068688022981830e-04 9.924079514991671624e-01 4.457844018224766183e-04
2.243895826840999916e+02 9.877460021956694369e-01 4.454051717691797263e-04 9.924846222887445668e-01 4.396374521036531180e-04
2.263591541841000208e+02 9.880051523517756618e-01 4.317181306859372669e-04 9.926583831974790106e-01 4.260786967474804393e-04
2.283847321841000166e+02 9.882662812703456590e-01 4.179774361145940768e-04 9.928339498402219965e-01 4.124804369002718282e-04
2.303729721840999787e+02 9.885177135579098495e-01 4.052037688709748389e-04 9.930034622662033961e-01 3.998726855937945277e-04
2.324172191841000199e+02 9.887714318351764620e-01 3.924046269653067714e-04 9.931750759433852771e-01 3.872520894071618887e-04
2.344241281840999989e+02 9.890162182256651002e-01 3.804731258093068617e-04 9.933412023256614765e-01 3.755143516006823490e-04
2.364870436840999730e+02 9.892636882936033382e-01 3.685394594753233248e-04 9.935098146397797203e-01 3.637850294338449428e-04
2.385126216840999689e+02 9.895030352381311012e-01 3.573851182512737847e-04 9.936735640348192122e-01 3.528432716232251425e-04
2.405942066841000155e+02 9.897455887393945551e-01 3.462485077248282270e-04 9.938403086971483447e-01 3.419273740493217976e-04
2.426384536840999999e+02 9.899809100604090029e-01 3.358136100591087715e-04 9.940029106498756706e-01 3.317155418328030761e-04
2.447387071841000079e+02 9.902201424954832909e-01 3.254134204060036119e-04 9.941692010713001348e-01 3.215439700485854925e-04
2.468016231841000092e+02 9.904531809269575549e-01 3.156464653539796817e-04 9.943322316931042515e-01 3.120034432184714060e-04
2.489205461841000044e+02 9.906911266812115091e-01 3.059292255275753250e-04 9.944999428041296774e-01 3.025156938102118104e-04
2.510021306840999671e+02 9.909242145227198373e-01 2.969012066932863697e-04 9.946655963891333219e-01 2.937112070130987684e-04
2.531397221841000089e+02 9.911634296432703106e-01 2.880319723083362825e-04 9.948371666026945004e-01 2.850658783502079785e-04
2.552399761841000156e+02 9.913993066215633920e-01 2.796790807195466237e-04 9.950081040085807516e-01 2.769290063737541493e-04
2.573962366840999607e+02 9.916434685858092069e-01 2.714035679095434242e-04 9.951871807803616132e-01 2.688681217553210096e-04
2.595151591841000140e+02 9.918867387476628661e-01 2.635928493307171318e-04 9.953680559555965202e-01 2.612625844822067810e-04
2.616900881841000341e+02 9.921416277846821785e-01 2.558699863815597502e-04 9.955605971990155734e-01 2.537416351189776824e-04
2.638276796841000191e+02 9.923994949054951720e-01 2.485686155676372915e-04 9.957589896521006345e-01 2.466317651963794355e-04
2.660212781840999696e+02 9.926747709635276307e-01 2.413629516056326558e-04 9.959753808893090365e-01 2.396126926399018094e-04
2.680530152137999949e+02 9.929431168355319359e-01 2.349219954813013369e-04 9.961915671604588685e-01 2.333376599415443837e-04
2.690844891857000221e+02 9.930858821063593966e-01 2.317473816917809402e-04 9.963089524269818087e-01 2.302439366827056940e-04
2.696085524856999882e+02 9.931604287168325218e-01 2.302701742322101508e-04 9.963709455650531233e-01 2.288061563033086658e-04
2.705134867154000062e+02 9.932927076316235837e-01 2.277744638708439765e-04 9.964821780940620322e-01 2.263774442055646835e-04
2.712947399138000719e+02 9.934110862206791959e-01 2.256688689794784030e-04 9.965831290687297006e-01 2.243290440839743722e-04
2.717814653638000095e+02 9.934870721418753714e-01 2.243993632844235573e-04 9.966486620941646946e-01 2.230943250424135464e-04
2.724603885653999669e+02 9.935962685700782115e-01 2.227027568631154717e-04 9.967438807575812465e-01 2.214448292708415061e-04
2.732436583856999732e+02 9.937275192901916521e-01 2.208061535359774564e-04 9.968600227074218001e-01 2.196019273535958379e-04
2.736930459856999960e+02 9.938057391520010997e-01 2.197595618194823832e-04 9.969301356930532210e-01 2.185852658989560738e-04
2.740135610653999834e+02 9.938630074488674637e-01 2.191475542520828629e-04 9.969818824432098436e-01 2.179009662374457781e-04
2.742499018153999941e+02 9.939058916275637090e-01 2.187285031946248402e-04 9.970210162172783441e-01 2.174099109867970437e-04
2.743499018154000169e+02 9.939242603714851798e-01 2.185039878858081419e-04 9.970378407573318169e-01 2.172024420874628544e-04
2.744499020654000105e+02 9.939427749224544195e-01 2.182809772593479662e-04 9.970548303070280172e-01 2.169950922820108549e-04
2.745499023154000042e+02 9.939614326211735351e-01 2.180595136605080833e-04 9.970719901736125879e-01 2.167878608602078492e-04
2.746999020654000105e+02 9.939896898124878089e-01 2.177309442533963569e-04 9.970980606510708721e-01 2.164865256609857145e-04
2.748499018154000169e+02 9.940182797172394391e-01 2.174048423464584618e-04 9.971245314768576451e-01 2.161936370320759562e-04
2.749499020654000105e+02 9.940375297769187268e-01 2.171900100291679792e-04 9.971424055364179750e-01 2.160034560528680350e-04
2.750499023154000042e+02 9.940569355600891166e-01 2.169769556541708601e-04 9.971604678237497854e-01 2.158133766218972723e-04
2.751999020654000105e+02 9.940863434793038023e-01 2.166615518640053312e-04 9.971879275563114708e-01 2.155284967110090619e-04
2.753499018154000169e+02 9.941161224016332731e-01 2.163489978652813133e-04 9.972158454794145532e-01 2.152437362279940956e-04
2.754499020654000105e+02 9.941361880991036459e-01 2.161436024821450862e-04 9.972347240863326245e-01 2.150540488730234173e-04
2.755499023154000042e+02 9.941564289130697674e-01 2.159402714791120814e-04 9.972538288999058809e-01 2.148736681172267458e-04
2.756999020654000105e+02 9.941871274837739136e-01 2.156401409681303052e-04 9.972828896866101633e-01 2.146198427483368405e-04
2.758499018154000169e+02 9.942182456632673304e-01 2.153433385384843836e-04 9.973124627852463231e-01 2.143674601179012206e-04
2.759499020654000105e+02 9.942392332087079954e-01 2.151489524716711623e-04 9.973324776581392603e-01 2.141993266588054334e-04
2.760499023154000042e+02 9.942604214513857119e-01 2.149590484243842396e-04 9.973527428209106871e-01 2.140332825748526521e-04
2.761997106153999653e+02 9.942925420713315532e-01 2.146853398567321887e-04 9.973835818093335082e-01 2.137896731736910075e-04
2.763497103654000284e+02 9.943251758881441749e-01 2.144162112859960927e-04 9.974150744221869092e-01 2.135604471032883473e-04
2.764499020654000105e+02 9.943472476836173746e-01 2.142405717282712342e-04 9.974364438060407956e-01 2.134255823951808524e-04
2.765499023154000042e+02 9.943695032452453120e-01 2.140681580126968780e-04 9.974580514261847108e-01 2.132910157356583832e-04
2.766999020654000674e+02 9.944033231095281700e-01 2.138163815050486900e-04 9.974910114485135981e-01 2.130892715660044308e-04
2.768499018154000169e+02 9.944376879177398987e-01 2.135693162748260050e-04 9.975246630887165677e-01 2.128875337980898873e-04
2.769499020654000105e+02 9.944609128480097482e-01 2.134095656753584049e-04 9.975475023423968635e-01 2.127531031341405650e-04
2.770499023154000042e+02 9.944843980778618198e-01 2.132532965525842463e-04 9.975706854275023794e-01 2.126277399169974186e-04
2.771999020654000105e+02 9.945201300916683973e-01 2.130271948322453809e-04 9.976060979080786373e-01 2.124707106913798816e-04
2.773499018154000169e+02 9.945564929442095581e-01 2.128068298272868910e-04 9.976422976447144597e-01 2.123223297790681528e-04
2.774499020654000105e+02 9.945811004830180657e-01 2.126659795441373829e-04 9.976668967305600821e-01 2.122234170572430336e-04
2.775499023154000042e+02 9.946060107718673882e-01 2.125294028541579755e-04 9.976918864966607403e-01 2.121244936499674244e-04
2.776804655653999703e+02 9.946390058987349958e-01 2.123590742669411119e-04 9.977251305618898281e-01 2.119953276910957268e-04
2.778304653154000334e+02 9.946775996229286765e-01 2.121715744909194207e-04 9.977642463534605044e-01 2.118793972646960152e-04
2.779499020654000105e+02 9.947088815279485630e-01 2.120314614461487376e-04 9.977960793217747204e-01 2.118186265432354086e-04
2.780499023154000042e+02 9.947354619859177793e-01 2.119241259528587917e-04 9.978232304288828791e-01 2.117707975066678689e-04
2.781999020654000105e+02 9.947760201432405136e-01 2.117781468444725125e-04 9.978648557778234673e-01 2.117009193048106843e-04
2.783499018154000169e+02 9.948174467001608123e-01 2.116411387849100392e-04 9.979076317384379946e-01 2.116308467844158392e-04
2.784499020654000105e+02 9.948455714046460230e-01 2.115593546189674086e-04 9.979368413127248649e-01 2.116041697958365186e-04
2.785499023154000042e+02 9.948741183657072717e-01 2.114843863296936419e-04 9.979665976696489027e-01 2.116087921317360567e-04
2.786999020654000105e+02 9.949177633741491666e-01 2.113884605531570155e-04 9.980122915434458397e-01 2.116323687582801329e-04
2.788499018154000169e+02 9.949624507819048169e-01 2.113041287324581192e-04 9.980593604726215595e-01 2.116556277595223353e-04
2.789499020654000105e+02 9.949928529486419260e-01 2.112603185272662290e-04 9.980915588480107070e-01 2.116709350921043185e-04
2.790499023154000042e+02 9.950237653457129072e-01 2.112254253083109198e-04 9.981244613230538798e-01 2.116975090184922083e-04
2.791999020654000105e+02 9.950711338617856949e-01 2.111948691854489003e-04 9.981751709392508998e-01 2.118168445661185444e-04
2.793499018153999600e+02 9.951197724701651426e-01 2.111796990244493323e-04 9.982275328728233976e-01 2.119670725319840795e-04
2.794499020654000105e+02 9.951529458319695598e-01 2.111861551890163485e-04 9.982634444952118713e-01 2.120668875147732743e-04
2.795499023154000042e+02 9.951867466842203580e-01 2.112046175891710937e-04 9.983002179251894148e-01 2.121664352943023542e-04
2.796999020654000105e+02 9.952386833230578711e-01 2.112619066879875974e-04 9.983571055430333629e-01 2.123903953469814343e-04
2.798499018154000169e+02 9.952921983738881595e-01 2.113402696405111106e-04 9.984161196393318560e-01 2.126730849195006864e-04
2.799499020654000105e+02 9.953288099386750076e-01 2.114153732257741331e-04 9.984567177288261597e-01 2.128900723294417012e-04
2.800499023154000042e+02 9.953662102741552831e-01 2.115072135931843377e-04 9.984983975703485282e-01 2.131066500863212703e-04
2.801679483654000364e+02 9.954114288373770991e-01 2.116421811702843181e-04 9.985490986555036752e-01 2.133617429508468592e-04
2.803179481154000428e+02 9.954706598297169418e-01 2.118517564941489414e-04 9.986160936388893683e-01 2.138228745526731325e-04
2.804499020654000105e+02 9.955245312841569660e-01 2.120686590479371443e-04 9.986773709448761860e-01 2.143283592529938205e-04
2.805499023153999474e+02 9.955665373112333461e-01 2.122674216713481537e-04 9.987254388175657027e-01 2.147125795993025128e-04
2.806806467654000130e+02 9.956230874192781855e-01 2.125792748854713312e-04 9.987906055158529695e-01 2.152178088423686755e-04
2.808306465153999625e+02 9.956904104466058891e-01 2.129894228071313640e-04 9.988689942092215945e-01 2.159662163021939824e-04
2.809499020654000105e+02 9.957459641733575895e-01 2.133648665663817612e-04 9.989340498804829549e-01 2.167167641913283712e-04
2.810499023154000042e+02 9.957940398356188716e-01 2.137253240222072089e-04 9.989906961785919304e-01 2.173450518135794146e-04
2.811746762653999667e+02 9.958560740346388274e-01 2.142436018954031491e-04 9.990643485538041046e-01 2.181275309535462463e-04
2.813246760154000299e+02 9.959339138461263952e-01 2.149521306891093533e-04 9.991578365432625120e-01 2.193400987729539516e-04
2.814499020654000105e+02 9.960019093276802904e-01 2.156232631916374484e-04 9.992400080821411956e-01 2.205777873991347034e-04
2.815499023154000042e+02 9.960583571271445225e-01 2.162376465044360421e-04 9.993087214255333972e-01 2.215644294167971732e-04
2.816500368154000284e+02 9.961169543413066485e-01 2.169222617145958579e-04 9.993806273772453119e-01 2.225508563804559853e-04
2.818000365654000348e+02 9.962089665438809138e-01 2.181312863991356787e-04 9.994948607687894615e-01 2.245851652412926731e-04
2.819499020654000105e+02 9.963065845441618773e-01 2.194791099855552131e-04 9.996169885790767706e-01 2.268948510244847691e-04
2.820499023154000042e+02 9.963752874462803444e-01 2.205402611549525074e-04 9.997038314059757402e-01 2.284328338615302105e-04
2.821999020654000105e+02 9.964843275734088790e-01 2.224419809477509594e-04 9.998435029487042769e-01 2.315701151238299099e-04
2.823499018154000169e+02 9.966016070220075074e-01 2.245872148896747356e-04 9.999950532317010143e-01 2.351506756168987404e-04
2.824499020654000105e+02 9.966850762629920757e-01 2.263095493026869183e-04 1.000104247129663726e+00 2.376536531580101500e-04
2.825499023154000042e+02 9.967733353826253584e-01 2.282749800285318144e-04 1.000221282233102693e+00 2.409046351697072860e-04
2.826999020654000105e+02 9.969159724418756863e-01 2.319242996298137691e-04 1.000411636812108096e+00 2.467797941158937874e-04
2.828499018154000169e+02 9.970733362254238230e-01 2.361535566087621604e-04 1.000625840570644964e+00 2.535926130938558152e-04
2.829499020654000105e+02 9.971881618909007594e-01 2.397051574110463520e-04 1.000783731168252144e+00 2.597675317008780365e-04
2.830499023154000611e+02 9.973124323725437446e-01 2.439209609425277620e-04 1.000956214697670488e+00 2.663089448860307316e-04
2.831999020654000105e+02 9.975201488857279308e-01 2.524121446658158206e-04 1.001250768319910556e+00 2.803761830657081956e-04
2.833499018154000169e+02 9.977612376183307985e-01 2.629057674426068234e-04 1.001597588783798676e+00 2.972466732447420529e-04
2.834499020654000105e+02 9.979468518161098700e-01 2.727625041348261310e-04 1.001872685327426460e+00 3.142801003124717687e-04
2.835499023154000042e+02 9.981589661548728731e-01 2.857527053566639302e-04 1.002187108586241937e+00 3.361668391430708866e-04
2.836999020654000105e+02 9.985449170694864485e-01 3.192431279781903072e-04 1.002780368563255031e+00 3.907264361165910683e-04
2.838499018154000169e+02 9.990673922285385755e-01 3.711630956539792954e-04 1.003619050521235678e+00 4.874361587121668355e-04
2.839499020654000105e+02 9.995590455627715309e-01 4.479535480204530312e-04 1.004423505996286048e+00 6.411370541358073390e-04
2.840499023154000042e+02 1.000288971446264830e+00 6.409199457917102430e-04 1.005649712604042456e+00 1.033257248278722767e-03
2.841872399154000277e+02 1.001546216309162629e+00 2.255130473210414585e-03 1.007657397194167581e+00 4.032562529531205295e-03
2.843372396653999772e+02 1.000558660250558507e+00 4.096228214858515897e-03 1.005253852885953814e+00 7.084838347645000013e-03
2.844499020654000105e+02 9.996962055295139926e-01 4.524981268399866537e-03 1.003788765431261831e+00 7.480056137814264025e-03
2.845499023154000042e+02 9.991952400533796741e-01 4.624026925675085026e-03 1.002863224453388602e+00 7.537210130452590487e-03
2.846999020654000674e+02 9.986746911867346865e-01 4.711930046959805427e-03 1.001894040254692531e+00 7.494133762133131822e-03
2.848499018154000169e+02 9.982882973557520856e-01 4.782440873569358125e-03 1.001169757631124035e+00 7.427124474505748288e-03
2.849499020654000105e+02 9.980724963714259212e-01 4.820939029085336350e-03 1.000769241650201646e+00 7.365670102319941091e-03
2.850499023154000042e+02 9.978797128979300934e-01 4.856271579718620009e-03 1.000422600291138275e+00 7.299088273904855845e-03
2.851999020653999537e+02 9.976215866986468672e-01 4.903906214324082330e-03 9.999731743881261625e-01 7.195802913204994537e-03
2.853499018154000169e+02 9.973884532516104073e-01 4.948080403952090194e-03 9.995907397019037077e-01 7.090473049751084243e-03
2.854499020654000105e+02 9.972426287276860979e-01 4.973879728270265768e-03 9.993650254109059938e-01 7.020540481453702887e-03
2.855499023154000042e+02 9.971026732802839021e-01 4.996992071550249680e-03 9.991577862322255088e-01 6.951074079847525088e-03
2.856559934154000189e+02 9.969591901292870206e-01 5.017963829278348532e-03 9.989561057372098318e-01 6.877275814031120690e-03
2.858059931654000252e+02 9.967642282076458748e-01 5.040028831436164924e-03 9.986996980946294400e-01 6.775871900257281200e-03
2.859499018354000555e+02 9.965835091754546848e-01 5.055357278778269473e-03 9.984770442288737335e-01 6.680217989461304136e-03
2.860499020703999804e+02 9.964605973900831914e-01 5.059841924878770610e-03 9.983358026585011924e-01 6.614394657694502161e-03
2.861499022854000032e+02 9.963402343086862345e-01 5.059587911669374480e-03 9.982043393653037278e-01 6.550624449872555558e-03
2.862999020703999804e+02 9.961657676622468482e-01 5.047937458734341916e-03 9.980199592228862215e-01 6.457052391604558260e-03
2.864499018554000145e+02 9.959981244687401425e-01 5.028569375530551194e-03 9.978530045891663702e-01 6.364361418217877667e-03
2.865499020703999804e+02 9.958899101689320243e-01 5.007922059098825381e-03 9.977504369450633792e-01 6.305219720180129002e-03
2.866499022854000032e+02 9.957855132010190458e-01 4.982137982277657848e-03 9.976520026552927467e-01 6.247460379822116286e-03
2.867661884707000013e+02 9.956694736005535784e-01 4.945223452818237227e-03 9.975439936114517403e-01 6.180295117556541470e-03
2.869161882556999785e+02 9.955299022821859634e-01 4.888575474775411732e-03 9.974162792186783699e-01 6.096299728895946540e-03
2.870499020704000372e+02 9.954144445646754269e-01 4.831584502752456732e-03 9.973097155395765911e-01 6.024086264880127925e-03
2.871499022854000032e+02 9.953340021375648439e-01 4.783583257963280183e-03 9.972338176030516310e-01 5.971087003852516319e-03
2.872774259554000196e+02 9.952400862719333885e-01 4.716944355324692237e-03 9.971426002630071617e-01 5.903516383842042498e-03
2.874274257403999968e+02 9.951423102931374887e-01 4.633901598331738488e-03 9.970454464213840406e-01 5.827411358509088091e-03
2.875499020704000372e+02 9.950720324592735588e-01 4.562857567471624402e-03 9.969686392643560824e-01 5.768255022632397602e-03
2.876499022854000032e+02 9.950214457921945366e-01 4.502899870717683162e-03 9.969085852845224194e-01 5.719974139983270700e-03
2.877794564003999653e+02 9.949648227012666268e-01 4.423907714959343825e-03 9.968352010066456881e-01 5.657447399863471671e-03
2.879294561853999994e+02 9.949115431834890666e-01 4.332019290259783544e-03 9.967585312689475341e-01 5.588202287853780321e-03
2.880499020704000372e+02 9.948777623757185662e-01 4.258543707006442157e-03 9.966982317881151188e-01 5.535489556143757123e-03
2.881499022854000032e+02 9.948556728781869918e-01 4.198279208542137625e-03 9.966499388218896804e-01 5.491747027820868821e-03
2.882999020703999804e+02 9.948317893441148696e-01 4.110455103489981180e-03 9.965815333420861011e-01 5.426172242946178739e-03
2.884499018553999576e+02 9.948185883167630639e-01 4.024830593116173437e-03 9.965204155008916542e-01 5.362676735907834051e-03
2.885499020703999804e+02 9.948154340983300647e-01 3.970393881836138845e-03 9.964803187850990174e-01 5.323169093266361639e-03
2.886499022854000032e+02 9.948162841739649487e-01 3.917918997532348659e-03 9.964410660768932004e-01 5.283691938483399582e-03
2.887999020703999804e+02 9.948241600059181122e-01 3.844141696864269986e-03 9.963848432024091650e-01 5.224518488019864147e-03
2.889499018554000145e+02 9.948395409104656695e-01 3.773826689370163041e-03 9.963331808147598556e-01 5.165755351538633446e-03
2.890499020704000372e+02 9.948539499053675739e-01 3.730539795692100046e-03 9.963018399028823469e-01 5.128658574420074355e-03
2.891499022854000032e+02 9.948711174346152042e-01 3.689786253575802304e-03 9.962700590616512253e-01 5.093112170457442765e-03
2.892999020704000372e+02 9.949009147349635596e-01 3.634265347339509390e-03 9.962236235550799845e-01 5.039837788265571876e-03
2.894499018554000145e+02 9.949357923377842861e-01 3.582478914188237315e-03 9.961797824757375741e-01 4.986582435403143047e-03
2.895499020703999804e+02 9.949619212365807819e-01 3.551838855287643530e-03 9.961526610918536306e-01 4.951184875770245353e-03
2.896499022854000032e+02 9.949896148712360500e-01 3.523693372028502673e-03 9.961281817801354022e-01 4.917554845655575275e-03
2.897999020703999804e+02 9.950337593879391429e-01 3.486880253995361997e-03 9.960903620975036787e-01 4.869679393089616434e-03
2.899499018554000145e+02 9.950810784911817697e-01 3.453670909384919628e-03 9.960536294179670458e-01 4.821829185168434104e-03
2.900499020703999804e+02 9.951146325139865745e-01 3.435139463567764718e-03 9.960302589952162444e-01 4.789954715536553533e-03
2.901499022854000032e+02 9.951491969919888936e-01 3.418975804350817167e-03 9.960081631126729285e-01 4.758094710936874513e-03
2.902999020703999804e+02 9.952025591898919776e-01 3.399809304202279850e-03 9.959779334060394618e-01 4.712747308713750513e-03
2.904499018554000145e+02 9.952579955589453409e-01 3.384013720095803250e-03 9.959480765173802652e-01 4.669019807053604448e-03
2.905499020703999804e+02 9.952963219973005593e-01 3.376834401728207556e-03 9.959284951147243659e-01 4.640412553826670297e-03
2.906499022853999463e+02 9.953353215535561960e-01 3.371834378218783752e-03 9.959094226509190850e-01 4.611821567464088195e-03
2.907999020703999804e+02 9.953946973747023197e-01 3.369107117471588104e-03 9.958822818381103392e-01 4.568970826043890730e-03
2.909499018554000713e+02 9.954554349906619137e-01 3.369553782130124513e-03 9.958582191892897395e-01 4.527010748824030276e-03
2.910499020704000372e+02 9.954968649796263058e-01 3.372948345075390316e-03 9.958429074950307935e-01 4.500803926612326200e-03
2.911499022854000032e+02 9.955388272238799852e-01 3.378355668042445567e-03 9.958272050749358284e-01 4.475188345000001393e-03
2.912657934707000322e+02 9.955881153008655504e-01 3.387527468688128658e-03 9.958092286701494267e-01 4.445523896842771758e-03
2.914157932556999526e+02 9.956522650841334032e-01 3.403389717635181902e-03 9.957868499212612079e-01 4.407162483957973581e-03
2.915499020704000372e+02 9.957107127357777143e-01 3.420547131400455097e-03 9.957681484671655481e-01 4.372887912556017512e-03
2.916499022854000032e+02 9.957551331832196206e-01 3.436176702191302921e-03 9.957555867937331051e-01 4.347766149785178488e-03
2.917999020704000372e+02 9.958219085507539203e-01 3.464402886988703946e-03 9.957378169529900180e-01 4.312489050339371639e-03
2.919499018554000145e+02 9.958894912329571136e-01 3.495757579606558006e-03 9.957193317272449162e-01 4.278110450197618667e-03
2.920499020704000372e+02 9.959353273618403168e-01 3.519918515497886917e-03 9.957072593305881236e-01 4.255213118445242207e-03
2.921499022854000032e+02 9.959813541796046499e-01 3.546248028827478707e-03 9.956955604408745941e-01 4.232329354570211685e-03
2.922999020703999804e+02 9.960506594662770219e-01 3.590736973339770082e-03 9.956790201931827733e-01 4.198033872698047828e-03
2.924499018554000145e+02 9.961206021748639783e-01 3.638749764168991256e-03 9.956647344892909368e-01 4.164513682935499714e-03
2.925499020703999804e+02 9.961677684612120220e-01 3.674254806470474231e-03 9.956555074394962679e-01 4.143579755822419941e-03
2.926499022854000032e+02 9.962153570289663529e-01 3.712200053035321495e-03 9.956459068940578527e-01 4.123036596629969450e-03
2.927999020704000372e+02 9.962864880312183313e-01 3.774995371070839593e-03 9.956316154334367008e-01 4.092252403194783332e-03
2.929499018554000145e+02 9.963579355138422189e-01 3.841715456101373570e-03 9.956179009408248071e-01 4.061486033322581242e-03
2.930499020704000372e+02 9.964061694045458495e-01 3.890280422835839559e-03 9.956092698605217839e-01 4.040993535075001336e-03
2.931499022854000600e+02 9.964545872406534999e-01 3.941847962257508109e-03 9.956012788240579114e-01 4.020512101889411362e-03
2.932999020704000372e+02 9.965264096097026236e-01 4.026109825284285293e-03 9.955908149834075127e-01 3.991508904512319593e-03
2.934499018554000145e+02 9.965981400812388147e-01 4.115022171834657044e-03 9.955798652756218114e-01 3.963558532460439293e-03
2.935499020703999804e+02 9.966464814739915967e-01 4.179320402612009960e-03 9.955725104781674162e-01 3.945189643090160972e-03
2.936499022854000032e+02 9.966945831100569864e-01 4.247201951854464967e-03 9.955652567070821801e-01 3.926832614613825871e-03
2.937999020703999804e+02 9.967658453188170675e-01 4.357496384398421713e-03 9.955547958200811065e-01 3.899323179503511559e-03
2.939499018554000145e+02 9.968371011002929993e-01 4.473904742330412319e-03 9.955451545778608580e-01 3.871828727098541000e-03
2.940499020703999804e+02 9.968857001538633522e-01 4.558210180374853114e-03 9.955395640198719809e-01 3.853730893431051453e-03
2.941499022854000032e+02 9.969359861824671487e-01 4.648496461231539298e-03 9.955346656049254284e-01 3.836539836689196580e-03
2.945765515319000087e+02 9.970824234443613765e-01 5.130872367349684389e-03 9.955109975997534777e-01 3.766327708483528658e-03
2.950179612519000329e+02 9.971557574354870113e-01 5.641243228189552969e-03 9.954914253805154933e-01 3.694765404801546912e-03
2.954753498345500020e+02 9.971783980626389710e-01 6.366484662671910780e-03 9.954726019221109556e-01 3.627256328336023444e-03
2.959354286938499854e+02 9.969693519219299249e-01 7.130037881910160011e-03 9.954578904463575739e-01 3.560337554296491742e-03
2.964114861986999472e+02 9.965590470626720654e-01 7.997778251603620409e-03 9.954438282338629040e-01 3.497137106505799394e-03
2.968902339794000227e+02 9.957753728040061869e-01 8.886967772300642665e-03 9.954334884930656768e-01 3.434521466279990155e-03
2.973849604053999656e+02 9.946130880689859621e-01 9.322621243133173002e-03 9.954236089004949717e-01 3.375566412890008625e-03
2.978823771104000571e+02 9.933790447890682440e-01 9.681380095522537643e-03 9.954168583277801519e-01 3.317141117901917409e-03
2.983957724603999964e+02 9.918953628034306025e-01 9.175939531308383718e-03 9.954104751341377177e-01 3.262018236630411655e-03
2.989118580854000129e+02 9.909441716488894825e-01 8.515931711655386552e-03 9.954068478147906074e-01 3.207386821829464295e-03
2.994439223553999909e+02 9.901710597468373898e-01 7.565165991380394007e-03 9.954035215826360083e-01 3.155815459715253461e-03
2.999786769003999893e+02 9.898393235620444042e-01 6.560844070050174566e-03 9.954025950262282985e-01 3.104696901967599239e-03
3.002495037056999649e+02 9.898332348973731820e-01 6.150453204465218364e-03 9.954023543320634770e-01 3.080889471001718380e-03
3.007220250406999753e+02 9.897980035527315090e-01 5.505158925723975354e-03 9.954019642438877158e-01 3.039461474950759089e-03
3.010828335553999864e+02 9.898615766732260512e-01 5.012838398024411536e-03 9.954035751651900688e-01 3.008522377021212012e-03
3.016522356704000458e+02 9.900883478867090748e-01 4.502407334769857605e-03 9.954052810966127485e-01 2.963416481117810055e-03
3.022243280604000120e+02 9.902759493895669785e-01 4.034387521185845739e-03 9.954088040223990630e-01 2.918703737603459136e-03
3.028123990953999964e+02 9.905306811064321648e-01 3.724492752652755478e-03 9.954124577745504521e-01 2.876410048019909915e-03
3.034031604104000053e+02 9.907295265669283646e-01 3.441936939708492918e-03 9.954177574667647521e-01 2.834487150622021483e-03
3.040099003653999716e+02 9.909499008998432501e-01 3.250363629861137676e-03 9.954231500010972677e-01 2.794855384996810643e-03
3.046193305953999584e+02 9.911250366785419041e-01 3.074520431266629904e-03 9.954299469302310133e-01 2.755567215632099415e-03
3.048808231057000171e+02 9.912105376596077599e-01 3.017214584098765716e-03 9.954329278244441470e-01 2.739976016374359637e-03
3.054172590256999911e+02 9.913449345085542097e-01 2.918989389773328069e-03 9.954387742683554752e-01 2.708100534834672387e-03
3.058728386553999599e+02 9.914504341891491324e-01 2.835765161915949472e-03 9.954449675584344792e-01 2.681513328946376166e-03
3.065169164653999587e+02 9.915942680072329374e-01 2.751086779798080084e-03 9.954531008616118726e-01 2.646584154775641958e-03
3.071636845154000071e+02 9.917146185124305902e-01 2.671633522905383137e-03 9.954623318037814084e-01 2.611949892252149030e-03
3.077845373637999842e+02 9.918242431269731485e-01 2.613680055749132911e-03 9.954710022780323131e-01 2.581181639212830337e-03
3.084499743637999813e+02 9.919239775868882170e-01 2.555139820331020668e-03 9.954810030214902294e-01 2.548619183336185874e-03
3.091454078356999844e+02 9.920216810654874928e-01 2.505370893069678358e-03 9.954914978478996979e-01 2.516900332249270063e-03
3.098295137356999476e+02 9.921048542302068896e-01 2.459237535371960274e-03 9.955023941183348546e-01 2.486244591667796221e-03
3.105574743153999293e+02 9.921872278797538858e-01 2.417427291539860166e-03 9.955138626557138437e-01 2.455877494220448827e-03
3.112602491654000119e+02 9.922575594283822298e-01 2.378565858713676574e-03 9.955255176538032602e-01 2.426998215662862658e-03
3.119790026654000030e+02 9.923246296952514811e-01 2.343125967727252221e-03 9.955371295477737359e-01 2.399510824666430293e-03
3.127004464654000344e+02 9.923854877126343510e-01 2.308286354366594767e-03 9.955493507665497122e-01 2.372235933267909016e-03
3.129385864138000102e+02 9.924051535864376605e-01 2.297314784982642643e-03 9.955533864360418539e-01 2.363816785963141712e-03
3.135708941638000624e+02 9.924538017411069779e-01 2.269303837281046871e-03 9.955637486044388584e-01 2.341561624856871356e-03
3.141779815154000062e+02 9.924978436010241101e-01 2.242462753257791833e-03 9.955743204039768646e-01 2.320488308146519477e-03
3.143367950356999927e+02 9.925092316013460758e-01 2.235561314907870672e-03 9.955770778624556394e-01 2.315309185111385192e-03
3.149850814857000501e+02 9.925534358580916372e-01 2.208359802385619769e-03 9.955879360323011129e-01 2.294281669549035584e-03
3.156928544653999893e+02 9.925993683322386074e-01 2.178702520365039929e-03 9.956005913433365606e-01 2.271692272429083267e-03
3.164676147154000319e+02 9.926475864255619452e-01 2.147801323243186088e-03 9.956137574611295671e-01 2.249190197371197381e-03
3.172450652654000010e+02 9.926932439298161714e-01 2.117062704783347418e-03 9.956271774413397724e-01 2.226960589018972970e-03
3.176138877138000112e+02 9.927143847834478674e-01 2.102831966246793832e-03 9.956332820539282036e-01 2.217362928347284528e-03
3.182941314138000166e+02 9.927517847499398584e-01 2.076903393198676045e-03 9.956437943188819473e-01 2.199732143515971926e-03
3.188346138654000015e+02 9.927803131578392115e-01 2.056331214811340808e-03 9.956521159932115728e-01 2.185936960557750396e-03
3.190307651357000509e+02 9.927903899346136596e-01 2.048794831825333056e-03 9.956550016498896261e-01 2.181180500336900394e-03
3.197269874857000218e+02 9.928257282757554369e-01 2.021886832409993014e-03 9.956644603638943325e-01 2.164394308373811335e-03
3.204615003154000306e+02 9.928613800305899906e-01 1.993449004827159508e-03 9.956731200407029636e-01 2.146486464475787226e-03
3.212922673654000505e+02 9.929007505670200961e-01 1.958024340022453819e-03 9.956828740060239546e-01 2.125076114832235349e-03
3.221257246654000141e+02 9.929420549756595715e-01 1.921977374721257773e-03 9.956920585275280677e-01 2.103320661422573498e-03
3.224758783138000240e+02 9.929596349439279157e-01 1.906556082100525386e-03 9.956961473248147065e-01 2.093470506915629751e-03
3.232040580137999655e+02 9.929975970632137772e-01 1.874376520251787477e-03 9.957055439262788576e-01 2.073072750882622162e-03
3.237874779856999794e+02 9.930294784403128627e-01 1.848686704501770715e-03 9.957137730941162390e-01 2.056810052348511005e-03
3.246555828356999882e+02 9.930784281007186687e-01 1.813121550976927931e-03 9.957265981241608666e-01 2.033226978035364025e-03
3.255661868154000445e+02 9.931315889513915307e-01 1.776310204926383933e-03 9.957413952797231627e-01 2.008752075425627483e-03
3.264529605654000193e+02 9.931850838204941967e-01 1.745046426083393058e-03 9.957560358105327358e-01 1.986526148203905055e-03
3.273424246654000171e+02 9.932393781284045708e-01 1.714546893243550476e-03 9.957713904661318338e-01 1.964478648523408123e-03
3.275245582638000315e+02 9.932511243368810083e-01 1.708923427758131429e-03 9.957745740170085291e-01 1.960241265372252538e-03
3.281234466841000312e+02 9.932878853235868055e-01 1.692207528775498040e-03 9.957848097200538984e-01 1.946375633188973881e-03
3.288467558357000371e+02 9.933318690799335382e-01 1.672055506504039430e-03 9.957972644821018182e-01 1.929658499269757375e-03
3.291560003654000184e+02 9.933514880406517644e-01 1.663866987988519728e-03 9.958028597049523034e-01 1.922712729220931501e-03
3.300801119654000217e+02 9.934083333890572076e-01 1.644046358757732208e-03 9.958188365153380905e-01 1.902746195486095925e-03
3.310069138654000653e+02 9.934644498534623835e-01 1.625110408946703246e-03 9.958351004850730659e-01 1.882899367772097009e-03
3.318144561138000199e+02 9.935127217458011861e-01 1.613065191687933870e-03 9.958491035978760397e-01 1.866501781286473679e-03
3.326225290137999764e+02 9.935590150345302574e-01 1.601482672431867559e-03 9.958630970058321985e-01 1.850122856495707959e-03
3.328951652654000100e+02 9.935750601499314660e-01 1.597982662915764344e-03 9.958679991612033877e-01 1.844761228713817734e-03
3.332686709356999586e+02 9.935966176815557160e-01 1.594328605286739892e-03 9.958745034451094158e-01 1.837613261042888571e-03
3.340927224356999545e+02 9.936413636566572283e-01 1.587102610897028450e-03 9.958886395742114761e-01 1.821925207759734176e-03
3.348207544653999435e+02 9.936803081225820122e-01 1.581056529982794367e-03 9.959013281445810994e-01 1.808221650123064371e-03
3.358008728653999810e+02 9.937303831613525373e-01 1.576219395348380349e-03 9.959180259492546039e-01 1.790609418434380108e-03
3.367836815154000192e+02 9.937779848288773588e-01 1.571836048961486841e-03 9.959347689601131259e-01 1.773073381687777315e-03
3.371805073638000181e+02 9.937966886473715844e-01 1.570803793413478753e-03 9.959414826307156909e-01 1.766262808315484422e-03
3.379059611841000219e+02 9.938292981112236690e-01 1.569162494606690271e-03 9.959535969102787378e-01 1.753865545057595914e-03
3.385079226857000094e+02 9.938554173414351212e-01 1.567811485353660592e-03 9.959636504382922695e-01 1.743608454871225328e-03
3.387839464653999926e+02 9.938672600393470002e-01 1.567307982957535234e-03 9.959683433083148518e-01 1.739006190005346498e-03
3.398014026654000190e+02 9.939089333136946758e-01 1.566044447316811139e-03 9.959851252465486970e-01 1.722404429843541699e-03
3.408215491653999720e+02 9.939483535431804517e-01 1.564834930835772584e-03 9.960019272303358706e-01 1.705858617877652889e-03
3.416944324638000126e+02 9.939804582805972233e-01 1.563811375285236284e-03 9.960161280219642643e-01 1.692187966235623141e-03
3.425823985637999840e+02 9.940117172615230423e-01 1.562761679240003620e-03 9.960304782698747861e-01 1.678309580208008165e-03
3.428964897654000197e+02 9.940223769868516968e-01 1.562341436691690698e-03 9.960356293245942183e-01 1.673494788715836762e-03
3.431673163856999622e+02 9.940314678215157462e-01 1.561905368472873892e-03 9.960400056084983689e-01 1.669410963985652882e-03
3.440712611357000128e+02 9.940612341957323350e-01 1.560380000651486777e-03 9.960544194163646337e-01 1.655870013120782280e-03
3.450087682154000390e+02 9.940907419362837727e-01 1.558705679414122691e-03 9.960693657521124678e-01 1.641906402979943086e-03
3.460822312153999860e+02 9.941233986796819133e-01 1.556210279836032963e-03 9.960862364353888498e-01 1.626395470748910003e-03
3.471583844653999336e+02 9.941546793844530105e-01 1.553602117813181584e-03 9.961030763380239739e-01 1.610920757518598907e-03
3.473778555137999433e+02 9.941609157694903942e-01 1.552940912084607109e-03 9.961065027641213820e-01 1.607838852673916389e-03
3.478378276840999774e+02 9.941739032983613056e-01 1.551565641367710436e-03 9.961136286336285117e-01 1.601406667853005417e-03
3.487104885356999944e+02 9.941980052952829050e-01 1.548976538470939581e-03 9.961270586561382645e-01 1.589252140566009119e-03
3.493453385654000272e+02 9.942148173767061392e-01 1.546969826841689552e-03 9.961368510104386953e-01 1.580483796875505834e-03
3.504561394153999458e+02 9.942437976361180318e-01 1.542778379300174677e-03 9.961537314246451391e-01 1.565477515719980841e-03
3.515696305653999616e+02 9.942716034898746447e-01 1.538431836947145312e-03 9.961705703826067015e-01 1.550498795069349530e-03
3.521158078638000006e+02 9.942849861784650578e-01 1.535869921076687397e-03 9.961787804961775850e-01 1.543310880912503093e-03
3.528597676841000066e+02 9.943030298666447608e-01 1.532396277922210741e-03 9.961898836408544788e-01 1.533554806426636529e-03
3.534430601857000056e+02 9.943168469448688818e-01 1.529691223175690508e-03 9.961985644741052637e-01 1.525940675996892730e-03
3.538312604154000383e+02 9.943257013940379752e-01 1.527736794027290341e-03 9.962043613613611459e-01 1.520920704814728757e-03
3.549793990654000027e+02 9.943520900978159993e-01 1.521336324338411032e-03 9.962212574143598509e-01 1.506288794133033362e-03
3.561302280154000073e+02 9.943775809060835247e-01 1.514766318877414997e-03 9.962381089019892721e-01 1.491677901697732386e-03
3.569471048638000639e+02 9.943954547379298958e-01 1.509444136295348465e-03 9.962499825863282421e-01 1.481516123126455642e-03
3.579190456841000127e+02 9.944164475194476882e-01 1.503134275177334415e-03 9.962640174865410314e-01 1.469463653942058336e-03
3.584386577357000192e+02 9.944272497161256164e-01 1.499613845409008758e-03 9.962715257805800917e-01 1.463079407367273536e-03
3.596520100654000203e+02 9.944526321127759028e-01 1.490669819888080410e-03 9.962888538533477556e-01 1.448388123865281636e-03
3.608401768653999966e+02 9.944767888979839654e-01 1.481731591836267731e-03 9.963057076607593210e-01 1.434048502785654306e-03
3.618717460637999466e+02 9.944976792430193502e-01 1.473177105548787369e-03 9.963202423620757253e-01 1.421795627751336159e-03
3.629035199638000222e+02 9.945183537735566848e-01 1.464640279633369320e-03 9.963347129205940567e-01 1.409566539083386555e-03
3.631882374356999890e+02 9.945238397613520576e-01 1.462198642766520187e-03 9.963387190398582671e-01 1.406222620281027003e-03
3.633632992356999694e+02 9.945272722826239420e-01 1.460603438126275916e-03 9.963411764731157083e-01 1.404178949429268344e-03
3.644739724153999987e+02 9.945492455894656691e-01 1.450557160929831198e-03 9.963566206085633370e-01 1.391306283270147062e-03
3.656994770654000035e+02 9.945730189681653011e-01 1.439338233803258297e-03 9.963735899085294223e-01 1.377133125936694886e-03
3.668897324138000045e+02 9.945961685116786466e-01 1.427710856664934956e-03 9.963899785536318721e-01 1.363585795887452138e-03
3.679534636637999938e+02 9.946167115712433171e-01 1.417333767198964735e-03 9.964045868957974728e-01 1.351494764224840488e-03
3.681851339653999844e+02 9.946210755952269444e-01 1.414966143675828536e-03 9.964077906699271292e-01 1.348901658078120432e-03
3.694452861654000344e+02 9.946453745623888842e-01 1.401987245118221882e-03 9.964249962795825866e-01 1.334929470906095691e-03
3.707081286653999541e+02 9.946694682397931864e-01 1.388897979710665290e-03 9.964421677747841155e-01 1.320976583377167501e-03
3.719869498154000098e+02 9.946939808379616776e-01 1.375135076743694718e-03 9.964594377748203780e-01 1.307122343891908628e-03
3.732684612154000092e+02 9.947183878792170697e-01 1.361281340706820171e-03 9.964767037521458093e-01 1.293291685128567826e-03
3.745659512654000309e+02 9.947432118622562269e-01 1.346899143015935392e-03 9.964940481489089619e-01 1.279615941211235258e-03
3.758661316154000360e+02 9.947679328428034040e-01 1.332437045493185942e-03 9.965113298487646709e-01 1.265960004479087892e-03
3.771822906153999497e+02 9.947930742732972176e-01 1.317483219987600120e-03 9.965286824210629613e-01 1.252405146005917264e-03
3.785011398653999777e+02 9.948181750211581020e-01 1.302460458103519821e-03 9.965459849873861131e-01 1.238866188935414982e-03
3.798359677653999711e+02 9.948437022970519905e-01 1.287039801177673054e-03 9.965633610609099247e-01 1.225436610697327447e-03
3.823098644637999541e+02 9.948909476834368881e-01 1.258269047392921846e-03 9.965952385018573834e-01 1.200812439304294434e-03
3.837755021840999916e+02 9.949190261900447974e-01 1.241095707093694146e-03 9.966139608073388834e-01 1.186360492446133369e-03
3.851708924856999943e+02 9.949458458585977993e-01 1.224679917949017365e-03 9.966316685575692391e-01 1.172868710441355138e-03
3.876958480138000027e+02 9.949944669053135682e-01 1.194931985147886649e-03 9.966634025398526386e-01 1.148662514003254620e-03
3.890588066840999772e+02 9.950208565087753643e-01 1.178852559340212150e-03 9.966804104717633672e-01 1.135702944024026637e-03
3.905942142856999340e+02 9.950506317294783853e-01 1.160838468361551339e-03 9.966994617524137512e-01 1.121369845876822677e-03
3.931751768138000216e+02 9.951009121317513362e-01 1.130658918232777888e-03 9.967312382629077705e-01 1.097465442097894477e-03
3.943794496840999955e+02 9.951244832735068879e-01 1.116643178945495637e-03 9.967459745155834439e-01 1.086415388612622197e-03
3.946640392856999711e+02 9.951300770466257051e-01 1.113357950588965764e-03 9.967494641128749056e-01 1.083826460794447711e-03
3.963347805654000240e+02 9.951628645191433753e-01 1.094224706053472393e-03 9.967697963667254690e-01 1.068793077812838161e-03
3.987478499637999789e+02 9.952104223870782418e-01 1.066821452715587372e-03 9.967989740957526879e-01 1.047251342375192127e-03
4.002133599637999737e+02 9.952393979342543107e-01 1.050407201740611142e-03 9.968166122873950430e-01 1.034331964879398264e-03
4.021968217154000058e+02 9.952787199946756536e-01 1.028671036521669902e-03 9.968403605658621158e-01 1.017145870825467190e-03
4.043998819357000230e+02 9.953225097201726657e-01 1.004881144948198846e-03 9.968665953663644608e-01 9.982384561285798184e-04
4.059027299356999947e+02 9.953523659297498494e-01 9.890340793947296864e-04 9.968844055380677860e-01 9.855535911144357349e-04
4.082082142154000053e+02 9.953982583044606036e-01 9.653481829249604311e-04 9.969115768617571316e-01 9.664075871993951924e-04
4.101219064356999979e+02 9.954363628195722624e-01 9.460560182061667411e-04 9.969340138612939883e-01 9.506698043380877941e-04
4.105654051840999728e+02 9.954451891390424523e-01 9.417157341650158687e-04 9.969392092914116654e-01 9.470746709562200601e-04
4.117134164638000016e+02 9.954679349765359619e-01 9.305747949252019284e-04 9.969525856214010995e-01 9.378497557896272110e-04
4.143689587154000264e+02 9.955205945821306024e-01 9.054727444429580639e-04 9.969833952418222234e-01 9.167882404866950974e-04
4.160259369638000067e+02 9.955533580357095458e-01 8.901411523626193752e-04 9.970025191716144208e-01 9.037808144558741319e-04
4.176034609637999893e+02 9.955843848137233554e-01 8.762608184103062295e-04 9.970206330998688804e-01 8.917163297799729407e-04
4.202497964356999773e+02 9.956362302208353610e-01 8.535095167900837252e-04 9.970508481366276987e-01 8.716939974213682536e-04
4.215427306840999790e+02 9.956613168964644212e-01 8.427238107670941697e-04 9.970655137097648169e-01 8.620456186341111460e-04
4.219719884637999598e+02 9.956696648132934424e-01 8.391718484221866647e-04 9.970703897470772903e-01 8.588689746178463248e-04
4.238901087154000038e+02 9.957067747892589527e-01 8.239906009956764329e-04 9.970920483732986783e-01 8.449366982847047059e-04
4.262145169356999759e+02 9.957513604044774258e-01 8.060539828321710513e-04 9.971181345318134159e-01 8.282331996991298961e-04
4.270874006840999755e+02 9.957679293534889009e-01 7.995848095016921259e-04 9.971278789431440304e-01 8.220708079088768919e-04
4.280113849637999692e+02 9.957853895776604958e-01 7.927922886281087806e-04 9.971381629961671988e-01 8.156012211702266639e-04
4.304242317153999693e+02 9.958307739306455630e-01 7.757544312712860712e-04 9.971649022692614661e-01 7.990092538273146829e-04
4.322725824357000306e+02 9.958651459581140397e-01 7.630197624657506731e-04 9.971852517998924803e-01 7.864329802114748084e-04
4.326694081840999502e+02 9.958725002405439675e-01 7.604248814806064934e-04 9.971896214722288931e-01 7.837947375704097880e-04
4.341441254637999805e+02 9.958995042586858970e-01 7.508572598891626645e-04 9.972057232389625048e-01 7.740670646136083282e-04
4.367344544357000018e+02 9.959465196573052959e-01 7.345503724260057715e-04 9.972338587570754864e-01 7.572277243468834374e-04
4.382887536841000156e+02 9.959742732412324440e-01 7.250571355511708539e-04 9.972506010521600128e-01 7.472694559538955745e-04
4.386620049638000296e+02 9.959809423708566589e-01 7.227951011266836676e-04 9.972546330016223148e-01 7.448965994079851521e-04
4.405054492153999490e+02 9.960135086589038123e-01 7.121930052024229817e-04 9.972743743683444295e-01 7.334724804342611544e-04
4.429418709356999670e+02 9.960559123683568883e-01 6.984566897010384369e-04 9.973002700821862465e-01 7.185269133151587833e-04
4.439454371840999443e+02 9.960731265790637723e-01 6.930171729985072117e-04 9.973108604015260559e-01 7.124996479005059336e-04
4.449440969637999501e+02 9.960901332015178467e-01 6.876473199253393650e-04 9.973213609191320383e-01 7.065487333489258413e-04
4.474129502153999738e+02 9.961317483119507266e-01 6.748596034447550867e-04 9.973471842021273126e-01 6.921625816090228424e-04
4.492426319356999898e+02 9.961620758053845170e-01 6.655454190999208087e-04 9.973661535491658015e-01 6.816077138400524794e-04
4.496394581841000218e+02 9.961686267513507609e-01 6.636129352800527884e-04 9.973702728601185896e-01 6.793816961788465107e-04
4.513195334637999281e+02 9.961959879704666010e-01 6.554920949612235955e-04 9.973875266505629611e-01 6.700258085353891224e-04
4.538538554356999271e+02 9.962366838861610452e-01 6.434920677456053067e-04 9.974133895434099673e-01 6.561278070342703049e-04
4.553708171841000194e+02 9.962606238669843295e-01 6.364838891010256294e-04 9.974287131146801766e-01 6.479590510901561207e-04
4.559867639638000583e+02 9.962702903378214403e-01 6.336601836539085698e-04 9.974349317966920703e-01 6.446669457209069790e-04
4.580542352153999559e+02 9.963023807504080009e-01 6.244953711737074144e-04 9.974556530010159072e-01 6.339231209470146599e-04
4.603039679356999159e+02 9.963367175821599142e-01 6.146302772889546172e-04 9.974779962553002033e-01 6.223470895415912467e-04
4.611395136840999953e+02 9.963493252716614235e-01 6.110638350629785239e-04 9.974862412554226232e-01 6.181596378257966972e-04
4.625115519638000023e+02 9.963698346634574099e-01 6.052520611716451400e-04 9.974996903647557200e-01 6.113341133106018396e-04
4.650085364356999662e+02 9.964066683133285807e-01 5.948710342065978039e-04 9.975240232408811858e-01 5.991741889690528145e-04
4.668474254357000177e+02 9.964333429980274381e-01 5.873228179385412643e-04 9.975417371322888860e-01 5.903476581357588538e-04
4.672721274638000182e+02 9.964394763680265443e-01 5.855985575557335699e-04 9.975458474547267418e-01 5.883350560875590194e-04
4.691296849638000594e+02 9.964659843836013442e-01 5.782022208218770510e-04 9.975635643920975903e-01 5.797615593289646898e-04
4.716080004356999211e+02 9.965008286236767265e-01 5.683975398294120740e-04 9.975870155659720684e-01 5.684379039495751108e-04
4.727889211840999337e+02 9.965172227733759547e-01 5.638048860037889968e-04 9.975980781263489305e-01 5.631821590474610359e-04
4.739462664638000433e+02 9.965331584719957503e-01 5.593369350275287236e-04 9.976088595657622848e-01 5.580678484957628900e-04
4.764059129356999165e+02 9.965666079490582696e-01 5.499651296447509051e-04 9.976316139451635312e-01 5.474645085438123145e-04
4.783008089356999335e+02 9.965920091923836655e-01 5.427811736029952532e-04 9.976489422170023991e-01 5.393744125843108082e-04
4.788001864638000598e+02 9.965986672710855920e-01 5.409142788826622758e-04 9.976535245461141121e-01 5.372997410517769967e-04
4.807137504638000678e+02 9.966239336321961462e-01 5.338240459754690003e-04 9.976708227711343913e-01 5.294583706018304858e-04
4.831547279357000662e+02 9.966557299202235543e-01 5.248377641756293540e-04 9.976927083996703916e-01 5.195913617302757442e-04
4.845876791841000113e+02 9.966741824296878605e-01 5.196199065278584491e-04 9.977054074199612765e-01 5.139341165683622382e-04
4.856236769637999942e+02 9.966874283028518411e-01 5.158738075598901874e-04 9.977145442156002408e-01 5.098717819156061131e-04
4.880459859357000028e+02 9.967180675430079573e-01 5.072225268479224830e-04 9.977357429695129509e-01 5.006414507261863203e-04
4.905430656840999859e+02 9.967492209441995987e-01 4.983565482139753382e-04 9.977573375860956384e-01 4.912635327669724952e-04
4.925405124637999847e+02 9.967738338904431616e-01 4.913860658813141991e-04 9.977743910059372334e-01 4.840049962051884468e-04
4.949441524357000048e+02 9.968031086447916023e-01 4.830696957479516888e-04 9.977947432525124949e-01 4.754158549588020791e-04
4.965357896840999388e+02 9.968222855528130477e-01 4.776272356914708426e-04 9.978080466602389231e-01 4.698605041894290350e-04
4.975437839637999673e+02 9.968343503280984175e-01 4.742031458911064598e-04 9.978164277079973887e-01 4.663649536396001038e-04
4.999287549357000557e+02 9.968626264596545106e-01 4.662070895280009562e-04 9.978360896345561670e-01 4.583277962373523830e-04
5.025658511841000404e+02 9.968935198849683266e-01 4.574251853519292993e-04 9.978575706435787174e-01 4.495631278265953832e-04
5.046099704637999821e+02 9.969171844551116823e-01 4.507541859531893577e-04 9.978739937342656630e-01 4.429897886302485311e-04
5.069762724356999684e+02 9.969442986843485288e-01 4.431080343424959695e-04 9.978928388230694502e-01 4.355031263079424115e-04
5.086332506841000054e+02 9.969630938715903223e-01 4.378260901018892121e-04 9.979058656162096419e-01 4.303779239203751731e-04
5.097065864638000221e+02 9.969751956848877938e-01 4.344259871909643932e-04 9.979142562011243944e-01 4.270784996317819712e-04
5.120542194357000199e+02 9.970014424725838209e-01 4.271251052378582371e-04 9.979324535604435775e-01 4.200698654244423608e-04
5.141171354356999927e+02 9.970242650336694767e-01 4.207327931174913833e-04 9.979482460601243332e-01 4.139466820012562475e-04
5.148405399637999835e+02 9.970322394538636557e-01 4.185410060403994934e-04 9.979537776460699616e-01 4.118664670326580880e-04
5.169221244637999462e+02 9.970549703847194634e-01 4.122856120187943954e-04 9.979694788979510678e-01 4.059390205648633607e-04
5.192510884357001260e+02 9.970801714357963030e-01 4.053647001186073116e-04 9.979868891402661202e-01 3.994016789068709000e-04
5.208800631840999813e+02 9.970976206557262689e-01 4.006112649961027423e-04 9.979989137616273043e-01 3.949360435891582986e-04
5.221120844637999880e+02 9.971107363101592291e-01 3.970375186091063837e-04 9.980079474378502624e-01 3.915786021102437816e-04
5.244223799356999507e+02 9.971351395601329992e-01 3.904850647882911457e-04 9.980247491774750790e-01 3.854538474307223398e-04
5.265413029357000596e+02 9.971572798779515523e-01 3.845130527756324525e-04 9.980399599374983888e-01 3.798789467950288768e-04
5.273393829637999488e+02 9.971655946135400406e-01 3.823136962494613615e-04 9.980456804289200567e-01 3.778314706445583412e-04
5.294769744637999338e+02 9.971876285301581877e-01 3.765066498528594889e-04 9.980607909517507093e-01 3.724339651828612908e-04
5.317686009356999648e+02 9.972110416064586813e-01 3.703438869487612095e-04 9.980768363725810444e-01 3.667092197677435019e-04
5.332762276840999220e+02 9.972262944052260325e-01 3.663832632165720925e-04 9.980872722509714912e-01 3.630354481019037777e-04
5.347602794637999750e+02 9.972412061493847180e-01 3.625067522205960486e-04 9.980974660830275180e-01 3.594397432005521785e-04
5.370332369356999607e+02 9.972638780768208200e-01 3.567184459519105537e-04 9.981129573346912975e-01 3.540719834004909410e-04
5.392081659356999808e+02 9.972853130832540769e-01 3.512419971358047188e-04 9.981275763610027996e-01 3.489938054191721903e-04
5.400809219637999377e+02 9.972938863932825360e-01 3.490794447258491065e-04 9.981334250695869104e-01 3.469873041469881294e-04
5.422745204638000587e+02 9.973151999212634955e-01 3.437687580040259131e-04 9.981479395022404555e-01 3.420547869557779967e-04
5.445288084356999434e+02 9.973369138785628252e-01 3.383499178346338122e-04 9.981627166685829167e-01 3.370192336054989653e-04
5.458217426841000588e+02 9.973492565273069932e-01 3.353430146515123077e-04 9.981711096374720205e-01 3.342178821098522735e-04
5.476511699637999300e+02 9.973665725970040086e-01 3.311114448048240312e-04 9.981828730389507021e-01 3.302756891123628130e-04
5.498867894357000523e+02 9.973875692043256969e-01 3.260545627382662424e-04 9.981971269482716735e-01 3.255514965069026905e-04
5.521177254356999811e+02 9.974082633638583495e-01 3.210936589342821895e-04 9.982111632275402213e-01 3.209076427485422654e-04
5.552819802153999262e+02 9.974372802467306176e-01 3.142923767310958419e-04 9.982308290477310830e-01 3.145149368716217901e-04
5.585164824638000027e+02 9.974664794025386305e-01 3.075028716789584768e-04 9.982505968148779329e-01 3.081085970055730413e-04
5.607847564638000222e+02 9.974866571091965950e-01 3.028938345885008360e-04 9.982642488993199725e-01 3.037379134603247917e-04
5.629830379357000538e+02 9.975060434701248369e-01 2.985087856781535676e-04 9.982773590473753567e-01 2.995659420348041765e-04
5.649200501840999777e+02 9.975229173931466908e-01 2.947406783666543404e-04 9.982887674031680758e-01 2.959638836864893251e-04
5.662920884637999279e+02 9.975347834122534341e-01 2.920855065656353922e-04 9.982967882447993935e-01 2.934257911123680420e-04
5.684717009356999142e+02 9.975534844864158979e-01 2.880107820106034646e-04 9.983094244642630732e-01 2.895020176108147915e-04
5.707773124356999688e+02 9.975730152400570372e-01 2.837342543468589543e-04 9.983226196798776764e-01 2.853779229099484582e-04
5.718367574638000406e+02 9.975819489184396538e-01 2.818167346185372797e-04 9.983286549132847076e-01 2.835193647334238905e-04
5.741610384638000824e+02 9.976013101717104981e-01 2.776967898397566603e-04 9.983417344256365622e-01 2.795089550465747370e-04
5.763219824356999652e+02 9.976191455695732069e-01 2.739023259338404853e-04 9.983537831885495040e-01 2.758086019587169756e-04
5.778389436841000588e+02 9.976315369724606530e-01 2.713299722640987702e-04 9.983621562648681280e-01 2.732805285139156145e-04
5.797617149638000456e+02 9.976470967048560734e-01 2.680855149664153683e-04 9.983726703672980429e-01 2.700919575753099253e-04
5.819039899356999967e+02 9.976642919922599217e-01 2.645642282950253095e-04 9.983842894089964837e-01 2.666102693689815172e-04
5.842656089356999018e+02 9.976829909605114954e-01 2.607522906515486187e-04 9.983969293349462815e-01 2.628264650146815130e-04
5.853997299637999276e+02 9.976919154615938590e-01 2.589354213065638141e-04 9.984029628349000429e-01 2.610217133622156054e-04
5.876121241840999119e+02 9.977091392742303277e-01 2.555171887299557357e-04 9.984146083362496205e-01 2.575952675546491202e-04
5.899036229357000138e+02 9.977267743027253832e-01 2.519803571442620909e-04 9.984265378407556346e-01 2.540499003989175409e-04
5.910750819638000166e+02 9.977357339891803623e-01 2.502335269375206232e-04 9.984326020126949031e-01 2.522847160236390608e-04
5.934740379638000149e+02 9.977538648841348667e-01 2.466901455869834254e-04 9.984448785956840933e-01 2.486990291857888347e-04
5.955789749357001028e+02 9.977696268066894580e-01 2.436287268673890786e-04 9.984555578910897511e-01 2.455917673583586864e-04
5.974973181840999814e+02 9.977838184300343860e-01 2.409167106842173491e-04 9.984651785713805072e-01 2.428225913210284520e-04
5.992053969638000126e+02 9.977963386942458879e-01 2.385130665529488461e-04 9.984736699807953419e-01 2.403683120620896834e-04
6.012916649356999415e+02 9.978115026818160649e-01 2.356574523810047101e-04 9.984839595108764287e-01 2.374344338698229531e-04
6.037279594356999723e+02 9.978289831048886560e-01 2.323580956021981960e-04 9.984958313529066487e-01 2.340379369846758378e-04
6.049740939637999873e+02 9.978378674244331448e-01 2.306969698346358465e-04 9.985018715076834361e-01 2.323240861162168122e-04
6.074290569638000079e+02 9.978551557007897532e-01 2.275163744583372032e-04 9.985136268877818910e-01 2.290259604518107991e-04
6.107801284637999970e+02 9.978784226804761071e-01 2.232332827199734991e-04 9.985294649250072707e-01 2.245747887995478234e-04
6.132537604637999493e+02 9.978953327586916888e-01 2.201456651060967309e-04 9.985409890415934964e-01 2.213544013489507052e-04
6.153026909356999568e+02 9.979092089441721214e-01 2.176330963911350181e-04 9.985504592358933618e-01 2.187285529780894631e-04
6.174917336840999269e+02 9.979238489666363288e-01 2.150104514410801186e-04 9.985604548321027618e-01 2.159802000886898140e-04
6.191158024637999233e+02 9.979346083230187237e-01 2.130730355347217693e-04 9.985678066845665724e-01 2.139499448649058878e-04
6.211460639356999991e+02 9.979479425608668297e-01 2.107097178083134172e-04 9.985769256207955857e-01 2.114672708462223352e-04
6.236570339357000421e+02 9.979642344361996376e-01 2.078054999752938932e-04 9.985880762442364000e-01 2.084150789519750467e-04
6.250151819637999324e+02 9.979729807600528080e-01 2.062603268153253655e-04 9.985940728766821151e-01 2.067902558423978488e-04
6.275448204637999652e+02 9.979890804937372462e-01 2.034410812931607669e-04 9.986051096497406965e-01 2.038230449756139482e-04
6.295564124356999400e+02 9.980017447283073828e-01 2.012048076903054188e-04 9.986138020322747888e-01 2.014693792604245980e-04
6.310080326841000442e+02 9.980108088505769137e-01 1.996310996551631635e-04 9.986200288088337151e-01 1.998138973202234347e-04
6.335002064638000547e+02 9.980262103483426017e-01 1.969397130517464792e-04 9.986306134548030844e-01 1.969825889369563915e-04
6.354931299356999261e+02 9.980384103616508629e-01 1.948197027124536486e-04 9.986390137660704491e-01 1.947541460041951427e-04
6.378221891841000115e+02 9.980525015402871292e-01 1.923864399442682554e-04 9.986487159193285779e-01 1.921991819714894659e-04
6.394929299638000657e+02 9.980625150483014574e-01 1.906479517997285839e-04 9.986556177158777414e-01 1.903737615612205003e-04
6.414671844357000055e+02 9.980742480217547064e-01 1.886383062383918284e-04 9.986637127745976450e-01 1.882701462144620449e-04
6.440528304357000025e+02 9.980894359176220032e-01 1.860203760886472695e-04 9.986741926027976612e-01 1.855310306764843117e-04
6.455229919637999956e+02 9.980979973327668286e-01 1.845496986287526928e-04 9.986801113073783265e-01 1.839956086263587595e-04
6.480994306840999570e+02 9.981128437885781191e-01 1.820097272714635772e-04 9.986903695424823590e-01 1.813515921546476146e-04
6.515625156841000489e+02 9.981325325742799182e-01 1.786356208436177130e-04 9.987039962240408242e-01 1.778484917687441977e-04
6.542133749637999927e+02 9.981473860701438605e-01 1.760952937159086101e-04 9.987142787265186339e-01 1.752203991984013244e-04
6.561502919357000110e+02 9.981581350251939044e-01 1.742606069192439489e-04 9.987217337225340330e-01 1.733279723467177934e-04
6.584886856841000053e+02 9.981709768767548230e-01 1.720784160916595149e-04 9.987306344264188507e-01 1.710868753995947538e-04
6.603367814637999800e+02 9.981810322549641290e-01 1.703602631908107407e-04 9.987376090880941693e-01 1.693223502367238622e-04
6.622550294356998393e+02 9.981913856733729551e-01 1.686092472584863207e-04 9.987447981682570086e-01 1.675358605378522811e-04
6.649153504356999065e+02 9.982055894743657731e-01 1.661954631768914844e-04 9.987546543307925795e-01 1.650763073834594821e-04
6.664975254638000024e+02 9.982139638021866324e-01 1.647734322300166464e-04 9.987604752961873888e-01 1.636314051054595868e-04
6.689339476841000760e+02 9.982267380565105208e-01 1.626139385827592664e-04 9.987693458899662424e-01 1.614493060705340217e-04
6.710760949356999845e+02 9.982378613178474192e-01 1.607201922814833171e-04 9.987770743489886582e-01 1.595357165038256816e-04
6.726956074638000018e+02 9.982462087581345234e-01 1.593153147465642221e-04 9.987828808860046426e-01 1.581262541722802792e-04
6.753932664638001597e+02 9.982599748958356223e-01 1.569901338419105630e-04 9.987924462280185489e-01 1.557964463811118262e-04
6.772741764357001557e+02 9.982694881012362798e-01 1.553835673770201354e-04 9.987990658014879175e-01 1.541905565848877293e-04
6.794912226840999665e+02 9.982805969638788302e-01 1.535212485290013027e-04 9.988067879741259203e-01 1.523398621476374675e-04
6.816473559638000097e+02 9.982913011723130170e-01 1.517164697897972422e-04 9.988142289640525862e-01 1.505463445845687967e-04
6.835095969357000740e+02 9.983004746422786679e-01 1.501814093288087403e-04 9.988206120221793105e-01 1.490294099553645898e-04
6.862445939357000952e+02 9.983138129934590044e-01 1.479453453527459334e-04 9.988298830417663421e-01 1.468243747193765563e-04
6.879387824637999529e+02 9.983220090257565182e-01 1.465708159860540361e-04 9.988355862551533404e-01 1.454707010151307653e-04
6.901045046840999930e+02 9.983323964187444943e-01 1.448475941228285482e-04 9.988428076242563680e-01 1.437833275027888607e-04
6.925360204357000384e+02 9.983439501881273825e-01 1.429186448903501760e-04 9.988508377232585556e-01 1.418944913762576834e-04
6.942675469637999868e+02 9.983521177878476038e-01 1.415695471339339429e-04 9.988565197214095415e-01 1.405787095690301145e-04
6.970398814637999294e+02 9.983650616635275643e-01 1.394335018762607968e-04 9.988655122176604007e-01 1.384997890021696324e-04
6.988647844356999030e+02 9.983735103638824437e-01 1.380349104748348078e-04 9.988713848502575043e-01 1.371393044664843486e-04
7.008298001841000087e+02 9.983825358932817418e-01 1.365603647543766393e-04 9.988776548322585436e-01 1.357112035115241226e-04
7.034246529638000993e+02 9.983943454278765284e-01 1.346193597680557259e-04 9.988858549089225658e-01 1.338313291617859897e-04
7.052308869357001413e+02 9.984025067707146261e-01 1.332907105581704278e-04 9.988915260911153116e-01 1.325471461719192172e-04
7.080173346841000921e+02 9.984149681370403373e-01 1.312725440333967957e-04 9.989001750294033144e-01 1.305998891887534584e-04
7.116111021841001048e+02 9.984308530013767946e-01 1.287133215096035530e-04 9.989112008412791566e-01 1.281335323655801415e-04
7.144626689357000942e+02 9.984432908137058638e-01 1.267179924900840003e-04 9.989198266421090988e-01 1.262130074830020306e-04
7.163062089638000316e+02 9.984512699263480284e-01 1.254474847553920165e-04 9.989253622898874863e-01 1.249906751940817239e-04
7.188546441841000387e+02 9.984621917631738564e-01 1.237226409495808914e-04 9.989329326690551403e-01 1.233323129722429612e-04
7.209221159357001625e+02 9.984709776317026719e-01 1.223278855224213773e-04 9.989390216809431733e-01 1.219913041203234523e-04
7.228029934637999077e+02 9.984789173592885092e-01 1.210923936455589241e-04 9.989445249719972608e-01 1.208031860538424598e-04
7.256686729637999633e+02 9.984908887039648517e-01 1.192243453591169375e-04 9.989528164396414001e-01 1.190067200518911102e-04
7.274189004357000385e+02 9.984981482142111231e-01 1.180963245512586595e-04 9.989578458027337238e-01 1.179215363148619308e-04
7.298039666841000326e+02 9.985079492160198189e-01 1.165974002403334653e-04 9.989646316138388604e-01 1.164779704735888633e-04
7.322214649638000310e+02 9.985177921531362966e-01 1.150825155563534480e-04 9.989714446590308716e-01 1.150190086345484572e-04
7.339530234357000609e+02 9.985247978257059120e-01 1.140239751911777447e-04 9.989762949016616211e-01 1.139977489967012355e-04
7.368560404357000380e+02 9.985364193790399190e-01 1.122723817337637517e-04 9.989843359095313957e-01 1.123065108444577911e-04
7.388115939637999645e+02 9.985441863814650265e-01 1.111018280405903650e-04 9.989897103398125422e-01 1.111756826212739920e-04
7.408092961840999351e+02 9.985520541378725135e-01 1.099407287401936586e-04 9.989951528920510970e-01 1.100506342461329677e-04
7.434461699357000271e+02 9.985623438411870278e-01 1.084137293176915733e-04 9.990022693613139770e-01 1.085709961987260761e-04
7.454390614638000443e+02 9.985700656291242039e-01 1.072841835804749300e-04 9.990076108458596504e-01 1.074739345096747142e-04
7.482021891840998933e+02 9.985806557221833524e-01 1.057472725402110235e-04 9.990149334412217197e-01 1.059782212197005516e-04
7.500736369356999376e+02 9.985877706255041897e-01 1.047099808900601650e-04 9.990198532191436609e-01 1.049687273851636322e-04
7.521038664638000455e+02 9.985954361054744099e-01 1.036217485233956263e-04 9.990251537762682155e-01 1.039047478722156671e-04
7.550628904638000449e+02 9.986064879231322244e-01 1.020447373604905784e-04 9.990327943863618332e-01 1.023621931406787502e-04
7.567384419356999388e+02 9.986127037105728688e-01 1.011653180323079926e-04 9.990370928677165807e-01 1.015004439767282527e-04
7.593755386840999790e+02 9.986223886077922884e-01 9.981744644512805507e-05 9.990437886391300149e-01 1.001747953196012128e-04
7.617837019638000129e+02 9.986311491016861552e-01 9.858987681843047130e-05 9.990498455690237645e-01 9.896743476872861729e-05
7.634405849357000307e+02 9.986371393903099580e-01 9.777038375868240497e-05 9.990539883825780842e-01 9.815784512398885941e-05
7.664369469356998934e+02 9.986478566123487832e-01 9.630523317465056134e-05 9.990613989551125895e-01 9.670860400038948129e-05
7.685418519638000134e+02 9.986553233009866082e-01 9.528657219220263146e-05 9.990665633313675631e-01 9.569982632104447333e-05
7.706048951841000871e+02 9.986625757725917651e-01 9.431792667665217316e-05 9.990715793461376615e-01 9.473618834985378910e-05
7.731950964357000657e+02 9.986715980078434418e-01 9.310663875038160692e-05 9.990778199452653441e-01 9.353112334799008898e-05
7.753373394638000491e+02 9.986790047578538720e-01 9.212745214701101510e-05 9.990829450660850819e-01 9.255393411151183463e-05
7.781471396841000114e+02 9.986886117476332370e-01 9.086722464302910936e-05 9.990895920082731863e-01 9.129310868194096440e-05
7.799905844357000433e+02 9.986948635101834393e-01 9.004365402338551649e-05 9.990939187993489456e-01 9.046913921175090919e-05
7.821701649638000617e+02 9.987022023588659758e-01 8.910242966705704873e-05 9.990989989951890582e-01 8.952293355693028852e-05
7.852225334638000049e+02 9.987123654614959989e-01 8.779259856750017371e-05 9.991060343789814890e-01 8.820542854618540875e-05
7.868234094357000004e+02 9.987176588563296820e-01 8.711564996984051776e-05 9.991097008952567471e-01 8.752349246374751092e-05
7.895445161840999617e+02 9.987265672539308303e-01 8.599597971090619812e-05 9.991158702932655400e-01 8.639173090076750141e-05
7.921113654637999844e+02 9.987348869574094179e-01 8.494235167841617982e-05 9.991216335108807911e-01 8.532670570174368072e-05
7.936935724357000481e+02 9.987399826439926631e-01 8.431142730146737535e-05 9.991251654132551341e-01 8.468683254027374943e-05
7.967832789356999683e+02 9.987498285886493576e-01 8.309394744845452897e-05 9.991319886212506329e-01 8.345084980111892804e-05
7.990375354638000545e+02 9.987569481582317943e-01 8.221356236648671881e-05 9.991369252672984702e-01 8.255650321838895606e-05
8.009978996841000480e+02 9.987630858718674620e-01 8.147053181835327577e-05 9.991411812748366428e-01 8.179939511890692001e-05
8.037094489357000384e+02 9.987714972548988879e-01 8.044728237771886124e-05 9.991470146806938901e-01 8.075674191092310186e-05
8.060010434637999879e+02 9.987785482594446762e-01 7.959902575185191234e-05 9.991519077728706621e-01 7.989113437463022239e-05
8.086894956841000521e+02 9.987867323839396683e-01 7.862277004054397749e-05 9.991575864634842929e-01 7.889341043976243672e-05
8.106729569357000855e+02 9.987927199712268722e-01 7.790565055183819592e-05 9.991617427184883438e-01 7.816051332982842980e-05
8.130018889637999564e+02 9.987996985648691650e-01 7.708729230130366092e-05 9.991665890163928809e-01 7.732266240088082616e-05
8.161476024638000126e+02 9.988090182814768347e-01 7.599173634610529031e-05 9.991730605910102980e-01 7.620052366854230847e-05
8.176738029356999959e+02 9.988135074038222427e-01 7.546530398291191827e-05 9.991761804347475406e-01 7.566117798607847791e-05
8.203108991840999806e+02 9.988211947175734684e-01 7.458142260076152362e-05 9.991815214621384555e-01 7.475456115865132165e-05
8.232044544637999479e+02 9.988295418726048647e-01 7.361367069160989010e-05 9.991873222450567971e-01 7.376190812318964398e-05
8.247119859356999996e+02 9.988338619714005606e-01 7.312101974322523644e-05 9.991903271277244869e-01 7.325635690524795484e-05
8.278950374357000328e+02 9.988428901648899183e-01 7.209660907320600981e-05 9.991966037682513679e-01 7.220489153491479691e-05
8.302986454638000851e+02 9.988496419750115818e-01 7.132683597779118374e-05 9.992013004918027796e-01 7.141479752030892531e-05
8.319883101840999871e+02 9.988543522062880431e-01 7.080085053911351796e-05 9.992045775122647688e-01 7.087496727310879045e-05
8.349892279357000007e+02 9.988626411242995662e-01 6.987102266055303574e-05 9.992103438484244426e-01 6.992068003024289958e-05
8.374301734638000880e+02 9.988693230920617783e-01 6.912521771475978074e-05 9.992149958032078283e-01 6.915549948037995982e-05
8.398292571841000154e+02 9.988758268461379597e-01 6.840677217882106973e-05 9.992195223930827597e-01 6.841874828967888541e-05
8.421207559356998900e+02 9.988819865925939734e-01 6.772373364485263412e-05 9.992238105632555989e-01 6.771831303264333587e-05
8.445990394638000680e+02 9.988885961653088952e-01 6.700048101116102585e-05 9.992284147753730528e-01 6.697738995396116345e-05
8.477075421841000207e+02 9.988967955461897086e-01 6.610422509155878450e-05 9.992341244627016561e-01 6.605968220024124285e-05
8.492896219356999836e+02 9.989009365619181402e-01 6.565010526423593657e-05 9.992370098289560243e-01 6.559468949199558465e-05
8.518052429637999694e+02 9.989074718711826728e-01 6.494825560742276257e-05 9.992415637740368339e-01 6.487745853577367753e-05
8.550629694637999592e+02 9.989158432018403477e-01 6.404249990722261324e-05 9.992473959863690247e-01 6.395194321187181819e-05
8.564958254356999987e+02 9.989194993693609748e-01 6.364972703778216413e-05 9.992499457457991729e-01 6.355099584122668704e-05
8.596089796841000634e+02 9.989273690827731311e-01 6.281321607771046247e-05 9.992554301178225851e-01 6.269848541153175885e-05
8.623251804637999385e+02 9.989341653276667676e-01 6.208474618173004931e-05 9.992601674482469720e-01 6.195608791737424175e-05
8.637393674357000464e+02 9.989376812663129934e-01 6.171450677994004671e-05 9.992626199045864244e-01 6.157977826396885573e-05
8.670344319357000131e+02 9.989457974721288602e-01 6.085844359058806860e-05 9.992682776668306843e-01 6.071003365951098960e-05
8.696247284638000110e+02 9.989521166822726839e-01 6.019105189705691033e-05 9.992726854561279071e-01 6.003246882703253839e-05
8.715664236841000729e+02 9.989568142204059420e-01 5.970185924140775736e-05 9.992759612290831317e-01 5.953714767336136206e-05
8.743339799356999720e+02 9.989634533184892362e-01 5.900800269528410160e-05 9.992805904023221997e-01 5.883462240397877198e-05
8.769616149637998888e+02 9.989697022994723508e-01 5.835848567496959425e-05 9.992849502074810930e-01 5.817816152563686443e-05
8.795940606840998726e+02 9.989759017796503437e-01 5.771734435328804787e-05 9.992892732599887307e-01 5.753142161346383590e-05
8.816708664356999634e+02 9.989807542928911266e-01 5.721398258184930889e-05 9.992926576801308691e-01 5.702367296524238962e-05
8.843358389638000290e+02 9.989869335423211538e-01 5.658118643267557777e-05 9.992969691920444708e-01 5.638720305354500074e-05
8.876590346841001065e+02 9.989945554511610037e-01 5.579930506320134292e-05 9.993022845159860168e-01 5.560158848897812093e-05
8.917195251841000072e+02 9.990037564055000985e-01 5.486433158886120195e-05 9.993087034495853338e-01 5.466460113273976081e-05
8.951171414638000670e+02 9.990113556443716014e-01 5.409002180476383777e-05 9.993140030415392783e-01 5.388967507791787474e-05
8.964566524357001072e+02 9.990143315540712665e-01 5.378946929779692212e-05 9.993160801962881479e-01 5.358944924510317917e-05
8.998405061841000361e+02 9.990217810267654208e-01 5.304291125796834633e-05 9.993212752045018687e-01 5.284527631921196377e-05
9.039009966841000505e+02 9.990306130525098416e-01 5.215562288745929486e-05 9.993274357054343637e-01 5.196189079795673985e-05
9.073126304357001572e+02 9.990379395596243883e-01 5.142630707079958607e-05 9.993325440466283016e-01 5.123766881452709382e-05
9.100896164638000982e+02 9.990438460378378016e-01 5.083791908265663465e-05 9.993366637366937200e-01 5.065390748358400359e-05
9.120779841840999325e+02 9.990480404831940664e-01 5.042505827817567366e-05 9.993395881944815429e-01 5.024538711053486839e-05
9.148175369356999909e+02 9.990537737914315652e-01 4.985920681483314734e-05 9.993435847095910596e-01 4.968549868325079050e-05
9.176318609638000225e+02 9.990596138968926843e-01 4.928588395661415058e-05 9.993476570090193967e-01 4.911910137530280747e-05
9.202923101840999607e+02 9.990650823374038758e-01 4.875147202869179006e-05 9.993514680774685521e-01 4.859200779744288575e-05
9.223597814356999152e+02 9.990693003759500979e-01 4.833834638554453903e-05 9.993544077552526383e-01 4.818454511120272282e-05
9.252114429637999820e+02 9.990750746628512813e-01 4.777976081315329302e-05 9.993584327768649800e-01 4.763471647725262014e-05
9.285439731841000821e+02 9.990817516310428470e-01 4.713298725964432492e-05 9.993630844393228685e-01 4.699856761939947392e-05
9.299393634357001019e+02 9.990845281911796549e-01 4.686354987427668816e-05 9.993650193036466289e-01 4.673355665034668145e-05
9.328283629637999184e+02 9.990902355235693477e-01 4.631953674713732490e-05 9.993689954993953961e-01 4.619961630966470950e-05
9.363101169638000556e+02 9.990970423336261730e-01 4.566565902646184464e-05 9.993737359435186374e-01 4.555790819179716836e-05
9.375562834357000384e+02 9.990994635544097058e-01 4.543507270430470891e-05 9.993754230910710801e-01 4.533176193072360922e-05
9.410054781841000704e+02 9.991061068160688174e-01 4.480889612169116991e-05 9.993800486047997866e-01 4.471822373665496357e-05
9.439830439638001280e+02 9.991117842412694516e-01 4.426909779153710819e-05 9.993840010896198889e-01 4.418931999111546662e-05
9.452105419356998937e+02 9.991141112582017092e-01 4.405209289196407698e-05 9.993856215380106933e-01 4.397687892081136233e-05
9.487296334357000660e+02 9.991207265234192114e-01 4.343394288259138280e-05 9.993902254662176965e-01 4.337175580198735625e-05
9.516933084638000082e+02 9.991262445798625436e-01 4.291748209542542512e-05 9.993940660247649932e-01 4.286619958007759524e-05
9.535229906840997955e+02 9.991296249178541755e-01 4.260571022311604575e-05 9.993964181584081841e-01 4.256105999627050586e-05
9.564398984356998881e+02 9.991349726471140391e-01 4.211146893572123118e-05 9.994001383217443468e-01 4.207733284465581231e-05
9.594409114637999210e+02 9.991404279456833626e-01 4.160986769715945178e-05 9.994039336591649114e-01 4.158629444277285510e-05
9.619240051840999968e+02 9.991449006604262717e-01 4.120181412065603585e-05 9.994070442472561266e-01 4.118671728425985564e-05
9.641875004357000307e+02 9.991489484190519965e-01 4.083193443204099034e-05 9.994098590296578433e-01 4.082451968418218327e-05
9.672258514637998132e+02 9.991543405770503261e-01 4.034516273557744905e-05 9.994136088743225121e-01 4.034748149981553546e-05
9.703623576841000613e+02 9.991598502288191463e-01 3.984856757784893238e-05 9.994174389489248744e-01 3.986060309625470048e-05
9.719724409356999786e+02 9.991626593515162691e-01 3.959503269653861509e-05 9.994193917951964545e-01 3.961202801968159942e-05
9.750481299638000792e+02 9.991679873905194853e-01 3.912264816132992202e-05 9.994230953479940061e-01 3.914812441005844599e-05
9.786418974637999781e+02 9.991741468687932448e-01 3.857383951504276095e-05 9.994273757237646105e-01 3.860901873061717103e-05
9.797947194356999034e+02 9.991761111929992056e-01 3.839946027672546172e-05 9.994287411627947870e-01 3.843765289673013377e-05
9.831038971840998784e+02 9.991817046992345075e-01 3.791200921485399672e-05 9.994326276941613019e-01 3.795762652381540171e-05
9.865201824637999835e+02 9.991874201905709407e-01 3.740934085770082970e-05 9.994365984029189853e-01 3.746261156235342667e-05
9.876543354356998634e+02 9.991893070987867276e-01 3.724632234104234904e-05 9.994379096671612839e-01 3.730172668185677927e-05
9.912854404357001386e+02 9.991952965868065029e-01 3.673096943842691628e-05 9.994420701698165654e-01 3.679268547854309821e-05
9.944358049637999102e+02 9.992004421876642395e-01 3.628602643989822194e-05 9.994456444269927964e-01 3.635302367458418678e-05
9.959014426841000613e+02 9.992028196786738592e-01 3.608440847560605714e-05 9.994472958885510794e-01 3.615319948217312100e-05
9.992010634357000072e+02 9.992081310820754014e-01 3.563314005477794476e-05 9.994509847319694718e-01 3.570592791112664320e-05
1.002388765963799983e+03 9.992132161138211899e-01 3.520214050586211216e-05 9.994545166551940252e-01 3.527825715228945599e-05
1.004489146684100092e+03 9.992165384030793351e-01 3.492427566827757923e-05 9.994568239533946352e-01 3.500184832598441650e-05
1.007154023935700138e+03 9.992207231193130923e-01 3.457378319624330142e-05 9.994597300070272583e-01 3.465317886456498631e-05
1.010379064463799978e+03 9.992257462159632730e-01 3.415652154425095899e-05 9.994632185848920658e-01 3.423728581876464967e-05
1.013114188684099986e+03 9.992299657269314572e-01 3.380804918485057464e-05 9.994661487004898870e-01 3.388931584646853393e-05
1.015144322435700019e+03 9.992330762074262962e-01 3.355086455765162091e-05 9.994683088448376163e-01 3.363249356051983916e-05
1.018406698963799954e+03 9.992380377730595287e-01 3.314678836493702992e-05 9.994717547750200382e-01 3.322791174420545567e-05
1.021776566684100089e+03 9.992431092453283314e-01 3.273372971753303509e-05 9.994752766598774540e-01 3.281387720998994858e-05
1.023171958935699990e+03 9.992451957558070585e-01 3.256363594761931267e-05 9.994767259078993771e-01 3.264337879388881235e-05
1.026471674963800069e+03 9.992500949764697715e-01 3.217227943374830585e-05 9.994801286020147391e-01 3.224982079711509898e-05
1.030196124963800230e+03 9.992555654879606841e-01 3.173245973706164601e-05 9.994839280168820173e-01 3.180736256150560730e-05
1.031236933435699939e+03 9.992570856061602225e-01 3.161098625447934752e-05 9.994849841844938299e-01 3.168505622012173737e-05
1.034854146184099818e+03 9.992623260111173078e-01 3.119861506467206747e-05 9.994886241427102247e-01 3.126883991915145459e-05
1.038317103463800095e+03 9.992672914867712919e-01 3.080417667604509632e-05 9.994920734877933421e-01 3.087071938966891614e-05
1.039339246935699975e+03 9.992687492296151719e-01 3.069078693503691526e-05 9.994930865725216718e-01 3.075599085240966264e-05
1.043101034935700000e+03 9.992740704100478988e-01 3.027725730510991546e-05 9.994967834665997586e-01 3.033740413205161947e-05
1.046475422824400084e+03 9.992787961596735213e-01 2.990853128701164386e-05 9.995000674299396870e-01 2.996403488814702808e-05
1.047987732544700066e+03 9.992808990814605608e-01 2.974735773353885175e-05 9.995015288931444752e-01 2.980051533531370776e-05
1.051259351435699955e+03 9.992854149837852029e-01 2.940079505150402584e-05 9.995046670672527167e-01 2.944888857746487686e-05
1.054671079324399898e+03 9.992900814895525619e-01 2.904326789911072494e-05 9.995079107917982375e-01 2.908592829781704724e-05
1.056799462544699963e+03 9.992929682631050969e-01 2.882445743381238334e-05 9.995099173131394288e-01 2.886354480821990817e-05
1.059455006935700112e+03 9.992965449538451228e-01 2.855309494101230614e-05 9.995124035016009767e-01 2.858773852357306860e-05
1.062904073463799932e+03 9.993011521991175261e-01 2.820577643139555164e-05 9.995156069390478404e-01 2.823454469003911318e-05
1.065648531184099966e+03 9.993047840257682779e-01 2.793318633223567721e-05 9.995181319811963228e-01 2.795720858443891254e-05
1.067688001435700016e+03 9.993074651101444550e-01 2.773183489765307006e-05 9.995199963146569333e-01 2.775234438282757118e-05
1.071174407963800149e+03 9.993120141179414606e-01 2.739450102966946632e-05 9.995231602997911580e-01 2.740903040441990243e-05
1.074534941184100035e+03 9.993163539638333370e-01 2.707255535544578470e-05 9.995261784292615026e-01 2.708133947119064334e-05
1.075958334935700123e+03 9.993181805204418566e-01 2.693699423922051205e-05 9.995274490438968984e-01 2.694335645318994516e-05
1.079482076463800013e+03 9.993226704655348014e-01 2.660865190202758542e-05 9.995305725438099476e-01 2.660923452483389843e-05
1.083337208963799867e+03 9.993275306742038788e-01 2.625109425886015712e-05 9.995339536543640380e-01 2.624539846570004154e-05
1.084266007435699976e+03 9.993286951759611236e-01 2.616567331017590503e-05 9.995347642844043534e-01 2.615848770981422114e-05
1.087948561184099844e+03 9.993332775912386889e-01 2.583514903296811141e-05 9.995379527657645147e-01 2.582246310231639378e-05
1.091700884963799808e+03 9.993378985804776127e-01 2.549857581454203909e-05 9.995411683683576021e-01 2.548028706328664102e-05
1.092611013435699988e+03 9.993390134052803075e-01 2.541871303679804872e-05 9.995419446646275352e-01 2.539918928819075855e-05
1.096503483935700160e+03 9.993437441332223559e-01 2.508076229004163322e-05 9.995452369721246066e-01 2.505611493231133042e-05
1.100101900463799893e+03 9.993480731679083018e-01 2.476959948650747948e-05 9.995482503842509914e-01 2.474030509297811336e-05
1.101418186184100023e+03 9.993496462973092687e-01 2.465813718790602771e-05 9.995493455246563519e-01 2.462737680130051534e-05
1.104904497935699965e+03 9.993537836294104082e-01 2.436475105768091441e-05 9.995522252506482408e-01 2.433013011707924341e-05
1.108540254463800238e+03 9.993580579680865217e-01 2.406122057444247519e-05 9.995552013118488288e-01 2.402280951656518527e-05
1.110453946184100005e+03 9.993602903742865307e-01 2.390416942405738460e-05 9.995567554834988711e-01 2.386406711483211486e-05
1.113342850935699971e+03 9.993636381319048745e-01 2.366857041181152891e-05 9.995590860373825270e-01 2.362593201024043295e-05
1.117015943824399983e+03 9.993678588788851291e-01 2.337276686606228228e-05 9.995620253945504130e-01 2.332729219203185341e-05
1.119527042544699952e+03 9.993707190610537916e-01 2.317351923497532480e-05 9.995640167464449055e-01 2.312642503502363779e-05
1.121818542935699952e+03 9.993733123576167277e-01 2.299282835509855054e-05 9.995658223560467404e-01 2.294426779722409933e-05
1.125528972081699976e+03 9.993774789939783298e-01 2.270464953167226427e-05 9.995687241142751089e-01 2.265424630533452341e-05
1.128637473801999931e+03 9.993809364826349295e-01 2.246562672928068170e-05 9.995711313497617212e-01 2.241395869367126346e-05
1.130331568435699864e+03 9.993828091805952996e-01 2.233615120083674713e-05 9.995724354241531939e-01 2.228380021582114046e-05
1.134079339963800066e+03 9.993869226648165460e-01 2.205505731486653495e-05 9.995753001756437772e-01 2.200184787425516847e-05
1.137785246184099833e+03 9.993909487723269258e-01 2.177892050009355162e-05 9.995781034244903829e-01 2.172505114052941926e-05
1.138881933435699921e+03 9.993921334312814153e-01 2.169768471346326830e-05 9.995789285150957770e-01 2.164362188218091622e-05
1.142667042581699889e+03 9.993961943057718678e-01 2.142361869352956934e-05 9.995817564288679291e-01 2.136962890130775507e-05
1.146671526081699994e+03 9.994004460093195430e-01 2.113441116954809025e-05 9.995847167856001247e-01 2.108055880589232442e-05
1.147469641935699883e+03 9.994012890483724432e-01 2.107750149487169677e-05 9.995853041779573234e-01 2.102373213188028976e-05
1.151492794935699976e+03 9.994055072440554133e-01 2.079583198419620077e-05 9.995882411614729346e-01 2.074296614589587348e-05
1.155315236463800147e+03 9.994094746307176091e-01 2.052853254881734524e-05 9.995910035851078845e-01 2.047654119769839963e-05
1.156192801184099835e+03 9.994103804651474077e-01 2.046862957608163420e-05 9.995916345159935323e-01 2.041697766039395523e-05
1.160136501435699984e+03 9.994144228872104962e-01 2.020111523236815758e-05 9.995944487812310486e-01 2.015099543662539304e-05
1.163996285581700022e+03 9.994183406001179160e-01 1.994074646840293097e-05 9.995971765138197407e-01 1.989222129583356825e-05
1.165452588802000037e+03 9.994198086571234318e-01 1.984445301725980496e-05 9.995981985939625947e-01 1.979668943168528947e-05
1.168817551935699839e+03 9.994231788454752685e-01 1.962335079728102621e-05 9.996005444798692352e-01 1.957734899690165219e-05
1.172714673463799954e+03 9.994270475321347380e-01 1.936972890565307040e-05 9.996032378745314251e-01 1.932590619213563489e-05
1.174749711184100306e+03 9.994290518280292135e-01 1.923962873105361605e-05 9.996046329624120874e-01 1.919708633493112315e-05
1.177535936435700023e+03 9.994317789237779914e-01 1.906261333395120128e-05 9.996065309288677536e-01 1.902182270989140968e-05
1.181470397963799769e+03 9.994355985883902616e-01 1.881586352681304211e-05 9.996091897322677555e-01 1.877769411169093509e-05
1.184084176184100215e+03 9.994381140971551059e-01 1.865418499591700035e-05 9.996109402255747289e-01 1.861785888202563185e-05
1.186291664435699886e+03 9.994402258667736128e-01 1.851848355556760142e-05 9.996124097493590543e-01 1.848371106931464137e-05
1.190263458581699979e+03 9.994439971727084870e-01 1.827841644293437339e-05 9.996150343812075789e-01 1.824656301918888213e-05
1.193455973801999789e+03 9.994469999556194750e-01 1.808747057976672082e-05 9.996171235614909056e-01 1.805801819643488036e-05
1.195084726935699791e+03 9.994485231570888750e-01 1.799065536829021748e-05 9.996181833876737199e-01 1.796242392623255960e-05
1.199093858463799961e+03 9.994522464287319830e-01 1.775731654032686798e-05 9.996207740486801052e-01 1.773216183091290676e-05
1.202865106184099886e+03 9.994557135638324485e-01 1.753937352791658743e-05 9.996231858224492450e-01 1.751712804388367447e-05
1.203915122935700083e+03 9.994566736890758696e-01 1.747905813503651171e-05 9.996238538153772168e-01 1.745761880950135063e-05
1.207961595824400092e+03 9.994603491389858485e-01 1.725217571067853432e-05 9.996264105263701349e-01 1.723383717352129470e-05
1.212115430824400164e+03 9.994640832921561913e-01 1.701998544485467554e-05 9.996290076107426925e-01 1.700482551224242466e-05
1.212782862935699995e+03 9.994646804664628625e-01 1.698312405457636133e-05 9.996294231474897041e-01 1.696846782969836884e-05
1.216955366935699885e+03 9.994683870719334173e-01 1.675755585293670644e-05 9.996320008570467319e-01 1.674598339839901136e-05
1.221039176081699907e+03 9.994719786376676796e-01 1.653702345114991114e-05 9.996344984785867638e-01 1.652846342772618148e-05
1.221795393801999808e+03 9.994726402546298960e-01 1.649732013351094603e-05 9.996349586906160267e-01 1.648928538598260784e-05
1.225879109935699944e+03 9.994761887916703280e-01 1.628429561664965762e-05 9.996374260166674963e-01 1.627908699233576720e-05
1.230000257824400251e+03 9.994797349878906667e-01 1.607052486964828347e-05 9.996398917240105764e-01 1.606812528923336360e-05
1.231316542544700269e+03 9.994808601386053759e-01 1.600383920215819324e-05 9.996406740357186571e-01 1.600227091322632120e-05
1.234840191935699977e+03 9.994838533043965967e-01 1.582648664410108178e-05 9.996427547164460359e-01 1.582713334298254602e-05
1.238998678463799934e+03 9.994873541638543690e-01 1.561905597200947157e-05 9.996451884558485990e-01 1.562222371989395293e-05
1.240875031184099953e+03 9.994889219020245408e-01 1.552724071936828249e-05 9.996462781794254182e-01 1.553145121689663809e-05
1.243838612435700043e+03 9.994913831963148088e-01 1.538318601448481268e-05 9.996479888639482336e-01 1.538903423957516901e-05
1.248034436581700220e+03 9.994948395220942805e-01 1.518196425797568784e-05 9.996503913254194407e-01 1.518997816352295467e-05
1.250470858802000066e+03 9.994968296975826894e-01 1.506707756352484380e-05 9.996517744098628588e-01 1.507623615044459131e-05
1.252874372435700025e+03 9.994987815990853397e-01 1.495448672964315144e-05 9.996531308449241315e-01 1.496476698280871841e-05
1.257107533963800051e+03 9.995021932704204470e-01 1.475945599905510039e-05 9.996555018625510325e-01 1.477149658893960079e-05
1.260104021184100020e+03 9.995045863817926257e-01 1.462313886541004999e-05 9.996571646783837251e-01 1.463631174602156376e-05
1.261947465935699938e+03 9.995060503656264528e-01 1.453983299997695855e-05 9.996581819585532713e-01 1.455369699159108657e-05
1.266217967463799823e+03 9.995094179867030082e-01 1.435077834677785990e-05 9.996605220143582882e-01 1.436596429883900991e-05
1.269774526184099841e+03 9.995121953757868383e-01 1.419477539139674029e-05 9.996624516088994383e-01 1.421096387187787246e-05
1.271057903435699927e+03 9.995131922673121672e-01 1.413884890789982566e-05 9.996631442657489819e-01 1.415539589263426330e-05
1.275365739963800024e+03 9.995165160975807428e-01 1.395568903155223899e-05 9.996654535871503100e-01 1.397310409437376083e-05
1.279482366184099874e+03 9.995196598174684866e-01 1.378165144437887631e-05 9.996676374696903400e-01 1.379983065780311697e-05
1.280205674935700017e+03 9.995202094419549654e-01 1.375126324629968177e-05 9.996680193749126753e-01 1.376957558816150908e-05
1.284550847824399852e+03 9.995234896341613773e-01 1.357360167432290323e-05 9.996702980329963406e-01 1.359232753279572033e-05
1.288872703324399936e+03 9.995267188117448187e-01 1.339714619314088803e-05 9.996725411542647377e-01 1.341626587257537641e-05
1.289390785435700082e+03 9.995271042486832958e-01 1.337645872625121573e-05 9.996728090151322244e-01 1.339559445300202040e-05
1.293731311435700036e+03 9.995303106147198635e-01 1.320561251159888490e-05 9.996750362099939835e-01 1.322475438688216313e-05
1.298113822963799976e+03 9.995335153906892423e-01 1.303361781858736661e-05 9.996772622362205540e-01 1.305273260391923677e-05
1.299010056184099994e+03 9.995341669136358353e-01 1.299928244134168582e-05 9.996777148492762555e-01 1.301832597667257692e-05
1.302972421435700198e+03 9.995370297997632214e-01 1.284851261095858687e-05 9.996797032622803947e-01 1.286723475568544044e-05
1.307392272963799996e+03 9.995401933651261173e-01 1.268154731246041253e-05 9.996819007796472478e-01 1.269983965897987610e-05
1.308829911184099956e+03 9.995412153037976921e-01 1.262852972787877152e-05 9.996826106423806202e-01 1.264660024450251649e-05
1.312250881435699966e+03 9.995436327426973078e-01 1.250323253874513326e-05 9.996842896058112382e-01 1.252077130229833339e-05
1.316708067963799976e+03 9.995467548465399865e-01 1.234154452625070340e-05 9.996864581567026509e-01 1.235829389484124432e-05
1.318687101184100129e+03 9.995481304230976471e-01 1.227102489372927621e-05 9.996874135677334960e-01 1.228734211504953921e-05
1.321566671435700073e+03 9.995501206666459471e-01 1.216910502672957352e-05 9.996887958118081396e-01 1.218479158058108255e-05
1.326061195581700076e+03 9.995532020477859714e-01 1.201218659646739281e-05 9.996909361669201743e-01 1.202678108459398459e-05
1.328581628802000068e+03 9.995549155067779967e-01 1.192557045645500258e-05 9.996921262057919533e-01 1.193948350777881819e-05
1.330919801435700037e+03 9.995564963387012503e-01 1.184575547894179964e-05 9.996932241120717322e-01 1.185903601415570739e-05
1.335451662963799890e+03 9.995595371399236262e-01 1.169349612563666995e-05 9.996953362278502286e-01 1.170544606170908674e-05
1.338513491184100076e+03 9.995615730886853179e-01 1.159181368184934587e-05 9.996967502255161842e-01 1.160281498979462803e-05
1.340310266435699987e+03 9.995627614870769007e-01 1.153255159220152616e-05 9.996975756348553954e-01 1.154299684354087283e-05
1.344879469324400134e+03 9.995657623402635084e-01 1.138468056618215829e-05 9.996996600151798473e-01 1.139362568654139705e-05
1.348482697544699931e+03 9.995681061375032428e-01 1.126905773763958836e-05 9.997012878398254809e-01 1.127679181504373044e-05
1.349738071435699794e+03 9.995689185384700748e-01 1.122904421864682620e-05 9.997018521448061135e-01 1.123635744312247461e-05
1.354344610581699953e+03 9.995718797894667107e-01 1.108540416114424542e-05 9.997039090509515225e-01 1.109112352967069732e-05
1.358489238802000045e+03 9.995745172497955133e-01 1.095686570679359277e-05 9.997057408958742730e-01 1.096114194150148793e-05
1.359203216435700142e+03 9.995749694010881425e-01 1.093486803546588622e-05 9.997060550031273696e-01 1.093889671124644596e-05
1.363847094324399905e+03 9.995778914017642292e-01 1.079503458371207155e-05 9.997080846039083646e-01 1.079745071836300414e-05
1.368336969324399888e+03 9.995806876793281726e-01 1.066010060330676524e-05 9.997100268723552174e-01 1.066095781512681613e-05
1.368705696435700020e+03 9.995809163656417251e-01 1.064920317485102026e-05 9.997101858137413810e-01 1.064993516555759911e-05
1.373214241435699932e+03 9.995836940334970055e-01 1.051810629343687333e-05 9.997121151933784367e-01 1.051733256590542692e-05
1.377895457963800027e+03 9.995865489362624201e-01 1.038228088278465871e-05 9.997140983127097424e-01 1.037995234676811856e-05
1.378614336184100011e+03 9.995869849416643138e-01 1.036187922361669374e-05 9.997144012137412217e-01 1.035932764072692067e-05
1.382772726435699951e+03 9.995894919871822770e-01 1.024469584973260051e-05 9.997161425873223317e-01 1.024085847907278418e-05
1.387491280581699812e+03 9.995923096459324864e-01 1.011239447101410554e-05 9.997180999182784245e-01 1.010712850228690745e-05
1.388732893801999808e+03 9.995930462613961121e-01 1.007824748734757522e-05 9.997186116289450419e-01 1.007263908437320338e-05
1.392368556435699929e+03 9.995951911244241872e-01 9.978962714445943088e-06 9.997201014151189113e-01 9.972355819915290618e-06
1.397124447963800094e+03 9.995979719419270104e-01 9.850065643835328568e-06 9.997220332219057815e-01 9.842212561110494294e-06
1.398888786184100127e+03 9.995989961397468981e-01 9.803034345952139108e-06 9.997227446586695043e-01 9.794769600259796503e-06
1.402001716435700018e+03 9.996007933782330435e-01 9.720617138291528267e-06 9.997239929946833970e-01 9.711629726390006952e-06
1.406794947963800041e+03 9.996035379130459031e-01 9.594983826385054424e-06 9.997258995795533787e-01 9.584978632888088758e-06
1.409082021184100086e+03 9.996048371426665691e-01 9.535873931417819359e-06 9.997268020223317730e-01 9.525446749345624554e-06
1.411672221435700067e+03 9.996063007842072023e-01 9.469411175697177476e-06 9.997278186385625265e-01 9.458508955529669745e-06
1.416502785581699982e+03 9.996090092542676553e-01 9.346853462478163003e-06 9.997297000722744631e-01 9.335195563185108144e-06
1.419312588801999937e+03 9.996105714573124690e-01 9.276293124790935293e-06 9.997307850895690295e-01 9.264264218684491536e-06
1.421380061435699872e+03 9.996117150434704612e-01 9.224733598195938275e-06 9.997315793853523980e-01 9.212433762048565013e-06
1.426247962963800092e+03 9.996143882354504573e-01 9.104967574601819844e-06 9.997334362465075674e-01 9.092193292114075619e-06
1.429580491184100083e+03 9.996162019603561655e-01 9.023634645212276289e-06 9.997346959237365382e-01 9.010600591920257137e-06
1.431125236435700117e+03 9.996170385845648543e-01 8.986200733302951972e-06 9.997352770080610851e-01 8.973047541781875656e-06
1.436030480581699976e+03 9.996196771917562618e-01 8.869424970022182837e-06 9.997371098004624868e-01 8.856083729208843130e-06
1.439885738802000105e+03 9.996217313471280619e-01 8.778247626562390752e-06 9.997385363642595779e-01 8.764811568432168872e-06
1.440907751435699993e+03 9.996222732988329085e-01 8.754247327742087492e-06 9.997389127810831777e-01 8.740786740977753841e-06
1.445850332963799929e+03 9.996248773660459941e-01 8.640278916600734673e-06 9.997407213614959431e-01 8.626908537624024725e-06
1.450228321184100196e+03 9.996271612585384547e-01 8.539701878597409784e-06 9.997423073288006501e-01 8.526445901934678591e-06
1.450727601435700080e+03 9.996274205140519564e-01 8.528308638575871802e-06 9.997424874257672123e-01 8.515065813955001252e-06
1.455684073215400076e+03 9.996299787218289046e-01 8.417540695275966094e-06 9.997442638671673043e-01 8.404643599406873378e-06
1.460584796435700127e+03 9.996324822328531701e-01 8.308248938503839541e-06 9.997460022215234332e-01 8.295715057770667767e-06
1.465280031435700039e+03 9.996348570070079376e-01 8.206166175571976047e-06 9.997476510491760671e-01 8.194160385237170087e-06
1.470297284324399925e+03 9.996373696745205484e-01 8.097383260352598234e-06 9.997493956225681488e-01 8.085959661199610361e-06
1.471025497544700102e+03 9.996377323221868894e-01 8.081910433132268127e-06 9.997496474374629738e-01 8.070592729756533043e-06
1.475193226435700126e+03 9.996397965969411326e-01 7.993964241805668326e-06 9.997510804758849012e-01 7.983252498620610588e-06
1.480247822963799990e+03 9.996422771597248680e-01 7.887845596624662141e-06 9.997528025804125473e-01 7.877895409564366369e-06
1.481480096184100148e+03 9.996428780716711815e-01 7.862446538154434792e-06 9.997532197358915962e-01 7.852706295719310409e-06
1.485143761435700071e+03 9.996446552558878595e-01 7.787472527283047447e-06 9.997544532942059803e-01 7.778355870616494446e-06
1.490235692963800147e+03 9.996471040498099425e-01 7.684056600619937433e-06 9.997561530944991670e-01 7.675833047792948597e-06
1.491972031184099933e+03 9.996479332413040764e-01 7.649368639017029847e-06 9.997567285905070156e-01 7.641469423694153835e-06
1.495131636435700102e+03 9.996494343540410776e-01 7.586695286625774157e-06 9.997577703586083553e-01 7.579385422904063324e-06
1.500260902963800163e+03 9.996518515253661752e-01 7.485858853128705287e-06 9.997594478837837917e-01 7.479522655130499658e-06
1.502501301184100157e+03 9.996528993051935208e-01 7.442372857360907396e-06 9.997601749580712349e-01 7.436472400228017579e-06
1.505156846435699890e+03 9.996541351428230859e-01 7.391195262154616999e-06 9.997610324675147986e-01 7.385810377080062749e-06
1.510323452963799809e+03 9.996565213594483801e-01 7.292743826345656380e-06 9.997626882278953797e-01 7.288362998741461507e-06
1.513067911184100012e+03 9.996577785817176709e-01 7.241015172272624523e-06 9.997635604976611301e-01 7.237168053169483647e-06
1.515219396435699991e+03 9.996587595203374477e-01 7.200752394366303260e-06 9.997642410311385897e-01 7.197322816595417014e-06
1.520423342963799996e+03 9.996611151836460873e-01 7.104700571741464252e-06 9.997658753781774044e-01 7.102258274180906548e-06
1.523671861184100180e+03 9.996625731289674466e-01 7.045280432784516276e-06 9.997668867275776305e-01 7.043445124967796953e-06
1.525319281435700077e+03 9.996633090619716500e-01 7.015362678780945876e-06 9.997673972471200488e-01 7.013834501306982721e-06
1.530560562963800066e+03 9.996656348012313842e-01 6.921928304084274623e-06 9.997690106115947328e-01 6.921326824369637573e-06
1.534313146184100106e+03 9.996672846757085340e-01 6.855564564747594507e-06 9.997701549425046519e-01 6.855611101840973684e-06
1.535456506435700021e+03 9.996677850686184197e-01 6.835485109103188212e-06 9.997705020281093535e-01 6.835728604282320784e-06
1.540735124324400203e+03 9.996700807277856260e-01 6.744296454498237494e-06 9.997720941835364084e-01 6.745369589060174433e-06
1.544991767544699997e+03 9.996719144751544661e-01 6.671076865371675305e-06 9.997733659053797961e-01 6.672802428578488565e-06
1.545631066435700177e+03 9.996721887420962904e-01 6.660158238124114584e-06 9.997735561306539953e-01 6.661981521479623202e-06
1.550947024324400218e+03 9.996744552313012733e-01 6.571570722022744734e-06 9.997751279499451638e-01 6.574096581396289093e-06
1.555810279324399971e+03 9.996765079468250548e-01 6.490793710673014284e-06 9.997765513354300859e-01 6.493949574853043740e-06
1.560827443215399853e+03 9.996786055287906203e-01 6.409748748129692633e-06 9.997780057377667617e-01 6.413425957160873905e-06
1.566078187963800019e+03 9.996807791637620788e-01 6.325127464094143800e-06 9.997795128608992776e-01 6.329336186323660909e-06
1.570978777963799985e+03 9.996827879570590047e-01 6.248460753710231847e-06 9.997809056119697502e-01 6.253037741791884008e-06
1.576378781435699921e+03 9.996849799664615510e-01 6.164368727634918496e-06 9.997824253678191386e-01 6.169326956592449900e-06
1.581298041435700043e+03 9.996869568838065989e-01 6.089829119148922770e-06 9.997837959038859967e-01 6.095018386087719236e-06
1.586702696435699863e+03 9.996891079569856231e-01 6.008559732278797075e-06 9.997852871714955070e-01 6.013965961634026202e-06
1.591640626435699915e+03 9.996910536320092744e-01 5.936114987682688286e-06 9.997866359084993659e-01 5.941618950196842329e-06
1.597063946435700018e+03 9.996931698047720749e-01 5.857303887993136003e-06 9.997881028932988912e-01 5.862867847989742071e-06
1.602020546435699998e+03 9.996950847385335237e-01 5.786672647228216505e-06 9.997894302572662983e-01 5.792207294154134361e-06
1.607462536435700258e+03 9.996971671631484924e-01 5.710195884500103370e-06 9.997908737998296713e-01 5.715645032495781774e-06
1.609847601184100085e+03 9.996980728955334738e-01 5.677184764937489966e-06 9.997915016237988173e-01 5.682565147985797604e-06
1.612498462963800193e+03 9.996990748221266099e-01 5.640753915288379212e-06 9.997921960891194004e-01 5.646057834440126121e-06
1.617898466435699902e+03 9.997011008163629864e-01 5.567450540270809352e-06 9.997936004601325477e-01 5.572543466215058623e-06
1.620787591184099938e+03 9.997021761976927490e-01 5.528681654657586243e-06 9.997943458126123950e-01 5.533634434905651886e-06
1.622971727963800049e+03 9.997029853571026692e-01 5.499577813066272411e-06 9.997949066628216697e-01 5.504424644905743563e-06
1.628371731435699985e+03 9.997049721671201761e-01 5.428689606978535654e-06 9.997962838341679648e-01 5.433221231438634703e-06
1.631764917544699983e+03 9.997062101175585580e-01 5.384577682743227591e-06 9.997971418718299974e-01 5.388889812619891826e-06
1.633482329324399871e+03 9.997068338115392416e-01 5.362407314987638468e-06 9.997975741819210560e-01 5.366608349365376242e-06
1.638882331435700053e+03 9.997087822311744310e-01 5.293903365328069910e-06 9.997989247195644413e-01 5.297708617526673580e-06
1.642779578802000060e+03 9.997101760001697590e-01 5.244841392481343803e-06 9.997998907397031010e-01 5.248346563304522567e-06
1.644030270581700279e+03 9.997106212256074986e-01 5.229200745120524638e-06 9.998001993654750397e-01 5.232609604518783323e-06
1.649430271435700206e+03 9.997125319560770107e-01 5.162902169602946720e-06 9.998015237547402956e-01 5.165858706950752854e-06
1.653831581184099832e+03 9.997140751169310002e-01 5.109140368382205651e-06 9.998025932969231144e-01 5.111720239251620404e-06
1.654615552963800155e+03 9.997143487594774003e-01 5.099629850330445258e-06 9.998027829927169652e-01 5.102142610869054974e-06
1.660015556435699864e+03 9.997162227081398678e-01 5.035497063392672979e-06 9.998040819024817116e-01 5.037524685259555586e-06
1.664920923802000061e+03 9.997179089424540477e-01 4.977420379364919902e-06 9.998052506276863260e-01 4.979004362117881195e-06
1.665238165581699832e+03 9.997180175570674621e-01 4.973689714088703069e-06 9.998053259224611855e-01 4.975244993795081320e-06
1.670488688215400089e+03 9.997198048692087502e-01 4.913335201368484039e-06 9.998065647537145439e-01 4.914409431249865321e-06
1.675725446435700178e+03 9.997215706085013087e-01 4.853222027207004620e-06 9.998077886317513485e-01 4.853816478155792088e-06
1.676047596184100030e+03 9.997216787454523690e-01 4.849607649964658952e-06 9.998078636043020717e-01 4.850173101137150197e-06
1.681004067963800026e+03 9.997233336013264804e-01 4.794360446623196108e-06 9.998090105989112519e-01 4.794481029079194307e-06
1.686404071435700189e+03 9.997251200068749677e-01 4.734344696544597361e-06 9.998102488068675298e-01 4.733983534176138488e-06
1.687211613802000102e+03 9.997253856533276917e-01 4.725561433856702127e-06 9.998104329816041025e-01 4.725131504477761962e-06
1.691720030581699802e+03 9.997268615270474834e-01 4.676845515766153043e-06 9.998114558756353576e-01 4.676031922287791475e-06
1.697120031435699957e+03 9.997286138247750698e-01 4.618759581424462143e-06 9.998126704494170180e-01 4.617494225145244932e-06
1.698412966184100014e+03 9.997290309195016045e-01 4.605096169288939180e-06 9.998129595414070314e-01 4.603729929314761789e-06
1.702473332963800203e+03 9.997303342163205153e-01 4.562464040400970935e-06 9.998138628095994962e-01 4.560780953741348081e-06
1.707873336435699912e+03 9.997320533372895390e-01 4.506143139104533011e-06 9.998150543751271879e-01 4.504052812785203914e-06
1.709651661184099794e+03 9.997326158116425221e-01 4.487899681757024533e-06 9.998154442407549691e-01 4.485686680787450170e-06
1.713263967963799814e+03 9.997337528521447192e-01 4.451088463455538354e-06 9.998162322669278401e-01 4.448626137409496710e-06
1.718663971435699978e+03 9.997354394362099050e-01 4.396524215380706185e-06 9.998174012689581280e-01 4.393710721960209462e-06
1.720927688802000148e+03 9.997361416313262916e-01 4.373975259731917043e-06 9.998178879275322339e-01 4.371029585806769463e-06
1.724091940581699873e+03 9.997371184017435075e-01 4.342660956516126163e-06 9.998185648741406695e-01 4.339530351121822188e-06
1.729491941435699800e+03 9.997387731584916892e-01 4.289787137598752580e-06 9.998197118055850430e-01 4.286369728235090222e-06
1.732241051184099888e+03 9.997396094649726450e-01 4.263208855883715131e-06 9.998202913894876920e-01 4.259662546827659966e-06
1.734957252963800101e+03 9.997404317849498678e-01 4.237119541285544232e-06 9.998208612868463296e-01 4.233445728076850302e-06
1.740357256435699810e+03 9.997420553590100623e-01 4.185853748070057626e-06 9.998219865497487424e-01 4.181962763619126521e-06
1.743591757544700158e+03 9.997430204003924237e-01 4.155449863586640821e-06 9.998226553321467591e-01 4.151446776417112936e-06
1.745859904324400077e+03 9.997436940039975406e-01 4.134268938224014103e-06 9.998231221243935041e-01 4.130187133829587970e-06
1.751259906435700259e+03 9.997452871535130736e-01 4.084582638422558213e-06 9.998242262827612414e-01 4.080356242457314164e-06
1.754979798802000005e+03 9.997463757918155780e-01 4.050658745404701102e-06 9.998249806748801261e-01 4.046349799425983488e-06
1.756799890581699856e+03 9.997469059759396259e-01 4.034161020848947991e-06 9.998253480806154059e-01 4.029811620504276994e-06
1.762199891435699783e+03 9.997484693036343684e-01 3.985965741536623072e-06 9.998264314709900402e-01 3.981544032290175248e-06
1.766405178801999909e+03 9.997496765358944160e-01 3.948673811457721320e-06 9.998272680011895952e-01 3.944210253224229206e-06
1.767777220581699794e+03 9.997500686382906343e-01 3.936582566170097980e-06 9.998275397058407066e-01 3.932105332430176142e-06
1.773177221435699948e+03 9.997516027763106994e-01 3.889838670148962915e-06 9.998286028219774968e-01 3.885359137663365285e-06
1.777867896184099891e+03 9.997529238327850232e-01 3.849426694846449763e-06 9.998295181571767998e-01 3.844955930063228091e-06
1.778791882963799935e+03 9.997531829409077586e-01 3.841516127655400356e-06 9.998296976840774786e-01 3.837047091522889214e-06
1.784191886435700098e+03 9.997546885343641110e-01 3.796163045569333045e-06 9.998307409278321956e-01 3.791756918907786442e-06
1.789367953801999647e+03 9.997561187576298192e-01 3.752810519798764380e-06 9.998317318542173648e-01 3.748470788942621146e-06
1.789843885581700079e+03 9.997562496892397066e-01 3.748849010511990459e-06 9.998318225949223148e-01 3.744515395606588186e-06
1.795243886435700006e+03 9.997577273507417539e-01 3.704868030865015201e-06 9.998328463961865253e-01 3.700656599474169676e-06
1.800905346184099926e+03 9.997592622924957872e-01 3.658847341102829495e-06 9.998339098341310072e-01 3.654768295511031506e-06
1.806263202963800268e+03 9.997607015268126229e-01 3.616479454243720840e-06 9.998349068745754353e-01 3.612569164809356809e-06
1.811663206435699976e+03 9.997621390639336303e-01 3.573869805460305490e-06 9.998359027455407944e-01 3.570132760125864186e-06
1.812480081184100072e+03 9.997623554388568312e-01 3.567552722014182899e-06 9.998360526554074257e-01 3.563847417737606912e-06
1.817408547963799947e+03 9.997636542499989121e-01 3.529660103052231088e-06 9.998369523624662802e-01 3.526145767498081740e-06
1.822808551435700110e+03 9.997650654769552059e-01 3.488308926585772095e-06 9.998379299061682657e-01 3.485008630668457071e-06
1.824092151184099976e+03 9.997653990820223324e-01 3.478670976684671132e-06 9.998381609975119932e-01 3.475427788020294707e-06
1.828591232963800167e+03 9.997665625635868691e-01 3.445084827030408029e-06 9.998389668469932490e-01 3.442041497870886990e-06
1.833991236435699875e+03 9.997679478586737334e-01 3.405002859545289641e-06 9.998399263620862953e-01 3.402204363932535480e-06
1.835741557544699845e+03 9.997683942510700028e-01 3.392233163403973751e-06 9.998402355251810869e-01 3.389519265710273351e-06
1.839811254324399897e+03 9.997694270524496440e-01 3.362714184937872787e-06 9.998409507668492013e-01 3.360196814232402669e-06
1.845211256435699852e+03 9.997707870157623855e-01 3.323837756808401048e-06 9.998418926435009846e-01 3.321584730566751837e-06
1.847428301184100064e+03 9.997713418715722389e-01 3.308118499684089656e-06 9.998422768798467253e-01 3.305977268135137652e-06
1.851068612963799978e+03 9.997722484279322197e-01 3.282460674442701117e-06 9.998429046669925491e-01 3.280502910407923810e-06
1.856468616435700142e+03 9.997735836946136656e-01 3.244760211593422836e-06 9.998438293134203070e-01 3.243075097531879201e-06
1.859152386184100124e+03 9.997742428557838679e-01 3.226279290389451324e-06 9.998442857348275314e-01 3.224730248203918786e-06
1.862363312963799899e+03 9.997750276398307268e-01 3.204302367415901836e-06 9.998448291484814954e-01 3.202916075533311683e-06
1.867763316435700062e+03 9.997763386637207317e-01 3.167768939730945029e-06 9.998457369058523225e-01 3.166652929900440420e-06
1.870913806184099940e+03 9.997770980528235540e-01 3.146712258617884360e-06 9.998462626946138521e-01 3.145752057178046390e-06
1.873695347963800259e+03 9.997777653253897556e-01 3.128225486396377417e-06 9.998467246872067005e-01 3.127402820153155387e-06
1.879095351435699968e+03 9.997790525118682714e-01 3.092823621706643042e-06 9.998476158775931877e-01 3.092258723347915716e-06
1.882712563802000204e+03 9.997799084116283375e-01 3.069357504222068112e-06 9.998482083706711210e-01 3.068960848501739998e-06
1.885064720581700158e+03 9.997804623552066783e-01 3.054190648825304304e-06 9.998485918279136353e-01 3.053903377689275990e-06
1.890464721435700085e+03 9.997817261729993188e-01 3.019897427057378190e-06 9.998494667650386081e-01 3.019845461475455189e-06
1.894548656184100309e+03 9.997826747135880598e-01 2.994177196967445809e-06 9.998501233116227072e-01 2.994297085626944332e-06
1.896471427963800124e+03 9.997831191319288546e-01 2.982138279665608917e-06 9.998504309600151352e-01 2.982339063678994050e-06
1.901871431435699833e+03 9.997843601943132708e-01 2.948893103601382716e-06 9.998512900225812183e-01 2.949299167889059673e-06
1.906422093802000063e+03 9.997853976113558749e-01 2.921056228429417654e-06 9.998520080823786182e-01 2.921628905443569809e-06
1.907915480581699967e+03 9.997857365483190373e-01 2.911976679698694638e-06 9.998522426633011939e-01 2.912604019310942555e-06
1.913315481435699894e+03 9.997869552717685293e-01 2.879788201740156679e-06 9.998530861903843769e-01 2.880583885938498835e-06
1.918332863802000020e+03 9.997880781948029760e-01 2.850023126813844142e-06 9.998538633502016548e-01 2.850969449322431487e-06
1.919396865581700013e+03 9.997883153096415176e-01 2.843748714818695332e-06 9.998540274344202006e-01 2.844726972051981205e-06
1.924796866435700167e+03 9.997895120829373150e-01 2.812582575448775393e-06 9.998548556990946024e-01 2.813687589282267410e-06
1.930280973801999608e+03 9.997907170813333799e-01 2.781020502644646467e-06 9.998556895833639047e-01 2.782250577041153305e-06
1.930915590581699917e+03 9.997908559591052180e-01 2.777389318361594426e-06 9.998557856798691024e-01 2.778633860137061333e-06
1.936315591435699844e+03 9.997920312449706248e-01 2.747182311673462799e-06 9.998565989860338510e-01 2.748509335099266023e-06
1.941869596435699805e+03 9.997932298042256916e-01 2.716128138339912130e-06 9.998574283376078231e-01 2.717539563621089738e-06
1.942471652963800125e+03 9.997933591698893174e-01 2.712823656988245558e-06 9.998575178747699521e-01 2.714241235501764071e-06
1.948044327963800015e+03 9.997945502442424637e-01 2.682605056289475704e-06 9.998583420189854909e-01 2.684064985584625732e-06
1.953444331435699723e+03 9.997956946519009902e-01 2.653362705179831450e-06 9.998591338500046888e-01 2.654861932486349548e-06
1.954289208802000076e+03 9.997958728296467701e-01 2.648890611307132973e-06 9.998592571682687336e-01 2.650389894826104077e-06
1.959656395581700053e+03 9.997969992789033089e-01 2.620631391003640969e-06 9.998600365244780797e-01 2.622131012592488224e-06
1.965056396435699980e+03 9.997981232866027801e-01 2.592291900071046997e-06 9.998608142045467551e-01 2.593787285432441645e-06
1.966349331184100265e+03 9.997983910506369476e-01 2.585642295911444374e-06 9.998609994670473178e-01 2.587128758063402217e-06
1.971305802963800033e+03 9.997994123441045211e-01 2.560278844479319205e-06 9.998617060519677802e-01 2.561731193867242667e-06
1.976705806435699969e+03 9.998005164590700877e-01 2.532786627209542403e-06 9.998624699194336163e-01 2.534195040327637878e-06
1.978446796184100322e+03 9.998008704919607581e-01 2.524091125698709005e-06 9.998627148469999559e-01 2.525476651045678695e-06
1.982992547963800234e+03 9.998017902755417241e-01 2.501513201132254059e-06 9.998633511514953831e-01 2.502839085829497459e-06
1.988392551435700170e+03 9.998028748260727738e-01 2.474874111615884024e-06 9.998641014542964944e-01 2.476121173462722174e-06
1.990581593802000043e+03 9.998033119316399597e-01 2.464255536308202174e-06 9.998644038303353687e-01 2.465462273369768199e-06
1.994716630581700429e+03 9.998041335231906412e-01 2.444306535924530671e-06 9.998649721813430702e-01 2.445437213700847462e-06
2.000116631435700356e+03 9.998051988840452875e-01 2.418476350429851204e-06 9.998657091967909638e-01 2.419499680342643022e-06
2.002753726184099833e+03 9.998057159476726463e-01 2.406051050048780441e-06 9.998660668816409247e-01 2.407014891554670538e-06
2.006478052963799882e+03 9.998064426064487975e-01 2.388607828540724560e-06 9.998665695610403636e-01 2.389487742422526245e-06
2.011878056435700046e+03 9.998074892179475981e-01 2.363569831714284730e-06 9.998672935586718769e-01 2.364320979117903111e-06
2.014963203802000180e+03 9.998080832376452509e-01 2.349447985363460363e-06 9.998677044733281782e-01 2.350120298477323288e-06
2.018276810581700374e+03 9.998087182785755367e-01 2.334370443106216320e-06 9.998681437097890479e-01 2.334958145304971446e-06
2.023676811435700074e+03 9.998097463933801610e-01 2.310077009338443925e-06 9.998688549212887411e-01 2.310522099251510721e-06
2.027210016184099914e+03 9.998104145447053170e-01 2.294351925182703732e-06 9.998693170790633467e-01 2.294700730101076152e-06
2.030112907963799898e+03 9.998109608929803827e-01 2.281503249571891574e-06 9.998696949803744793e-01 2.281772983319845409e-06
2.035512911435700062e+03 9.998119710001805993e-01 2.257929951401542669e-06 9.998703937192338076e-01 2.258051269915007101e-06
2.039494171184099969e+03 9.998127105149672289e-01 2.240718972969629313e-06 9.998709051931025105e-01 2.240730114567102287e-06
2.041986342963800098e+03 9.998131710927776750e-01 2.230003762682261029e-06 9.998712238117191120e-01 2.229945950899358043e-06
2.047386346435700034e+03 9.998141635672623817e-01 2.207117757890512362e-06 9.998719102907079881e-01 2.206913314099541417e-06
2.051815657544699661e+03 9.998149716104386409e-01 2.188485179540651402e-06 9.998724691705914713e-01 2.188161454263582473e-06
2.053897114324400263e+03 9.998153495981294547e-01 2.179780080758927995e-06 9.998727305854575587e-01 2.179400292870563993e-06
2.059297116435699991e+03 9.998163246539921722e-01 2.157544106809701453e-06 9.998734050307084287e-01 2.157026206203970021e-06
2.064174481184099932e+03 9.998171986417407897e-01 2.137572578295536919e-06 9.998740095121710914e-01 2.136931976780709188e-06
2.065845222963799642e+03 9.998174966519131068e-01 2.130768566826958796e-06 9.998742156252150570e-01 2.130085909823439447e-06
2.071245226435700260e+03 9.998184548179516185e-01 2.109160383589147872e-06 9.998748783338509138e-01 2.108354077281621695e-06
2.076570646184100042e+03 9.998193922058370431e-01 2.087939942499896183e-06 9.998755266650375395e-01 2.087013990937031700e-06
2.077830667963800352e+03 9.998196130087493305e-01 2.082947288897351372e-06 9.998756793751993888e-01 2.081992999431110809e-06
2.083230671435700060e+03 9.998205544568480319e-01 2.061949247169596039e-06 9.998763305268114632e-01 2.060890862886141018e-06
2.089004147544700118e+03 9.998215528543117347e-01 2.039555172082423443e-06 9.998770210177463369e-01 2.038387133513443480e-06
2.095230232544700357e+03 9.998226202761955062e-01 2.015943779094188087e-06 9.998777592460941221e-01 2.014678910021953719e-06
2.101068826435700430e+03 9.998236125427646392e-01 1.993871705064597952e-06 9.998784454563730550e-01 1.992519103950799068e-06
2.101913577963799980e+03 9.998237554796370885e-01 1.990718726902753963e-06 9.998785443178210830e-01 1.989355166021005737e-06
2.107719741184099803e+03 9.998247327255497252e-01 1.969327456423113288e-06 9.998792201648564193e-01 1.967901926460377056e-06
2.113983166184099900e+03 9.998257780678158069e-01 1.946326369135134521e-06 9.998799430383402687e-01 1.944837680869031549e-06
2.119863747963800051e+03 9.998267508818475813e-01 1.925233723966062087e-06 9.998806157561092034e-01 1.923708255747273941e-06
2.125263751435700215e+03 9.998276370707367411e-01 1.905909349215588062e-06 9.998812285648855935e-01 1.904351942417420675e-06
2.126528681184100151e+03 9.998278436533876157e-01 1.901465513103389551e-06 9.998813714437765343e-01 1.899905787829045926e-06
2.132017212963800375e+03 9.998287357331486769e-01 1.882278422546300501e-06 9.998819882877936216e-01 1.880708532924729882e-06
2.137417216435700084e+03 9.998296067502722151e-01 1.863460576360117497e-06 9.998825905610361220e-01 1.861884034787451183e-06
2.139111533801999940e+03 9.998298786935324589e-01 1.857642567974566619e-06 9.998827785946430291e-01 1.856069979718453928e-06
2.144208020581700112e+03 9.998306925757665109e-01 1.840236891282586779e-06 9.998833413733715370e-01 1.838675970907982199e-06
2.149608021435699811e+03 9.998315488485342017e-01 1.821897683414847133e-06 9.998839334195238626e-01 1.820353738195765274e-06
2.151731723802000033e+03 9.998318837737177889e-01 1.814811748172991045e-06 9.998841650068955866e-01 1.813280772817354173e-06
2.156436165581700152e+03 9.998326220531199571e-01 1.799196796432515023e-06 9.998846754751008481e-01 1.797694284776643637e-06
2.161836166435699852e+03 9.998334637046141227e-01 1.781391076358759141e-06 9.998852573901753082e-01 1.779926589569755539e-06
2.164389251184100431e+03 9.998338594508866528e-01 1.773095574960215661e-06 9.998855309680854120e-01 1.771654994674599402e-06
2.168701647963800042e+03 9.998345245310397145e-01 1.759157226091852974e-06 9.998859907756673104e-01 1.757756761558993135e-06
2.174101651435700205e+03 9.998353518833007492e-01 1.741834622958843849e-06 9.998865627548588764e-01 1.740489928862470328e-06
2.177084121184099786e+03 9.998358060777834400e-01 1.732382233593387402e-06 9.998868767677392411e-01 1.731073451553524570e-06
2.181004467963799925e+03 9.998364003344760720e-01 1.720020064675858375e-06 9.998872875555671058e-01 1.718758256392243746e-06
2.186404471435700088e+03 9.998372136503224095e-01 1.703152795205857198e-06 9.998878498205424625e-01 1.701960738963503424e-06
2.189816326184100035e+03 9.998377244038889611e-01 1.692618321767729245e-06 9.998882028671630673e-01 1.691474242758629575e-06
2.193344622963799793e+03 9.998382500272865459e-01 1.681781307094130975e-06 9.998885662006404829e-01 1.680686652329166455e-06
2.198744626435699956e+03 9.998390496506300851e-01 1.665370286897393259e-06 9.998891189446938998e-01 1.664355197397431356e-06
2.202585867544700250e+03 9.998396148067807410e-01 1.653811428857564428e-06 9.998895095817496026e-01 1.652855471719817096e-06
2.205722119324399955e+03 9.998400740663335728e-01 1.644425229926367343e-06 9.998898270103971919e-01 1.643517411498832917e-06
2.211122121435699682e+03 9.998408601659182215e-01 1.628481076041868329e-06 9.998903704180592822e-01 1.627658609839410909e-06
2.215392746184099906e+03 9.998414778013772208e-01 1.615989109864650442e-06 9.998907972770035846e-01 1.615235464025731074e-06
2.218136952963800013e+03 9.998418727717158783e-01 1.608002274965809720e-06 9.998910702611180090e-01 1.607292758544152852e-06
2.223536956435700176e+03 9.998426457820803748e-01 1.592515422555825811e-06 9.998916045138752651e-01 1.591892967545058037e-06
2.228236966184099856e+03 9.998433138301846546e-01 1.579136416086756516e-06 9.998920662114990643e-01 1.578589865575510384e-06
2.230589122963800037e+03 9.998436466385843824e-01 1.572471461936770269e-06 9.998922961930221120e-01 1.571962848411999006e-06
2.235989126435699745e+03 9.998444065346137055e-01 1.557358158454399247e-06 9.998928213865773129e-01 1.556934770914874143e-06
2.241118523802000254e+03 9.998451233739062971e-01 1.543071756527222665e-06 9.998933167276957690e-01 1.542728786945634241e-06
2.243078630581700054e+03 9.998453959976505434e-01 1.537642202648467133e-06 9.998935051369161053e-01 1.537329949863152821e-06
2.248478631435700208e+03 9.998461434023164784e-01 1.523000151897764382e-06 9.998940216380536317e-01 1.522768118623523847e-06
2.254037416184099584e+03 9.998469070086094534e-01 1.508006312447878866e-06 9.998945493045842126e-01 1.507855973780918910e-06
2.255605477963800240e+03 9.998471213809898561e-01 1.503798340519799787e-06 9.998946974578855063e-01 1.503671057133407729e-06
2.261005481435699949e+03 9.998478563027994870e-01 1.489572926037701162e-06 9.998952052662957168e-01 1.489518063155452861e-06
2.266993651184100145e+03 9.998486650811295728e-01 1.473843267161299545e-06 9.998957640566938920e-01 1.473867958043369575e-06
2.268169662963799965e+03 9.998488231446827079e-01 1.470769408404634154e-06 9.998958732913379999e-01 1.470809747122098378e-06
2.273569666435700128e+03 9.998495457571624501e-01 1.456921855785674468e-06 9.998963725875149589e-01 1.457024816226557603e-06
2.279665071435699701e+03 9.998503552270457950e-01 1.441307457726508120e-06 9.998969318740072998e-01 1.441480952333223847e-06
2.280771185581700138e+03 9.998505015448235778e-01 1.438502304074916851e-06 9.998970329429607284e-01 1.438687986317733626e-06
2.286493333802000507e+03 9.998512543799550345e-01 1.424237018325768537e-06 9.998975531106355508e-01 1.424477287467642615e-06
2.292285256435700376e+03 9.998520107441130067e-01 1.409807675715205007e-06 9.998980756498053735e-01 1.410103189256970825e-06
2.293410042963800151e+03 9.998521570119849322e-01 1.407052144309353040e-06 9.998981767069410331e-01 1.407356892617340878e-06
2.299542782963800164e+03 9.998529504066905327e-01 1.392194829691191983e-06 9.998987248200318367e-01 1.392545163694646256e-06
2.306086242963800032e+03 9.998537899563180176e-01 1.376410836177631058e-06 9.998993048142130746e-01 1.376807279881995643e-06
2.312237652963849996e+03 9.998545725653663618e-01 1.361894359720150811e-06 9.998998454705351202e-01 1.362322951869777261e-06
2.317637656435750159e+03 9.998552545668254465e-01 1.349184484811295544e-06 9.999003165745246058e-01 1.349640366190725626e-06
2.319191956184099581e+03 9.998554499313594413e-01 1.345604168910021663e-06 9.999004515579996699e-01 1.346064726706490556e-06
2.324969857963799768e+03 9.998561728398468462e-01 1.332351936770601430e-06 9.999009508905555288e-01 1.332829885996340144e-06
2.330369861435700386e+03 9.998568435180273939e-01 1.320013275282637366e-06 9.999014142008748607e-01 1.320505719811193070e-06
2.332334876184100267e+03 9.998570864607906339e-01 1.315603964752977278e-06 9.999015820057057802e-01 1.316098064200717749e-06
2.337739397963800002e+03 9.998577513152993035e-01 1.303543131419053206e-06 9.999020412470195351e-01 1.304041882883684718e-06
2.343139401435700165e+03 9.998584111164827704e-01 1.291565509599761986e-06 9.999024969811528551e-01 1.292066457481890875e-06
2.345515133801999582e+03 9.998586998314482610e-01 1.286394813937415183e-06 9.999026964393402661e-01 1.286892953204605331e-06
2.350546280581700103e+03 9.998593084607875214e-01 1.275479523311521407e-06 9.999031168033148953e-01 1.275971855114779544e-06
2.355946281435700257e+03 9.998599574100388576e-01 1.263832538758763594e-06 9.999035650282325216e-01 1.264315702963655098e-06
2.358732726184100102e+03 9.998602905096622973e-01 1.257909475192385767e-06 9.999037950903202354e-01 1.258384273020090892e-06
2.363390497963800044e+03 9.998608445895260655e-01 1.248066966598621250e-06 9.999041777922569318e-01 1.248527922540597659e-06
2.368790501435699753e+03 9.998614830082274141e-01 1.236754044347742930e-06 9.999046187098011851e-01 1.237195683600706553e-06
2.371987663802000043e+03 9.998618588522061312e-01 1.230149118731767186e-06 9.999048782901184262e-01 1.230575962389215413e-06
2.376272055581699988e+03 9.998623601009172246e-01 1.221328370484196281e-06 9.999052244702929526e-01 1.221735516650746158e-06
2.381672056435700142e+03 9.998629880640396150e-01 1.210319940260052027e-06 9.999056581919673059e-01 1.210698992550218049e-06
2.385279933801999960e+03 9.998634052433682529e-01 1.203063538817748104e-06 9.999059462921645602e-01 1.203421009341673681e-06
2.389190945581699907e+03 9.998638552450175299e-01 1.195240227906592629e-06 9.999062570920393966e-01 1.195574409574226357e-06
2.394590946435700062e+03 9.998644731199431979e-01 1.184577494350523355e-06 9.999066837880993264e-01 1.184876447003973519e-06
2.398609543801999735e+03 9.998649300795181549e-01 1.176742109967583591e-06 9.999069993649764010e-01 1.177012631052077588e-06
2.402147180581700013e+03 9.998653303876510190e-01 1.169878722583111788e-06 9.999072758293008345e-01 1.170124290738951169e-06
2.407547181435700168e+03 9.998659381078560671e-01 1.159493343183594569e-06 9.999076955050282267e-01 1.159698388724358824e-06
2.411976491184100269e+03 9.998664335388416369e-01 1.151033260116818150e-06 9.999080376080613508e-01 1.151203610328913539e-06
2.415140747963800095e+03 9.998667857851049057e-01 1.145015228853619918e-06 9.999082808519003107e-01 1.145160837238327950e-06
2.420540751435699804e+03 9.998673837196032643e-01 1.134923498320163033e-06 9.999086938026692239e-01 1.135025183465309837e-06
2.425380781184099760e+03 9.998679161812760174e-01 1.125971033196393647e-06 9.999090614887248263e-01 1.126032515813658998e-06
2.428171657963800499e+03 9.998682217186248833e-01 1.120830747736362344e-06 9.999092724910821905e-01 1.120869068134333666e-06
2.433571661435700207e+03 9.998688100333656958e-01 1.111007118372628238e-06 9.999096787241296136e-01 1.110999926852742563e-06
2.438822406184099691e+03 9.998693782678714781e-01 1.101508223264307136e-06 9.999100710812254267e-01 1.101456487750234425e-06
2.441239902963799977e+03 9.998696385993293134e-01 1.097154023806357190e-06 9.999102508722610416e-01 1.097081776971395606e-06
2.446639906435700141e+03 9.998702174695850431e-01 1.087604531442476244e-06 9.999106505898850417e-01 1.087487009149790321e-06
2.452301366184100061e+03 9.998708201540521534e-01 1.077650011788480212e-06 9.999110667331247981e-01 1.077485125303870098e-06
2.454345482963799441e+03 9.998710366840186659e-01 1.074073437946939328e-06 9.999112162740110277e-01 1.073891432994422870e-06
2.459745486435700059e+03 9.998716062773913560e-01 1.064778267244055388e-06 9.999116095490875322e-01 1.064553032342812260e-06
2.465817666184100290e+03 9.998722421073827915e-01 1.054363369189072171e-06 9.999120486029163812e-01 1.054089812040682242e-06
2.467488407963800000e+03 9.998724162637329105e-01 1.051511659628468648e-06 9.999121688616017245e-01 1.051224781876457169e-06
2.472888411435700164e+03 9.998729766658409623e-01 1.042495180180725342e-06 9.999125558180557150e-01 1.042168670250538172e-06
2.479282516435700018e+03 9.998736355340184234e-01 1.031844251251642393e-06 9.999130106752879277e-01 1.031471012971627129e-06
2.480668665581699770e+03 9.998737776658407350e-01 1.029547166608648489e-06 9.999131088224288977e-01 1.029163848912743190e-06
2.486157453801999964e+03 9.998743381038093236e-01 1.020568510567352972e-06 9.999134957725069883e-01 1.020150011455019773e-06
2.492481441435700162e+03 9.998749792210970266e-01 1.010233631803185231e-06 9.999139384291996224e-01 1.009774568326356629e-06
2.493886262963800164e+03 9.998751210902142583e-01 1.007963580974468998e-06 9.999140363557145195e-01 1.007495975877529309e-06
2.499767101184099829e+03 9.998757117678938044e-01 9.986120770627176383e-07 9.999144442411183054e-01 9.981129201305168582e-07
2.505717706435700165e+03 9.998763054486865531e-01 9.891585738868512875e-07 9.999148540731760404e-01 9.886274802426879591e-07
2.507141192963800222e+03 9.998764468434685471e-01 9.869306524262833530e-07 9.999149517017232869e-01 9.863929414468298989e-07
2.513414081184099814e+03 9.998770668842652531e-01 9.772193001528164567e-07 9.999153797754387618e-01 9.766555080224456015e-07
2.518991311435700027e+03 9.998776142065007866e-01 9.685929234509749343e-07 9.999157576574704276e-01 9.680059486473769741e-07
2.520433467963799558e+03 9.998777552052321438e-01 9.664008693609426032e-07 9.999158549917072092e-01 9.658095264244346227e-07
2.526902247963799709e+03 9.998783843787943937e-01 9.566194998843280013e-07 9.999162893528975582e-01 9.560096936577726933e-07
2.532302251435699873e+03 9.998789060023822728e-01 9.484661961326977571e-07 9.999166494228843849e-01 9.478412644614356258e-07
2.533959231184099735e+03 9.998790653951954432e-01 9.460104176597213677e-07 9.999167594562368144e-01 9.453830180995079499e-07
2.540250527963800323e+03 9.998796675774114240e-01 9.367231585837099986e-07 9.999171751630552274e-01 9.360863896327647304e-07
2.545650531435700032e+03 9.998801809206354640e-01 9.287768328205549407e-07 9.999175295405284825e-01 9.281328271888794778e-07
2.547699556184099947e+03 9.998803748445412864e-01 9.258189116356593509e-07 9.999176634168668309e-01 9.251746748305945587e-07
2.553636142963800012e+03 9.998809339655398976e-01 9.172832110289955988e-07 9.999180493902907196e-01 9.166382403572158722e-07
2.559036146435699720e+03 9.998814392172927779e-01 9.095492300576724628e-07 9.999183981633471552e-01 9.089048280384258975e-07
2.561477218801999697e+03 9.998816665863436981e-01 9.061053098256775350e-07 9.999185551003708650e-01 9.054637647771932858e-07
2.567059100581700022e+03 9.998821839228970720e-01 8.982608723494595208e-07 9.999189122073849356e-01 8.976257685385669199e-07
2.572459101435699722e+03 9.998826812858044866e-01 8.907129692630197542e-07 9.999192555091290791e-01 8.900857148606079358e-07
2.575292221184100072e+03 9.998829409515919142e-01 8.868129189202471748e-07 9.999194347404767313e-01 8.861923969403683870e-07
2.580519392963799874e+03 9.998834176687922959e-01 8.796473492413530757e-07 9.999197638196002380e-01 8.790391497420070014e-07
2.585919396435700037e+03 9.998839072892466984e-01 8.722995746035883053e-07 9.999201017510549461e-01 8.717059610776824252e-07
2.589144563801999993e+03 9.998841982063090272e-01 8.679791051518976806e-07 9.999203025385567933e-01 8.673966332650270936e-07
2.594017020581699853e+03 9.998846356015178571e-01 8.614797466046588507e-07 9.999206044188895248e-01 8.609140115894970158e-07
2.599417021435700008e+03 9.998851174666427699e-01 8.543203082395102077e-07 9.999209370033494970e-01 8.537749371700781973e-07
2.603034236184100337e+03 9.998854385488755714e-01 8.495709167895503707e-07 9.999211586069348678e-01 8.490411625596951958e-07
2.607551987963800002e+03 9.998858377376560469e-01 8.436651648973750969e-07 9.999214340865385520e-01 8.431548347431880730e-07
2.612951991435699711e+03 9.998863121278491750e-01 8.366799133543356405e-07 9.999217615103550560e-01 8.361945677398515375e-07
2.616961256184099966e+03 9.998866624168929462e-01 8.315595461797991647e-07 9.999220032541141778e-01 8.310943646976947529e-07
2.621124297963800018e+03 9.998870244518875960e-01 8.262643104800539699e-07 9.999222530869998904e-01 8.258200022186445350e-07
2.626524301435699726e+03 9.998874914870521380e-01 8.194589572232211689e-07 9.999225753939862127e-01 8.190430137279984327e-07
2.630925611184100035e+03 9.998878700092347360e-01 8.139619378943852153e-07 9.999228365938807039e-01 8.135701061576420555e-07
2.634733942963800018e+03 9.998881959857015556e-01 8.092259903978368299e-07 9.999230615398425615e-01 8.088549752337708639e-07
2.640133946435700182e+03 9.998886557316568613e-01 8.026028078549017428e-07 9.999233788441382886e-01 8.022620371823589568e-07
2.644927301184099633e+03 9.998890615210977995e-01 7.967850665049889452e-07 9.999236588393068947e-01 7.964716203084640790e-07
2.648380922963800003e+03 9.998893524829257640e-01 7.926126646047300973e-07 9.999238596175560323e-01 7.923188770641768207e-07
2.653780926435699712e+03 9.998898052365348121e-01 7.861660276014115960e-07 9.999241720024182323e-01 7.859029731055361241e-07
2.658966331184100000e+03 9.998902372336940791e-01 7.800179275099004573e-07 9.999244701067090402e-01 7.797844114128687649e-07
2.662065242963799847e+03 9.998904942939653706e-01 7.763571151376303223e-07 9.999246474496743531e-01 7.761412386833791454e-07
2.667465246435700010e+03 9.998909399900610673e-01 7.700685125737378347e-07 9.999249549874890119e-01 7.698825001317235481e-07
2.673042697544699877e+03 9.998913974029282059e-01 7.636155438121429554e-07 9.999252706142197633e-01 7.634600683668393455e-07
2.675786899324399656e+03 9.998916214631270449e-01 7.604542107325953902e-07 9.999254251993576759e-01 7.603137595066521095e-07
2.681186901435699838e+03 9.998920603441954214e-01 7.543332508933221754e-07 9.999257280008282400e-01 7.542205726588892448e-07
2.687156401184100105e+03 9.998925423159671366e-01 7.476030667313680064e-07 9.999260605457829243e-01 7.475206139968647770e-07
2.689545897963800144e+03 9.998927344217489743e-01 7.449223869546816785e-07 9.999261930628476902e-01 7.448520416923133216e-07
2.694945901435699852e+03 9.998931666007147001e-01 7.389772367711034806e-07 9.999264912041360143e-01 7.389314764589852047e-07
2.701307446184100172e+03 9.998936722596288851e-01 7.320001054301941642e-07 9.999268400537909551e-01 7.319828285937504112e-07
2.703342227963799814e+03 9.998938332465252543e-01 7.297751945608709102e-07 9.999269511181770875e-01 7.297670430984550563e-07
2.708742231435699523e+03 9.998942586640946484e-01 7.239557985960995784e-07 9.999272446278917315e-01 7.239681124585094402e-07
2.715472376435699516e+03 9.998947854078666930e-01 7.167218754376566303e-07 9.999276079844585663e-01 7.167593975012345559e-07
2.722575901435699961e+03 9.998953370998551193e-01 7.092346913058438791e-07 9.999279885766230169e-01 7.092943609014607507e-07
2.729324721435700212e+03 9.998958572868407169e-01 7.021621319070147218e-07 9.999283473857385474e-01 7.022415283222080552e-07
2.731046910581700104e+03 9.998959893739192140e-01 7.003719135291425096e-07 9.999284385283890852e-01 7.004560114689209295e-07
2.736843733801999861e+03 9.998964322817958106e-01 6.944506586435084325e-07 9.999287440201097832e-01 6.945465174776761312e-07
2.743214391435699781e+03 9.998969156724359930e-01 6.879504272709018655e-07 9.999290774768230250e-01 6.880592224561250370e-07
2.744955252963799921e+03 9.998970472496109263e-01 6.861975508408143458e-07 9.999291682271053139e-01 6.863091980672570746e-07
2.751125461184100004e+03 9.998975113576571427e-01 6.800775051334542639e-07 9.999294883551346214e-01 6.801960417150986733e-07
2.757141411435699865e+03 9.998979607945341908e-01 6.741169615952254488e-07 9.999297983747966745e-01 6.742422203622162631e-07
2.758900939324400497e+03 9.998980916948012609e-01 6.723969490357689930e-07 9.999298886750741522e-01 6.725231947090929786e-07
2.765444522544700249e+03 9.998985762766533503e-01 6.660532053784076722e-07 9.999302229168529621e-01 6.661810722135253837e-07
2.771105761435700515e+03 9.998989927268405742e-01 6.605702986569878846e-07 9.999305101684775599e-01 6.606995678207034553e-07
2.772883960581700194e+03 9.998991231367275745e-01 6.588761033684060547e-07 9.999306000697585350e-01 6.590045486749838719e-07
2.779707455581699833e+03 9.998996206913178808e-01 6.524178966072045738e-07 9.999309432685884458e-01 6.525423232041739051e-07
2.785107456435699987e+03 9.999000120008338932e-01 6.473155786941439259e-07 9.999312131204508569e-01 6.474367533821248916e-07
2.786997792544700133e+03 9.999001484220908509e-01 6.455688944974250096e-07 9.999313072152083981e-01 6.456875645084171381e-07
2.793746484324400171e+03 9.999006330725985769e-01 6.393607623405892354e-07 9.999316414995749192e-01 6.394705164573765764e-07
2.799146486435700353e+03 9.999010184262203671e-01 6.344078494036220059e-07 9.999319072519052831e-01 6.345101786630980412e-07
2.801410201184100515e+03 9.999011793340190080e-01 6.323660443254631325e-07 9.999320182052368056e-01 6.324639238147099350e-07
2.807822847963800086e+03 9.999016328897935013e-01 6.265995144553127106e-07 9.999323309891204881e-01 6.266848413571761471e-07
2.813222851435699795e+03 9.999020122896732365e-01 6.217620009031150310e-07 9.999325927030121575e-01 6.218363567473383123e-07
2.815859947544699935e+03 9.999021969162024126e-01 6.194406841158380418e-07 9.999327199918088827e-01 6.195085589223704699e-07
2.821936554324400277e+03 9.999026200965290823e-01 6.141043414014248458e-07 9.999330118511035037e-01 6.141573424184527334e-07
2.827336556435699549e+03 9.999029939168291303e-01 6.093844704218075153e-07 9.999332696627036832e-01 6.094238237013568971e-07
2.830347028801999841e+03 9.999032014112532174e-01 6.067962408716842264e-07 9.999334127496884994e-01 6.068270974764121916e-07
2.836087595581699588e+03 9.999035951596749738e-01 6.018959770284599111e-07 9.999336843007708975e-01 6.019106902441356836e-07
2.841487596435699743e+03 9.999039634473561033e-01 5.973206032887349712e-07 9.999339382551851729e-01 5.973197915718571294e-07
2.844871448802000486e+03 9.999041930356565855e-01 5.944915311332806011e-07 9.999340966129216524e-01 5.944804301867433802e-07
2.850275975581700095e+03 9.999045581760427348e-01 5.899815892790088278e-07 9.999343483825121615e-01 5.899541062102833711e-07
2.855675976435699795e+03 9.999049209181002373e-01 5.855098711299437101e-07 9.999345985315966079e-01 5.854658770566271570e-07
2.859433208801999626e+03 9.999051720546768829e-01 5.824457043793369404e-07 9.999347717186549689e-01 5.823900162240372707e-07
2.864501695581700005e+03 9.999055092004954792e-01 5.783305721661646518e-07 9.999350042383872150e-01 5.782591479840062950e-07
2.869901696435700160e+03 9.999058665684659175e-01 5.739792138339944756e-07 9.999352506439110888e-01 5.738911358875323985e-07
2.874032306184099980e+03 9.999061385317211670e-01 5.706827693374662490e-07 9.999354381669872671e-01 5.705820526542449631e-07
2.878764752963800220e+03 9.999064486500252036e-01 5.669232525529483899e-07 9.999356520088374944e-01 5.668080805338801034e-07
2.884164756435700383e+03 9.999068006701329336e-01 5.626795467863165147e-07 9.999358947460510461e-01 5.625483628107934950e-07
2.888668742544700308e+03 9.999070926511849366e-01 5.591822944659241493e-07 9.999360961155100425e-01 5.590381720213443251e-07
2.893065144324400080e+03 9.999073764147989873e-01 5.557837148047916694e-07 9.999362917726106748e-01 5.556269743499314802e-07
2.898465146435700262e+03 9.999077231399383647e-01 5.516391043827940021e-07 9.999365308649901252e-01 5.514676441954830059e-07
2.903342513802000212e+03 9.999080346610930148e-01 5.479180822857400296e-07 9.999367456601624404e-01 5.477338926400956828e-07
2.907402875581700300e+03 9.999082928566953576e-01 5.448313085401390625e-07 9.999369236674529038e-01 5.446365204045230975e-07
2.912802876435700000e+03 9.999086345067030868e-01 5.407869896814796135e-07 9.999371592543707665e-01 5.405793825561270209e-07
2.918053623801999947e+03 9.999089649305199501e-01 5.368942075115830712e-07 9.999373870529029151e-01 5.366749038126161972e-07
2.921777945581700351e+03 9.999091980897493182e-01 5.341434859435268146e-07 9.999375478510335036e-01 5.339158721913092338e-07
2.927177946435700051e+03 9.999095347822970492e-01 5.302034980158228994e-07 9.999377799616587792e-01 5.299653886346901774e-07
2.932802071184099987e+03 9.999098832864049546e-01 5.261285419338842266e-07 9.999380202745810076e-01 5.258802505021643844e-07
2.936190352963800251e+03 9.999100922892231180e-01 5.236829988437895631e-07 9.999381643883570314e-01 5.234285513458075077e-07
2.941590356435699960e+03 9.999104239820204576e-01 5.198372654305149310e-07 9.999383930633630735e-01 5.195748878338663817e-07
2.947587858802000028e+03 9.999107901027654011e-01 5.155909797986220274e-07 9.999386455130324647e-01 5.153204942428543814e-07
2.950640100581700153e+03 9.999109755921161691e-01 5.134403203095778035e-07 9.999387734071293332e-01 5.131656810847631545e-07
2.956040101435699853e+03 9.999113024606194333e-01 5.096975907359447987e-07 9.999389987271880553e-01 5.094178532143773805e-07
2.962410981184099910e+03 9.999116856307423973e-01 5.053030331833714586e-07 9.999392629059158377e-01 5.050178839259765258e-07
2.965127182963800351e+03 9.999118481563143979e-01 5.034359773571446444e-07 9.999393750025329375e-01 5.031484902034921786e-07
2.970527186435700060e+03 9.999121701567788012e-01 4.997885192834832183e-07 9.999395969909389281e-01 4.994987536063505161e-07
2.977271446184100114e+03 9.999125698196755785e-01 4.952511143429824426e-07 9.999398725019685852e-01 4.949589015448763005e-07
2.979651602963800087e+03 9.999127101935564310e-01 4.936554282647756434e-07 9.999399692841567377e-01 4.933623219483969771e-07
2.985051606435700251e+03 9.999130275215277752e-01 4.900868113038970935e-07 9.999401880124862974e-01 4.897941181588545735e-07
2.992155131435699786e+03 9.999134421318894850e-01 4.854036882685137620e-07 9.999404738721912045e-01 4.851117144192785077e-07
2.999613366435700300e+03 9.999138743331578150e-01 4.805642669070192645e-07 9.999407718343041873e-01 4.802754563888305711e-07
3.006735561435699765e+03 9.999142840938205490e-01 4.759696893986051055e-07 9.999410542849233030e-01 4.756847688400636326e-07
3.008812460581700179e+03 9.999144030822774143e-01 4.746370855535304535e-07 9.999411362876835518e-01 4.743534214710327235e-07
3.014581283802000144e+03 9.999147321175730907e-01 4.709754807390464253e-07 9.999413631121892854e-01 4.706972679237606709e-07
3.021353326435700183e+03 9.999151159815099499e-01 4.666832892687050164e-07 9.999416277330479552e-01 4.664114469967539185e-07
3.023448897963799936e+03 9.999152343253324693e-01 4.653724155993257484e-07 9.999417092944513641e-01 4.651027772491549176e-07
3.029572431184099969e+03 9.999155783995306024e-01 4.616208800009320435e-07 9.999419465240644289e-01 4.613591151802972783e-07
3.036008431435699549e+03 9.999159379537662096e-01 4.576841822493914697e-07 9.999421943245812017e-01 4.574306697763023398e-07
3.038122667963799813e+03 9.999160555620005830e-01 4.564035221951020237e-07 9.999422753852350576e-01 4.561530310400383491e-07
3.044600911184099914e+03 9.999164142906260544e-01 4.525053252776272267e-07 9.999425226559588431e-01 4.522650559616444141e-07
3.050700871435700265e+03 9.999167499744666676e-01 4.488374991411187805e-07 9.999427540436848227e-01 4.486068359328069431e-07
3.052833777963800003e+03 9.999168669253210018e-01 4.475718979465812118e-07 9.999428346436504134e-01 4.473449001393381054e-07
3.059666731184099717e+03 9.999172398090622194e-01 4.435543888371176396e-07 9.999430916484817189e-01 4.433396114188904195e-07
3.065430651435699929e+03 9.999175524158612216e-01 4.401698519208244912e-07 9.999433071065527701e-01 4.399653673805794906e-07
3.067582227963800051e+03 9.999176686034914052e-01 4.389281044770316229e-07 9.999433872180263361e-01 4.387277414126968153e-07
3.074769891184099833e+03 9.999180551237003556e-01 4.348182141774045971e-07 9.999436536153617494e-01 4.346317726826524302e-07
3.082340137544699701e+03 9.999184592214755973e-01 4.305200335895221534e-07 9.999439321481198295e-01 4.303484270932592246e-07
3.089602219324399812e+03 9.999188440797407429e-01 4.264479608098381112e-07 9.999441973868983258e-01 4.262909977680695757e-07
3.095002221435700449e+03 9.999191286188985339e-01 4.234229434704238323e-07 9.999443934397229672e-01 4.232768613921656776e-07
3.097499301184100204e+03 9.999192596135828559e-01 4.220475099694054522e-07 9.999444837347347681e-01 4.219065116712227824e-07
3.104444012963800105e+03 9.999196222848519833e-01 4.182385340329225238e-07 9.999447336973896761e-01 4.181116247594854132e-07
3.109844016435699814e+03 9.999199027081192570e-01 4.152889396677122319e-07 9.999449269329032663e-01 4.151729443480120792e-07
3.112695806184100093e+03 9.999200501252284434e-01 4.137604733730466929e-07 9.999450285548068251e-01 4.136501527881065298e-07
3.119323142963799910e+03 9.999203912627993018e-01 4.102239576778257124e-07 9.999452636427939023e-01 4.101267845552466813e-07
3.124723146435700073e+03 9.999206676221805701e-01 4.073561831329364613e-07 9.999454540892481758e-01 4.072696095695174560e-07
3.127929646184099965e+03 9.999208310915702613e-01 4.056776842859517385e-07 9.999455667135342951e-01 4.055971576485437356e-07
3.134239612963800028e+03 9.999211511676977526e-01 4.023834149319251074e-07 9.999457872872496988e-01 4.023147594621223417e-07
3.139639616435699736e+03 9.999214235219696656e-01 3.995809598311415172e-07 9.999459749990008417e-01 3.995222237055390421e-07
3.143200823801999832e+03 9.999216024871595554e-01 3.977644272239189313e-07 9.999460982818663135e-01 3.977117914859117967e-07
3.149193420581699684e+03 9.999219020269516367e-01 3.947227457872597198e-07 9.999463047205386923e-01 3.946803606521599616e-07
3.154593421435700293e+03 9.999221705379972569e-01 3.919972478480746742e-07 9.999464897448919753e-01 3.919637521737216686e-07
3.158509336184100448e+03 9.999223644067114503e-01 3.900402690019512863e-07 9.999466233212780386e-01 3.900126932000014835e-07
3.164184562963800090e+03 9.999226439849161485e-01 3.872100531462572499e-07 9.999468159939177703e-01 3.871910538819447565e-07
3.169584566435700253e+03 9.999229086956782364e-01 3.845346239608023405e-07 9.999469983915141302e-01 3.845232804629568073e-07
3.173855191184100022e+03 9.999231171323246237e-01 3.824439010840661587e-07 9.999471419836993835e-01 3.824379699327371369e-07
3.179213042963800035e+03 9.999233774128105656e-01 3.798308175478161031e-07 9.999473213025940055e-01 3.798316847397592962e-07
3.184613046435700198e+03 9.999236383686445073e-01 3.772235295431076018e-07 9.999475011160839921e-01 3.772305757203892049e-07
3.189238381184100035e+03 9.999238608799599914e-01 3.750188876232596721e-07 9.999476544045668991e-01 3.750305046452501834e-07
3.194278862963799838e+03 9.999241021444015276e-01 3.726238483003259008e-07 9.999478206583196638e-01 3.726404630384921076e-07
3.199678866435700002e+03 9.999243594094393561e-01 3.700866433078114546e-07 9.999479979232369642e-01 3.701078366293644406e-07
3.204658911184099907e+03 9.999245955384022944e-01 3.677756889271770908e-07 9.999481605940572226e-01 3.678004068572585292e-07
3.209382022963799955e+03 9.999248184536497774e-01 3.655878723547215065e-07 9.999483141586186230e-01 3.656159557679427863e-07
3.214782026435699663e+03 9.999250720489106792e-01 3.631050769529852867e-07 9.999484888955342266e-01 3.631360526011226928e-07
3.220116781184100091e+03 9.999253212732575058e-01 3.606722169238229471e-07 9.999486606371263964e-01 3.607053289366223498e-07
3.224522517963800055e+03 9.999255262936456168e-01 3.586739626342591649e-07 9.999488018582924909e-01 3.587088652168275432e-07
3.229922521435700219e+03 9.999257764113093083e-01 3.562589596414385932e-07 9.999489741569359547e-01 3.562950184589679401e-07
3.235611986184100260e+03 9.999260385375641214e-01 3.537354548543422757e-07 9.999491547306127437e-01 3.537720870767570380e-07
3.239700347963800141e+03 9.999262259321745061e-01 3.519276790935818412e-07 9.999492838738093248e-01 3.519647509468496475e-07
3.245100351435700304e+03 9.999264725455035974e-01 3.495718952310026315e-07 9.999494537465859478e-01 3.496084341826489989e-07
3.251144526184099959e+03 9.999267469779608009e-01 3.469542941789295481e-07 9.999496428289151861e-01 3.469896792220380528e-07
3.254915522963799958e+03 9.999269175168756796e-01 3.453251504420259088e-07 9.999497602842335464e-01 3.453598423703791052e-07
3.260315526435700122e+03 9.999271605775554850e-01 3.430233361619278064e-07 9.999499277472365666e-01 3.430559730703359280e-07
3.266714406184099971e+03 9.999274470422385708e-01 3.403143222088361478e-07 9.999501250980893374e-01 3.403441123456975213e-07
3.270168027963799886e+03 9.999276009338486926e-01 3.388600555408001951e-07 9.999502311282605360e-01 3.388883329450806870e-07
3.275568031435700050e+03 9.999278406860189206e-01 3.366207592779244336e-07 9.999503962614478825e-01 3.366455691002845789e-07
3.282321626184099841e+03 9.999281387369874929e-01 3.338340598544583812e-07 9.999506015953160132e-01 3.338542200378787280e-07
3.285457877963800001e+03 9.999282765244605908e-01 3.325441120150475659e-07 9.999506965181262919e-01 3.325621331788257180e-07
3.290857881435700165e+03 9.999285129129471539e-01 3.303603179196227576e-07 9.999508593372300469e-01 3.303736824641009212e-07
3.297966183802000160e+03 9.999288222229596457e-01 3.274977634323247951e-07 9.999510723991217320e-01 3.275048202521323822e-07
3.300785060581700236e+03 9.999289443792864773e-01 3.263654207355323220e-07 9.999511565198002661e-01 3.263699924751551500e-07
3.306185061435699936e+03 9.999291774224139395e-01 3.242106063850802797e-07 9.999513170418081742e-01 3.242096317553328966e-07
3.313648076184099864e+03 9.999294976081819497e-01 3.212403027511429085e-07 9.999515376019397772e-01 3.212315951661597938e-07
3.316149587963800059e+03 9.999296043926049204e-01 3.202492623159137444e-07 9.999516111950819131e-01 3.202379744448569628e-07
3.321549591435699767e+03 9.999298342915885485e-01 3.181753164352834124e-07 9.999517695259730887e-01 3.181578147484325909e-07
3.329082501435700124e+03 9.999301529239199571e-01 3.152862612959534198e-07 9.999519890331370897e-01 3.152600936521093829e-07
3.331551447963800001e+03 9.999302568557557613e-01 3.143438285260684569e-07 9.999520606502162456e-01 3.143148127928735535e-07
3.337236261184100385e+03 9.999304954341433627e-01 3.122083632207682905e-07 9.999522249615486746e-01 3.121725103440480227e-07
3.344503026435700122e+03 9.999307985580899727e-01 3.094822661548062861e-07 9.999524337439038568e-01 3.094376798875399105e-07
3.346990642963800383e+03 9.999309018460433851e-01 3.085532610049548953e-07 9.999525048963715523e-01 3.085056838519986892e-07
3.353011501184099870e+03 9.999311509457839975e-01 3.063140373373210520e-07 9.999526764618656971e-01 3.062591930817505130e-07
3.359960896435700306e+03 9.999314368306833067e-01 3.037331138954361656e-07 9.999528733514267964e-01 3.036698854738451846e-07
3.362467180581699722e+03 9.999315394187812123e-01 3.028121976307146807e-07 9.999529440499125288e-01 3.027459853737485516e-07
3.368824073801999475e+03 9.999317988116217526e-01 3.005087916215860135e-07 9.999531226882827362e-01 3.004351891387260244e-07
3.375456096435700147e+03 9.999320678208766244e-01 2.981095650108389224e-07 9.999533079690555715e-01 2.980282543177298888e-07
3.377981052963799812e+03 9.999321698691541194e-01 2.972099372394765783e-07 9.999533782419115502e-01 2.971258067158774600e-07
3.384673991184100032e+03 9.999324391522557143e-01 2.948558436653727454e-07 9.999535636955056983e-01 2.947645561526660786e-07
3.390988641435700629e+03 9.999326916984719871e-01 2.926371400729819007e-07 9.999537376374065811e-01 2.925391014268660313e-07
3.393532262963799894e+03 9.999327929765166045e-01 2.917503517754805318e-07 9.999538074185904124e-01 2.916497927508350788e-07
3.400561241184099799e+03 9.999330718905468096e-01 2.893142127158889740e-07 9.999539994772704832e-01 2.892070279540297212e-07
3.406558521435700186e+03 9.999333083825951984e-01 2.872385626553220163e-07 9.999541623834526938e-01 2.871257263062840548e-07
3.409120812963800290e+03 9.999334090322163915e-01 2.863701117936059421e-07 9.999542317267812175e-01 2.862551800619135118e-07
3.416485831184100334e+03 9.999336972360178821e-01 2.838955207636860656e-07 9.999544301802454349e-01 2.837748709504657715e-07
3.422165741435700056e+03 9.999339181044820668e-01 2.819901745209189049e-07 9.999545823202424799e-01 2.818651173778985520e-07
3.424746702963800089e+03 9.999340181495782742e-01 2.811386919676098917e-07 9.999546512152838185e-01 2.810120691675780976e-07
3.432410292963800202e+03 9.999343138178540258e-01 2.786230707903287058e-07 9.999548548262868763e-01 2.784919748679203180e-07
3.440409925581700008e+03 9.999346202102330494e-01 2.760059227895097470e-07 9.999550658699654093e-01 2.758706992806391041e-07
3.448092190581699924e+03 9.999349125275345251e-01 2.734998802230712043e-07 9.999552671717243379e-01 2.733617470245061902e-07
3.453492191435700079e+03 9.999351168690491232e-01 2.717404269552061818e-07 9.999554078899971499e-01 2.716003300126077176e-07
3.456465326184099922e+03 9.999352290448602076e-01 2.707953207233335592e-07 9.999554851032750324e-01 2.706547422491654892e-07
3.463811422963799941e+03 9.999355047645622774e-01 2.684736286923575310e-07 9.999556749702899205e-01 2.683318548554693657e-07
3.469211426435700105e+03 9.999357061728127993e-01 2.667751842800126388e-07 9.999558137317918760e-01 2.666326851615755563e-07
3.472520601184100087e+03 9.999358292551977501e-01 2.657497943229339064e-07 9.999558984712932919e-01 2.656074869219557577e-07
3.479567992963799952e+03 9.999360901359389819e-01 2.635738132848488536e-07 9.999560781024886547e-01 2.634318993825789778e-07
3.484967996435700115e+03 9.999362889349699968e-01 2.619122631995719713e-07 9.999562149981279235e-01 2.617708536855816033e-07
3.488613211184100237e+03 9.999364225328695177e-01 2.608011782790218024e-07 9.999563070288554067e-01 2.606607007140693193e-07
3.495361897963800402e+03 9.999366689358252236e-01 2.587477026170493006e-07 9.999564766841378960e-01 2.586089295677902624e-07
3.500761901435700111e+03 9.999368650498469124e-01 2.571151202867203830e-07 9.999566117361274875e-01 2.569779619965260873e-07
3.504743161184100245e+03 9.999370090760387741e-01 2.559355634874771484e-07 9.999567109031051171e-01 2.558001614994595445e-07
3.511193147963800584e+03 9.999372413109992586e-01 2.540308386577700276e-07 9.999568708203399048e-01 2.538982587566926989e-07
3.516593151435700292e+03 9.999374347189838863e-01 2.524433090711289981e-07 9.999570040177335750e-01 2.523133746654552067e-07
3.520910447544699764e+03 9.999375887979842226e-01 2.511849757043929142e-07 9.999571100832869153e-01 2.510576708249201376e-07
3.527061729324399948e+03 9.999378072170809206e-01 2.493936755875922896e-07 9.999572604967996714e-01 2.492700921759736599e-07
3.532461731435700585e+03 9.999379980994773653e-01 2.478324811360980410e-07 9.999573919223599949e-01 2.477124094079060696e-07
3.537115068801999769e+03 9.999381618117849646e-01 2.465080356804592271e-07 9.999575046662980693e-01 2.463913579563927065e-07
3.542967650581699672e+03 9.999383668466976793e-01 2.448484793714202022e-07 9.999576458402907875e-01 2.447360465521065141e-07
3.548367651435700282e+03 9.999385551725096244e-01 2.433252937741077722e-07 9.999577754871039614e-01 2.432170036203820822e-07
3.553357031184099924e+03 9.999387283303812213e-01 2.419268146193701117e-07 9.999578947277415475e-01 2.418226366956091426e-07
3.558910907963799673e+03 9.999389202136530486e-01 2.403791217459166688e-07 9.999580268696941499e-01 2.402794992080842983e-07
3.564310911435700291e+03 9.999391059779869639e-01 2.388927744741268456e-07 9.999581547745601817e-01 2.387977355968683144e-07
3.569636333802000536e+03 9.999392883972118007e-01 2.374432663497827348e-07 9.999582803443765044e-01 2.373529107353433804e-07
3.574891505581699676e+03 9.999394674984848352e-01 2.360181990455081919e-07 9.999584036786461905e-01 2.359324456762125515e-07
3.580291506435699830e+03 9.999396507146895985e-01 2.345703172204789974e-07 9.999585298496435071e-01 2.344893490360873341e-07
3.585952966184100205e+03 9.999398420176667246e-01 2.330670818988611540e-07 9.999586615289625113e-01 2.329911802920624025e-07
3.590909437963800428e+03 9.999400088138152842e-01 2.317513206839271360e-07 9.999587763076870361e-01 2.316798401957269167e-07
3.596309441435699682e+03 9.999401895414300467e-01 2.303324866044436279e-07 9.999589007785067984e-01 2.302657988199224804e-07
3.602306946184100070e+03 9.999403894196572384e-01 2.287713829085172030e-07 9.999590383764477286e-01 2.287100002721882552e-07
3.606964712963800139e+03 9.999405439383831640e-01 2.275631724669395907e-07 9.999591447591115179e-01 2.275058990580981256e-07
3.612364716435699847e+03 9.999407223102244613e-01 2.261792668156818114e-07 9.999592675750094140e-01 2.261265734071877001e-07
3.618698261184099920e+03 9.999409305097417544e-01 2.245675908899862771e-07 9.999594109142239118e-01 2.245201570548685594e-07
3.623057322963800289e+03 9.999410731042588374e-01 2.234640383591806691e-07 9.999595091143089753e-01 2.234202177329302948e-07
3.628457326435699997e+03 9.999412491419823468e-01 2.221074663796445225e-07 9.999596302938732473e-01 2.220678468506375465e-07
3.635126911184100209e+03 9.999414655507448124e-01 2.204380111321739776e-07 9.999597792318308809e-01 2.204034476446994858e-07
3.639187272963800297e+03 9.999415966146231183e-01 2.194254601648599239e-07 9.999598694827945833e-01 2.193939721731523446e-07
3.644587276435700005e+03 9.999417702627277915e-01 2.181092843486169589e-07 9.999599890511308153e-01 2.180814412852794963e-07
3.651592901184099446e+03 9.999419944635781210e-01 2.164148970333781468e-07 9.999601433747555834e-01 2.163916180892073795e-07
3.655354557963799380e+03 9.999421142732130008e-01 2.155064931392579465e-07 9.999602258587482195e-01 2.154856662752035795e-07
3.660754561435699998e+03 9.999422856363472389e-01 2.142111748631578414e-07 9.999603438269911715e-01 2.141933315729977518e-07
3.668096226184100487e+03 9.999425175454559334e-01 2.124565773565879357e-07 9.999605034062566400e-01 2.124426499820495648e-07
3.671559182963799685e+03 9.999426263410763349e-01 2.116321264729618425e-07 9.999605783231514389e-01 2.116200505583122987e-07
3.676959186435699849e+03 9.999427954766327842e-01 2.103696817719298227e-07 9.999606947431155524e-01 2.103598478437947799e-07
3.684636888802000158e+03 9.999430345380015961e-01 2.085803793690809259e-07 9.999608593454758498e-01 2.085736286540021847e-07
3.687801145581699984e+03 9.999431326279694110e-01 2.078445466178431564e-07 9.999609268853206778e-01 2.078390728380415426e-07
3.693201146435700139e+03 9.999432995654617962e-01 2.066094660724742205e-07 9.999610417715983912e-01 2.066054406139880817e-07
3.701182111435699426e+03 9.999435449408115018e-01 2.047889049250178587e-07 9.999612106350996843e-01 2.047869727962914356e-07
3.709480451435700616e+03 9.999437982338482689e-01 2.029157737511359656e-07 9.999613850233532997e-01 2.029152639921751814e-07
3.717480081435700413e+03 9.999440408078316134e-01 2.011201818381817558e-07 9.999615520310577432e-01 2.011206616444530065e-07
3.720397082963800131e+03 9.999441289409922717e-01 2.004710141061968286e-07 9.999616126869436128e-01 2.004718190205404186e-07
3.726147241184100494e+03 9.999443020633030921e-01 1.992399129948636234e-07 9.999617318196125648e-01 1.992406844686358498e-07
3.733815391435700349e+03 9.999445314223158743e-01 1.976004130824613162e-07 9.999618897465593070e-01 1.976011528258715422e-07
3.736751059324400103e+03 9.999446190113722155e-01 1.969726911143183099e-07 9.999619499769835107e-01 1.969733365423731435e-07
3.742818582544699893e+03 9.999447991519642143e-01 1.956662044257722535e-07 9.999620739653286572e-01 1.956659921425159377e-07
3.750188031435699941e+03 9.999450167706385173e-01 1.940824013142416821e-07 9.999622237625636068e-01 1.940811593755173635e-07
3.753142372963799971e+03 9.999451037497860684e-01 1.934576666771340368e-07 9.999622835997192816e-01 1.934559115957209222e-07
3.759527271184100300e+03 9.999452907095279786e-01 1.921458393215067908e-07 9.999624123418695554e-01 1.921424848253517722e-07
3.766598016435749742e+03 9.999454969012752104e-01 1.906951899722036632e-07 9.999625541912099402e-01 1.906900751099769609e-07
3.769571022963849828e+03 9.999455831530750238e-01 1.900871495527191848e-07 9.999626135717458730e-01 1.900811787789977558e-07
3.776273291184099435e+03 9.999457769722547296e-01 1.887216772255532341e-07 9.999627469450426132e-01 1.887134045800838834e-07
3.783045331435750086e+03 9.999459716823769773e-01 1.873438597519663678e-07 9.999628809692072684e-01 1.873332707687368752e-07
3.786037007963850101e+03 9.999460572686097448e-01 1.867408194955068589e-07 9.999629399269838181e-01 1.867290855319751197e-07
3.793056651184100247e+03 9.999462576354397614e-01 1.853374583857657845e-07 9.999630777900360146e-01 1.853227719049403954e-07
3.799529991435700140e+03 9.999464413514413952e-01 1.840452761055326819e-07 9.999632042273900456e-01 1.840278746322606278e-07
3.802540337963799630e+03 9.999465265437623707e-01 1.834527282188108326e-07 9.999632628271564183e-01 1.834339485665085490e-07
3.809877351184099098e+03 9.999467330275275678e-01 1.820218172302400307e-07 9.999634049859104090e-01 1.819995103130388774e-07
3.816051986435700201e+03 9.999469059037946472e-01 1.808195043423256669e-07 9.999635239921191854e-01 1.807942350491058381e-07
3.819081002963799619e+03 9.999469904749206384e-01 1.802368043213254474e-07 9.999635821790378021e-01 1.802100073752769109e-07
3.826735391184099626e+03 9.999472032004314004e-01 1.787735438165330575e-07 9.999637285714111368e-01 1.787428192579516879e-07
3.832611321435750142e+03 9.999473655498736235e-01 1.776519813695743902e-07 9.999638403387820507e-01 1.776182466234491925e-07
3.835659002963850526e+03 9.999474496609839225e-01 1.770833839260117662e-07 9.999638981546636884e-01 1.770480443386254146e-07
3.843630761184099811e+03 9.999476682169829989e-01 1.756099656926587319e-07 9.999640486007660423e-01 1.755704108460657231e-07
3.849207991435700023e+03 9.999478204002579806e-01 1.745819991980485495e-07 9.999641533120563475e-01 1.745394989999731686e-07
3.852274344324399863e+03 9.999479037523000269e-01 1.740179950787857359e-07 9.999642106787984819e-01 1.739738804018628785e-07
3.860441999324450080e+03 9.999481248705031078e-01 1.725183136864826503e-07 9.999643628318990451e-01 1.724699078738947595e-07
3.865842001435750262e+03 9.999482702978761406e-01 1.715285652340585072e-07 9.999644629071271495e-01 1.714773279865850557e-07
3.869048497544700695e+03 9.999483563313429357e-01 1.709617395819081395e-07 9.999645221278479212e-01 1.709088795861295377e-07
3.877113344324400259e+03 9.999485717379713590e-01 1.695399802255730282e-07 9.999646703970773709e-01 1.694830480381004139e-07
3.882513346435700441e+03 9.999487153508862525e-01 1.685898869330971721e-07 9.999647691817150630e-01 1.685302476017469861e-07
3.886037216184100089e+03 9.999488085577022956e-01 1.679728128739245734e-07 9.999648333796515853e-01 1.679115324382744591e-07
3.893822027963799883e+03 9.999490139479562112e-01 1.666157668436602335e-07 9.999649746696934738e-01 1.665508690303747023e-07
3.899222031435700501e+03 9.999491555701046641e-01 1.656795439737980405e-07 9.999650721534516506e-01 1.656121791213293452e-07
3.903063276184099777e+03 9.999492560007435804e-01 1.650252180719980193e-07 9.999651412582902799e-01 1.649562782606627569e-07
3.910568052963800255e+03 9.999494513340517754e-01 1.637474881529697965e-07 9.999652756686647770e-01 1.636754770133665221e-07
3.915968056435700419e+03 9.999495911129075987e-01 1.628308928424640674e-07 9.999653718913680267e-01 1.627567433058831587e-07
3.920126671184100815e+03 9.999496985677553962e-01 1.621359701541984972e-07 9.999654457660906992e-01 1.620603974250742673e-07
3.927351412963799703e+03 9.999498840631912966e-01 1.609340525661734255e-07 9.999655734558268172e-01 1.608560092217019809e-07
3.932751416435700321e+03 9.999500221196466754e-01 1.600373058949215037e-07 9.999656684486195601e-01 1.599575143605626219e-07
3.937227401184099563e+03 9.999501360588419763e-01 1.592933277765380122e-07 9.999657468773542890e-01 1.592123273747619767e-07
3.944172112963799918e+03 9.999503122050602544e-01 1.581419655994078345e-07 9.999658680647784958e-01 1.580590879791285798e-07
3.949572116435700082e+03 9.999504484653646275e-01 1.572557313178648289e-07 9.999659618519889381e-01 1.571715383149392288e-07
3.954365471184099988e+03 9.999505690598099461e-01 1.564865212768649741e-07 9.999660447977228861e-01 1.564014475851829610e-07
3.961030147963799664e+03 9.999507359585662059e-01 1.554187657134090709e-07 9.999661596065982927e-01 1.553324623189407132e-07
3.966430151435699827e+03 9.999508704466222309e-01 1.545565954121242896e-07 9.999662521780284807e-01 1.544694712744417913e-07
3.971540881184100272e+03 9.999509973191785805e-01 1.537459148926553973e-07 9.999663394601565614e-01 1.536583025413851537e-07
3.977925522963800177e+03 9.999511551493531769e-01 1.527377955061725676e-07 9.999664480332423055e-01 1.526495644218752021e-07
3.983325526435700340e+03 9.999512878816012584e-01 1.518949614628097385e-07 9.999665394200476509e-01 1.518064209422946312e-07
3.988753626184100540e+03 9.999514209404078979e-01 1.510587298776385233e-07 9.999666309404272591e-01 1.509701735562404485e-07
3.994858232963800219e+03 9.999515698620300430e-01 1.501189652897480819e-07 9.999667334024846532e-01 1.500303798172970342e-07
4.000258236435699928e+03 9.999517009330968209e-01 1.492932344309610601e-07 9.999668236285746969e-01 1.492048451875452824e-07
4.006003708801999892e+03 9.999518398645481643e-01 1.484251295868569295e-07 9.999669192349267544e-01 1.483372055640044212e-07
4.011828285581700129e+03 9.999519803058927181e-01 1.475499363852309026e-07 9.999670157829818606e-01 1.474624704556802848e-07
4.017228286435699374e+03 9.999521096872900916e-01 1.467457515713124263e-07 9.999671048549365615e-01 1.466589737788150556e-07
4.023291128802000003e+03 9.999522544202132934e-01 1.458481950126656202e-07 9.999672044456139330e-01 1.457624467793894074e-07
4.028835670581750037e+03 9.999523862302590604e-01 1.450277548290170340e-07 9.999672951332135851e-01 1.449429332952569164e-07
4.034235671435750191e+03 9.999525141595335676e-01 1.442370235714206822e-07 9.999673831193566231e-01 1.441533620926241083e-07
4.040615887544699945e+03 9.999526644505120077e-01 1.433121450026166995e-07 9.999674865697301129e-01 1.432300620961339574e-07
4.045880399324399605e+03 9.999527880402498958e-01 1.425524352050933395e-07 9.999675715856040092e-01 1.424716391322341987e-07
4.051280401435699787e+03 9.999529143402848819e-01 1.417772176104789121e-07 9.999676584496162146e-01 1.416979984904361482e-07
4.057977986184100246e+03 9.999530702031822482e-01 1.408182585377021201e-07 9.999677656852677954e-01 1.407411655434227413e-07
4.062962462963800135e+03 9.999531857278198821e-01 1.401068128319471364e-07 9.999678451569572468e-01 1.400312865610517248e-07
4.068362466435699389e+03 9.999533103628490682e-01 1.393553467491912225e-07 9.999679309203527433e-01 1.392817575016055872e-07
4.075377422544700039e+03 9.999534715349530645e-01 1.383911927935031582e-07 9.999680418066133614e-01 1.383202472344245008e-07
4.080081864324399703e+03 9.999535790845178740e-01 1.377455316760693135e-07 9.999681158287925253e-01 1.376763448112120549e-07
4.085481866435699885e+03 9.999537021563916772e-01 1.370047356824209810e-07 9.999682004957856085e-01 1.369377790191974169e-07
4.092814193801999409e+03 9.999538685561563112e-01 1.360015659437442967e-07 9.999683149387932346e-01 1.359377228780479918e-07
4.097238600581700666e+03 9.999539685648062282e-01 1.353990177166353376e-07 9.999683837072722570e-01 1.353370401588680461e-07
4.102638601435700366e+03 9.999540901054213560e-01 1.346772018991823538e-07 9.999684673176808536e-01 1.346176531287374209e-07
4.110288303801999064e+03 9.999542612436860267e-01 1.336600487464351413e-07 9.999685851368329548e-01 1.336039816654420738e-07
4.114432680581749082e+03 9.999543536866559723e-01 1.331095412437737344e-07 9.999686487155822201e-01 1.330553488484925581e-07
4.119832681435750601e+03 9.999544738156419532e-01 1.323839459024842653e-07 9.999687312915565007e-01 1.323323221130346676e-07
4.127799751184099478e+03 9.999546500289813178e-01 1.313140787118347616e-07 9.999688525056563693e-01 1.312662649517315768e-07
4.131664092963800613e+03 9.999547350772192145e-01 1.307966779045805207e-07 9.999689110419172078e-01 1.307507029394668552e-07
4.137064096435700776e+03 9.999548536243394459e-01 1.301069401431650413e-07 9.999689925899635234e-01 1.300635563922993886e-07
4.145348541184100213e+03 9.999550345585677125e-01 1.290560690011763698e-07 9.999691170476370239e-01 1.290166534929687102e-07
4.148932847963849781e+03 9.999551125251707751e-01 1.286031119932371693e-07 9.999691706626522292e-01 1.285654060989040971e-07
4.154332851435749944e+03 9.999552295100133659e-01 1.279190620776129230e-07 9.999692511526114824e-01 1.278838942900705040e-07
4.162836546435749369e+03 9.999554128233827388e-01 1.268432848230970047e-07 9.999693772752691334e-01 1.268121030402054915e-07
4.166238937963849821e+03 9.999554858825477899e-01 1.264141368841288610e-07 9.999694275310905267e-01 1.263845423033206813e-07
4.171737061184100639e+03 9.999556036577148532e-01 1.257354635348897051e-07 9.999695084976242265e-01 1.257083153644290245e-07
4.180161301435699897e+03 9.999557830067867803e-01 1.246976218595694031e-07 9.999696318840098908e-01 1.246742170509748017e-07
4.183582362963799824e+03 9.999558555541884219e-01 1.242778539185170676e-07 9.999696817813849004e-01 1.242559513792243320e-07
4.189379191184099909e+03 9.999559780647298002e-01 1.235678053444323880e-07 9.999697660475167504e-01 1.235482540366121096e-07
4.197523401435750202e+03 9.999561492725121958e-01 1.225716099319526904e-07 9.999698838374058152e-01 1.225553589093641195e-07
4.200963132963849603e+03 9.999562212712487241e-01 1.221541491964371125e-07 9.999699333839257021e-01 1.221392544068345577e-07
4.207058661184099037e+03 9.999563485314530986e-01 1.214355868518409544e-07 9.999700209014711350e-01 1.214228379610790572e-07
4.214922836435700447e+03 9.999565118203143088e-01 1.205109025102843332e-07 9.999701332224499861e-01 1.205009212577703167e-07
4.218381237963800231e+03 9.999565833893757638e-01 1.201049313983980461e-07 9.999701824274539463e-01 1.200961078339284839e-07
4.224775471184099843e+03 9.999567151553683253e-01 1.193529981854214839e-07 9.999702730623858393e-01 1.193460348939933866e-07
4.232359611435699662e+03 9.999568707348648333e-01 1.184624895391551513e-07 9.999703800519198493e-01 1.184577330568562514e-07
4.235836677963799957e+03 9.999569417378809666e-01 1.180616767652272642e-07 9.999704289073985120e-01 1.180578517712042148e-07
4.242529611184099849e+03 9.999570779474890037e-01 1.173091857252055794e-07 9.999705226023497540e-01 1.173068807673140255e-07
4.249833716435699898e+03 9.999572258247036993e-01 1.164884281768418262e-07 9.999706243291046626e-01 1.164877836578777160e-07
4.253329455581700131e+03 9.999572964245514450e-01 1.160952086436931543e-07 9.999706728480475260e-01 1.160952444951897083e-07
4.260321093801999268e+03 9.999574368329472440e-01 1.153092645932352429e-07 9.999707694733475094e-01 1.153103734059245866e-07
4.267345166435699866e+03 9.999575773222620922e-01 1.145216505457002076e-07 9.999708660974032659e-01 1.145238397338929287e-07
4.270859575581700483e+03 9.999576473448404945e-01 1.141337828150697204e-07 9.999709142654812366e-01 1.141363705672356798e-07
4.278149913801999901e+03 9.999577921555062865e-01 1.133400965011961168e-07 9.999710138194624065e-01 1.133432439453743915e-07
4.284893951435750751e+03 9.999579253969212989e-01 1.126076590249240954e-07 9.999711054445977743e-01 1.126113267522214324e-07
4.288427029324450814e+03 9.999579947559652515e-01 1.122279381369952088e-07 9.999711532293164007e-01 1.122317180171333505e-07
4.296016072544700364e+03 9.999581437097488923e-01 1.114135516969766204e-07 9.999712555890639676e-01 1.114173497340385732e-07
4.302480076435699630e+03 9.999582697202058501e-01 1.107194519793891991e-07 9.999713422928184769e-01 1.107232681551589900e-07
4.306031822963799641e+03 9.999583388089486879e-01 1.103428011056518524e-07 9.999713897901336690e-01 1.103464571951444310e-07
4.313919571184099368e+03 9.999584914468667707e-01 1.095097410867008427e-07 9.999714948052903507e-01 1.095128714499671598e-07
4.320103541435700208e+03 9.999586105664497460e-01 1.088565173855174257e-07 9.999715767430880087e-01 1.088592380956663085e-07
4.323673954324399347e+03 9.999586792927515067e-01 1.084831209467282268e-07 9.999716239333904522e-01 1.084854148164375758e-07
4.331860402544700264e+03 9.999588357319344478e-01 1.076341207948784632e-07 9.999717315805034534e-01 1.076353079953798881e-07
4.337764336435750010e+03 9.999589481103937638e-01 1.070241801124581131e-07 9.999718088601345922e-01 1.070245714258561104e-07
4.341353420581749560e+03 9.999590161528505439e-01 1.066606178306464513e-07 9.999718556752001941e-01 1.066603455787909248e-07
4.349838573802000610e+03 9.999591765968970369e-01 1.058086630892076834e-07 9.999719659432504404e-01 1.058067510582199220e-07
4.355462476435700410e+03 9.999592822636665934e-01 1.052461727878041189e-07 9.999720386352491941e-01 1.052431756259613824e-07
4.359070230581700343e+03 9.999593498153659388e-01 1.048918403818444899e-07 9.999720851157940515e-01 1.048879880157598177e-07
4.367797950581700206e+03 9.999595128064057148e-01 1.040330662363794501e-07 9.999721971313416669e-01 1.040271217113203867e-07
4.373197951435699906e+03 9.999596129016249391e-01 1.035007998233402515e-07 9.999722660435802490e-01 1.034935599625958511e-07
4.376880506184099431e+03 9.999596811037005928e-01 1.031421631067219497e-07 9.999723129275708278e-01 1.031338951390544527e-07
4.385570762963800917e+03 9.999598412874093345e-01 1.022994022238680923e-07 9.999724230784163836e-01 1.022887130472417685e-07
4.390970766435699261e+03 9.999599402193294351e-01 1.017781343878397730e-07 9.999724911691669771e-01 1.017659329996961084e-07
4.394952026184099850e+03 9.999600131284069882e-01 1.014044430198254066e-07 9.999725412549465009e-01 1.013910298719539242e-07
4.403380917963850152e+03 9.999601665866194589e-01 1.006127382577021822e-07 9.999726467788641049e-01 1.005967664137828034e-07
4.408780921435750315e+03 9.999602643578228145e-01 1.001059157093399522e-07 9.999727140486963650e-01 1.000882943808175663e-07
4.413060881184100253e+03 9.999603417574612907e-01 9.971059054398822962e-08 9.999727672248631682e-01 9.969159483582169845e-08
4.421228402963800363e+03 9.999604885490624984e-01 9.895853071185150024e-08 9.999728682038694361e-01 9.893691992885379393e-08
4.426628406435700526e+03 9.999605851826421921e-01 9.846167189966348122e-08 9.999729346616677006e-01 9.843833067235665190e-08
4.431207071184099732e+03 9.999606668686250588e-01 9.803775469232598112e-08 9.999729908274576085e-01 9.801293805069562897e-08
4.439113232963800328e+03 9.999608072037289297e-01 9.730829160887201553e-08 9.999730873791493613e-01 9.728093507697927921e-08
4.444513236435700492e+03 9.999609028012345080e-01 9.681450963701843632e-08 9.999731530757046682e-01 9.678542856455915259e-08
4.449390601184099978e+03 9.999609888868402630e-01 9.637923228739348812e-08 9.999732122146516300e-01 9.634862580014706729e-08
4.457035397963800278e+03 9.999611230162118725e-01 9.569932656572155971e-08 9.999733044604186549e-01 9.566633632012472608e-08
4.462435401435699532e+03 9.999612172523631992e-01 9.522292113389564275e-08 9.999733693150026914e-01 9.518827340556603504e-08
4.467611468801999763e+03 9.999613073529283191e-01 9.477368486193762091e-08 9.999734312757013743e-01 9.473751625387744206e-08
4.474994900581700676e+03 9.999614353059869121e-01 9.413227529142164952e-08 9.999735192775984771e-01 9.409394341606756040e-08
4.480394901435699467e+03 9.999615285186006508e-01 9.366438963758112068e-08 9.999735833724259226e-01 9.362452446144864725e-08
4.485869671184099388e+03 9.999616227172529737e-01 9.319461097781680281e-08 9.999736481244421160e-01 9.315329548452364956e-08
4.492991737963850028e+03 9.999617446119531960e-01 9.258606341248230406e-08 9.999737319767411092e-01 9.254286634460974353e-08
4.498391741435750191e+03 9.999618368420140069e-01 9.212839275781435353e-08 9.999737953323982742e-01 9.208384358848351738e-08
4.504165216184100245e+03 9.999619347725590135e-01 9.164382710629209101e-08 9.999738627444744177e-01 9.159796462973087896e-08
4.511025917963799657e+03 9.999620508704090138e-01 9.106952096156888803e-08 9.999739425617744093e-01 9.102210116396460309e-08
4.516425921435699820e+03 9.999621419294515423e-01 9.061997785737898762e-08 9.999740051414754971e-01 9.057142384848849068e-08
4.522498096184100177e+03 9.999622437448519863e-01 9.011875878473388255e-08 9.999740752000820798e-01 9.006906633456571754e-08
4.529097432963800202e+03 9.999623541041322561e-01 8.957582927427318183e-08 9.999741510576178882e-01 8.952490105631460250e-08
4.534497436435699456e+03 9.999624440232787181e-01 8.913674144087027243e-08 9.999742128790595208e-01 8.908493227183928777e-08
4.540868316184099967e+03 9.999625496657869039e-01 8.862447418026499488e-08 9.999742855202231606e-01 8.857179132894309125e-08
4.547206287963800605e+03 9.999626542986226330e-01 8.811544151170847556e-08 9.999743574760120435e-01 8.806188950285261592e-08
4.552606291435699859e+03 9.999627431807995848e-01 8.768473308234943477e-08 9.999744185652544859e-01 8.763058111873386356e-08
4.559275873802000206e+03 9.999628523285002402e-01 8.715729805382488057e-08 9.999744936705208254e-01 8.710255579230933442e-08
4.565352480581699638e+03 9.999629515480450426e-01 8.667876710412847995e-08 9.999745618531832303e-01 8.662348541930257066e-08
4.570752481435699337e+03 9.999630392794435219e-01 8.625550037969478836e-08 9.999746221900047694e-01 8.619989971917371613e-08
4.577720766184100285e+03 9.999631521751409791e-01 8.571136107227883507e-08 9.999746997671333792e-01 8.565549288067008775e-08
4.583536007963849443e+03 9.999632457504025185e-01 8.525787567821499744e-08 9.999747641808192089e-01 8.520178089813995752e-08
4.588936011435750515e+03 9.999633324587402505e-01 8.484413660115675827e-08 9.999748238115778731e-01 8.478800211199875800e-08
4.596203001184100685e+03 9.999634486556810975e-01 8.429405954713898930e-08 9.999749037163847554e-01 8.423799878057697462e-08
4.601756877963800434e+03 9.999635371170093601e-01 8.387422902533406463e-08 9.999749645338925630e-01 8.381822020127000406e-08
4.607156881435700598e+03 9.999636229040622659e-01 8.346669671814102688e-08 9.999750234727363685e-01 8.341092303611506639e-08
4.614722571184100161e+03 9.999637425223714127e-01 8.289721901805371789e-08 9.999751056885345379e-01 8.284188659946498141e-08
4.620015082963800523e+03 9.999638257284125809e-01 8.250065041529585309e-08 9.999751629344665327e-01 8.244562121509077959e-08
4.625415086435699777e+03 9.999639103807862472e-01 8.210547666362621265e-08 9.999752211552912495e-01 8.205093993566105027e-08
4.633279481184099495e+03 9.999640331738308685e-01 8.153458940904027016e-08 9.999753055814268876e-01 8.148085680129095186e-08
4.638310627963849583e+03 9.999641114653015084e-01 8.116982268170971281e-08 9.999753593810857266e-01 8.111659821828853850e-08
4.643710631435750656e+03 9.999641951979233445e-01 8.078323631169733677e-08 9.999754169274857052e-01 8.073073146667290853e-08
4.651873726184099723e+03 9.999643210027101548e-01 8.020230574558611442e-08 9.999755034825276168e-01 8.015094988000550580e-08
4.656643507963849515e+03 9.999643943104040700e-01 7.986427859964970469e-08 9.999755538715073833e-01 7.981358731479197294e-08
4.662043511435749679e+03 9.999644770829774210e-01 7.948170730721563970e-08 9.999756107401870375e-01 7.943193704636358179e-08
4.670505308801999490e+03 9.999646060231723865e-01 7.888202949570352365e-08 9.999756994158309764e-01 7.883374267310154106e-08
4.675013725581749895e+03 9.999646744712791246e-01 7.856313442092732865e-08 9.999757464771436011e-01 7.851563119867448740e-08
4.680413726435750505e+03 9.999647561745361735e-01 7.819885086639316521e-08 9.999758026642676656e-01 7.815243608522169606e-08
4.689174228801999561e+03 9.999648881568121705e-01 7.761205628282997726e-08 9.999758933950171347e-01 7.756742622776933581e-08
4.693421285581749544e+03 9.999649517073583294e-01 7.732813181315672617e-08 9.999759371558594179e-01 7.728436036694499728e-08
4.698821286435751063e+03 9.999650326041580328e-01 7.696185650805188871e-08 9.999759927007807470e-01 7.691929698931826021e-08
4.707880488802000400e+03 9.999651674237902688e-01 7.634719467443376255e-08 9.999760853984217546e-01 7.630666895369456166e-08
4.717242953801999647e+03 9.999653059671502753e-01 7.572177155587002815e-08 9.999761806488894900e-01 7.568343112543817313e-08
4.726367276435749773e+03 9.999654402964142097e-01 7.512172281711618031e-08 9.999762729496110003e-01 7.508557257572074776e-08
4.730348407963850150e+03 9.999654985891081038e-01 7.486157114545480504e-08 9.999763130361410957e-01 7.482637294147060660e-08
4.736005221184100265e+03 9.999655811582583986e-01 7.448861938128036071e-08 9.999763698177284166e-01 7.445482870187361437e-08
4.744868181435699626e+03 9.999657101028749384e-01 7.390421692619041346e-08 9.999764584177630589e-01 7.387262221673976439e-08
4.748867980581700067e+03 9.999657680087838951e-01 7.364121696150577755e-08 9.999764982329127916e-01 7.361060874818186367e-08
4.754804823802001010e+03 9.999658535844609952e-01 7.326357301232700249e-08 9.999765571188727886e-01 7.323444226165363352e-08
4.763406421435750417e+03 9.999659771801777675e-01 7.271766549727968153e-08 9.999766420809872436e-01 7.269066739230750029e-08
4.767424892963849743e+03 9.999660347220910017e-01 7.246446700538532253e-08 9.999766816243289558e-01 7.243846073852785889e-08
4.773641771184099525e+03 9.999661234020351674e-01 7.208103434763807071e-08 9.999767425871711746e-01 7.205656636285513237e-08
4.781982001435699203e+03 9.999662418101475936e-01 7.156763065694892420e-08 9.999768239912660839e-01 7.154521957721712347e-08
4.786019137963799949e+03 9.999662989920828915e-01 7.132089345901564049e-08 9.999768632623402542e-01 7.129946042270356994e-08
4.792516051184099524e+03 9.999663905183795443e-01 7.092905070702267142e-08 9.999769262072994991e-01 7.090913407955613978e-08
4.800594916435699815e+03 9.999665038144797125e-01 7.044316648077691748e-08 9.999770041173092761e-01 7.042513003357185181e-08
4.804650720581700625e+03 9.999665605528933465e-01 7.020079866931515427e-08 9.999770431000921667e-01 7.018368448349367905e-08
4.811427663802000097e+03 9.999666548594592363e-01 6.979685919285228041e-08 9.999771079707931998e-01 6.978122608244884429e-08
4.819245166435699502e+03 9.999667634270164029e-01 6.933080198180604694e-08 9.999771825266754455e-01 6.931687315635379896e-08
4.823319642963800106e+03 9.999668196197190051e-01 6.908851275759475894e-08 9.999772211997733917e-01 6.907543360214388742e-08
4.830376621184101168e+03 9.999669167729726693e-01 6.867250838962718592e-08 9.999772879868714659e-01 6.866080822731615438e-08
4.837932756435750889e+03 9.999670204266236651e-01 6.822832937063509124e-08 9.999773591966102382e-01 6.821810261123896792e-08
4.842025899324449711e+03 9.999670763262702433e-01 6.799060241738530704e-08 9.999773976238115480e-01 6.798112374196354063e-08
4.849362912544700521e+03 9.999671760634447626e-01 6.757213065546468001e-08 9.999774662306554207e-01 6.756389438969724854e-08
4.856657686435750293e+03 9.999672748016028567e-01 6.715717822787545492e-08 9.999775341365959580e-01 6.715017507148440786e-08
4.860769500581750435e+03 9.999673304599873136e-01 6.692396077024803225e-08 9.999775723232076086e-01 6.691759259430953000e-08
4.868386543801999323e+03 9.999674329259840011e-01 6.649439108147927750e-08 9.999776427449728056e-01 6.648910315040465970e-08
4.875419951435750590e+03 9.999675269815065937e-01 6.609887331370780166e-08 9.999777074483494621e-01 6.609458166684485859e-08
4.879550435581750207e+03 9.999675821153031219e-01 6.587087196667691016e-08 9.999777453374865122e-01 6.586708613823021610e-08
4.887447513801999776e+03 9.999676871316230953e-01 6.543786990712822225e-08 9.999778175029619964e-01 6.543494924542832942e-08
4.894219556435699815e+03 9.999677767981680621e-01 6.506641032440930432e-08 9.999778791136506584e-01 6.506423097064891573e-08
4.898368707963800261e+03 9.999678315237244819e-01 6.484375977975040125e-08 9.999779167289459814e-01 6.484193887146089369e-08
4.906545821184099623e+03 9.999679388935595048e-01 6.440835201937330760e-08 9.999779905594800011e-01 6.440714111688387392e-08
4.913056496435749068e+03 9.999680240567089262e-01 6.406165381699089230e-08 9.999780490894224494e-01 6.406092855012588688e-08
4.917224315581750488e+03 9.999680784361841823e-01 6.383720426501608518e-08 9.999780864422763704e-01 6.383669486783290623e-08
4.925681463801999598e+03 9.999681883305030494e-01 6.338292397400252873e-08 9.999781619463955495e-01 6.338277911570804725e-08
4.931930776435699954e+03 9.999682690268308916e-01 6.304865920987548585e-08 9.999782174606733909e-01 6.304878387438715295e-08
4.936117267963799350e+03 9.999683229385555316e-01 6.283209821707125218e-08 9.999782545391935340e-01 6.283228938526600682e-08
4.944854451184099162e+03 9.999684352574007562e-01 6.238542833630150443e-08 9.999783316633503727e-01 6.238569494429811314e-08
4.950842396435749833e+03 9.999685117116748900e-01 6.208007893174394708e-08 9.999783842395000288e-01 6.208039762357497011e-08
4.955047552963849739e+03 9.999685653418634024e-01 6.186311081842571124e-08 9.999784210706776921e-01 6.186334711062302328e-08
4.964064771184100209e+03 9.999686797119763382e-01 6.139654834910127282e-08 9.999784996975611406e-01 6.139656459614595440e-08
4.969791351435700562e+03 9.999687520679320096e-01 6.110024467360724888e-08 9.999785494241979489e-01 6.110012154919931503e-08
4.974015177963800852e+03 9.999688052532872407e-01 6.089083494236753030e-08 9.999785859885248485e-01 6.089048595280532334e-08
4.983312431184100205e+03 9.999689217538244579e-01 6.043523561394805235e-08 9.999786661148299949e-01 6.043436602455667752e-08
4.988777646435701172e+03 9.999689900980558432e-01 6.016893180046228387e-08 9.999787130403727797e-01 6.016775641463350824e-08
4.993020139324400589e+03 9.999690429587453355e-01 5.996268396646028539e-08 9.999787493507557024e-01 5.996115686512857547e-08
5.002401274324400219e+03 9.999691591234598498e-01 5.950562048386063760e-08 9.999788292559790293e-01 5.950331261658610012e-08
5.007801276435699947e+03 9.999692257899837067e-01 5.924218549790705431e-08 9.999788750708932250e-01 5.923942368649379132e-08
5.012258591184099714e+03 9.999692806886544272e-01 5.902760052053594085e-08 9.999789127826275159e-01 5.902436059651176493e-08
5.021462242963799326e+03 9.999693935643255704e-01 5.858447512861043826e-08 9.999789903306770533e-01 5.858025014690268369e-08
5.026862246435700399e+03 9.999694594199488584e-01 5.832518593417869844e-08 9.999790356128704927e-01 5.832037280199845694e-08
5.031599596184100847e+03 9.999695170104622166e-01 5.810531402217463171e-08 9.999790752161825669e-01 5.809988820508872734e-08
5.040560547963799763e+03 9.999696256913832570e-01 5.769157387489864799e-08 9.999791498597031536e-01 5.768499215987348590e-08
5.045960551435699927e+03 9.999696908228231651e-01 5.744241985421546605e-08 9.999791946255397468e-01 5.743513147310282447e-08
5.050977936184099235e+03 9.999697513049936592e-01 5.720574687154447399e-08 9.999792361265242846e-01 5.719774242388924508e-08
5.059696192963800058e+03 9.999698555540436073e-01 5.679524586055419577e-08 9.999793078548836478e-01 5.678600084451588602e-08
5.065096196435699312e+03 9.999699199894239721e-01 5.654297291934333253e-08 9.999793521294045862e-01 5.653294808082668038e-08
5.070393616184100210e+03 9.999699830630363051e-01 5.630275266503820909e-08 9.999793954395440609e-01 5.629191458752817570e-08
5.078869177963800212e+03 9.999700834265883298e-01 5.591834479599926047e-08 9.999794644139802235e-01 5.590620983211945810e-08
5.084269181435699466e+03 9.999701470100174072e-01 5.567371520765575639e-08 9.999795081581377421e-01 5.566074514210105240e-08
5.089846631184100261e+03 9.999702125934856189e-01 5.542335403790496235e-08 9.999795532202454540e-01 5.540949285255226825e-08
5.098079497963850372e+03 9.999703090499612035e-01 5.505472077951901729e-08 9.999796194739689614e-01 5.503954838101205265e-08
5.103479501435749626e+03 9.999703719339081420e-01 5.481386662051282602e-08 9.999796627275288063e-01 5.479783535958612170e-08
5.109336983801999850e+03 9.999704399101189134e-01 5.455487471838957422e-08 9.999797094882980630e-01 5.453791753322198238e-08
5.117327155581750048e+03 9.999705325913226250e-01 5.420323481828064631e-08 9.999797730909092408e-01 5.418501887889386418e-08
5.122727156435749748e+03 9.999705947946987417e-01 5.396856056832032649e-08 9.999798158646868718e-01 5.394949861798199893e-08
5.128864676184099153e+03 9.999706652805038232e-01 5.370697734890190548e-08 9.999798643214694582e-01 5.368696673424804731e-08
5.136612152963800327e+03 9.999707540328801603e-01 5.337681483794697940e-08 9.999799252679764106e-01 5.335561052619087552e-08
5.142012156435700490e+03 9.999708154750932554e-01 5.314800323604533640e-08 9.999799675455386394e-01 5.312598697078228128e-08
5.148429708802000278e+03 9.999708885180705886e-01 5.287897027753468316e-08 9.999800176746366231e-01 5.285603032274367010e-08
5.155934485581699846e+03 9.999709733543604706e-01 5.256433189036834697e-08 9.999800760041910319e-01 5.254031491358310183e-08
5.161334486435699546e+03 9.999710341365856126e-01 5.233860885026937789e-08 9.999801178111911160e-01 5.231384835952022178e-08
5.168032071184099550e+03 9.999711093169656451e-01 5.206045446871156768e-08 9.999801694925859463e-01 5.203482626375075349e-08
5.175294157963799989e+03 9.999711905629705688e-01 5.176035970355631294e-08 9.999802253170306798e-01 5.173379329413245770e-08
5.180694161435699243e+03 9.999712508344350548e-01 5.153693593333940004e-08 9.999802666907303683e-01 5.150971135794239880e-08
5.187671781184100837e+03 9.999713281849652580e-01 5.124734347000933361e-08 9.999803199061635395e-01 5.121932646017279878e-08
5.194691167963800581e+03 9.999714059037396741e-01 5.095682517857524937e-08 9.999803732743451912e-01 5.092801296681255297e-08
5.200091171435699835e+03 9.999714653428342093e-01 5.073701152251843873e-08 9.999804141548470637e-01 5.070764855718868869e-08
5.207348826184099380e+03 9.999715450839772313e-01 5.044663146449670171e-08 9.999804689280892278e-01 5.041660406430863419e-08
5.214125512963850269e+03 9.999716191752552330e-01 5.017562805074197786e-08 9.999805198491418246e-01 5.014498142193077560e-08
5.219525516435750433e+03 9.999716781342672389e-01 4.996336456120729644e-08 9.999805603147262634e-01 4.993229058890825248e-08
5.227063206184100636e+03 9.999717598106681038e-01 4.967112960863191110e-08 9.999806165102178568e-01 4.963952840849082538e-08
5.233597197963849794e+03 9.999718306068624551e-01 4.941787719828401723e-08 9.999806650887065329e-01 4.938581926235240962e-08
5.238997201435749957e+03 9.999718887847509619e-01 4.920537833454370696e-08 9.999807050671274400e-01 4.917302555643717614e-08
5.246814926184099932e+03 9.999719725980389384e-01 4.889612063854639680e-08 9.999807627079748684e-01 4.886341440666983383e-08
5.253106222963799155e+03 9.999720398431525270e-01 4.864833795186741412e-08 9.999808089264169420e-01 4.861534710871062084e-08
5.258506226435699318e+03 9.999720974913532956e-01 4.844182664101976638e-08 9.999808484935974739e-01 4.840867538247519867e-08
5.266603982544700557e+03 9.999721834286060540e-01 4.813710202330766228e-08 9.999809075552079651e-01 4.810377150439467504e-08
5.272652584324400777e+03 9.999722473336416506e-01 4.791003698558088411e-08 9.999809514847149972e-01 4.787657151930991587e-08
5.278052586435700505e+03 9.999723041513579602e-01 4.770856370624291949e-08 9.999809905641483532e-01 4.767507373160914580e-08
5.286430376184100169e+03 9.999723922030027135e-01 4.739710741535223592e-08 9.999810510132844943e-01 4.736363673013761901e-08
5.292236282963850499e+03 9.999724527655293738e-01 4.718169477097268437e-08 9.999810926853978099e-01 4.714823591594495896e-08
5.297636286435749753e+03 9.999725090685033235e-01 4.698253959831977454e-08 9.999811313557710468e-01 4.694918606921598430e-08
5.306294111184100075e+03 9.999725990310228685e-01 4.666412210712299887e-08 9.999811931210468297e-01 4.663098161174612671e-08
5.311857317963799687e+03 9.999726566011333251e-01 4.645947953365426505e-08 9.999812326463358714e-01 4.642647397508773581e-08
5.317257321435699851e+03 9.999727120399662939e-01 4.625783534233174719e-08 9.999812708319236743e-01 4.622505130130826569e-08
5.326195181184099965e+03 9.999728038716898526e-01 4.592438470176388989e-08 9.999813338856896605e-01 4.589199856389619452e-08
5.331515692963799665e+03 9.999728582225310136e-01 4.572656443033945943e-08 9.999813712492039430e-01 4.569441279826560539e-08
5.336915696435699829e+03 9.999729133275375714e-01 4.553140026210173367e-08 9.999814090831943281e-01 4.549958904174635808e-08
5.346133588801999394e+03 9.999730067531971134e-01 4.520038766168637104e-08 9.999814733405513190e-01 4.516918207127339953e-08
5.351211405581700092e+03 9.999730582919308386e-01 4.501849012739453335e-08 9.999815086594302516e-01 4.498761567970741049e-08
5.356611406435700701e+03 9.999731125996653702e-01 4.482871289069154473e-08 9.999815460309849913e-01 4.479826927906997139e-08
5.366109331184099574e+03 9.999732079687149167e-01 4.449595883546870095e-08 9.999816115449424725e-01 4.446628219005385778e-08
5.370944457963849345e+03 9.999732563000379715e-01 4.432696862907910138e-08 9.999816447570923916e-01 4.429767960274119164e-08
5.376344461435749508e+03 9.999733101532344293e-01 4.414101653781499677e-08 9.999816817493395460e-01 4.411223185991848466e-08
5.386098971435750173e+03 9.999734070193022628e-01 4.380586811989169654e-08 9.999817482871294905e-01 4.377799542626930263e-08
5.396114846435750223e+03 9.999735059261094516e-01 4.346815511020628115e-08 9.999818162339726424e-01 4.344126820548881434e-08
5.405888026435750362e+03 9.999736018197808995e-01 4.314430938787147595e-08 9.999818821424909521e-01 4.311842494506061836e-08
5.410522570581750188e+03 9.999736469575016828e-01 4.299111030775625891e-08 9.999819132375256103e-01 4.296570110503574131e-08
5.416207383801999640e+03 9.999737025647522648e-01 4.279987200086870342e-08 9.999819513567345108e-01 4.277509814258093261e-08
5.425714421435699478e+03 9.999737947566221807e-01 4.248008931608543780e-08 9.999820147514389967e-01 4.245637320644200947e-08
5.430367634324399660e+03 9.999738396637537496e-01 4.232452729603562774e-08 9.999820456507786393e-01 4.230132791210958638e-08
5.436313812544700340e+03 9.999738970991234321e-01 4.213342386472795852e-08 9.999820850701883757e-01 4.211090197134351308e-08
5.445578156435699384e+03 9.999739860836085459e-01 4.183652490979177542e-08 9.999821461954597757e-01 4.181505391941928566e-08
5.450250037963800423e+03 9.999740309458211573e-01 4.168727215215544861e-08 9.999821769379376724e-01 4.166632978498489833e-08
5.456457581184100491e+03 9.999740900151101730e-01 4.148967285695872843e-08 9.999822175796233559e-01 4.146944200922319708e-08
5.465479226435700184e+03 9.999741756347589883e-01 4.120320630423475414e-08 9.999822764272895403e-01 4.118400530912903334e-08
5.470169775581699469e+03 9.999742200286930727e-01 4.105448876679313394e-08 9.999823069185794777e-01 4.103581963180281788e-08
5.476638683802000742e+03 9.999742810255179970e-01 4.084947158976319869e-08 9.999823488310147779e-01 4.083153139361083458e-08
5.485417631435750991e+03 9.999743636024134297e-01 4.057136860238155373e-08 9.999824055068754491e-01 4.055441395648758000e-08
5.490126852963850070e+03 9.999744076060766984e-01 4.042221580491637333e-08 9.999824357670833441e-01 4.040578264592656132e-08
5.496857131184100581e+03 9.999744703058814910e-01 4.020872217026359189e-08 9.999824788815782073e-01 4.019301638708762453e-08
5.505393381435750598e+03 9.999745496450141991e-01 3.993854762687941189e-08 9.999825333736923616e-01 3.992376115077761577e-08
5.510121267963850187e+03 9.999745934300601213e-01 3.979092275528116418e-08 9.999825634474445168e-01 3.977663322614579774e-08
5.517112911184100085e+03 9.999746580014747810e-01 3.957809262983753480e-08 9.999826077854631068e-01 3.956450795056982328e-08
5.525406466435750190e+03 9.999747340743329049e-01 3.932650394383486596e-08 9.999826601124345293e-01 3.931375262024584213e-08
5.530153020581749843e+03 9.999747776474746663e-01 3.918522556044656132e-08 9.999826899987129813e-01 3.917293437873652996e-08
5.537406023801999254e+03 9.999748436842074151e-01 3.897377856649999353e-08 9.999827354389561052e-01 3.896215412397215033e-08
5.545456886435748856e+03 9.999749169417593286e-01 3.873899901271703835e-08 9.999827857261671671e-01 3.872811249123455124e-08
5.550222112963850122e+03 9.999749600772943614e-01 3.860002114841516579e-08 9.999828153687212451e-01 3.858954836608126552e-08
5.557736481184099830e+03 9.999750278663286363e-01 3.838037129031454003e-08 9.999828619568170707e-01 3.837050757728680009e-08
5.565544646435750110e+03 9.999750980755103269e-01 3.815238848626783192e-08 9.999829101800902231e-01 3.814315599783329924e-08
5.570328540581749621e+03 9.999751408959157706e-01 3.801294597640577845e-08 9.999829396145327731e-01 3.800407164563798005e-08
5.578104273802000534e+03 9.999752103387845592e-01 3.778685565479986171e-08 9.999829873125695157e-01 3.777851726313564084e-08
5.585669741435700416e+03 9.999752777453612129e-01 3.756736897746473807e-08 9.999830335590095265e-01 3.755955074465320219e-08
5.590472305581700311e+03 9.999753202242972483e-01 3.743120658237470267e-08 9.999830627836754360e-01 3.742368624783728488e-08
5.598509403801999724e+03 9.999753911128449468e-01 3.720863596638112564e-08 9.999831115265633841e-01 3.720156995722390288e-08
5.605832176435699694e+03 9.999754555155271341e-01 3.700647432817732982e-08 9.999831557720487707e-01 3.699982147685750623e-08
5.610653410581699973e+03 9.999754978238649672e-01 3.687389355372199329e-08 9.999831848179370208e-01 3.686747130160107908e-08
5.618951873801999682e+03 9.999755703627892789e-01 3.664639154332643681e-08 9.999832346277852668e-01 3.664031847125868961e-08
5.626031951435749761e+03 9.999756319007339078e-01 3.645258351592018954e-08 9.999832769292068546e-01 3.644680794016734662e-08
5.630871852963849960e+03 9.999756739661077587e-01 3.632064682373591263e-08 9.999833057835878503e-01 3.631503257401422535e-08
5.639431681184099943e+03 9.999757478012056833e-01 3.608806875591192257e-08 9.999833565672954228e-01 3.608269944256744857e-08
5.646269066435749664e+03 9.999758068288392421e-01 3.590278193590414067e-08 9.999833970309437436e-01 3.589760811394006198e-08
5.651127637963850248e+03 9.999758484988200413e-01 3.577294812228891475e-08 9.999834256651580766e-01 3.576787464911053630e-08
5.659948831184100527e+03 9.999759237532654943e-01 3.553835023818691155e-08 9.999834774307710950e-01 3.553342834066499349e-08
5.666543516435700440e+03 9.999759800254360842e-01 3.536304865234964313e-08 9.999835160299281878e-01 3.535824003890208098e-08
5.671420752963800624e+03 9.999760213626370797e-01 3.523827449720063298e-08 9.999835444552851449e-01 3.523349497847716830e-08
5.680503311184100312e+03 9.999760981465150023e-01 3.500807039153921370e-08 9.999835972113215732e-01 3.500331115598317100e-08
5.686855301435699403e+03 9.999761516018350616e-01 3.484682159462387229e-08 9.999836339476452229e-01 3.484207685432064633e-08
5.691751207963799970e+03 9.999761926684965774e-01 3.472291121821179479e-08 9.999836621767826950e-01 3.471813085303762537e-08
5.701095131184099955e+03 9.999762708708948011e-01 3.448873326657236223e-08 9.999837158778621671e-01 3.448390217953948063e-08
5.707204426435700043e+03 9.999763218921996488e-01 3.433677107938393591e-08 9.999837508656467255e-01 3.433192608420148946e-08
5.712119002963800085e+03 9.999763626677171668e-01 3.421190779836670470e-08 9.999837788943646277e-01 3.420700088536568452e-08
5.721724291184099457e+03 9.999764421804367975e-01 3.396714755035350944e-08 9.999838335007881218e-01 3.396246268617498324e-08
5.727590891435749654e+03 9.999764904887835648e-01 3.381776209064813827e-08 9.999838667047767915e-01 3.381338448561372598e-08
5.732524135581749761e+03 9.999765308856471968e-01 3.369628894129400816e-08 9.999838945231365184e-01 3.369212106547281826e-08
5.742390783801999532e+03 9.999766117787393105e-01 3.345501428823172828e-08 9.999839500351442867e-01 3.345117924349791830e-08
5.748014686435750264e+03 9.999766575334484431e-01 3.331788228609476452e-08 9.999839815129144549e-01 3.331420120093356366e-08
5.752966602963850164e+03 9.999766978851303278e-01 3.320010444959093987e-08 9.999840091927790775e-01 3.319651794831254867e-08
5.763075822963799510e+03 9.999767797142365966e-01 3.296000185802312264e-08 9.999840654215479407e-01 3.295679292960275966e-08
5.773446407963800084e+03 9.999768632360008791e-01 3.271744702277651871e-08 9.999841228037569252e-01 3.271475486831170508e-08
5.783574297963800745e+03 9.999769444328551193e-01 3.248501294386864551e-08 9.999841785563609031e-01 3.248277209856792098e-08
5.788974301435699999e+03 9.999769876088447917e-01 3.236133142723014800e-08 9.999842081755910828e-01 3.235932397088896934e-08
5.794225046184099483e+03 9.999770293181023950e-01 3.224071941368617691e-08 9.999842368588818253e-01 3.223890793918193472e-08
5.804110112963800020e+03 9.999771076560679539e-01 3.201453280451317925e-08 9.999842906766142070e-01 3.201268979411846186e-08
5.809510116435699274e+03 9.999771502207390750e-01 3.189142993828880806e-08 9.999843199456813769e-01 3.188934427589861462e-08
5.815022226184099054e+03 9.999771936549309848e-01 3.176573452541573753e-08 9.999843497625415800e-01 3.176338142356138982e-08
5.824683267963800063e+03 9.999772693366176801e-01 3.154643491388030711e-08 9.999844017865627821e-01 3.154316649940791248e-08
5.830083271435699316e+03 9.999773115155107250e-01 3.142521989920872641e-08 9.999844307632782536e-01 3.142116896268485507e-08
5.835856743801999983e+03 9.999773565807484887e-01 3.130069050450209173e-08 9.999844616764698157e-01 3.129579446584681113e-08
5.845293755581699770e+03 9.999774298351519208e-01 3.109695662629045332e-08 9.999845119785154557e-01 3.109104805001131901e-08
5.850693756435700379e+03 9.999774715760055832e-01 3.098023279254695535e-08 9.999845406471867815e-01 3.097398368415797559e-08
5.856728596184099843e+03 9.999775180612477943e-01 3.085050561407820772e-08 9.999845725878652170e-01 3.084387420023180021e-08
5.865941582963851033e+03 9.999775886949082704e-01 3.065323366565174194e-08 9.999846211439923360e-01 3.064595213144834963e-08
5.871341586435750287e+03 9.999776300289096032e-01 3.053783171840966505e-08 9.999846495163968729e-01 3.053012210727257554e-08
5.877637791184100024e+03 9.999776779773218438e-01 3.040226043224561801e-08 9.999846824766979170e-01 3.039405799816328781e-08
5.886626747963799971e+03 9.999777463131993560e-01 3.020760044388279168e-08 9.999847293836470197e-01 3.019958267720481816e-08
5.892026751435700135e+03 9.999777872097295184e-01 3.009051290642487046e-08 9.999847574587026333e-01 3.008329756261982824e-08
5.898584321184101100e+03 9.999778367152953873e-01 2.995101457545081733e-08 9.999847914474860877e-01 2.994478647546203213e-08
5.907349252963800609e+03 9.999779026765791556e-01 2.976588745112617465e-08 9.999848367102602831e-01 2.976035986616115987e-08
5.912749256435699863e+03 9.999779430415008941e-01 2.965354052884440287e-08 9.999848644683321242e-01 2.964792406054489676e-08
5.919568188801999895e+03 9.999779937873551905e-01 2.951344049335238362e-08 9.999848993945421594e-01 2.950772984280221776e-08
5.928109090581700002e+03 9.999780574367630459e-01 2.933832059971920595e-08 9.999849430462310895e-01 2.933217373596286330e-08
5.933509091435699702e+03 9.999780974854158844e-01 2.922851311603036506e-08 9.999849705367298558e-01 2.922180484755692210e-08
5.940589391184100350e+03 9.999781496408248760e-01 2.908646681798469961e-08 9.999850064242691294e-01 2.907905590759442277e-08
5.948906272963850824e+03 9.999782108328408858e-01 2.892062282457585717e-08 9.999850484511916271e-01 2.891206588632917998e-08
5.954306276435750078e+03 9.999782503653472654e-01 2.881469328735256406e-08 9.999850756331436497e-01 2.880507420963936333e-08
5.961647937544700653e+03 9.999783043040025854e-01 2.867300743165738038e-08 9.999851125485752501e-01 2.866198001900720997e-08
5.969740789324449906e+03 9.999783631437721976e-01 2.851770724640382019e-08 9.999851529960516183e-01 2.850489285963950219e-08
5.975140791435749634e+03 9.999784022132911510e-01 2.841557275507706232e-08 9.999851798803937042e-01 2.840131464084767588e-08
5.982743817544700505e+03 9.999784571709785519e-01 2.827317611942943299e-08 9.999852176362850065e-01 2.825692738308306743e-08
5.990612639324400334e+03 9.999785139026905467e-01 2.812509454077051551e-08 9.999852565752656020e-01 2.810737198011860904e-08
5.996012641435700061e+03 9.999785525982676226e-01 2.802294894923938589e-08 9.999852831849025403e-01 2.800500112416786863e-08
6.003877036184100689e+03 9.999786087153873515e-01 2.787520835832516180e-08 9.999853217972354269e-01 2.785696685712532660e-08
6.011521832963850102e+03 9.999786632886511484e-01 2.773171893348391170e-08 9.999853592370806510e-01 2.771323830648651173e-08
6.016921836435750265e+03 9.999787016502652559e-01 2.762956577233644374e-08 9.999853855812081971e-01 2.761101607603441215e-08
6.025047596184100257e+03 9.999787593030122768e-01 2.747487888947252756e-08 9.999854251218796009e-01 2.745626473603338491e-08
6.032468367963800119e+03 9.999788115525216625e-01 2.733432071243454270e-08 9.999854610463480009e-01 2.731564744362493441e-08
6.037868371435699373e+03 9.999788496551919037e-01 2.723255665889841350e-08 9.999854871511989485e-01 2.721386998287171295e-08
6.046255491184099810e+03 9.999789083249261967e-01 2.707442435291980550e-08 9.999855274876495725e-01 2.705574820794560250e-08
6.053452232963850292e+03 9.999789584475878845e-01 2.693887816589110961e-08 9.999855619608333246e-01 2.692021046382759177e-08
6.058852236435750456e+03 9.999789960029376035e-01 2.684070227447430611e-08 9.999855877630962064e-01 2.682207644191001706e-08
6.067500723801999811e+03 9.999790560869167289e-01 2.668685908632994282e-08 9.999856289733506376e-01 2.666833194534884621e-08
6.074473440581749855e+03 9.999791042183613365e-01 2.656310236433708123e-08 9.999856620400550122e-01 2.654465385667103310e-08
6.079873441435750465e+03 9.999791416363646990e-01 2.646751880702916707e-08 9.999856876282543494e-01 2.644916568183587377e-08
6.088783293802000117e+03 9.999792025862944689e-01 2.631012799239013998e-08 9.999857295694620785e-01 2.629195770271477984e-08
6.095531985581699701e+03 9.999792485841526579e-01 2.619118910446333271e-08 9.999857612159556153e-01 2.617315625385269613e-08
6.100102252963799401e+03 9.999792797700117752e-01 2.611011855678573391e-08 9.999857826149370910e-01 2.609220788821465629e-08
6.104004181184099252e+03 9.999793064567976675e-01 2.604058286460470578e-08 9.999858008735373893e-01 2.602278863629378975e-08
6.109404184656000325e+03 9.999793429209706819e-01 2.594396929841221595e-08 9.999858259970463292e-01 2.592633429714069044e-08
6.114616873801999645e+03 9.999793783862674923e-01 2.585075159450249270e-08 9.999858502672921423e-01 2.583326986615708194e-08
6.116571265581699663e+03 9.999793914406468476e-01 2.581594994993453108e-08 9.999858593034576248e-01 2.579852519699396192e-08
6.121971266435699363e+03 9.999794278902448541e-01 2.572446750111298249e-08 9.999858843240956308e-01 2.570723177614570026e-08
6.129385217544700026e+03 9.999794777778499011e-01 2.560098522446564737e-08 9.999859185644920379e-01 2.558402169206788846e-08
6.135742449324400695e+03 9.999795204209350752e-01 2.549566631893003491e-08 9.999859478255470613e-01 2.547893453669116442e-08
6.141142451435701332e+03 9.999795563384971109e-01 2.540500312667951043e-08 9.999859725600281912e-01 2.538848775952906563e-08
6.150712336184100423e+03 9.999796201254740335e-01 2.524120833114102012e-08 9.999860163221131470e-01 2.522511731981071285e-08
6.158807577963850235e+03 9.999796736610450099e-01 2.510268409379707523e-08 9.999860531394467733e-01 2.508695070662711704e-08
6.164207581435749489e+03 9.999797094397909758e-01 2.500988533940117530e-08 9.999860776579537758e-01 2.499441439221193746e-08
6.174690176435699868e+03 9.999797783612343061e-01 2.483026826331768559e-08 9.999861250156861781e-01 2.481531135376444935e-08
6.187487677963799797e+03 9.999798620726721987e-01 2.461904681856745717e-08 9.999861825179436892e-01 2.460474491016575926e-08
6.197988947963799546e+03 9.999799302624514663e-01 2.445178334666198454e-08 9.999862294064988388e-01 2.443804099158543907e-08
6.203388951435699710e+03 9.999799652721423904e-01 2.436518604884378088e-08 9.999862534400878467e-01 2.435173659473927758e-08
6.213908891435749865e+03 9.999800333515687090e-01 2.419239868420970333e-08 9.999863001153427300e-01 2.417953509310701578e-08
6.233247843215499415e+03 9.999801572850888221e-01 2.387962364559527587e-08 9.999863852320690638e-01 2.386784942857244362e-08
6.245326689324449944e+03 9.999802341507486592e-01 2.368788540987345605e-08 9.999864380045774270e-01 2.367680055905109891e-08
6.252266932544699557e+03 9.999802779280034803e-01 2.358225990918714844e-08 9.999864681441688052e-01 2.357157234909578843e-08
6.261283966435750699e+03 9.999803347980462664e-01 2.344531714217637706e-08 9.999865071993864207e-01 2.343514050018024384e-08
6.275476943215450774e+03 9.999804239569324293e-01 2.322092878605504554e-08 9.999865683574353792e-01 2.321153238658251454e-08
6.296647498215450469e+03 9.999805556428148501e-01 2.289124782737517763e-08 9.999866587838189824e-01 2.288298183546795087e-08
6.315004565581749375e+03 9.999806685441156029e-01 2.261294383049844764e-08 9.999867364043160123e-01 2.260560472865693658e-08
6.325617850581700623e+03 9.999807336362623866e-01 2.245120014187974042e-08 9.999867810357497833e-01 2.244437240975462524e-08
6.331017851435700322e+03 9.999807663857726014e-01 2.237109014230337927e-08 9.999868036035103325e-01 2.236450936349621636e-08
6.341649801435750305e+03 9.999808310539269884e-01 2.221901037554508213e-08 9.999868479629551166e-01 2.221288219729034884e-08
6.360383198215449738e+03 9.999809441199547511e-01 2.194613657364023275e-08 9.999869255549623803e-01 2.194073195166663740e-08
6.375604083215399442e+03 9.999810350538274051e-01 2.172805282004789810e-08 9.999869880582833437e-01 2.172317205992161268e-08
6.386216773215400281e+03 9.999810982127101955e-01 2.157893615946919922e-08 9.999870313963302726e-01 2.157436448092006393e-08
6.400985123215449676e+03 9.999811854807765243e-01 2.136823211539773486e-08 9.999870913311478260e-01 2.136402526380714745e-08
6.421043070581750726e+03 9.999813029735771241e-01 2.109216129883422261e-08 9.999871720535604691e-01 2.108831814252581566e-08
6.433644260581750132e+03 9.999813764527696325e-01 2.092102103456542862e-08 9.999872224291901368e-01 2.091736134837606232e-08
6.439044261435748922e+03 9.999814077208996066e-01 2.084729476539657594e-08 9.999872439053495432e-01 2.084366450735319078e-08
6.457241766435749923e+03 9.999815125183291187e-01 2.060096546530404906e-08 9.999873158842536025e-01 2.059740117891563065e-08
6.497587638215449260e+03 9.999817416306565621e-01 2.006297112517972338e-08 9.999874732895362994e-01 2.005912517872730489e-08
6.557264007963800395e+03 9.999820734091567909e-01 1.930164482880369517e-08 9.999877009467472710e-01 1.929638282442798267e-08
6.595214052963850008e+03 9.999822792771196900e-01 1.883250467580568167e-08 9.999878424049852832e-01 1.882601654294619130e-08
6.600614056435750172e+03 9.999823083440347871e-01 1.876659715995673501e-08 9.999878623518745346e-01 1.875992490192509557e-08
6.655418091435700262e+03 9.999825991046407125e-01 1.813303035150119374e-08 9.999880619579958330e-01 1.812412184629120734e-08
6.764309337963799408e+03 9.999831558051655023e-01 1.693256133791006890e-08 9.999884442018190933e-01 1.692053755112168381e-08
6.824643681184099478e+03 9.999834528861260008e-01 1.630042266504985007e-08 9.999886481488488021e-01 1.628741459117714468e-08
6.848852386435749395e+03 9.999835697205683438e-01 1.605481193884234860e-08 9.999887284343247362e-01 1.604147376573260052e-08
6.981952333215449471e+03 9.999841913557062645e-01 1.485001440100711415e-08 9.999891551660384792e-01 1.484097108700081637e-08
7.122792737963800391e+03 9.999848114418774525e-01 1.363583024581197145e-08 9.999895808365972805e-01 1.363150161622915542e-08
7.154741901184099333e+03 9.999849471035833215e-01 1.339622459604292853e-08 9.999896739269940049e-01 1.339204713611129611e-08
7.293241856435699447e+03 9.999855139648859970e-01 1.241473039059627240e-08 9.999900631810588747e-01 1.241036928670762963e-08
7.526190897963799216e+03 9.999863982323349276e-01 1.089259907463586632e-08 9.999906701095760964e-01 1.088801306870675041e-08
7.631439991184100109e+03 9.999867713664848390e-01 1.028116122634977354e-08 9.999909262005698407e-01 1.027653736939209528e-08
7.769939941435701257e+03 9.999872392829566303e-01 9.525229150020626922e-09 9.999912474018948227e-01 9.520851346764343524e-09
8.108742132963799122e+03 9.999882848886183506e-01 7.992638807178139196e-09 9.999919649719239967e-01 7.988535016379296401e-09
8.319844381184098893e+03 9.999888724086639646e-01 7.165086210732874567e-09 9.999923682134017611e-01 7.161019215663664033e-09
8.458344331435700951e+03 9.999892344838670066e-01 6.674430352747284969e-09 9.999926165821071411e-01 6.670354059097060934e-09
8.950010097963800945e+03 9.999903860666440325e-01 5.337485200784339338e-09 9.999934068013919264e-01 5.333850223212000934e-09
9.313975921184099207e+03 9.999911233985123715e-01 4.459187384826273892e-09 9.999939127104713332e-01 4.456006698184302143e-09
9.452475871435701265e+03 9.999913818657208964e-01 4.163345172668451043e-09 9.999940900559131096e-01 4.160287094054814108e-09
1.016489341558170054e+04 9.999925484859635283e-01 3.155339605286045448e-09 9.999948904860010979e-01 3.152836006423225797e-09
1.074961101380199943e+04 9.999933377320998629e-01 2.425089018454510349e-09 9.999954318275499077e-01 2.423024369372755974e-09
1.088811096643570090e+04 9.999935067710074010e-01 2.277351384871878477e-09 9.999955475665895932e-01 2.275355402056785907e-09
1.191931834796380099e+04 9.999945823549851731e-01 1.642715344295564031e-09 9.999962853886739111e-01 1.641151016440759965e-09
1.282282579618409909e+04 9.999953191185726453e-01 1.147265316475437328e-09 9.999967907700769709e-01 1.146067573821097234e-09
1.296132576643570064e+04 9.999954189521734760e-01 1.084952949160466035e-09 9.999968591217681668e-01 1.083786772314110888e-09
1.445290064796380102e+04 9.999963161473400808e-01 7.441351169660148909e-10 9.999974744106795432e-01 7.432440316231863100e-10
1.581677559618410123e+04 9.999969243732780289e-01 4.621714744869524150e-10 9.999978914427714027e-01 4.615255094087770137e-10
1.595527556643574826e+04 9.999969777838756402e-01 4.394094648445042419e-10 9.999979279677937427e-01 4.387772338335627323e-10
1.811167171558174960e+04 9.999976545703592734e-01 2.896673209861468357e-10 9.999983921685949850e-01 2.892014056258145532e-10
2.014036791380199793e+04 9.999981031151367050e-01 1.614888367968708825e-10 9.999986998143440831e-01 1.611761725312709847e-10
2.027886786643575033e+04 9.999981293581532427e-01 1.547752569003836499e-10 9.999987176186375670e-01 1.544677329629413658e-10
2.339533894796384993e+04 9.999985943450599990e-01 9.857708157802387177e-11 9.999990365486284283e-01 9.835631073908109454e-11
2.638411009618410026e+04 9.999988952147584875e-01 4.875044163442004768e-11 9.999992426042646487e-01 4.861153055267867626e-11
2.652261001643574855e+04 9.999989064399962269e-01 4.703478200584017218e-11 9.999992504317218867e-01 4.689759091080890115e-11
3.102553464796385379e+04 9.999992001600690461e-01 2.931684071175491880e-11 9.999994520961277278e-01 2.922028829588409014e-11
3.540075939618410484e+04 9.999993864990013304e-01 1.323031682840456907e-11 9.999995793694809176e-01 1.317276525145872322e-11
3.553925936643575551e+04 9.999993906760462625e-01 1.286809741549913374e-11 9.999995825060988830e-01 1.281107141847071069e-11
4.204437524796384969e+04 9.999995652913837851e-01 8.047123404965839150e-12 9.999997018619024569e-01 8.007613585442309968e-12
4.842179119618410186e+04 9.999996715918084700e-01 3.570669081940059922e-12 9.999997750813578445e-01 3.548174836847003694e-12
4.856029116643570160e+04 9.999996736316447699e-01 3.496432856953058395e-12 9.999997764002330758e-01 3.474088479656742627e-12
5.795679109796379635e+04 9.999997703131532356e-01 2.124228315707574137e-12 9.999998429010643619e-01 2.108929381649700526e-12
6.722559109618410002e+04 9.999998292219149931e-01 8.228218503562098811e-13 9.999998832194751941e-01 8.144255528750149036e-13
6.736409106643569248e+04 9.999998312888442875e-01 8.115522336904194763e-13 9.999998840093290431e-01 8.031958092392415617e-13
8.093606709796383802e+04 9.999998821471663968e-01 5.730304310992834711e-13 9.999999194299651339e-01 5.673502867952744957e-13
9.438034319618415611e+04 9.999999132687920067e-01 3.452891138907163663e-13 9.999999407315937061e-01 3.422472542443941903e-13
9.451884316643574857e+04 9.999999134542248980e-01 3.440767356683462813e-13 9.999999409008211160e-01 3.410451561782935551e-13
1.141206650655817502e+05 9.999999369135058602e-01 3.589451201107997630e-13 9.999999586246238747e-01 3.568986684493514147e-13
1.335947870138020371e+05 9.999999554365602839e-01 3.749084163333943253e-13 9.999999701460756674e-01 3.738372912185306667e-13
1.337332869164358126e+05 9.999999538271149291e-01 3.734908115445201822e-13 9.999999698051259545e-01 3.724222589099401008e-13
1.620428689155817265e+05 9.999999685776926883e-01 1.976052736552887702e-13 9.999999794517606677e-01 1.968903307643446590e-13
1.902247510138019570e+05 9.999999763972954314e-01 2.307875619851131320e-14 9.999999848866838459e-01 2.271496761365412878e-14
1.903632509164357616e+05 9.999999766303062643e-01 2.307516984437536636e-14 9.999999849779113159e-01 2.271199465609576886e-14
2.312477944155817386e+05 9.999999828162461357e-01 2.793133255811460720e-14 9.999999895517742710e-01 2.768779615155880876e-14
2.720046380138020613e+05 9.999999892718797190e-01 3.278969234665618124e-14 9.999999928077957234e-01 3.266521034228499130e-14
2.721431379164357204e+05 9.999999879369582123e-01 3.273616364640296069e-14 9.999999924984229738e-01 3.261182647410383142e-14
3.311873066479638801e+05 9.999999902454098644e-01 1.685979019792742588e-14 9.999999946087444469e-01 1.677654001914755715e-14
3.901037757461841102e+05 9.999999905187685334e-01 1.036923264089568036e-15 9.999999955642221439e-01 9.946221400315307580e-16
3.902422759164356976e+05 9.999999935941383811e-01 1.035363136592548405e-15 9.999999962075868387e-01 9.931047931799227937e-16
4.755109381479638978e+05 9.999999913091377479e-01 9.016399478421619130e-16 9.999999965434833715e-01 8.771004945595625909e-16
5.606519007461841684e+05 1.000000014568294127e+00 4.215143742873344016e-16 1.000000002242226627e+00 4.177066025325194179e-16
5.607904009164357558e+05 1.000000003738235721e+00 7.215247357047837877e-17 9.999999999303239573e-01 7.139620383963755441e-17
