1.500001740000000139e-01 2.776962465459999585e+00 0.000000000000000000e+00 1.955124061146759518e+00 0.000000000000000000e+00
2.999992800999999876e-01 2.777935472871282396e+00 0.000000000000000000e+00 1.955586128947001123e+00 0.000000000000000000e+00
4.499982122000000251e-01 2.779560538338605280e+00 0.000000000000000000e+00 1.956357745883997801e+00 0.000000000000000000e+00
5.499982122000000029e-01 2.781008623750826469e+00 0.000000000000000000e+00 1.957045219007633730e+00 0.000000000000000000e+00
6.499988728000000160e-01 2.782750798551886895e+00 0.000000000000000000e+00 1.957872173002190630e+00 0.000000000000000000e+00
7.499996907000000546e-01 2.784789519854138362e+00 0.000000000000000000e+00 1.958839698285329334e+00 0.000000000000000000e+00
8.499999240000000178e-01 2.787127668745907449e+00 0.000000000000000000e+00 1.959949072713401907e+00 0.000000000000000000e+00
9.500001739999999195e-01 2.789768602847379597e+00 0.000000000000000000e+00 1.961201785962395361e+00 0.000000000000000000e+00
1.050000347999999972e+00 2.792716127725349384e+00 0.000000000000000000e+00 1.962599525310515736e+00 0.000000000000000000e+00
1.150000348000000061e+00 2.795974526115545533e+00 0.000000000000000000e+00 1.964144188754445297e+00 0.000000000000000000e+00
1.299999280100000210e+00 2.801455584865650383e+00 0.000000000000000000e+00 1.966741349195513466e+00 0.000000000000000000e+00
1.449998872800000171e+00 2.807665380330189642e+00 0.000000000000000000e+00 1.969682050974428611e+00 0.000000000000000000e+00
1.549999690699999988e+00 2.812220468173836530e+00 0.000000000000000000e+00 1.971837963623197520e+00 0.000000000000000000e+00
1.649999848000000213e+00 2.817115759710766554e+00 0.000000000000000000e+00 1.974153776712589181e+00 0.000000000000000000e+00
1.749999924000000151e+00 2.822358921764908324e+00 0.000000000000000000e+00 1.976632877126057952e+00 0.000000000000000000e+00
1.850000000000000311e+00 2.827958268744716452e+00 0.000000000000000000e+00 1.979278934404995027e+00 0.000000000000000000e+00
1.950000174000000142e+00 2.833922826635240533e+00 0.000000000000000000e+00 1.982095929112487553e+00 0.000000000000000000e+00
2.050000347999999750e+00 2.840262365125817645e+00 0.000000000000000000e+00 1.985088165904229651e+00 0.000000000000000000e+00
2.150000348000000283e+00 2.846987452886071246e+00 0.000000000000000000e+00 1.988260297293718448e+00 0.000000000000000000e+00
2.250000347999999928e+00 2.854109543321580400e+00 0.000000000000000000e+00 1.991617361498698946e+00 0.000000000000000000e+00
2.399999280099999854e+00 2.865564297544715533e+00 0.000000000000000000e+00 1.997011672510701441e+00 0.000000000000000000e+00
2.549998212200000225e+00 2.877986369992074245e+00 0.000000000000000000e+00 2.002854601572818360e+00 0.000000000000000000e+00
2.649998212200000314e+00 2.886830475795106210e+00 0.000000000000000000e+00 2.007010221262148786e+00 0.000000000000000000e+00
2.749998872799999994e+00 2.896144249477266897e+00 0.000000000000000000e+00 2.011382638251612232e+00 0.000000000000000000e+00
2.849999533400000118e+00 2.905945844953055524e+00 0.000000000000000000e+00 2.015979786406202123e+00 0.000000000000000000e+00
2.949999533400000207e+00 2.916254887415719921e+00 0.000000000000000000e+00 2.020810232415227503e+00 0.000000000000000000e+00
3.049999533399999851e+00 2.927092754588794588e+00 0.000000000000000000e+00 2.025883301282303872e+00 0.000000000000000000e+00
3.149999533400000384e+00 2.938482533818379316e+00 0.000000000000000000e+00 2.031209049071769357e+00 0.000000000000000000e+00
3.249999690700000610e+00 2.950449276693974721e+00 0.000000000000000000e+00 2.036798374193089511e+00 0.000000000000000000e+00
3.349999847999999947e+00 2.963020137734869497e+00 0.000000000000000000e+00 2.042663073311968169e+00 0.000000000000000000e+00
3.449999924000000551e+00 2.976224638028905023e+00 0.000000000000000000e+00 2.048815954410618811e+00 0.000000000000000000e+00
3.549999999999999822e+00 2.990094930212554125e+00 0.000000000000000000e+00 2.055270948917793383e+00 0.000000000000000000e+00
3.650000000000000355e+00 3.004666041810437616e+00 0.000000000000000000e+00 2.062043212098895850e+00 0.000000000000000000e+00
3.750000000000000444e+00 3.019976244595979686e+00 0.000000000000000000e+00 2.069149280158671722e+00 0.000000000000000000e+00
3.850000000000000089e+00 3.036067397320990846e+00 0.000000000000000000e+00 2.076607212640440459e+00 0.000000000000000000e+00
3.950000174000000364e+00 3.052985417472666274e+00 0.000000000000000000e+00 2.084436792043321329e+00 0.000000000000000000e+00
4.099999280100000476e+00 3.080024217066236414e+00 0.000000000000000000e+00 2.096925898176902336e+00 0.000000000000000000e+00
4.249998212200000403e+00 3.109230365312450228e+00 0.000000000000000000e+00 2.110383052838968432e+00 0.000000000000000000e+00
4.349998872799999639e+00 3.130014513999814341e+00 0.000000000000000000e+00 2.119939130877434241e+00 0.000000000000000000e+00
4.449999690699999455e+00 3.151936024988210239e+00 0.000000000000000000e+00 2.129999970345756832e+00 0.000000000000000000e+00
4.549999847999999680e+00 3.175078682354611104e+00 0.000000000000000000e+00 2.140601328547282467e+00 0.000000000000000000e+00
4.649999924000000284e+00 3.199536488441332871e+00 0.000000000000000000e+00 2.151783270988828267e+00 0.000000000000000000e+00
4.750000000000000000e+00 3.225414822178355845e+00 0.000000000000000000e+00 2.163590637003193429e+00 0.000000000000000000e+00
4.850000174000000719e+00 3.252832441996862389e+00 0.000000000000000000e+00 2.176073879113319620e+00 0.000000000000000000e+00
4.950000347999999661e+00 3.281923720866228411e+00 0.000000000000000000e+00 2.189289991611839348e+00 0.000000000000000000e+00
5.056825680100001108e+00 3.315022555690229300e+00 0.000000000000000000e+00 2.204291047474035814e+00 0.000000000000000000e+00
5.206824612200000146e+00 3.365433827104779674e+00 0.000000000000000000e+00 2.227067533291835044e+00 0.000000000000000000e+00
5.349998872799999639e+00 3.418438265353431316e+00 0.000000000000000000e+00 2.250926512446651095e+00 0.000000000000000000e+00
5.449999690700000343e+00 3.458701892060561445e+00 0.000000000000000000e+00 2.268991648916676596e+00 0.000000000000000000e+00
5.549999848000000569e+00 3.501990767104698143e+00 0.000000000000000000e+00 2.288359530191250713e+00 0.000000000000000000e+00
5.649999924000000284e+00 3.548683145113664228e+00 0.000000000000000000e+00 2.309188964161502877e+00 0.000000000000000000e+00
5.750000000000000000e+00 3.599231630310380847e+00 0.000000000000000000e+00 2.331669736553199090e+00 0.000000000000000000e+00
5.850000174000000719e+00 3.654184143828401066e+00 0.000000000000000000e+00 2.356031349597992097e+00 0.000000000000000000e+00
5.950000347999999661e+00 3.714212331990947469e+00 0.000000000000000000e+00 2.382554858683432197e+00 0.000000000000000000e+00
6.064887030100000409e+00 3.790534622449516000e+00 0.000000000000000000e+00 2.416152275964701168e+00 0.000000000000000000e+00
6.214885962200000336e+00 3.904722369337112031e+00 0.000000000000000000e+00 2.466175293646394540e+00 0.000000000000000000e+00
6.349998872800000527e+00 4.025678122471571641e+00 0.000000000000000000e+00 2.518876582810768205e+00 0.000000000000000000e+00
6.449999690699999455e+00 4.129650341505278988e+00 0.000000000000000000e+00 2.563969106125975728e+00 0.000000000000000000e+00
6.549999847999999680e+00 4.249679114899295840e+00 0.000000000000000000e+00 2.615815268526146209e+00 0.000000000000000000e+00
6.649999924000000284e+00 4.390885077169390804e+00 0.000000000000000000e+00 2.676562817286126439e+00 0.000000000000000000e+00
6.750000000000000000e+00 4.561317930696618284e+00 0.000000000000000000e+00 2.749598570840082523e+00 0.000000000000000000e+00
6.850000174000000719e+00 4.774785178137086028e+00 0.000000000000000000e+00 2.840759217088527855e+00 0.000000000000000000e+00
6.950000348000000550e+00 5.058362101321224991e+00 0.000000000000000000e+00 2.961570819321068804e+00 0.000000000000000000e+00
7.076948880099999784e+00 5.639726952081653977e+00 0.000000000000000000e+00 3.209553177338135832e+00 0.000000000000000000e+00
7.214285662200000893e+00 7.103618263166324276e+00 1.108140400156527594e+00 3.839475343860488721e+00 4.942854832825291922e-01
7.337336062200000342e+00 6.295722589723764528e+00 2.634545030416251876e+00 3.412268414906758363e+00 1.125597339789734308e+00
7.449998212200000580e+00 5.593329812909353826e+00 3.055367267643547713e+00 3.148704981154278215e+00 1.227796790467309274e+00
7.549998872800000704e+00 5.138420912980552480e+00 3.187418558624857123e+00 2.987795023939696648e+00 1.275438671679198332e+00
7.649999690699999633e+00 4.786746430229467109e+00 3.266130998131062224e+00 2.863345349517749661e+00 1.306160305300146263e+00
7.749999923999999929e+00 4.494357610789989188e+00 3.315138645129994011e+00 2.759604175564734696e+00 1.328699929039450112e+00
7.850000173999999831e+00 4.242139607861150630e+00 3.344604174980377209e+00 2.670464258901340759e+00 1.345086879450972273e+00
7.950000347999999661e+00 4.019518105191818513e+00 3.360167466303257910e+00 2.591618202813046778e+00 1.357448485535528437e+00
8.050000951999999543e+00 3.820002926602606319e+00 3.365270821401791679e+00 2.520941692905037002e+00 1.366526662549560678e+00
8.150001806000000570e+00 3.639277634766656888e+00 3.362206754478335391e+00 2.456687346997786126e+00 1.373233465530617758e+00
8.297405634100000427e+00 3.401360833846462928e+00 3.348764471894380090e+00 2.371261034956734903e+00 1.379878542164932442e+00
8.447403712199999859e+00 3.183703785890218185e+00 3.321746136969742746e+00 2.293335382870329564e+00 1.382965022972758806e+00
8.549998872799999816e+00 3.049694821537356049e+00 3.299004526572844043e+00 2.244411850867811697e+00 1.383771250782962259e+00
8.649999690700001409e+00 2.928143600411068359e+00 3.274185476408535855e+00 2.199540655128081390e+00 1.383511896515637662e+00
8.749999847999999858e+00 2.814572781252386413e+00 3.247133319215421032e+00 2.157354963243018453e+00 1.382402680888114244e+00
8.849999924000000462e+00 2.708190649288401364e+00 3.218219970825074494e+00 2.117322430441343162e+00 1.380746544625356620e+00
8.950000173999999475e+00 2.608368768005180360e+00 3.187736959798561198e+00 2.079207864983918075e+00 1.378418095652630626e+00
9.050000952000001320e+00 2.514550837174669429e+00 3.155980530770521320e+00 2.042983187163937231e+00 1.375451772406584450e+00
9.150001806000002347e+00 2.426261451993656504e+00 3.123168439862986645e+00 2.008555008328327229e+00 1.372066493452708036e+00
9.256429505999999918e+00 2.338082451778733528e+00 3.087471415777059303e+00 1.973446870423587685e+00 1.368162852905897786e+00
9.385897374099998913e+00 2.237936783161983634e+00 3.043632873576566311e+00 1.932737321997511470e+00 1.362732232975053526e+00
9.529468027200000080e+00 2.134239262060532827e+00 2.993895440435088595e+00 1.890364432066563127e+00 1.355955186309043992e+00
9.649998907799998804e+00 2.053134028603283756e+00 2.951018381380919653e+00 1.856423803699903452e+00 1.350076927969632523e+00
9.749999705699998742e+00 1.990234985649910415e+00 2.915546559564841989e+00 1.829345083045856857e+00 1.344878647930236593e+00
9.849999928999999099e+00 1.930584118797142867e+00 2.880056058396600616e+00 1.803258353102405565e+00 1.339345558197483355e+00
9.950000183999998526e+00 1.874001558211811469e+00 2.844619018807383437e+00 1.778336609390440470e+00 1.333624660443808230e+00
1.005000096200000037e+01 1.820277709592318383e+00 2.809274210117898463e+00 1.754146305844282550e+00 1.327984677909141986e+00
1.015000180600000057e+01 1.769287446315849222e+00 2.774002159280860358e+00 1.730641185851483632e+00 1.322143467131938310e+00
1.027752404410000153e+01 1.708389000735442531e+00 2.729818597784329004e+00 1.701725680085169445e+00 1.314408503548122109e+00
1.042752214719999948e+01 1.640659458600729259e+00 2.678190028976062731e+00 1.669514563387523465e+00 1.304902446038502584e+00
1.054999890779999916e+01 1.588824323883441192e+00 2.635993142520370647e+00 1.644169282679993849e+00 1.297250945557178348e+00
1.064999970569999910e+01 1.549145465288197743e+00 2.602037324122653761e+00 1.624082953713575472e+00 1.290871744362213080e+00
1.074999992899999945e+01 1.511351640021457277e+00 2.568459944063381961e+00 1.604546461639439814e+00 1.284315082475814718e+00
1.085000018400000066e+01 1.475344872611717317e+00 2.535269505860677786e+00 1.585698407875215432e+00 1.277595971377635697e+00
1.095000096200000073e+01 1.441031768141796121e+00 2.502447921440190015e+00 1.567525154024686396e+00 1.270914794181260632e+00
1.105000180600000093e+01 1.408346294941650534e+00 2.469991437960058711e+00 1.549748976735776829e+00 1.264349305943055723e+00
1.115000205599999994e+01 1.377231015111270773e+00 2.437885585968197599e+00 1.532360425436218199e+00 1.257697029073566952e+00
1.130000015909999966e+01 1.333727705279647680e+00 2.391213323604004071e+00 1.507092343807169277e+00 1.247602087022031236e+00
1.144999890779999951e+01 1.291925598746355153e+00 2.344739788514919265e+00 1.482991272988863685e+00 1.237066799539701334e+00
1.154999970569999945e+01 1.266194473678411203e+00 2.314301093520873653e+00 1.467519895062364910e+00 1.230326094496930089e+00
1.164999992899999981e+01 1.241625339355820756e+00 2.284333257427899611e+00 1.452314898009993804e+00 1.223562314817215446e+00
1.175000018399999924e+01 1.218184134196253376e+00 2.254805641805751382e+00 1.437421058668700180e+00 1.216729896754423335e+00
1.185000036799999990e+01 1.195817443192010998e+00 2.225706430188307383e+00 1.422866305366600637e+00 1.209798798164941402e+00
1.195000096200000073e+01 1.174492209313592550e+00 2.197021501177599312e+00 1.408735536721413828e+00 1.202754525044977818e+00
1.205000180599999915e+01 1.154154759860170021e+00 2.168762861597013369e+00 1.395156814388283317e+00 1.195727880109440866e+00
1.215000205599999816e+01 1.134772010379134777e+00 2.140886270557153193e+00 1.381825083793353004e+00 1.188911371920361004e+00
1.230000015909999966e+01 1.107693430815521518e+00 2.100307667481131624e+00 1.362257624221200558e+00 1.178742136783895722e+00
1.244999890779999951e+01 1.081630806663562261e+00 2.060180004999399017e+00 1.343160289429725429e+00 1.168313245831970049e+00
1.254999970569999945e+01 1.065632109853693610e+00 2.033946800665877852e+00 1.330870067356527686e+00 1.161260695015049249e+00
1.264999992900000159e+01 1.050366929000548177e+00 2.008157350759188997e+00 1.319109262516110492e+00 1.154194415239989890e+00
1.275000018399999924e+01 1.035829079458255197e+00 1.982771885258727718e+00 1.307545011108252941e+00 1.147389007926278071e+00
1.285000036799999990e+01 1.021977733216929085e+00 1.957795212547279950e+00 1.296134852408282745e+00 1.140593719020060348e+00
1.295000096199999895e+01 1.008803776747033920e+00 1.933193284089467001e+00 1.284915701887505701e+00 1.133772366337027160e+00
1.305000180599999915e+01 9.962766390340205280e-01 1.908984327281130655e+00 1.273908965109433300e+00 1.126902317208380078e+00
1.315000205599999994e+01 9.843812263917496308e-01 1.885129775923924500e+00 1.263147580776068812e+00 1.119950732149759931e+00
1.330000015909999966e+01 9.678648391468019918e-01 1.850370628865765754e+00 1.247727359319584561e+00 1.109635132846300776e+00
1.344999890779999951e+01 9.520156102409906840e-01 1.816120709493543206e+00 1.232641298555243958e+00 1.099406448596117913e+00
1.354999970570000123e+01 9.423896573735963678e-01 1.793745773340391203e+00 1.222841282991851353e+00 1.092661657872332492e+00
1.364999992899999981e+01 9.332563764803591955e-01 1.771774302801797818e+00 1.213192474596491044e+00 1.085902389014418601e+00
1.375000018399999924e+01 9.246116256738294847e-01 1.750154572173983514e+00 1.203718541898659566e+00 1.079104473493006644e+00
1.385000036800000167e+01 9.164497737413228595e-01 1.728884852149381812e+00 1.194447594074730112e+00 1.072239814365643751e+00
1.395000096200000073e+01 9.087675077262811207e-01 1.707962153496264568e+00 1.185525217579984414e+00 1.065333190524594853e+00
1.405000180600000270e+01 9.015281687930875032e-01 1.687401196052051855e+00 1.176855604154487978e+00 1.058572422039590233e+00
1.415000205600000172e+01 8.947258352063367504e-01 1.667155548578491686e+00 1.168295947156824610e+00 1.051924628756132796e+00
1.430000015910000144e+01 8.854680847666281940e-01 1.637638277727859970e+00 1.155685014838419011e+00 1.042018655037618258e+00
1.444999890780000129e+01 8.766860479440556908e-01 1.608649698120048432e+00 1.143314496735663877e+00 1.031977283781007060e+00
1.454999970569999945e+01 8.714999978659520030e-01 1.589726868110568514e+00 1.135311883845695702e+00 1.025235939778829763e+00
1.464999992900000159e+01 8.666758482657400675e-01 1.571157473297742024e+00 1.127562129979561067e+00 1.018443176393694749e+00
1.475000018400000101e+01 8.622244230792033282e-01 1.552907750482323879e+00 1.120115072417550151e+00 1.011718899544959971e+00
1.485000036799999990e+01 8.581172235943150817e-01 1.535001942189979873e+00 1.112767585225078015e+00 1.005165272133159204e+00
1.495000096200000250e+01 8.543497671414128636e-01 1.517405840544677087e+00 1.105502623853327204e+00 9.986281428545922267e-01
1.505000180599999737e+01 8.509179137385716185e-01 1.500128231493161657e+00 1.098346850681441333e+00 9.920816748573613175e-01
1.515000205599999994e+01 8.478088214776555720e-01 1.483155577402077485e+00 1.091317184303631116e+00 9.855089780146152334e-01
1.530000015910000322e+01 8.438545541304585118e-01 1.458439485665650182e+00 1.081051519211360334e+00 9.756215319766912142e-01
1.544999890780000307e+01 8.402723856066169894e-01 1.434268760308140322e+00 1.071232192043149123e+00 9.655456306062748517e-01
1.554999970570000123e+01 8.383692321378333201e-01 1.418545942110105651e+00 1.064992797027197513e+00 9.589723107550386372e-01
1.564999992900000159e+01 8.367566637050409817e-01 1.403133966192354309e+00 1.058831735499319082e+00 9.524832162955337855e-01
1.575000018400000279e+01 8.354119869779136343e-01 1.388053674824361705e+00 1.052759719399424476e+00 9.459922985195068357e-01
1.585000036799999812e+01 8.343311743494082888e-01 1.373275821130827801e+00 1.046798149499731156e+00 9.394790525392009428e-01
1.595000096200000073e+01 8.335027552262421757e-01 1.358806462641637181e+00 1.040961958841837731e+00 9.329288516297254974e-01
1.605000180600000093e+01 8.329346601602627409e-01 1.344624112008665717e+00 1.035267363669528207e+00 9.263261392531463301e-01
1.616787921909999781e+01 8.326359799124006811e-01 1.328334398250670345e+00 1.028774489846620899e+00 9.184557200252245757e-01
1.631787732219999754e+01 8.326683293568838407e-01 1.308265821423952424e+00 1.021108878092500394e+00 9.083936136344556989e-01
1.644999890779999774e+01 8.330466861680655422e-01 1.291046305845028996e+00 1.014571410399996987e+00 8.996836949619689827e-01
1.654999955339999929e+01 8.336544454793859416e-01 1.278379057036954869e+00 1.009779097122656122e+00 8.930554957269695171e-01
1.664999955340000071e+01 8.344821982223352697e-01 1.265995669925563227e+00 1.005137358466637654e+00 8.863628869521871234e-01
1.674999970570000229e+01 8.355374332635264745e-01 1.253900010647864161e+00 1.000672447114232755e+00 8.795824629141568707e-01
1.684999985800000033e+01 8.368075227301828845e-01 1.242086348486572289e+00 9.964139715442360545e-01 8.726884168578470380e-01
1.694999992900000052e+01 8.383101238127579347e-01 1.230523558185177890e+00 9.924024369003712209e-01 8.656459900369369853e-01
1.705000000000000071e+01 8.400673264023119646e-01 1.219199677384233738e+00 9.887305227684763942e-01 8.584234296776019901e-01
1.715000018400000315e+01 8.421566756014974287e-01 1.208075971482225119e+00 9.855128687191442305e-01 8.510732716612792181e-01
1.725000096200000144e+01 8.449093071369795371e-01 1.197283627030080622e+00 9.826278442535646418e-01 8.436566408403909367e-01
1.735000180600000164e+01 8.477200498934270856e-01 1.187380993948393026e+00 9.801522534031922307e-01 8.359616153840508934e-01
1.750000102800000334e+01 8.517961109070907311e-01 1.172993745002566035e+00 9.775890413341769003e-01 8.236286104640659911e-01
1.765000077799999900e+01 8.560906051357490831e-01 1.158546283070194471e+00 9.773030955993470270e-01 8.095055351315763037e-01
1.775000155600000085e+01 8.594572262247380801e-01 1.148417761057819009e+00 9.796736388255962158e-01 7.981554085035841295e-01
1.785000180600000164e+01 8.639987616064715992e-01 1.136882600409151900e+00 9.872112706171326524e-01 7.828461062263416537e-01
1.798733965599999962e+01 8.830437228182318465e-01 1.125081045601854512e+00 1.034464850784307721e+00 7.850958592756169807e-01
1.813733862799999841e+01 8.926144768875061697e-01 1.130444049672647111e+00 1.031194407545856118e+00 8.329014296350014668e-01
1.825000000000000000e+01 8.929061160654260254e-01 1.131253393581844513e+00 1.013450203487134438e+00 8.474864447496495146e-01
1.835000000000000142e+01 8.921330240802438638e-01 1.129476949655062956e+00 9.969662755992717562e-01 8.529692758682648757e-01
1.845000077799999971e+01 8.914320550742681482e-01 1.126606515611358272e+00 9.824237896473888565e-01 8.538938860105094175e-01
1.855000180600000093e+01 8.908886115613026124e-01 1.123146520445297059e+00 9.690455908916741912e-01 8.529637332107157244e-01
1.870000102800000263e+01 8.903807559634852042e-01 1.117371831277599536e+00 9.510734513910770183e-01 8.486230183624028367e-01
1.885000000000000142e+01 8.902192942052320479e-01 1.111179717280597945e+00 9.351232116223279212e-01 8.422964533695639355e-01
1.895000077800000327e+01 8.903816328247219358e-01 1.106815043678994526e+00 9.255061276827818428e-01 8.373513198035478222e-01
1.905000180600000093e+01 8.914462141004646512e-01 1.102397705082429846e+00 9.164417133140960736e-01 8.321042406393811541e-01
1.920000102799999908e+01 8.931300372915573771e-01 1.097391400489012625e+00 9.038135284912626188e-01 8.236898807952622859e-01
1.935000000000000142e+01 8.944297275858481555e-01 1.093031554045618581e+00 8.920667114984113244e-01 8.146407522633084541e-01
1.945000077800000327e+01 8.951784378325686742e-01 1.090403322837006472e+00 8.847330732468866588e-01 8.083518286545541276e-01
1.955000180600000093e+01 8.958347155957963048e-01 1.087974924865877657e+00 8.779301754293078464e-01 8.018469849934155569e-01
1.970000102799999908e+01 8.966657543682985398e-01 1.084696345505594905e+00 8.682714151065065167e-01 7.921232131113503661e-01
1.985000000000000142e+01 8.973088347543678456e-01 1.081757291729644743e+00 8.593628696860117211e-01 7.819491408187561055e-01
1.995000077800000327e+01 8.977829692579628595e-01 1.079979351300205836e+00 8.540116932042819409e-01 7.752436156433939463e-01
2.005000180600000093e+01 8.983342138372633068e-01 1.078507392859753944e+00 8.487850117265616223e-01 7.686971273689939821e-01
2.017947155600000286e+01 8.988382055563833850e-01 1.077205889477283129e+00 8.422267141726526019e-01 7.601016560965734303e-01
2.032947052800000520e+01 8.990453945769187882e-01 1.076229882472682808e+00 8.353566992369173549e-01 7.499695965833261813e-01
2.045000078300000368e+01 8.989474535312881320e-01 1.075826269533560087e+00 8.300728414093699881e-01 7.420714756006721036e-01
2.055000182100000217e+01 8.986872917235990688e-01 1.075752865153734916e+00 8.258168497778688444e-01 7.354519893660316221e-01
2.065000207599999982e+01 8.982542101669583889e-01 1.075920499816696241e+00 8.217694477855856938e-01 7.287163298946347512e-01
2.075482214410000026e+01 8.976006792245178056e-01 1.076371493912287480e+00 8.179761996812605629e-01 7.216313736529260670e-01
2.088247351720000111e+01 8.964736678482257970e-01 1.077365933227763861e+00 8.136639686857921605e-01 7.133397407400045021e-01
2.102765241110000005e+01 8.941241080641625372e-01 1.078965552756677715e+00 8.088501848229366908e-01 7.040760915199092418e-01
2.115000000000000213e+01 8.918489189021763242e-01 1.079981955364716306e+00 8.050699114707098314e-01 6.962028833781180870e-01
2.125000078300000084e+01 8.899238086899544653e-01 1.080939203292304418e+00 8.022426357873175817e-01 6.898953659375359759e-01
2.135000156599999954e+01 8.878904868765756797e-01 1.082064791139829119e+00 7.994474253696619570e-01 6.837524217860048159e-01
2.145000156600000452e+01 8.857215742911527245e-01 1.083392905006799189e+00 7.966914230036620248e-01 6.776131371345200938e-01
2.155000182099999861e+01 8.833907430902421254e-01 1.084956748709456908e+00 7.940255685108048578e-01 6.714341741399473262e-01
2.165000207599999982e+01 8.808669458821828391e-01 1.086796916753475450e+00 7.915719715925211286e-01 6.652136637868404367e-01
2.176821749409999640e+01 8.775724893347478517e-01 1.089413941145482179e+00 7.889580760675659610e-01 6.579934060738205082e-01
2.191195449219999603e+01 8.728816228727434012e-01 1.093532698176232110e+00 7.860162684927693988e-01 6.494670006754794667e-01
2.204373803610000238e+01 8.658897629648235617e-01 1.098222378413974631e+00 7.833603137616088619e-01 6.418445645556800638e-01
2.215000000000000213e+01 8.596644077139588003e-01 1.100058014827530961e+00 7.812972717328324768e-01 6.356867525920781858e-01
2.225000078300000084e+01 8.540977413670481910e-01 1.101509738043448872e+00 7.796185822038197433e-01 6.299246653744784430e-01
2.235000156599999954e+01 8.486323267143248694e-01 1.102920462919297906e+00 7.779524019773751409e-01 6.243973384486116718e-01
2.245000156600000096e+01 8.431839041701914006e-01 1.104399095285512722e+00 7.762803448787721772e-01 6.189134616439991854e-01
2.255000182100000217e+01 8.376900308501457060e-01 1.106028843252027549e+00 7.746405857532409067e-01 6.134410122933139364e-01
2.265000207599999626e+01 8.320911726182618207e-01 1.107891738528778314e+00 7.730657171035711928e-01 6.079543283072226245e-01
2.280000103800000133e+01 8.233352303111176607e-01 1.111377485565379297e+00 7.709838009812354231e-01 5.997965955704780416e-01
2.295000078300000368e+01 8.136564006121189685e-01 1.116310843517089424e+00 7.691890055647333524e-01 5.917477520065753671e-01
2.305000182099999861e+01 8.048833048180055183e-01 1.120805755943978577e+00 7.680651317797262401e-01 5.866390057201168462e-01
2.315000207599999982e+01 7.935408648218428285e-01 1.123968429187180984e+00 7.669219500823354352e-01 5.815823603831079547e-01
2.329766101600000283e+01 7.771518864301312224e-01 1.124171575047673288e+00 7.652756981801845937e-01 5.741677927253535652e-01
2.344765997800000079e+01 7.616542985169123536e-01 1.122937750493911535e+00 7.638192160617670590e-01 5.666536097858076992e-01
2.355000000000000071e+01 7.514873739949876619e-01 1.121704462372461464e+00 7.628821399091240130e-01 5.617128848912276151e-01
2.365000000000000213e+01 7.417501470893109738e-01 1.120334277508942211e+00 7.619617542080096007e-01 5.569245820955041060e-01
2.375000078300000084e+01 7.321397759303078789e-01 1.118893611351775119e+00 7.610616070892108898e-01 5.521560643400488244e-01
2.385000156599999599e+01 7.225905512391707086e-01 1.117478828185077377e+00 7.602005454476034041e-01 5.473936735401543352e-01
2.395000156600000096e+01 7.130181252969728378e-01 1.116221374417272649e+00 7.594083762625659650e-01 5.426163381043154210e-01
2.405000182099999861e+01 7.032646194139474671e-01 1.115374813959992384e+00 7.588318849254366283e-01 5.378772790191695963e-01
2.415000207599999982e+01 6.922378521478737001e-01 1.115178522138507100e+00 7.582972139748572760e-01 5.333490370622536725e-01
2.430000103800000488e+01 6.725174204704408298e-01 1.112644372183359431e+00 7.574339758817755230e-01 5.267498498612741553e-01
2.445000078300000368e+01 6.534211902720946652e-01 1.106365106435158285e+00 7.565414810422684821e-01 5.202148268721169533e-01
2.455000182100000217e+01 6.412485121170306002e-01 1.101358974779959476e+00 7.559704260450702540e-01 5.158915633367117115e-01
2.465000207599999982e+01 6.293871119436086348e-01 1.095848205852506529e+00 7.554283225087418119e-01 5.115804884005278330e-01
2.480000103800000488e+01 6.121066464264275364e-01 1.086793928758090777e+00 7.547435993871340898e-01 5.052062775874014422e-01
2.495000078300000368e+01 5.952645705493270212e-01 1.076770232007157491e+00 7.540873280295413705e-01 4.989223115796582175e-01
2.505000182100000217e+01 5.843345957279525438e-01 1.069571026672307745e+00 7.536947225926481364e-01 4.947683253564111872e-01
2.515000207599999982e+01 5.736243145443324920e-01 1.061924169419951935e+00 7.533914738025935254e-01 4.906449841210960283e-01
2.525400947910000227e+01 5.627705073864387453e-01 1.053380547706879611e+00 7.531233452232581893e-01 4.864628178309313156e-01
2.538779357409999804e+01 5.503234345392356008e-01 1.041715042470206631e+00 7.527642525526522244e-01 4.811964708202447483e-01
2.553378513299999852e+01 5.371609774582023489e-01 1.029680271546288273e+00 7.524276652768389084e-01 4.755218079214478255e-01
2.565000000000000213e+01 5.267275057116231896e-01 1.019906466172377790e+00 7.521581085755082441e-01 4.711035927978842186e-01
2.575000078300000084e+01 5.178304882164108669e-01 1.011272839804009394e+00 7.519256239713750789e-01 4.673352579235860449e-01
2.585000156599999954e+01 5.090169432579546571e-01 1.002387239012912046e+00 7.517000134864513239e-01 4.635906446858285013e-01
2.595000156600000452e+01 5.003010449579395891e-01 9.932086895968050833e-01 7.514876018687728365e-01 4.598656869342224729e-01
2.605000182099999861e+01 4.916989713571563447e-01 9.836913991137253843e-01 7.512948893744479939e-01 4.561562655689552770e-01
2.615000207599999982e+01 4.832337805289706467e-01 9.737760234385290925e-01 7.511315601681974874e-01 4.524565208644542036e-01
2.625848810409999956e+01 4.742503231708581901e-01 9.624703265136100860e-01 7.510202765315517892e-01 4.484564363218825900e-01
2.640325681719999906e+01 4.627611933899319907e-01 9.461111725228470437e-01 7.510364730451255522e-01 4.432595130796811445e-01
2.654476975109999870e+01 4.546317781504222166e-01 9.279364560211185164e-01 7.509994880293889841e-01 4.383605716679651598e-01
2.665000000000000213e+01 4.500881583655320095e-01 9.166335906933420485e-01 7.509592667561525436e-01 4.347621816704496100e-01
2.675000078300000084e+01 4.454972594661264496e-01 9.063977581061682942e-01 7.509195880050346661e-01 4.313701786745117728e-01
2.685000156599999954e+01 4.407884943947180112e-01 8.963423585533342175e-01 7.508836707633175234e-01 4.280011121792671180e-01
2.695000156600000096e+01 4.360245586262698203e-01 8.863373253055439882e-01 7.508565187583559064e-01 4.246519495461841265e-01
2.705000182100000217e+01 4.312428081538190461e-01 8.763026506521477410e-01 7.508483022135774565e-01 4.213240975423516721e-01
2.715000207599999626e+01 4.264728118024487258e-01 8.661738168288919404e-01 7.508542557074275869e-01 4.180241944468320869e-01
2.730000103800000133e+01 4.194134938835131221e-01 8.507054562308609125e-01 7.508853477229757711e-01 4.131225543964314739e-01
2.745000078300000013e+01 4.124966582825005945e-01 8.346530053459219056e-01 7.509598067477085692e-01 4.082333704089625703e-01
2.755000182099999861e+01 4.080952524007329663e-01 8.234595928915563467e-01 7.511016483383390341e-01 4.050124438669969185e-01
2.765000207599999982e+01 4.039992196256293466e-01 8.115653586954573173e-01 7.512579218555952565e-01 4.018832124223957192e-01
2.778793162599999533e+01 4.014340763997117367e-01 7.946136662033560505e-01 7.514424398299937025e-01 3.976587612949997741e-01
2.793793058800000040e+01 3.992055029303760438e-01 7.787873577644502943e-01 7.516262053752691408e-01 3.931141638505220026e-01
2.805000000000000071e+01 3.974125619378509611e-01 7.674925485373501610e-01 7.517651740257140780e-01 3.897544747923034070e-01
2.815000000000000568e+01 3.957425896373305552e-01 7.575895971062877043e-01 7.518935321185237219e-01 3.867787726381156643e-01
2.830000000000000071e+01 3.931919702762100566e-01 7.428735281607348195e-01 7.520975147150102957e-01 3.823574438692795008e-01
2.850000000000000000e+01 3.898030897470256551e-01 7.232079571330053414e-01 7.523986850198148835e-01 3.765119491740176461e-01
2.865000000000000568e+01 3.873820645182688982e-01 7.082194097103625685e-01 7.526669870781637073e-01 3.721547436944226961e-01
2.879141072299999848e+01 3.853533968266649179e-01 6.937051586495909250e-01 7.530084848203880687e-01 3.681198475825676053e-01
2.894141072300000062e+01 3.840941787516156669e-01 6.775131963613502117e-01 7.533960657597971178e-01 3.639298370551131701e-01
2.905000000000000426e+01 3.845432150669493843e-01 6.658107722531330097e-01 7.536698977103302166e-01 3.609671992910321592e-01
2.914999999999999858e+01 3.852646029698277852e-01 6.561235648440961743e-01 7.539145961736134494e-01 3.582637734604272595e-01
2.929999999999999716e+01 3.861156406795745455e-01 6.421735954002363300e-01 7.542782053681412746e-01 3.542531502443688196e-01
2.950000000000000355e+01 3.871213015118968870e-01 6.240458447262339226e-01 7.547642990891908488e-01 3.489630199829263368e-01
2.965000000000000213e+01 3.879034067972483291e-01 6.105928785778853563e-01 7.551341547055847592e-01 3.450332502291368342e-01
2.975148958200000138e+01 3.885049850896667434e-01 6.014931938300647207e-01 7.553922445465862667e-01 3.423892423285064268e-01
2.990148958199999996e+01 3.896651139166864009e-01 5.880420727784341217e-01 7.558053087868251696e-01 3.384990362713938272e-01
3.004999999999999716e+01 3.910055503187770398e-01 5.747214057357876715e-01 7.562793509218583843e-01 3.346650293600864634e-01
3.015000000000000213e+01 3.921088681297367207e-01 5.655883961234924318e-01 7.566589325609005545e-01 3.321460111978608021e-01
3.030000000000000071e+01 3.949305092937592798e-01 5.519822905926781154e-01 7.571874120247109596e-01 3.284835409668776518e-01
3.050000000000000355e+01 3.992810786949226864e-01 5.350889743304935164e-01 7.578524085453347547e-01 3.236700249998561429e-01
3.065000000000000213e+01 4.026381804758653593e-01 5.230717663785259264e-01 7.583300142961615364e-01 3.200990652185820573e-01
3.080000000000000071e+01 4.062050353469053854e-01 5.113577091297033528e-01 7.588162033636285386e-01 3.165512554357460262e-01
3.100000000000000355e+01 4.110910962317007034e-01 4.962829669686518730e-01 7.594887729779999930e-01 3.118581022368296929e-01
3.115000000000000213e+01 4.148326797031704483e-01 4.852705457653709309e-01 7.600163953093171942e-01 3.083662165354020823e-01
3.129746040610000080e+01 4.186259625363549786e-01 4.745862926132705106e-01 7.605689640584615274e-01 3.049651303100291977e-01
3.144746040609999937e+01 4.226669816627357523e-01 4.637560307594638664e-01 7.612188538656216030e-01 3.015480317541559541e-01
3.155000000000000071e+01 4.256786812150193389e-01 4.563036390654764962e-01 7.616532667260037526e-01 2.993043944053779271e-01
3.165000000000000213e+01 4.291754526741202169e-01 4.491194774835304271e-01 7.620480338166327750e-01 2.971326118967221874e-01
3.180000000000000071e+01 4.347082494350247295e-01 4.394024501290463847e-01 7.626374517055758417e-01 2.938907063609265125e-01
3.200000000000000711e+01 4.418761521467487463e-01 4.274607656308785919e-01 7.634266757878217513e-01 2.896107781393538194e-01
3.215000000000000568e+01 4.471005556632506317e-01 4.190348548666368300e-01 7.640241707541192140e-01 2.864324217705834230e-01
3.225000000000000000e+01 4.505292614738815038e-01 4.135970350268958207e-01 7.644294088210256133e-01 2.843320145937908161e-01
3.240000000000000568e+01 4.556177595205894160e-01 4.056731351071529712e-01 7.650444529226481105e-01 2.812099208166578546e-01
3.255000000000000426e+01 4.606661068600416131e-01 3.979790704636372300e-01 7.656689070273889897e-01 2.781072172073325022e-01
3.265000000000000568e+01 4.640383350993421141e-01 3.929568222410544931e-01 7.660929904717320715e-01 2.760489348426004019e-01
3.275000000000000000e+01 4.674589116733275374e-01 3.879988874124438714e-01 7.665505597572235263e-01 2.739986941846005997e-01
3.287861015610000237e+01 4.720648356446591198e-01 3.818123294763614006e-01 7.671706984949199226e-01 2.714285268523658479e-01
3.302861015610000095e+01 4.777137060012031644e-01 3.750904234876034637e-01 7.678627640121128417e-01 2.684953240412339959e-01
3.314999999999999858e+01 4.821195954940898920e-01 3.702499267058296795e-01 7.684135165128098688e-01 2.661455664285093947e-01
3.325000000000000000e+01 4.855952393866301287e-01 3.664528646890600205e-01 7.688655002581363807e-01 2.642259473385602520e-01
3.340000000000000568e+01 4.905976639177191956e-01 3.610286011858942490e-01 7.695407501442734777e-01 2.613753596832607551e-01
3.354999999999999716e+01 4.953602552264060321e-01 3.558960403619734758e-01 7.702127133877977316e-01 2.585464943447243757e-01
3.364999999999999858e+01 4.983990314371953279e-01 3.526350304242642508e-01 7.706612389841406285e-01 2.566785984692529499e-01
3.375000000000000000e+01 5.013022318569825275e-01 3.495144709539702021e-01 7.711001967453594563e-01 2.548151193147570881e-01
3.390000000000000568e+01 5.051897285111215385e-01 3.448567132737618279e-01 7.717817965416262638e-01 2.520223474195147362e-01
3.404999999999999716e+01 5.089595447906292147e-01 3.400980406623003161e-01 7.724915361092555832e-01 2.492404530854658018e-01
3.414999999999999858e+01 5.114565981354376456e-01 3.368893407794523176e-01 7.730009704052431818e-01 2.474072265779911350e-01
3.425000000000000000e+01 5.139710976200780879e-01 3.337094892609565044e-01 7.735284004513238720e-01 2.456164960876896786e-01
3.439999999999999858e+01 5.178519875018904317e-01 3.291457462947938728e-01 7.742864764063827065e-01 2.429976736068346077e-01
3.454999999999999716e+01 5.215982754060443094e-01 3.248886734100585039e-01 7.750235405016275836e-01 2.404042658562576540e-01
3.464999999999999858e+01 5.239783683284430227e-01 3.222268878234344491e-01 7.755104787647167930e-01 2.386930652406747955e-01
3.475000000000000711e+01 5.262306067952183808e-01 3.196736195764847688e-01 7.759920410515210865e-01 2.369946283293919431e-01
3.488191770299999916e+01 5.289478916725671720e-01 3.165020880249767576e-01 7.766121512310449893e-01 2.347608125134226231e-01
3.503191770300000485e+01 5.310773659433317695e-01 3.128310988301867268e-01 7.773314135459510332e-01 2.322249296328810220e-01
3.514999999999999858e+01 5.328425321755156929e-01 3.092802391680180563e-01 7.779063598614773811e-01 2.302428998426948870e-01
3.525000000000000711e+01 5.344678893400643949e-01 3.062309210539631010e-01 7.783996410312491454e-01 2.285750686651960573e-01
3.540000000000000568e+01 5.370166103401340374e-01 3.016560076838155080e-01 7.791511102180496140e-01 2.260932226498082176e-01
3.554999999999999716e+01 5.396403589326989048e-01 2.971005057812213246e-01 7.799270189655513885e-01 2.236233287436975303e-01
3.565000000000000568e+01 5.414218411588114233e-01 2.940877612903932126e-01 7.804862886126748833e-01 2.220121834247049397e-01
3.575000000000000711e+01 5.432285790702517936e-01 2.910925921602341426e-01 7.810227429712003344e-01 2.204480197720584400e-01
3.587041768800000341e+01 5.454980419103393485e-01 2.875890227247693831e-01 7.816491899171764679e-01 2.185841978226142623e-01
3.602041768800000199e+01 5.481778424536927208e-01 2.834637658099064539e-01 7.824021371624031440e-01 2.162747263894867766e-01
3.615000000000000568e+01 5.501253339360158146e-01 2.799255127778342289e-01 7.830559938331770331e-01 2.142831632693926458e-01
3.625000000000000711e+01 5.516462985634773553e-01 2.769370231002670213e-01 7.835633157776552560e-01 2.127577717587405270e-01
3.640000000000000568e+01 5.540859839638249129e-01 2.724069124007885701e-01 7.843258122420522227e-01 2.104900731496419652e-01
3.655000000000000426e+01 5.566312031282791839e-01 2.678837827583194220e-01 7.850903846552916843e-01 2.082375103984544784e-01
3.665000000000000568e+01 5.583738038801451253e-01 2.648873896847516729e-01 7.856041570636490556e-01 2.067483415070602293e-01
3.675000000000000711e+01 5.601454851662509560e-01 2.619077636828991418e-01 7.861207786329724723e-01 2.052677335787456148e-01
3.689999999999999858e+01 5.628520961687012436e-01 2.574769905826974625e-01 7.869030127960988663e-01 2.030649362868070795e-01
3.705000000000000426e+01 5.656130314561503836e-01 2.530813774326450827e-01 7.877072166914155238e-01 2.008796151618452430e-01
3.715000000000000568e+01 5.674915098897507226e-01 2.501748933167551314e-01 7.882572826116043263e-01 1.994548195765775689e-01
3.725000000000000711e+01 5.694132952685210247e-01 2.472877932761375908e-01 7.887934709223918262e-01 1.980529623440264730e-01
3.739999999999999858e+01 5.723966217100229237e-01 2.430892231062734554e-01 7.895870217489351361e-01 1.959695651977695630e-01
3.755000000000000426e+01 5.753399571024574444e-01 2.390172254847506006e-01 7.903731508270039896e-01 1.939022122384956581e-01
3.765000000000000568e+01 5.772987328361669501e-01 2.363420198228441405e-01 7.908963160875505105e-01 1.925364287117364570e-01
3.775000000000000000e+01 5.792578099788151524e-01 2.336946284436942634e-01 7.914182892322223495e-01 1.911792909514948569e-01
3.789999999999999858e+01 5.822009572852553383e-01 2.297769532603023412e-01 7.921990225642620009e-01 1.891620352521541926e-01
3.805000000000000426e+01 5.851524202289065668e-01 2.259098070591379626e-01 7.929774681583529050e-01 1.871589078566769926e-01
3.814999999999999858e+01 5.871308805574952938e-01 2.233633502697975892e-01 7.934970356750348230e-01 1.858350574777062614e-01
3.825000000000000000e+01 5.891192239260003571e-01 2.208395957364530371e-01 7.940154962304493136e-01 1.845194741150607554e-01
3.835000000000000142e+01 5.911221990816927230e-01 2.183366144163134404e-01 7.945297263005345334e-01 1.832079547288735788e-01
3.845420163800000779e+01 5.932368710239153131e-01 2.157463066714530309e-01 7.950718532646291470e-01 1.818410748609510241e-01
3.860420163799999926e+01 5.963903857860717306e-01 2.121513927892917928e-01 7.958748380681361922e-01 1.798986472941647152e-01
3.875000000000000000e+01 5.993927877598373977e-01 2.087944037978123335e-01 7.966566673738282311e-01 1.780378810641188025e-01
3.885000000000000853e+01 6.014576759010780149e-01 2.065414001363571339e-01 7.971899629568414136e-01 1.767802045607218819e-01
3.900000000000000000e+01 6.045089873867539598e-01 2.032554106588412290e-01 7.979840049514047573e-01 1.749112371265557631e-01
3.914999999999999858e+01 6.075223568555029319e-01 2.000270509970245580e-01 7.987741747062957476e-01 1.730554760471004205e-01
3.925000000000000711e+01 6.095198281569786936e-01 1.979075404092552615e-01 7.993010312269618334e-01 1.718288963894656629e-01
3.935000000000000853e+01 6.115100448437826852e-01 1.958116158427744835e-01 7.998272370965260336e-01 1.706097221884207704e-01
3.949063755800001019e+01 6.143016317043392682e-01 1.929037208268856995e-01 8.005653488158979147e-01 1.689092793544053339e-01
3.964063755800000166e+01 6.172807741936190418e-01 1.898425276657299265e-01 8.013443120993761770e-01 1.671028412760313664e-01
3.975000000000000711e+01 6.194819446825939879e-01 1.876483717662273953e-01 8.019195998749389931e-01 1.657871120153856515e-01
3.985000000000000853e+01 6.215146646036847633e-01 1.857065683782691545e-01 8.024513157841232092e-01 1.645905064560441999e-01
4.001598810610000356e+01 6.248129585424595511e-01 1.826023835731417355e-01 8.033453270235436650e-01 1.626203841591055688e-01
4.024516166220000457e+01 6.292866608718939991e-01 1.784163219632732000e-01 8.046264346984536298e-01 1.599549205162611731e-01
4.061388893409999667e+01 6.364011254490409275e-01 1.720109884825456459e-01 8.066351705382819315e-01 1.558246243497277417e-01
4.096378425599999673e+01 6.429746610385921324e-01 1.661938322477022056e-01 8.085094705931263892e-01 1.519568101000170757e-01
4.138848618409999602e+01 6.508626649610514958e-01 1.596346481263077322e-01 8.108202157184640768e-01 1.473686141091667678e-01
4.183471031220000214e+01 6.588393337061175803e-01 1.530879399477270975e-01 8.133667908821694548e-01 1.426520135444474258e-01
4.207275508409999532e+01 6.630827228941486018e-01 1.497740028007408519e-01 8.147202406419575826e-01 1.402779017647797222e-01
4.229196795600000058e+01 6.669041152142827222e-01 1.468502931259735855e-01 8.159404901814071298e-01 1.381147750282519515e-01
4.286602128410000034e+01 6.766056158789750530e-01 1.397060969959993681e-01 8.191278660399555767e-01 1.325971506229633168e-01
4.345039313409999693e+01 6.860727019416957839e-01 1.327985317654534758e-01 8.225242055765151772e-01 1.271120963285662375e-01
4.365748950599999745e+01 6.894754579182288401e-01 1.305088067018905507e-01 8.237329894850695666e-01 1.253174134787569949e-01
4.435757405599999714e+01 7.002525959862028193e-01 1.236412835669792459e-01 8.276632140133126647e-01 1.194582591589622989e-01
4.506034890600000153e+01 7.103340590205649008e-01 1.171477468827675228e-01 8.316833254836452083e-01 1.137157931641598757e-01
4.577910240599999980e+01 7.201589813114545047e-01 1.112790067526373133e-01 8.357288481163243077e-01 1.085419521134659698e-01
4.650054615599999863e+01 7.293382378304332780e-01 1.057291323448460857e-01 8.396020827976711232e-01 1.034740545140663409e-01
4.677849528410000346e+01 7.327740538952217664e-01 1.037104454956536553e-01 8.411561311446101863e-01 1.016357441838753872e-01
4.741080308410000299e+01 7.403251892767833686e-01 9.942613229478032555e-02 8.445060520727788456e-01 9.773277744738473327e-02
4.797808125600000295e+01 7.467222841703414771e-01 9.577567743730072691e-02 8.473615566202196137e-01 9.432830607491525521e-02
4.826276628409999603e+01 7.498403411618070891e-01 9.401542540080984334e-02 8.487928343084018001e-01 9.266082356458878178e-02
4.856628326219999536e+01 7.531090888914313553e-01 9.218249739166307910e-02 8.503577274390802243e-01 9.094517778452762546e-02
4.903768958410000067e+01 7.580547064775198240e-01 8.949895249797475139e-02 8.526601143193780485e-01 8.845259725865686762e-02
4.949295420600000028e+01 7.626295247595376026e-01 8.700206238790925140e-02 8.547939755771353232e-01 8.608405902406279786e-02
4.990832168409999525e+01 7.666715726095839623e-01 8.480453256497384740e-02 8.567130049664599678e-01 8.397572691576997428e-02
5.034252111220000359e+01 7.707980715246672831e-01 8.256608050146509170e-02 8.587376090348446400e-01 8.183183081101202960e-02
5.070191388410000144e+01 7.741380366646373190e-01 8.081280870418473816e-02 8.603566327480584031e-01 8.016737597902534596e-02
5.104516500599999773e+01 7.772273897277576227e-01 7.918925564630061031e-02 8.618552615954681029e-01 7.859859151060531735e-02
5.159121493410000170e+01 7.819791786136663925e-01 7.669204653081136691e-02 8.641884800642910536e-01 7.616698394950557893e-02
5.215609676220000068e+01 7.867454251287999689e-01 7.418070389641752416e-02 8.665948204203069993e-01 7.371334458417828916e-02
5.240347598409999819e+01 7.887937336990428205e-01 7.313548213000109488e-02 8.676258929847365797e-01 7.270256985331904898e-02
5.263471360599999826e+01 7.906672673828462061e-01 7.218481350189009937e-02 8.685692131783352421e-01 7.176782828903395528e-02
5.331144598409999702e+01 7.959584099458346662e-01 6.949161421093440205e-02 8.712538821713636805e-01 6.910719025818323757e-02
5.400701026219999790e+01 8.011909867411090014e-01 6.680500955384685580e-02 8.739748389071396728e-01 6.643653996488695090e-02
5.426094198410000757e+01 8.030614211653075429e-01 6.587581177405245347e-02 8.749500710709684492e-01 6.551907036237059057e-02
5.506901488409999956e+01 8.087617214719853287e-01 6.305399592991442481e-02 8.779358459688183514e-01 6.269363723032211899e-02
5.589526166220000647e+01 8.143304337848343843e-01 6.025594902735430247e-02 8.809266111572209290e-01 5.987097255890237030e-02
5.676804978410000047e+01 8.199392527313739132e-01 5.755135693353680831e-02 8.839594383854533222e-01 5.714710984820624284e-02
5.759210133410000054e+01 8.249690205577179247e-01 5.507268109417965546e-02 8.867233338261130138e-01 5.461875065266547785e-02
5.782085091220000805e+01 8.263420417236159166e-01 5.441580883660751544e-02 8.875004395467364082e-01 5.395541007980902970e-02
5.860029443410000027e+01 8.308554459734095454e-01 5.228116277670436657e-02 8.900192460373744785e-01 5.179231328783860666e-02
5.936628655600000570e+01 8.351024128216257836e-01 5.023794940057779018e-02 8.924164263758758153e-01 4.970152849073292828e-02
5.956696138409999719e+01 8.361963029565210315e-01 4.972051628097950288e-02 8.930451725485507586e-01 4.916901239193235962e-02
5.978377791220000148e+01 8.373677134513541898e-01 4.917508336690409182e-02 8.937293262504292235e-01 4.861450619292003589e-02
6.046987683409999192e+01 8.409631432140369789e-01 4.751223981936723156e-02 8.957966791420431951e-01 4.692847181567142562e-02
6.114252435600000979e+01 8.443635416084025458e-01 4.591878096215212118e-02 8.977616737239128009e-01 4.530027951890171906e-02
6.145521278409999866e+01 8.459134850558437391e-01 4.520496260056251075e-02 8.986683135453162885e-01 4.456354636321900597e-02
6.178404286220001040e+01 8.475199199351421964e-01 4.447074259388819617e-02 8.996277298332392425e-01 4.381131972791525719e-02
6.237679713410000204e+01 8.503377513826072542e-01 4.319454637438006894e-02 9.012912091675205906e-01 4.252115859757981536e-02
6.295610005600001102e+01 8.530146594031778884e-01 4.197184033230200867e-02 9.028715954028370128e-01 4.127750468225966501e-02
6.338080198410000321e+01 8.549353769560450456e-01 4.111007256086306877e-02 9.040152745509597576e-01 4.038939236027271756e-02
6.382164556219998985e+01 8.568903109708004839e-01 4.023475761851111332e-02 9.052052776650364452e-01 3.949133579577028541e-02
6.432105528409999806e+01 8.590506881476366319e-01 3.927772910652065769e-02 9.065104459917778801e-01 3.852866834708975480e-02
6.480701360599999816e+01 8.611078652890008511e-01 3.836268230061033041e-02 9.077488871279896232e-01 3.760357707718624959e-02
6.534372908409999070e+01 8.633276697236892394e-01 3.739200814044730398e-02 9.090933284715598806e-01 3.660773772409589566e-02
6.589658621220000612e+01 8.655608203786639976e-01 3.641375277052755904e-02 9.104752048120713370e-01 3.560666664954723754e-02
6.630265128410000841e+01 8.671641048916752803e-01 3.572091603017641531e-02 9.114633117446935273e-01 3.491365832131362867e-02
6.669526500599999963e+01 8.686893511547350011e-01 3.506157407938279708e-02 9.123980534947153664e-01 3.425113191063160895e-02
6.734399398409999549e+01 8.711473108614494754e-01 3.401402332726711358e-02 9.139106345996073077e-01 3.318347956417214834e-02
6.800886461219998580e+01 8.735999194302742632e-01 3.296358724124904410e-02 9.154493669979494319e-01 3.211423314321109473e-02
6.832158508409999342e+01 8.747303178359835396e-01 3.248838310953969244e-02 9.161575930124858935e-01 3.164125348690782769e-02
6.862085415600000715e+01 8.757991090495382824e-01 3.204055580832563394e-02 9.168233846454716396e-01 3.119317103488749784e-02
6.938159668410000336e+01 8.784443351199114902e-01 3.094276647262077934e-02 9.184755902997460142e-01 3.008184676726390408e-02
7.015848091220001947e+01 8.810678856209163134e-01 2.984611495014300592e-02 9.201416254625993663e-01 2.897178451877622379e-02
7.037785678410000401e+01 8.817956002674645077e-01 2.954940736551415342e-02 9.206043169963913364e-01 2.867737099643574011e-02
7.058378125600000885e+01 8.824728855613040990e-01 2.927523118621244702e-02 9.210330691641549494e-01 2.840367288791890293e-02
7.145653733410000541e+01 8.852626014232214402e-01 2.815015924824030777e-02 9.228004898287721636e-01 2.727217555838434490e-02
7.231254613410000331e+01 8.879140315193045918e-01 2.706885559821213191e-02 9.245035569427758615e-01 2.618337098777236832e-02
7.258404615599999943e+01 8.887404997386632033e-01 2.674463180028001374e-02 9.250360561514154867e-01 2.586181988797699172e-02
7.356881573409999930e+01 8.916381123153741539e-01 2.560986314440378067e-02 9.268961784044019714e-01 2.472960428018041931e-02
7.456972696219999364e+01 8.944827485422296443e-01 2.448234357766720590e-02 9.287427780176067404e-01 2.360293480592572796e-02
7.563853878410000675e+01 8.973918301109199414e-01 2.337651306302572507e-02 9.306326201993287972e-01 2.250956914036713816e-02
7.660639813410000443e+01 8.999260994176437878e-01 2.238960144595958379e-02 9.322871252937209308e-01 2.153032621423645390e-02
7.675724748409999165e+01 9.003198800914367084e-01 2.224361859496612817e-02 9.325491437233273118e-01 2.138651979811930642e-02
7.692154818410000416e+01 9.007427379336160334e-01 2.208776641201626312e-02 9.328282262365594768e-01 2.123398322050374168e-02
7.782549293409999791e+01 9.030006451654318811e-01 2.125302261890670355e-02 9.343082902649998411e-01 2.041638386030448366e-02
7.880886795600000028e+01 9.053751648979880828e-01 2.035655100820499969e-02 9.358704605039379620e-01 1.953616175536617219e-02
7.912986148410000453e+01 9.061423880334850134e-01 2.007818152077715454e-02 9.363817910468184014e-01 1.926450981142454125e-02
8.004978488410000637e+01 9.082659150355524291e-01 1.931666503412190691e-02 9.377844837138539225e-01 1.852511413133695745e-02
8.095848420600000850e+01 9.102942704410534880e-01 1.857508789832048798e-02 9.391264764917203189e-01 1.780378417204103378e-02
8.120583138410000856e+01 9.108396575408432838e-01 1.837796868544563922e-02 9.394897223270710640e-01 1.761227088662004753e-02
8.146662996220000252e+01 9.114136174785326672e-01 1.817786350812037113e-02 9.398740917665426853e-01 1.741885138704228619e-02
8.231141468410000073e+01 9.132137184157221865e-01 1.755390106262342056e-02 9.410698672396546893e-01 1.681711804004856065e-02
8.314543830599998842e+01 9.149366646292906857e-01 1.694585178154526389e-02 9.422155412997902380e-01 1.623009068812975020e-02
8.348613008409999736e+01 9.156303680132321654e-01 1.670303152335428365e-02 9.426786738454653314e-01 1.599622505429694128e-02
8.384027326220000020e+01 9.163491243048953461e-01 1.645871536707304086e-02 9.431611245110597119e-01 1.576139883268124972e-02
8.461038233409999521e+01 9.178653708417261470e-01 1.595183968099527991e-02 9.441730090647733054e-01 1.527524190800368456e-02
8.536973030600000811e+01 9.193184463077327395e-01 1.545795667751462786e-02 9.451434250398705883e-01 1.480134252439393137e-02
8.580376668410001173e+01 9.201358343096718295e-01 1.518168935095655370e-02 9.456905480162064448e-01 1.453712757228206760e-02
8.625125441219999800e+01 9.209739285891102023e-01 1.490511221798456430e-02 9.462541904022632178e-01 1.427271131473813008e-02
8.694668778409999277e+01 9.222400658927860650e-01 1.449755835720229098e-02 9.471023879934240552e-01 1.388345529185085886e-02
8.763136005599999123e+01 9.234547024051955599e-01 1.410066581604753171e-02 9.479165943371709036e-01 1.350445863061863067e-02
8.815874108410000076e+01 9.243743395867015655e-01 1.380126957282803643e-02 9.485336631502564453e-01 1.321968267870890154e-02
8.869957351219998998e+01 9.253098262523116180e-01 1.350250598182845853e-02 9.491638839257298121e-01 1.293530979332409118e-02
8.932033118410001293e+01 9.263556351878936557e-01 1.317890021023727064e-02 9.498667151724522473e-01 1.262712353625742093e-02
8.993032775600001116e+01 9.273595578202125100e-01 1.286407244024467648e-02 9.505418408554242582e-01 1.232754855368640642e-02
9.055105338410000115e+01 9.283626652762352327e-01 1.255015027214266034e-02 9.512164151011881508e-01 1.203011886918144840e-02
9.118523036220000222e+01 9.293764316242368873e-01 1.223758390633120779e-02 9.519004551078761311e-01 1.173356432309159529e-02
9.173131233409998231e+01 9.302282010467306517e-01 1.198455540994101780e-02 9.524744492040690957e-01 1.149299387253415253e-02
9.226663320599999452e+01 9.310459591097995924e-01 1.173877079580653605e-02 9.530259275226156124e-01 1.125966537634760789e-02
9.298070343410000760e+01 9.321160535439790840e-01 1.141735058858140556e-02 9.537469990411985288e-01 1.095589163982872358e-02
9.370822506220000037e+01 9.331913847549393459e-01 1.109778725773978396e-02 9.544736680932836004e-01 1.065332682162974109e-02
9.417963138410000568e+01 9.338724472509265517e-01 1.090365405135079215e-02 9.549337409714495628e-01 1.046888084506380871e-02
9.464027660600000047e+01 9.345259817604147923e-01 1.071554826444063094e-02 9.553755853415358823e-01 1.029056810350195347e-02
9.544769143409999401e+01 9.356487251714658004e-01 1.039227789129681424e-02 9.561335269411295190e-01 9.985455356965709448e-03
9.626855761219999863e+01 9.367712031591521882e-01 1.007122746989754652e-02 9.568931287052131474e-01 9.681799064843635283e-03
9.666528823410001792e+01 9.373022796132484125e-01 9.926083014819042302e-03 9.572526593528022376e-01 9.543860536814696358e-03
9.705125775599999827e+01 9.378109027319113666e-01 9.785964822998505577e-03 9.575972660330384079e-01 9.411122148140204161e-03
9.736850188569999887e+01 9.382243403425385431e-01 9.671601032915809124e-03 9.578770194217012257e-01 9.303229044694400623e-03
9.809419951380000668e+01 9.391552882313540795e-01 9.414388472186617160e-03 9.585065835186364902e-01 9.060454942712821771e-03
9.886622801219999701e+01 9.401316701038548995e-01 9.147100033334304089e-03 9.591685786030558214e-01 8.807593733807402708e-03
9.918828298409999888e+01 9.405312888244354852e-01 9.042411427504112170e-03 9.594396885645852802e-01 8.708018545241889494e-03
9.949957680599999321e+01 9.409127073983329925e-01 8.941938796750037444e-03 9.596986803312882452e-01 8.612870247000142462e-03
1.004936808341000045e+02 9.421045944013538564e-01 8.627354257816813310e-03 9.605059489560560104e-01 8.315865459854378944e-03
1.015012362622000097e+02 9.432854459306371231e-01 8.315288502111885596e-03 9.613073305782269262e-01 8.020555017800592990e-03
1.017486154840999859e+02 9.435701318710164598e-01 8.243762466882666173e-03 9.615008910730433733e-01 7.952434892810231540e-03
1.019852336560000055e+02 9.438397718557367533e-01 8.175792769592574866e-03 9.616843297867201379e-01 7.888096436939801004e-03
1.030726823340999800e+02 9.450513199404043663e-01 7.869588105911108286e-03 9.625061569784695292e-01 7.598683346429582243e-03
1.041523921840999805e+02 9.462240733615436827e-01 7.571376766224297006e-03 9.633031515691947710e-01 7.316203758533319779e-03
1.045082284060000006e+02 9.466029629111849530e-01 7.480074581415916031e-03 9.635613451959852416e-01 7.229476186978272580e-03
1.056890216341000013e+02 9.478260174236698976e-01 7.184117374583167716e-03 9.643921745572169302e-01 6.949322693320759275e-03
1.067847101340999956e+02 9.489299780644888660e-01 6.913203570470725055e-03 9.651433125736894603e-01 6.692436374583386402e-03
1.070685609559999989e+02 9.492115844800401714e-01 6.848295434702020811e-03 9.653355856356695686e-01 6.630745928268460751e-03
1.083426987841000084e+02 9.504391210478708718e-01 6.563721080607358253e-03 9.661706056189125480e-01 6.360892414527851216e-03
1.096428791341000135e+02 9.516529845136675325e-01 6.279025060189435611e-03 9.669979469359010205e-01 6.090592349678534967e-03
1.109823903560000105e+02 9.528555507548263082e-01 6.011707666063746507e-03 9.678171602102162430e-01 5.836600411573441075e-03
1.121613596340999948e+02 9.538793530971522161e-01 5.778292872975202520e-03 9.685152918406052525e-01 5.614686314694722347e-03
1.123525630840999980e+02 9.540446105901059237e-01 5.742860761780172602e-03 9.686285021701075415e-01 5.581043734774742728e-03
1.136360675059999892e+02 9.551173199166250738e-01 5.513996267473511396e-03 9.693601027551124183e-01 5.363218958117815446e-03
1.149056911341000102e+02 9.561433392412423959e-01 5.289377601181780193e-03 9.700605600280269858e-01 5.149357659654994930e-03
1.162591879340999981e+02 9.572024146183993887e-01 5.071723588691936548e-03 9.707840258405047162e-01 4.941991622575791880e-03
1.176873604340999862e+02 9.582777249199143643e-01 4.845375344115509381e-03 9.715187595442833501e-01 4.726160225409658903e-03
1.190595261840999939e+02 9.592773733436523731e-01 4.646866233507806337e-03 9.722023936676118527e-01 4.536754872049995196e-03
1.205063673840999883e+02 9.602916435963847475e-01 4.441680156181567612e-03 9.728961465550284293e-01 4.340803134795592939e-03
1.218972020840999875e+02 9.612354357895710466e-01 4.260482278116812897e-03 9.735422830637061598e-01 4.167711232265147378e-03
1.233627125840999952e+02 9.621926781195427880e-01 4.074257493122340236e-03 9.741976471796528481e-01 3.989666439301219752e-03
1.247722161341000060e+02 9.630841605038001907e-01 3.908766333412835685e-03 9.748085544238370703e-01 3.831399055135480906e-03
1.262563956341000164e+02 9.639880695471588767e-01 3.739618408579758677e-03 9.754279121780624617e-01 3.669489735698124987e-03
1.276845681840999873e+02 9.648305016129304912e-01 3.588297289567131832e-03 9.760057118905202111e-01 3.524602497356772463e-03
1.291874161840999875e+02 9.656846569541066572e-01 3.434449825388575638e-03 9.765914497859032872e-01 3.377164598403307582e-03
1.306342576840999925e+02 9.664812564514765336e-01 3.296100508765788771e-03 9.771382852001568864e-01 3.244542746012421975e-03
1.321557746841000096e+02 9.672888146875365800e-01 3.156170802128679259e-03 9.776924506230693090e-01 3.110279689891450906e-03
1.336212851841000031e+02 9.680424044701727571e-01 3.029602791381518206e-03 9.782101508939291534e-01 2.988792166084357736e-03
1.351614711840999803e+02 9.688063807152728080e-01 2.902230760478947610e-03 9.787347482005142041e-01 2.866413667049052660e-03
1.366456501840999920e+02 9.695196785361331893e-01 2.786429066290830019e-03 9.792251028798748536e-01 2.755094617969191476e-03
1.382045051840999861e+02 9.702428174248945991e-01 2.670441132244254570e-03 9.797219462259488809e-01 2.643475119393883400e-03
1.397073536841000134e+02 9.709183760264319396e-01 2.564476581956890225e-03 9.801866569858078693e-01 2.541431727764130889e-03
1.412848776840999676e+02 9.716032508548081426e-01 2.458872628055463073e-03 9.806574662708884560e-01 2.439608671842099542e-03
1.428063946840999847e+02 9.722433719430025878e-01 2.361939553423608989e-03 9.810980490297679379e-01 2.346059512002684339e-03
1.444025876841000127e+02 9.728923224279572013e-01 2.265794416370078834e-03 9.815443891898200102e-01 2.253131263285334304e-03
1.459427736841000183e+02 9.734991342798773317e-01 2.177142358450268565e-03 9.819622611686316116e-01 2.167348343906455761e-03
1.468253404357000136e+02 9.738380935827614104e-01 2.128499901235387810e-03 9.821955238816152400e-01 2.120277481129592603e-03
1.477727719638000110e+02 9.741947914926614160e-01 2.078062652113423468e-03 9.824409991490958838e-01 2.071277321245383867e-03
1.491164901841000017e+02 9.746899484827059590e-01 2.008555784760479666e-03 9.827822091546378758e-01 2.003820786069655888e-03
1.507500211841000066e+02 9.752733675524537515e-01 1.928831317900663901e-03 9.831838635902619972e-01 1.926267056263043656e-03
1.523275451840999892e+02 9.758194644089204228e-01 1.854641936565050745e-03 9.835602983233873164e-01 1.853987575936842571e-03
1.539797446841000124e+02 9.763731015404852887e-01 1.782025704968680452e-03 9.839416747707194766e-01 1.783061592120552957e-03
1.555759371840999847e+02 9.768915312865196210e-01 1.714180823011474120e-03 9.842992274769806205e-01 1.716687895734810053e-03
1.572468056840999679e+02 9.774170641385822034e-01 1.648003511103551073e-03 9.846614539679905409e-01 1.651754493901501364e-03
1.588616676841000128e+02 9.779094631989008191e-01 1.585890903330138728e-03 9.850012510233315810e-01 1.590706149678027675e-03
1.605512051841000130e+02 9.784086120876057668e-01 1.525562659375261261e-03 9.853455404664035466e-01 1.531215952624242777e-03
1.621847356840999907e+02 9.788765069306961664e-01 1.468717572239583869e-03 9.856686356018737882e-01 1.475066970755003863e-03
1.638929416841000091e+02 9.793507703323314217e-01 1.413661958272566634e-03 9.859960114329965331e-01 1.420490316882528194e-03
1.655451411840999754e+02 9.797956140149453041e-01 1.361565639824930795e-03 9.863034149599795297e-01 1.368765390798350797e-03
1.672720166841000093e+02 9.802464870764208138e-01 1.311258373309080521e-03 9.866149243106010491e-01 1.318626513041792903e-03
1.689428851840999926e+02 9.806696668831293984e-01 1.263464003991763467e-03 9.869076092364459374e-01 1.270922664572192266e-03
1.706884291840999879e+02 9.810985623162997715e-01 1.217463850529277225e-03 9.872042456558944856e-01 1.224831633836949733e-03
1.723779666840999880e+02 9.815013508242335094e-01 1.173598170017905225e-03 9.874830978696204076e-01 1.180824191856724324e-03
1.741421796841000003e+02 9.819095456040421999e-01 1.131435860370452262e-03 9.877657375357437042e-01 1.138368995038012551e-03
1.758503861840999889e+02 9.822932066427374487e-01 1.091074654665931745e-03 9.880316472183970911e-01 1.097684489029918803e-03
1.776332681840999896e+02 9.826820111917100586e-01 1.052407098914528690e-03 9.883012169644564970e-01 1.058571735973161659e-03
1.793601431840999965e+02 9.830476988914772507e-01 1.015262924341895625e-03 9.885549874586826435e-01 1.020968282264062520e-03
1.811616941841000141e+02 9.834182711839869473e-01 9.797486298669603588e-04 9.888122800855815298e-01 9.849054352817263568e-04
1.829072381841000094e+02 9.837670727014314886e-01 9.455157292958440551e-04 9.890546627739129626e-01 9.501214527444965755e-04
1.847228071559999876e+02 9.841196409157658698e-01 9.129141100126003964e-04 9.892998275329873969e-01 9.169105461024957453e-04
1.877186609357000009e+02 9.846798660056964581e-01 8.610073725948707603e-04 9.896898732128467380e-01 8.639722825927538454e-04
1.895015429356999732e+02 9.850008588881090654e-01 8.318187796607688991e-04 9.899135408467777397e-01 8.341646186021756462e-04
1.901134426840999936e+02 9.851093015992815616e-01 8.219689797133115233e-04 9.899892305861232034e-01 8.241018910669216813e-04
1.919149936841000113e+02 9.854221302457880638e-01 7.949836996216469399e-04 9.902075103973217995e-01 7.965116692390271152e-04
1.937725511841000241e+02 9.857359568978817377e-01 7.672976032657732827e-04 9.904266821926311914e-01 7.681970085396487829e-04
1.955927706841000031e+02 9.860353029866126828e-01 7.423054398951883792e-04 9.906359663038064589e-01 7.426325342709867326e-04
1.974689971841000045e+02 9.863356416896276180e-01 7.167364048487144925e-04 9.908461375764383572e-01 7.164739072396762026e-04
1.993078861840999707e+02 9.866223502900827169e-01 6.935848616454452255e-04 9.910469954656055958e-01 6.928015050436171123e-04
2.012027816840999890e+02 9.869100820489321579e-01 6.699619081732491191e-04 9.912487738762835177e-01 6.686471517480839033e-04
2.030603391841000018e+02 9.871849938123015145e-01 6.484950797603004869e-04 9.914417873746781407e-01 6.467242943470736215e-04
2.049739036841000370e+02 9.874609823726998581e-01 6.266489501735084990e-04 9.916357775264115215e-01 6.244182195324839450e-04
2.068501306841000371e+02 9.877249162872198118e-01 6.067339687937963041e-04 9.918215215576676735e-01 6.041210631169060142e-04
2.087823641840999755e+02 9.879899904508221420e-01 5.865176732034318519e-04 9.920083060279364373e-01 5.835246390461068088e-04
2.106772596840999938e+02 9.882437392912590823e-01 5.680216322439917949e-04 9.921873429713945480e-01 5.647243332853518543e-04
2.126281621841000060e+02 9.884987219584786544e-01 5.492913295488670734e-04 9.923675121004514876e-01 5.456969056378307070e-04
2.145417266841000128e+02 9.887430759182268547e-01 5.320987455306267627e-04 9.925404151017890308e-01 5.282783697065163500e-04
2.165112976841000147e+02 9.889887807735864289e-01 5.147278653761304347e-04 9.927145628911626662e-01 5.106926849553307174e-04
2.184435311840999816e+02 9.892245311607587022e-01 4.987310687097523849e-04 9.928819185615035403e-01 4.945454161609477055e-04
2.204317716840999708e+02 9.894617800999656598e-01 4.826052800976448308e-04 9.930506594382704222e-01 4.782830835340052622e-04
2.220903205138000089e+02 9.896559051326299095e-01 4.698875193412014955e-04 9.931889660098595085e-01 4.654980874778977089e-04
2.235325104857000156e+02 9.898218690122727592e-01 4.590141455555854814e-04 9.933073817869455535e-01 4.545579378337949623e-04
2.243895826840999916e+02 9.899194292093097536e-01 4.527358752463574946e-04 9.933771227257198744e-01 4.482682254066131184e-04
2.263591541841000208e+02 9.901404093553833885e-01 4.388793979329279121e-04 9.935352523918711265e-01 4.343938542364783064e-04
2.283847321841000166e+02 9.903633180873637754e-01 4.249680316223012006e-04 9.936951756556032800e-01 4.204806241957628255e-04
2.303729721840999787e+02 9.905782164613111673e-01 4.120341456723099682e-04 9.938497325733938181e-01 4.075828338230884037e-04
2.324172191841000199e+02 9.907953525762679403e-01 3.990710252177198680e-04 9.940063783896448957e-01 3.946712504350557526e-04
2.344241281840999989e+02 9.910051599159847013e-01 3.869813632588720389e-04 9.941581912171850721e-01 3.826627994790303172e-04
2.364870436840999730e+02 9.912176085744647258e-01 3.748869376765490927e-04 9.943124807537838672e-01 3.706639581401068311e-04
2.385126216840999689e+02 9.914234548693683369e-01 3.635794140129853494e-04 9.944625259854075194e-01 3.594736083043496193e-04
2.405942066841000155e+02 9.916324652389746364e-01 3.522864677906081647e-04 9.946155550963924341e-01 3.483103570390549551e-04
2.426384536840999999e+02 9.918356879528110737e-01 3.416995857364379724e-04 9.947650281979238951e-01 3.378678880894091913e-04
2.447387071841000079e+02 9.920427835782299475e-01 3.311445574138991766e-04 9.949181801677080550e-01 3.274673647829354803e-04
2.468016231841000092e+02 9.922450563833739023e-01 3.212276906717342071e-04 9.950686283874921045e-01 3.177134995864703496e-04
2.489205461841000044e+02 9.924521994901477351e-01 3.113573231103472418e-04 9.952237469989808627e-01 3.080138995337601895e-04
2.510021306840999671e+02 9.926557876901015431e-01 3.021803127343079972e-04 9.953773365636073844e-01 2.990110571988786230e-04
2.531397221841000089e+02 9.928654681870525689e-01 2.931599046994114448e-04 9.955368332305758461e-01 2.901699530452519897e-04
2.552399761841000156e+02 9.930730466934849510e-01 2.846611429603646470e-04 9.956961974402160909e-01 2.818505120821020301e-04
2.573962366840999607e+02 9.932888729869318034e-01 2.762364615755923797e-04 9.958636884978070425e-01 2.736082340316535401e-04
2.595151591841000140e+02 9.935049828858488752e-01 2.682800155910560879e-04 9.960334550641940510e-01 2.658311722323729049e-04
2.616900881841000341e+02 9.937326752829385157e-01 2.604104845655589380e-04 9.962148764609495277e-01 2.581419103859757327e-04
2.638276796841000191e+02 9.939644577848421036e-01 2.529686784173969206e-04 9.964025994614461590e-01 2.508752066140916798e-04
2.660212781840999696e+02 9.942136051261475371e-01 2.456225643032433213e-04 9.966083043954168108e-01 2.437030210063612361e-04
2.680530152137999949e+02 9.944583022071291634e-01 2.390536556160217886e-04 9.968148134280274686e-01 2.372919047118700244e-04
2.690844891857000221e+02 9.945892579354075336e-01 2.358141604805151503e-04 9.969273662243453016e-01 2.341293271053151862e-04
2.696085524856999882e+02 9.946578539169558253e-01 2.343042126987434227e-04 9.969869249409439860e-01 2.326579777751430701e-04
2.705134867154000062e+02 9.947799341393341876e-01 2.317521745262139286e-04 9.970939832290028892e-01 2.301721427237582451e-04
2.712947399138000719e+02 9.948895846349564698e-01 2.295980797702073053e-04 9.971913611295423197e-01 2.280746199605751849e-04
2.717814653638000095e+02 9.949601682631977750e-01 2.282985976633789807e-04 9.972546824527577236e-01 2.268095812146148646e-04
2.724603885653999669e+02 9.950618730213718344e-01 2.265605661581599308e-04 9.973468335753048475e-01 2.251182543248957872e-04
2.732436583856999732e+02 9.951845430830039696e-01 2.246162273891413354e-04 9.974594618321117601e-01 2.232272162478679154e-04
2.736930459856999960e+02 9.952578697305830557e-01 2.235425242445500827e-04 9.975275715921144704e-01 2.221835301681954883e-04
2.740135610653999834e+02 9.953116605709536602e-01 2.229114383794775017e-04 9.975778941905096842e-01 2.214808473217601736e-04
2.742499018153999941e+02 9.953519873887658465e-01 2.224782875142994169e-04 9.976159802689930078e-01 2.209762433039862313e-04
2.743499018154000169e+02 9.953692757425192106e-01 2.222478843602831804e-04 9.976323621466675062e-01 2.207630505650022318e-04
2.744499020654000105e+02 9.953867108867768820e-01 2.220189872938248613e-04 9.976489094111333777e-01 2.205499804555952168e-04
2.745499023154000042e+02 9.954042901423485468e-01 2.217916386321653439e-04 9.976656273634089134e-01 2.203370322615279232e-04
2.746999020654000105e+02 9.954309315250430279e-01 2.214542449284231625e-04 9.976910356740795738e-01 2.200271245975389913e-04
2.748499018154000169e+02 9.954579077989945679e-01 2.211193197900955358e-04 9.977168451696931673e-01 2.197256633326943702e-04
2.749499020654000105e+02 9.954760833119168373e-01 2.208986072266107075e-04 9.977342788068471746e-01 2.195297697531082507e-04
2.750499023154000042e+02 9.954944155088759628e-01 2.206796736196423177e-04 9.977519010400607291e-01 2.193339812085128189e-04
2.751999020654000105e+02 9.955222148268109139e-01 2.203554534210910517e-04 9.977787013738261823e-01 2.190405457177102956e-04
2.753499018154000169e+02 9.955503872697577528e-01 2.200340834540468154e-04 9.978059607076738002e-01 2.187472342536892931e-04
2.754499020654000105e+02 9.955693831603869004e-01 2.198228120263482320e-04 9.978244007007476268e-01 2.185518515132703376e-04
2.755499023154000042e+02 9.955885550754114410e-01 2.196136055428243926e-04 9.978430672436846560e-01 2.183657732901548784e-04
2.756999020654000105e+02 9.956176520371206040e-01 2.193046631676615456e-04 9.978714712932165165e-01 2.181033999451175332e-04
2.758499018154000169e+02 9.956471706584318904e-01 2.189990485317692016e-04 9.979003884387273038e-01 2.178424730233905501e-04
2.759499020654000105e+02 9.956670929528858016e-01 2.187987881355801562e-04 9.979199664371012357e-01 2.176686485603934772e-04
2.760499023154000042e+02 9.956872168251704736e-01 2.186030133247511271e-04 9.979397950642655557e-01 2.174969223869966631e-04
2.761997106153999653e+02 9.957177445900665669e-01 2.183205186844444179e-04 9.979699806988183708e-01 2.172448222582488574e-04
2.763497103654000284e+02 9.957487854643393144e-01 2.180425932684661432e-04 9.980008198324193947e-01 2.170070934850362721e-04
2.764499020654000105e+02 9.957697943265388929e-01 2.178610774133614674e-04 9.980217531308187562e-01 2.168665438950284554e-04
2.765499023154000042e+02 9.957909898361388956e-01 2.176827979119110436e-04 9.980429258164307260e-01 2.167263064671837549e-04
2.766999020654000674e+02 9.958232211828502711e-01 2.174222210471765139e-04 9.980752340158073332e-01 2.165160637218941470e-04
2.768499018154000169e+02 9.958559993212504624e-01 2.171663529251638663e-04 9.981082345110272591e-01 2.163058313917388161e-04
2.769499020654000105e+02 9.958781674742830381e-01 2.170007319487878374e-04 9.981306400322347283e-01 2.161657425677765431e-04
2.770499023154000042e+02 9.959005967109011426e-01 2.168385908204593828e-04 9.981533896645390369e-01 2.160347189528404434e-04
2.771999020654000105e+02 9.959347462120059502e-01 2.166036772080067124e-04 9.981881525044032921e-01 2.158691884013165909e-04
2.773499018154000169e+02 9.959695282765020918e-01 2.163744961659292234e-04 9.982237032347991423e-01 2.157123049146225332e-04
2.774499020654000105e+02 9.959930828838733374e-01 2.162277650871040650e-04 9.982478699864572036e-01 2.156077285622869002e-04
2.775499023154000042e+02 9.960169409790023964e-01 2.160853047697882659e-04 9.982724276834906707e-01 2.155031444694356819e-04
2.776804655653999703e+02 9.960485634064289995e-01 2.159072887479860704e-04 9.983051080140542544e-01 2.153665929132402446e-04
2.778304653154000334e+02 9.960855815842591943e-01 2.157109508324406213e-04 9.983435766938271172e-01 2.152421631518968695e-04
2.779499020654000105e+02 9.961156101066397373e-01 2.155638275412119303e-04 9.983748949145527796e-01 2.151746894255522884e-04
2.780499023154000042e+02 9.961411418693074671e-01 2.154506835629744859e-04 9.984016152728019122e-01 2.151214083714699703e-04
2.781999020654000105e+02 9.961801280746348519e-01 2.152960232240864384e-04 9.984425946790943529e-01 2.150434582687083213e-04
2.783499018154000169e+02 9.962199840086292113e-01 2.151503247043674773e-04 9.984847250022298448e-01 2.149653164529837575e-04
2.784499020654000105e+02 9.962470623266540537e-01 2.150627381648669543e-04 9.985135043072055350e-01 2.149332521478628075e-04
2.785499023154000042e+02 9.962745634451118937e-01 2.149819608046852910e-04 9.985428305322145981e-01 2.149324714187274407e-04
2.786999020654000105e+02 9.963166406915633377e-01 2.148773052073577148e-04 9.985878794599839514e-01 2.149479396258088826e-04
2.788499018154000169e+02 9.963597614281667347e-01 2.147842303572489100e-04 9.986343036824470998e-01 2.149630923439022003e-04
2.789499020654000105e+02 9.963891197188058380e-01 2.147345785534052513e-04 9.986660723590699007e-01 2.149729990739453330e-04
2.790499023154000042e+02 9.964189886559232656e-01 2.146938339524434916e-04 9.986985451915144640e-01 2.149941677959934171e-04
2.791999020654000105e+02 9.964647927382211945e-01 2.146544769092464369e-04 9.987486104401100961e-01 2.151053548146993717e-04
2.793499018153999600e+02 9.965118676849336055e-01 2.146304869385908724e-04 9.988003281012216572e-01 2.152474178240991118e-04
2.794499020654000105e+02 9.965439989879137928e-01 2.146310442934632780e-04 9.988358102162897545e-01 2.153417927163704887e-04
2.795499023154000042e+02 9.965767580562576722e-01 2.146435935991311778e-04 9.988721541150537009e-01 2.154359020478428203e-04
2.796999020654000105e+02 9.966271324284761146e-01 2.146919779662269975e-04 9.989283973249371007e-01 2.156516656729640428e-04
2.798499018154000169e+02 9.966790855755691680e-01 2.147614088662197973e-04 9.989867668529761602e-01 2.159261253251275737e-04
2.799499020654000105e+02 9.967146559985136101e-01 2.148305297730517362e-04 9.990269351019049893e-01 2.161376122263975158e-04
2.800499023154000042e+02 9.967510152397246470e-01 2.149163663534360590e-04 9.990681849579639007e-01 2.163486906698489727e-04
2.801679483654000364e+02 9.967950048185215683e-01 2.150442129631203200e-04 9.991183782166793703e-01 2.165972934774023327e-04
2.803179481154000428e+02 9.968526739900910316e-01 2.152446907869628838e-04 9.991847274018599290e-01 2.170501009282207951e-04
2.804499020654000105e+02 9.969051712053782488e-01 2.154535473607051808e-04 9.992454361615075165e-01 2.175482060355237910e-04
2.805499023153999474e+02 9.969461354901000272e-01 2.156461790991020329e-04 9.992930728084900016e-01 2.179268461888574419e-04
2.806806467654000130e+02 9.970013230369931811e-01 2.159499718966144594e-04 9.993576750913296669e-01 2.184248035877164374e-04
2.808306465153999625e+02 9.970670818380334977e-01 2.163508078859603873e-04 9.994354151731954516e-01 2.191647763319062219e-04
2.809499020654000105e+02 9.971213909865118685e-01 2.167187819456021483e-04 9.994999543896132543e-01 2.199085291553000312e-04
2.810499023154000042e+02 9.971684222247801932e-01 2.170729144029690449e-04 9.995561669602804900e-01 2.205311186769440517e-04
2.811746762653999667e+02 9.972291520358730343e-01 2.175832078249495310e-04 9.996292771486696704e-01 2.213064871671764980e-04
2.813246760154000299e+02 9.973054216387872151e-01 2.182820209021850476e-04 9.997221115428667204e-01 2.225103475261294109e-04
2.814499020654000105e+02 9.973721040989927955e-01 2.189449327517287158e-04 9.998037359478206820e-01 2.237406352841612642e-04
2.815499023154000042e+02 9.974275017129580201e-01 2.195526442247086824e-04 9.998720111782454234e-01 2.247213652524536541e-04
2.816500368154000284e+02 9.974850456548529642e-01 2.202304831549271153e-04 9.999434771790708387e-01 2.257018690124504051e-04
2.818000365654000348e+02 9.975754764758083537e-01 2.214291060707467603e-04 1.000057048805422344e+00 2.277269837764445658e-04
2.819499020654000105e+02 9.976715093497503517e-01 2.227663401828036129e-04 1.000178512084529459e+00 2.300273141292403861e-04
2.820499023154000042e+02 9.977391511524618117e-01 2.238202029621764793e-04 1.000264909131932667e+00 2.315590485336802994e-04
2.821999020654000105e+02 9.978465936955817073e-01 2.257105641399880934e-04 1.000403907726281183e+00 2.346864766589694656e-04
2.823499018154000169e+02 9.979622670499480597e-01 2.278441155151766570e-04 1.000554779679393214e+00 2.382569482331556548e-04
2.824499020654000105e+02 9.980446598998791163e-01 2.295583275777390365e-04 1.000663517510974154e+00 2.407532527672629483e-04
2.825499023154000042e+02 9.981318372513739989e-01 2.315153439820997843e-04 1.000780092584021563e+00 2.439972132778325982e-04
2.826999020654000105e+02 9.982728399753738602e-01 2.351510785120182695e-04 1.000969749774663686e+00 2.498612559657230488e-04
2.828499018154000169e+02 9.984285521834177501e-01 2.393659417947231098e-04 1.001183244024794972e+00 2.566623842496696295e-04
2.829499020654000105e+02 9.985422648958258707e-01 2.429069413728450813e-04 1.001340653897943245e+00 2.628285700311541674e-04
2.830499023154000611e+02 9.986654109034330817e-01 2.471112308348012514e-04 1.001512649153937895e+00 2.693610164826321248e-04
2.831999020654000105e+02 9.988714142911540028e-01 2.555821824854442024e-04 1.001806451580062873e+00 2.834123664842613170e-04
2.833499018154000169e+02 9.991107478229248606e-01 2.660528178481875766e-04 1.002152493275292322e+00 3.002653025714808088e-04
2.834499020654000105e+02 9.992951600326297479e-01 2.758903326559891157e-04 1.002427047194077270e+00 3.172837290351875430e-04
2.835499023154000042e+02 9.995060381455675991e-01 2.888570510634573389e-04 1.002740906831181888e+00 3.391527067564746416e-04
2.836999020654000105e+02 9.998900464219329098e-01 3.222933156685351200e-04 1.003333255830325399e+00 3.936734283523817598e-04
2.838499018154000169e+02 1.000410399441711951e+00 3.741342170414895777e-04 1.004170894009535964e+00 4.903206104670537876e-04
2.839499020654000105e+02 1.000900448472693327e+00 4.508152662727109381e-04 1.004974520780123504e+00 6.439304438262247101e-04
2.840499023154000042e+02 1.001628454094190435e+00 6.435167669096907104e-04 1.006199670278916214e+00 1.035828713697940513e-03
2.841872399154000277e+02 1.002882727089474457e+00 2.255567034702978327e-03 1.008205731749849177e+00 4.033492628096409585e-03
2.843372396653999772e+02 1.001895068803348776e+00 4.094201217478603272e-03 1.005802910488934332e+00 7.084094259144211279e-03
2.844499020654000105e+02 1.001032703287464631e+00 4.522373404127452527e-03 1.004338187613489142e+00 7.479086700416106431e-03
2.845499023154000042e+02 1.000531466958517024e+00 4.621281095268213977e-03 1.003412767585920351e+00 7.536202723379414187e-03
2.846999020654000674e+02 1.000010205287020781e+00 4.709060279941751359e-03 1.002443536842110738e+00 7.493142035995795265e-03
2.848499018154000169e+02 9.996229211678352433e-01 4.779471646332186102e-03 1.001719074317614311e+00 7.426162815403280527e-03
2.849499020654000105e+02 9.994064718124241464e-01 4.817915277310049794e-03 1.001318393708114263e+00 7.364738114190683832e-03
2.850499023154000042e+02 9.992130100283275196e-01 4.853197790348787351e-03 1.000971558505975967e+00 7.298189054040505643e-03
2.851999020653999537e+02 9.989538263714138333e-01 4.900764973571150943e-03 1.000521803690864520e+00 7.194955149756629247e-03
2.853499018154000169e+02 9.987196037938370630e-01 4.944876668018074843e-03 1.000139003915468283e+00 7.089678192531150176e-03
2.854499020654000105e+02 9.985730413617112111e-01 4.970639325076719670e-03 9.999130305339232194e-01 7.019780854744025328e-03
2.855499023154000042e+02 9.984323409739020994e-01 4.993718665162356907e-03 9.997055224159066000e-01 6.950349493100750099e-03
2.856559934154000189e+02 9.982880617270797341e-01 5.014660210356328487e-03 9.995035469523251281e-01 6.876588514342554109e-03
2.858059931654000252e+02 9.980919652833765143e-01 5.036692709962869476e-03 9.992467070746317015e-01 6.775235791414382924e-03
2.859499018354000555e+02 9.979101510910968198e-01 5.051997835483667404e-03 9.990236263807230621e-01 6.679630141936830981e-03
2.860499020703999804e+02 9.977864757707967103e-01 5.056474512378676851e-03 9.988820812162417795e-01 6.613840016541472355e-03
2.861499022854000032e+02 9.976653465999184567e-01 5.056218854203118306e-03 9.987503092893085244e-01 6.550101903599085326e-03
2.862999020703999804e+02 9.974897243774211164e-01 5.044580951931419005e-03 9.985654597978294023e-01 6.456576846487467256e-03
2.864499018554000145e+02 9.973209184159078644e-01 5.025235697957807293e-03 9.983980270372816435e-01 6.363932391083031506e-03
2.865499020703999804e+02 9.972119253301592323e-01 5.004613870563263608e-03 9.982951362938353723e-01 6.304820253078735962e-03
2.866499022854000032e+02 9.971067453731430330e-01 4.978862100021884569e-03 9.981963769973760670e-01 6.247089703444994035e-03
2.867661884707000013e+02 9.969897893002569456e-01 4.941994327122615355e-03 9.980879869758437772e-01 6.179957905668634517e-03
2.869161882556999785e+02 9.968490242399981049e-01 4.885418777587449170e-03 9.979597756633891148e-01 6.096004445058673428e-03
2.870499020704000372e+02 9.967324920037330394e-01 4.828501051773738742e-03 9.978527654883350140e-01 6.023827031465755176e-03
2.871499022854000032e+02 9.966512391483949296e-01 4.780561681904832959e-03 9.977765319062373850e-01 5.970854161897296182e-03
2.872774259554000196e+02 9.965562795632391113e-01 4.714008832092733692e-03 9.976848839639520516e-01 5.903317164062500504e-03
2.874274257403999968e+02 9.964572609132250625e-01 4.631073397420904653e-03 9.975872187803194180e-01 5.827249822787899936e-03
2.875499020704000372e+02 9.963859572227681261e-01 4.560121212760798876e-03 9.975099932783699774e-01 5.768122594342221798e-03
2.876499022854000032e+02 9.963345249647143076e-01 4.500241038684624391e-03 9.974495966575370742e-01 5.719865443694239528e-03
2.877794564003999653e+02 9.962767959105592874e-01 4.421350983788455320e-03 9.973757665801425976e-01 5.657369408034849598e-03
2.879294561853999994e+02 9.962222215325001740e-01 4.329581233599992529e-03 9.972985768973655629e-01 5.588158103732294643e-03
2.880499020704000372e+02 9.961873905927702832e-01 4.256200445138450320e-03 9.972378597868944983e-01 5.535470912311526472e-03
2.881499022854000032e+02 9.961644223579070312e-01 4.196013613829784918e-03 9.971892195053485564e-01 5.491749552488447983e-03
2.882999020703999804e+02 9.961392102374674318e-01 4.108302511619260286e-03 9.971202915248931209e-01 5.426206461111022887e-03
2.884499018553999576e+02 9.961246686276217233e-01 4.022787967217941046e-03 9.970586480264097551e-01 5.362741481865405078e-03
2.885499020703999804e+02 9.961206144270287055e-01 3.968421014465096409e-03 9.970182009575127013e-01 5.323252637225975650e-03
2.886499022854000032e+02 9.961205601732453507e-01 3.916013250493661710e-03 9.969785977901470808e-01 5.283794241291673785e-03
2.887999020703999804e+02 9.961270726038506940e-01 3.842330043471064559e-03 9.969218484618810328e-01 5.224648867618664552e-03
2.889499018554000145e+02 9.961410823899871092e-01 3.772104450183646086e-03 9.968696579616146414e-01 5.165913540245253323e-03
2.890499020704000372e+02 9.961545730468457371e-01 3.728872398295704840e-03 9.968379637475699440e-01 5.128834161916625591e-03
2.891499022854000032e+02 9.961708195760852202e-01 3.688170329311150561e-03 9.968058301940405652e-01 5.093304298354432193e-03
2.892999020704000372e+02 9.961992318617426401e-01 3.632719204880273736e-03 9.967588656247353684e-01 5.040054663855799734e-03
2.894499018554000145e+02 9.962327199825773416e-01 3.580997562449012538e-03 9.967144948944894889e-01 4.986824001109150042e-03
2.895499020703999804e+02 9.962579200044060501e-01 3.550395580408798740e-03 9.966870197260102593e-01 4.951442821868676757e-03
2.896499022854000032e+02 9.962846836696568342e-01 3.522284873891658782e-03 9.966621855597010970e-01 4.917828201094065835e-03
2.897999020703999804e+02 9.963274316733801150e-01 3.485516794121141810e-03 9.966238348700547922e-01 4.869974422738872558e-03
2.899499018554000145e+02 9.963733523427168448e-01 3.452347717068380509e-03 9.965865714331388903e-01 4.822145823785230039e-03
2.900499020703999804e+02 9.964059726912547488e-01 3.433838399041007957e-03 9.965628470337194456e-01 4.790285723813986207e-03
2.901499022854000032e+02 9.964396031543745202e-01 3.417693771139891819e-03 9.965403968585037076e-01 4.758440063279534456e-03
2.902999020703999804e+02 9.964915642020413244e-01 3.398549199224555530e-03 9.965096348426676354e-01 4.713112842459119163e-03
2.904499018554000145e+02 9.965455989495480837e-01 3.382771141224437221e-03 9.964792462714685550e-01 4.669404612960010269e-03
2.905499020703999804e+02 9.965829904224924318e-01 3.375599163547148007e-03 9.964593107001625816e-01 4.640809895598031580e-03
2.906499022853999463e+02 9.966210551253806837e-01 3.370603659208561229e-03 9.964398841663252293e-01 4.612231418947863003e-03
2.907999020703999804e+02 9.966790294007545903e-01 3.367877015318712901e-03 9.964122121695099255e-01 4.569399392416585368e-03
2.909499018554000713e+02 9.967383659371303883e-01 3.368320209248113362e-03 9.963876175393699963e-01 4.527457518951345794e-03
2.910499020704000372e+02 9.967788618791094679e-01 3.371708482819979914e-03 9.963719512686807223e-01 4.501261873982333878e-03
2.911499022854000032e+02 9.968198903982705694e-01 3.377106939687585501e-03 9.963558948673106874e-01 4.475657138088539808e-03
2.912657934707000322e+02 9.968680967908595258e-01 3.386264752761853226e-03 9.963375086167652883e-01 4.446005227486114417e-03
2.914157932556999526e+02 9.969308481287266765e-01 3.402103940965184314e-03 9.963145997913923635e-01 4.407660165272823082e-03
2.915499020704000372e+02 9.969880458249738009e-01 3.419237060526406254e-03 9.962954242663353277e-01 4.373400291851672547e-03
2.916499022854000032e+02 9.970315342744316967e-01 3.434844920793937890e-03 9.962825087499068699e-01 4.348289242198545047e-03
2.917999020704000372e+02 9.970969132357745401e-01 3.463032485884489330e-03 9.962642082119363973e-01 4.313026914008200041e-03
2.919499018554000145e+02 9.971631006599247504e-01 3.494344649290233046e-03 9.962451934500202722e-01 4.278662573468457533e-03
2.920499020704000372e+02 9.972080068083066795e-01 3.518473132019331925e-03 9.962327683321723359e-01 4.255774719439283683e-03
2.921499022854000032e+02 9.972531043695151975e-01 3.544767475780004687e-03 9.962207168775064625e-01 4.232900412101542505e-03
2.922999020703999804e+02 9.973210172358819570e-01 3.589197404603111565e-03 9.962036479154399160e-01 4.198619074418383570e-03
2.924499018554000145e+02 9.973895688828923189e-01 3.637146829783830145e-03 9.961888331068068370e-01 4.165112589539339549e-03
2.925499020703999804e+02 9.974358083018812771e-01 3.672605266499263856e-03 9.961792536058198255e-01 4.144187039473591627e-03
2.926499022854000032e+02 9.974824704301402667e-01 3.710500880454830393e-03 9.961693011627208438e-01 4.123652038111631259e-03
2.927999020704000372e+02 9.975522138810051231e-01 3.773214432118485086e-03 9.961544824672348142e-01 4.092880042229758882e-03
2.929499018554000145e+02 9.976222755597832226e-01 3.839847961726369080e-03 9.961402412370793380e-01 4.062125830143162308e-03
2.930499020704000372e+02 9.976695859982236403e-01 3.888350166124124058e-03 9.961312591749418299e-01 4.041641412685163283e-03
2.931499022854000600e+02 9.977170810942709300e-01 3.939851240562026319e-03 9.961229171779610869e-01 4.021168042485379242e-03
2.932999020704000372e+02 9.977875221492253921e-01 4.024004857098641488e-03 9.961119267721156856e-01 3.992176019292142594e-03
2.934499018554000145e+02 9.978578735504930464e-01 4.112803330344409758e-03 9.961004515564537698e-01 3.964236241078510775e-03
2.935499020703999804e+02 9.979052960653329585e-01 4.177019458394716847e-03 9.960927468954797748e-01 3.945874262092145118e-03
2.936499022854000032e+02 9.979524800602133094e-01 4.244814511926981240e-03 9.960851435671519427e-01 3.927524126513856628e-03
2.937999020703999804e+02 9.980223686512899040e-01 4.354968776671008616e-03 9.960741587978287903e-01 3.900024997372120855e-03
2.939499018554000145e+02 9.980922529247705510e-01 4.471229596968917183e-03 9.960639940577613594e-01 3.872540816498994988e-03
2.940499020703999804e+02 9.981399373897306138e-01 4.555428456050809351e-03 9.960580545162037724e-01 3.854449697394629268e-03
2.941499022854000032e+02 9.981893076255129449e-01 4.645600826890762189e-03 9.960528071274656892e-01 3.837264873136968062e-03
2.945765515319000087e+02 9.983319325178758863e-01 5.127370638532762273e-03 9.960276556416155502e-01 3.767077797981396425e-03
2.950179612519000329e+02 9.984014367543136981e-01 5.637103464178796174e-03 9.960065527881255543e-01 3.695540660465079091e-03
2.954753498345500020e+02 9.984201905562154478e-01 6.361443091166010984e-03 9.959861498457672768e-01 3.628054089738744995e-03
2.959354286938499854e+02 9.982075389947883126e-01 7.124049289143156820e-03 9.959698552319979914e-01 3.561157353798341876e-03
2.964114861986999472e+02 9.977937578288781362e-01 7.990716448772668470e-03 9.959541617783368439e-01 3.497977248401402083e-03
2.968902339794000227e+02 9.970070598073786927e-01 8.878804252275773745e-03 9.959421872324455416e-01 3.435381370411554666e-03
2.973849604053999656e+02 9.958421083454463973e-01 9.313911767883886056e-03 9.959306260136723266e-01 3.376443672904082087e-03
2.978823771104000571e+02 9.946054800472288182e-01 9.672218970456090276e-03 9.959221914385470997e-01 3.318035188835880521e-03
2.983957724603999964e+02 9.931194217368299881e-01 9.167387541455230410e-03 9.959140786817501922e-01 3.262926915048581806e-03
2.989118580854000129e+02 9.921651938001994075e-01 8.508188430722200823e-03 9.959087204273060490e-01 3.208309609314855849e-03
2.994439223553999909e+02 9.913887163500968436e-01 7.558589524780653934e-03 9.959036188885206364e-01 3.156750502088339055e-03
2.999786769003999893e+02 9.910530685128002837e-01 6.555501349231447616e-03 9.959009164299035266e-01 3.105643725455080068e-03
3.002495037056999649e+02 9.910448066628404495e-01 6.145614494053052573e-03 9.958997799883994029e-01 3.081841182815174551e-03
3.007220250406999753e+02 9.910058264160547248e-01 5.501109499944426690e-03 9.958978332763962493e-01 3.040422286158945154e-03
3.010828335553999864e+02 9.910664376587609015e-01 5.009389117056037982e-03 9.958982590870640861e-01 3.009490085932726294e-03
3.016522356704000458e+02 9.912883997171602068e-01 4.499577400290622094e-03 9.958981034591106729e-01 2.964393156855773225e-03
3.022243280604000120e+02 9.914712447286500030e-01 4.032120188966409509e-03 9.958997654958297030e-01 2.919688945082970794e-03
3.028123990953999964e+02 9.917210397427194124e-01 3.722593788719005641e-03 9.959015172111488345e-01 2.877402147094386409e-03
3.034031604104000053e+02 9.919150233032437702e-01 3.440369972223445393e-03 9.959049164097302231e-01 2.835485725225502483e-03
3.040099003653999716e+02 9.921304144328245700e-01 3.249017380397034062e-03 9.959083685755455440e-01 2.795858852338923423e-03
3.046193305953999584e+02 9.923006302560389846e-01 3.073373908327361580e-03 9.959132276094141423e-01 2.756575176248011235e-03
3.048808231057000171e+02 9.923840171613322880e-01 3.016131815028739831e-03 9.959153806153042687e-01 2.740985272417062035e-03
3.054172590256999911e+02 9.925141428709703950e-01 2.918014163530236686e-03 9.959195356699214186e-01 2.709112790180490116e-03
3.058728386553999599e+02 9.926160429115072903e-01 2.834880497605710235e-03 9.959242986028782330e-01 2.682527999418110425e-03
3.065169164653999587e+02 9.927548213643295760e-01 2.750290586188627439e-03 9.959304207370649475e-01 2.647600926912639912e-03
3.071636845154000071e+02 9.928701557717662940e-01 2.670918635393087527e-03 9.959376442618523839e-01 2.612968413929534980e-03
3.077845373637999842e+02 9.929750021418414230e-01 2.613021285885666796e-03 9.959443997495470713e-01 2.582200635239390377e-03
3.084499743637999813e+02 9.930696681797127612e-01 2.554536340047957287e-03 9.959523605809754709e-01 2.549638367547233438e-03
3.091454078356999844e+02 9.931621177457535810e-01 2.504811544887457220e-03 9.959607377820485219e-01 2.517918633180571842e-03
3.098295137356999476e+02 9.932401730405823193e-01 2.458718070363489269e-03 9.959695653218195721e-01 2.487261912520054036e-03
3.105574743153999293e+02 9.933171445303872193e-01 2.416942971425304829e-03 9.959788470315014131e-01 2.456893990067973710e-03
3.112602491654000119e+02 9.933823069215409474e-01 2.378113252509162293e-03 9.959884046552379688e-01 2.428013580390537846e-03
3.119790026654000030e+02 9.934441321154744431e-01 2.342700620756357419e-03 9.959978860757867647e-01 2.400524081307946287e-03
3.127004464654000344e+02 9.934997691808989950e-01 2.307887096428399339e-03 9.960079832506003594e-01 2.373246802301691525e-03
3.129385864138000102e+02 9.935177201385535506e-01 2.296923486114604493e-03 9.960113210249422755e-01 2.364826596905727964e-03
3.135708941638000624e+02 9.935618379420543267e-01 2.268932203740915612e-03 9.960198380344168489e-01 2.342568522985451988e-03
3.141779815154000062e+02 9.936015592700444543e-01 2.242109649801846388e-03 9.960286486817679918e-01 2.321492186010712996e-03
3.143367950356999927e+02 9.936118214732502230e-01 2.235212896136556764e-03 9.960309472218827898e-01 2.316312119747205699e-03
3.149850814857000501e+02 9.936514502020680206e-01 2.208030508809881096e-03 9.960399392566837706e-01 2.295281632166393162e-03
3.156928544653999893e+02 9.936924214631243091e-01 2.178393833585761004e-03 9.960505693754040379e-01 2.272688810254894134e-03
3.164676147154000319e+02 9.937352491064539439e-01 2.147513254599915135e-03 9.960615342785155146e-01 2.250182005307427551e-03
3.172450652654000010e+02 9.937755401708997516e-01 2.116794636936663535e-03 9.960727613958901827e-01 2.227947386099304958e-03
3.176138877138000112e+02 9.937941495851080331e-01 2.102572926349051321e-03 9.960778314540591483e-01 2.218346933105843407e-03
3.182941314138000166e+02 9.938269055845186939e-01 2.076660394210584886e-03 9.960864453865141410e-01 2.200710869261446063e-03
3.188346138654000015e+02 9.938517670156051809e-01 2.056100703030317497e-03 9.960932676446991874e-01 2.186911322574617775e-03
3.190307651357000509e+02 9.938605180628760083e-01 2.048568899341626521e-03 9.960956111952375958e-01 2.182153169252320103e-03
3.197269874857000218e+02 9.938911709799315153e-01 2.021678520405709254e-03 9.961031540758404912e-01 2.165361928896065730e-03
3.204615003154000306e+02 9.939219137635895152e-01 1.993259197294872109e-03 9.961098060181821090e-01 2.147448905504819715e-03
3.212922673654000505e+02 9.939557734589440363e-01 1.957858704340939126e-03 9.961173054779481895e-01 2.126033242201072829e-03
3.221257246654000141e+02 9.939915900820889272e-01 1.921836086552086145e-03 9.961242458058999771e-01 2.104272472815427349e-03
3.224758783138000240e+02 9.940068770091071704e-01 1.906425231812392419e-03 9.961273968416636260e-01 2.094420400207627937e-03
3.232040580137999655e+02 9.940400930135170343e-01 1.874267254972339673e-03 9.961348526128641634e-01 2.074018571580335101e-03
3.237874779856999794e+02 9.940681936640545224e-01 1.848594388903396094e-03 9.961415360133861752e-01 2.057752513226627795e-03
3.246555828356999882e+02 9.941115541372025355e-01 1.813052321456620980e-03 9.961520761875675145e-01 2.034164603773087280e-03
3.255661868154000445e+02 9.941588980268217801e-01 1.776264296750341368e-03 9.961644954591498680e-01 2.009684433412465936e-03
3.264529605654000193e+02 9.942067732618549147e-01 1.745018255838127899e-03 9.961768393270638011e-01 1.987452735128274021e-03
3.273424246654000171e+02 9.942554763786803917e-01 1.714535240030604655e-03 9.961899088749638365e-01 1.965399234709265964e-03
3.275245582638000315e+02 9.942660827241562860e-01 1.708914495634957301e-03 9.961926268115463001e-01 1.961160509580033972e-03
3.281234466841000312e+02 9.942991111002932314e-01 1.692205581119923244e-03 9.962013371504567782e-01 1.947290361479865313e-03
3.288467558357000371e+02 9.943386154917425168e-01 1.672062182898530073e-03 9.962119614432946024e-01 1.930568002283661235e-03
3.291560003654000184e+02 9.943563274159015197e-01 1.663877446978054200e-03 9.962167775243746526e-01 1.923620323179960241e-03
3.300801119654000217e+02 9.944075070899746072e-01 1.644063342248499151e-03 9.962304388368782293e-01 1.903647780386654668e-03
3.310069138654000653e+02 9.944579897071318397e-01 1.625132725050920830e-03 9.962443996252133838e-01 1.883794754064783321e-03
3.318144561138000199e+02 9.945013918420895216e-01 1.613087663503290315e-03 9.962564116247826229e-01 1.867391440542796616e-03
3.326225290137999764e+02 9.945428498108465076e-01 1.601504658987391253e-03 9.962684270890844740e-01 1.851006681542386855e-03
3.328951652654000100e+02 9.945572711671080146e-01 1.598004029031232370e-03 9.962726651321165416e-01 1.845642981720004320e-03
3.332686709356999586e+02 9.945766112349831989e-01 1.594347987873365440e-03 9.962782624217542127e-01 1.838492095541738314e-03
3.340927224356999545e+02 9.946164945412663272e-01 1.587117965368637761e-03 9.962904086163552053e-01 1.822798344383194094e-03
3.348207544653999435e+02 9.946511726849663892e-01 1.581068349074239276e-03 9.963013507286690995e-01 1.809089921344779819e-03
3.358008728653999810e+02 9.946955499958978208e-01 1.576223282089231825e-03 9.963157151466708328e-01 1.791470853234525653e-03
3.367836815154000192e+02 9.947374907304845637e-01 1.571831429880705998e-03 9.963301386501837165e-01 1.773927823664585117e-03
3.371805073638000181e+02 9.947539234262591235e-01 1.570795050103365514e-03 9.963359215372978861e-01 1.767114334158842491e-03
3.379059611841000219e+02 9.947824032966297025e-01 1.569145939485262894e-03 9.963463427556359386e-01 1.754711682799751796e-03
3.385079226857000094e+02 9.948051174940745200e-01 1.567788588240127045e-03 9.963549999128737955e-01 1.744450161393523366e-03
3.387839464653999926e+02 9.948154049762275575e-01 1.567282383659994753e-03 9.963590549063261470e-01 1.739845977400040957e-03
3.398014026654000190e+02 9.948513796295234135e-01 1.566008381628338549e-03 9.963734988489740818e-01 1.723237033351323081e-03
3.408215491653999720e+02 9.948851393988364933e-01 1.564788255206899566e-03 9.963879774838573233e-01 1.706683896835829630e-03
3.416944324638000126e+02 9.949124425876246791e-01 1.563755699470333223e-03 9.964002068451158767e-01 1.693006842973668455e-03
3.425823985637999840e+02 9.949388561520645657e-01 1.562696811701133745e-03 9.964125670952670433e-01 1.679121877290681722e-03
3.428964897654000197e+02 9.949478114392589223e-01 1.562273370108002062e-03 9.964170179552246376e-01 1.674304726734372707e-03
3.431673163856999622e+02 9.949554365628365815e-01 1.561834613556725834e-03 9.964207920966139387e-01 1.670218841602194842e-03
3.440712611357000128e+02 9.949803364104069514e-01 1.560301351244375431e-03 9.964332064580764259e-01 1.656671400141819604e-03
3.450087682154000390e+02 9.950048380767173573e-01 1.558619029004584778e-03 9.964460954757839994e-01 1.642701030631121438e-03
3.460822312153999860e+02 9.950318136738285357e-01 1.556115091756654200e-03 9.964606310565899960e-01 1.627182249122608847e-03
3.471583844653999336e+02 9.950574533845484293e-01 1.553498389441715583e-03 9.964751518551351328e-01 1.611699562284009575e-03
3.473778555137999433e+02 9.950625459789579352e-01 1.552835568004342802e-03 9.964781080143958469e-01 1.608616010789262708e-03
3.478378276840999774e+02 9.950731435368851407e-01 1.551456931739379980e-03 9.964842512558281795e-01 1.602180399374352306e-03
3.487104885356999944e+02 9.950927383821329686e-01 1.548862283570345182e-03 9.964958280911858646e-01 1.590019868436392050e-03
3.493453385654000272e+02 9.951062928840311850e-01 1.546852159355634193e-03 9.965042806338032522e-01 1.581247433435866009e-03
3.504561394153999458e+02 9.951296158275174664e-01 1.542655395269179998e-03 9.965188340414825596e-01 1.566233921655091213e-03
3.515696305653999616e+02 9.951518053687263832e-01 1.538303552075358065e-03 9.965333623273463504e-01 1.551247855398441705e-03
3.521158078638000006e+02 9.951624529330701519e-01 1.535739433269881068e-03 9.965404470551697536e-01 1.544056303751324905e-03
3.528597676841000066e+02 9.951767917792674334e-01 1.532262762840121096e-03 9.965500257492996283e-01 1.534295265320757091e-03
3.534430601857000056e+02 9.951877211107965637e-01 1.529555558225418731e-03 9.965575181991043197e-01 1.526677327185892033e-03
3.538312604154000383e+02 9.951946617137990003e-01 1.527600092517076300e-03 9.965625273586278254e-01 1.521654902838431725e-03
3.549793990654000027e+02 9.952154261305401484e-01 1.521197110057088834e-03 9.965771086208855545e-01 1.507015700686737585e-03
3.561302280154000073e+02 9.952353346332518669e-01 1.514624593762221470e-03 9.965916622677676306e-01 1.492397408614150453e-03
3.569471048638000639e+02 9.952492790311981974e-01 1.509301207744490883e-03 9.966019184363298367e-01 1.482230347077258389e-03
3.579190456841000127e+02 9.952656319962971398e-01 1.502989857771179320e-03 9.966140433556870404e-01 1.470171585314231696e-03
3.584386577357000192e+02 9.952739698762341769e-01 1.499469005960295210e-03 9.966205370612727377e-01 1.463784095888836460e-03
3.596520100654000203e+02 9.952936382694285156e-01 1.490525461986966400e-03 9.966355126634461881e-01 1.449085588443978787e-03
3.608401768653999966e+02 9.953122556493572137e-01 1.481587705038248408e-03 9.966500856409500342e-01 1.434738809228193858e-03
3.618717460637999466e+02 9.953283808902640972e-01 1.473034282164544136e-03 9.966626583279414309e-01 1.422479711342912023e-03
3.629035199638000222e+02 9.953443303563110911e-01 1.464498410785497690e-03 9.966751833294793528e-01 1.410244367758042286e-03
3.631882374356999890e+02 9.953485198340068507e-01 1.462057135984875817e-03 9.966786555250228830e-01 1.406898753441066440e-03
3.633632992356999694e+02 9.953511567441988284e-01 1.460462287657021945e-03 9.966807853286683283e-01 1.404854057778846897e-03
3.644739724153999987e+02 9.953681078411887873e-01 1.450418857446384487e-03 9.966941614361685131e-01 1.391975144702282865e-03
3.656994770654000035e+02 9.953863927239321452e-01 1.439203005331718150e-03 9.967088705698049500e-01 1.377795012298776165e-03
3.668897324138000045e+02 9.954042640735739633e-01 1.427579167923296146e-03 9.967230857121042176e-01 1.364240906011830083e-03
3.679534636637999938e+02 9.954201335848886778e-01 1.417205084855950765e-03 9.967357695369452042e-01 1.352143760824187600e-03
3.681851339653999844e+02 9.954234852884685791e-01 1.414838224307598397e-03 9.967385564168451673e-01 1.349549344301953935e-03
3.694452861654000344e+02 9.954423104975608227e-01 1.401864442725857121e-03 9.967535080067766451e-01 1.335570417264568717e-03
3.707081286653999541e+02 9.954609742436576481e-01 1.388780334794504669e-03 9.967684434509176405e-01 1.321610762164169856e-03
3.719869498154000098e+02 9.954800442470467248e-01 1.375022998819235487e-03 9.967834722842316975e-01 1.307749661190682044e-03
3.732684612154000092e+02 9.954990536269273660e-01 1.361174715044907984e-03 9.967985156505905220e-01 1.293912073540003007e-03
3.745659512654000309e+02 9.955184690252291135e-01 1.346799289844030590e-03 9.968136330162666869e-01 1.280229891250970076e-03
3.758661316154000360e+02 9.955378257529191588e-01 1.332343964442438610e-03 9.968287058552465218e-01 1.266567501061107662e-03
3.771822906153999497e+02 9.955575931118769706e-01 1.317397173480525183e-03 9.968438455954922173e-01 1.253006112936613271e-03
3.785011398653999777e+02 9.955773650650586726e-01 1.302381285770531612e-03 9.968589539858601078e-01 1.239460545418765445e-03
3.798359677653999711e+02 9.955975553632032682e-01 1.286968279998561325e-03 9.968741326085419630e-01 1.226024517166533377e-03
3.823098644637999541e+02 9.956350561411790867e-01 1.258211569295204042e-03 9.969019980556841354e-01 1.201388341931150993e-03
3.837755021840999916e+02 9.956574504407013082e-01 1.241046366376541941e-03 9.969183804323104026e-01 1.186929221190207188e-03
3.851708924856999943e+02 9.956789185504829609e-01 1.224639534786957579e-03 9.969338853439767556e-01 1.173431592249204059e-03
3.876958480138000027e+02 9.957180006972660147e-01 1.194907560299361422e-03 9.969616925853000966e-01 1.149214853594180763e-03
3.890588066840999772e+02 9.957393179540268147e-01 1.178836502712428706e-03 9.969766125348943353e-01 1.136249531415832546e-03
3.905942142856999340e+02 9.957634423300140147e-01 1.160832144480716983e-03 9.969933377509140326e-01 1.121910286380917512e-03
3.931751768138000216e+02 9.958043715989733924e-01 1.130668414580064327e-03 9.970212651307414076e-01 1.097995451736991177e-03
3.943794496840999955e+02 9.958236420281602053e-01 1.116659805133276553e-03 9.970342312241594618e-01 1.086940487781766582e-03
3.946640392856999711e+02 9.958282252379615507e-01 1.113376281744704729e-03 9.970373049033096624e-01 1.084350436257762972e-03
3.963347805654000240e+02 9.958551234036653321e-01 1.094252911184847611e-03 9.970552132256280675e-01 1.069310503436826263e-03
3.987478499637999789e+02 9.958943051171347260e-01 1.066863306999191402e-03 9.970809437166912037e-01 1.047759190781465816e-03
4.002133599637999737e+02 9.959182674802945501e-01 1.050457149985830479e-03 9.970965190216816154e-01 1.034834148821230180e-03
4.021968217154000058e+02 9.959508910472767429e-01 1.028731892266728778e-03 9.971175108271299603e-01 1.017640888132928740e-03
4.043998819357000230e+02 9.959873553908381583e-01 1.004953502977003416e-03 9.971407312768761910e-01 9.987254143138198006e-04
4.059027299356999947e+02 9.960122827674957602e-01 9.891140257506129355e-04 9.971565134792360618e-01 9.860352633048088521e-04
4.082082142154000053e+02 9.960507188384036814e-01 9.654393275300398843e-04 9.971806167274801513e-01 9.668814385520008679e-04
4.101219064356999979e+02 9.960827291343713474e-01 9.461559143839552277e-04 9.972005461850984576e-01 9.511370722337637949e-04
4.105654051840999728e+02 9.960901552599394915e-01 9.418175528798086249e-04 9.972051655573124229e-01 9.475404213764972508e-04
4.117134164638000016e+02 9.961092975779862746e-01 9.306815291904859625e-04 9.972170592201977657e-01 9.383117639074547035e-04
4.143689587154000264e+02 9.961537357900431822e-01 9.055901010433181977e-04 9.972444860851377157e-01 9.172414955415009088e-04
4.160259369638000067e+02 9.961814487843654309e-01 8.902646948115375009e-04 9.972615321103187602e-01 9.042285524932853645e-04
4.176034609637999893e+02 9.962077230191623833e-01 8.763897324360284818e-04 9.972776906655392848e-01 8.921591005200094245e-04
4.202497964356999773e+02 9.962517156191169621e-01 8.536467873903326280e-04 9.973046746297996590e-01 8.721283320789837866e-04
4.215427306840999790e+02 9.962730192252232664e-01 8.428648169142297563e-04 9.973177836944695507e-01 8.624758053999486904e-04
4.219719884637999598e+02 9.962801187956654703e-01 8.393140056437244957e-04 9.973221461171617452e-01 8.592978100987945468e-04
4.238901087154000038e+02 9.963116970725309773e-01 8.241373879731181103e-04 9.973415286975775285e-01 8.453594420616025555e-04
4.262145169356999759e+02 9.963496793257385908e-01 8.062058499453824637e-04 9.973648978840803370e-01 8.286484643525446683e-04
4.270874006840999755e+02 9.963637963757993044e-01 7.997383692394041677e-04 9.973736335543148535e-01 8.224832804112387633e-04
4.280113849637999692e+02 9.963786775294060094e-01 7.929475077559294338e-04 9.973828564681762598e-01 8.160108394093128258e-04
4.304242317153999693e+02 9.964174054453519558e-01 7.759134141725790822e-04 9.974068569257784622e-01 7.994113406388919651e-04
4.322725824357000306e+02 9.964467539048906808e-01 7.631812709480593820e-04 9.974251396323184915e-01 7.868292264369428296e-04
4.326694081840999502e+02 9.964530381491873978e-01 7.605868909634330753e-04 9.974290691870252301e-01 7.841898209900628487e-04
4.341441254637999805e+02 9.964760911547754230e-01 7.510212680294076331e-04 9.974435453590421163e-01 7.744582099459422541e-04
4.367344544357000018e+02 9.965162629950456985e-01 7.347174402886584707e-04 9.974688647022698085e-01 7.576118874624736743e-04
4.382887536841000156e+02 9.965399680216775469e-01 7.252256472648661856e-04 9.974839407757062348e-01 7.476493201024289083e-04
4.386620049638000296e+02 9.965456713278411094e-01 7.229637759384147273e-04 9.974875752293494990e-01 7.452753403076851305e-04
4.405054492153999490e+02 9.965735040891829932e-01 7.123621269862724301e-04 9.975053684728604209e-01 7.338456216359997338e-04
4.429418709356999670e+02 9.966097429496895144e-01 6.986260763954174873e-04 9.975287271420816282e-01 7.188925731179788029e-04
4.439454371840999443e+02 9.966244477118553213e-01 6.931865889426857847e-04 9.975382849704589328e-01 7.128623423480057175e-04
4.449440969637999501e+02 9.966389739778607204e-01 6.878169548266775245e-04 9.975477648226043215e-01 7.069088644519425525e-04
4.474129502153999738e+02 9.966745282905193903e-01 6.750294916644354604e-04 9.975710936329724721e-01 6.925163735251117824e-04
4.492426319356999898e+02 9.967004284654149560e-01 6.657152930357165604e-04 9.975882406499910759e-01 6.819567501833960358e-04
4.496394581841000218e+02 9.967060262814912974e-01 6.637827005893356990e-04 9.975919676596756158e-01 6.797297023793003479e-04
4.513195334637999281e+02 9.967293804524898215e-01 6.556612484125558075e-04 9.976075719615561388e-01 6.703694233999809605e-04
4.538538554356999271e+02 9.967641163725157183e-01 6.436600484820801131e-04 9.976309813004877736e-01 6.564647293945564130e-04
4.553708171841000194e+02 9.967845366302967580e-01 6.366509861795749577e-04 9.976448559321383636e-01 6.482919602277697514e-04
4.559867639638000583e+02 9.967927840710779641e-01 6.338268726118951625e-04 9.976504904461188650e-01 6.449982764292907329e-04
4.580542352153999559e+02 9.968201533048778318e-01 6.246606315961340892e-04 9.976692678731068353e-01 6.342492334891679196e-04
4.603039679356999159e+02 9.968494251263616546e-01 6.147938158724061816e-04 9.976895256020951175e-01 6.226674634454288770e-04
4.611395136840999953e+02 9.968601704741206770e-01 6.112265591199368513e-04 9.976970037434980121e-01 6.184778062970204505e-04
4.625115519638000023e+02 9.968776440574609321e-01 6.054132025702129490e-04 9.977092028146834490e-01 6.116485545263813115e-04
4.650085364356999662e+02 9.969090223626617675e-01 5.950291702400570346e-04 9.977312894372438734e-01 5.994818304958214345e-04
4.668474254357000177e+02 9.969317362384665371e-01 5.874787780049446498e-04 9.977473727923962254e-01 5.906504416105763048e-04
4.672721274638000182e+02 9.969369615246409522e-01 5.857541601615977051e-04 9.977511092729004494e-01 5.886369118387104610e-04
4.691296849638000594e+02 9.969595265147928043e-01 5.783563159744233061e-04 9.977672026521754445e-01 5.800594594764997732e-04
4.716080004356999211e+02 9.969891824367252964e-01 5.685495035896696468e-04 9.977885171280101995e-01 5.687304826161205000e-04
4.727889211840999337e+02 9.970031329792427011e-01 5.639557335375041660e-04 9.977985732708769540e-01 5.634721727829473210e-04
4.739462664638000433e+02 9.970166917099900772e-01 5.594865909010325209e-04 9.978083756872713206e-01 5.583553311428159300e-04
4.764059129356999165e+02 9.970451472139357785e-01 5.501121918819463748e-04 9.978290730039914846e-01 5.477466029303879047e-04
4.783008089356999335e+02 9.970667537181600037e-01 5.429261314702220776e-04 9.978448380745797985e-01 5.396523066010564494e-04
4.788001864638000598e+02 9.970724192576295719e-01 5.410585923019505103e-04 9.978490115341669409e-01 5.375764707641035936e-04
4.807137504638000678e+02 9.970939112942778237e-01 5.339659685481896361e-04 9.978647549796336724e-01 5.297307469763240691e-04
4.831547279357000662e+02 9.971209583793272380e-01 5.249765811658708764e-04 9.978846842060695721e-01 5.198581860273563835e-04
4.845876791841000113e+02 9.971366566888556493e-01 5.197569738913445378e-04 9.978962487413683968e-01 5.141977936801342929e-04
4.856236769637999942e+02 9.971479264433539269e-01 5.160097031452227099e-04 9.979045714729508632e-01 5.101333102768841176e-04
4.880459859357000028e+02 9.971739945432690488e-01 5.073555867485678335e-04 9.979238870487669999e-01 5.008978917418869690e-04
4.905430656840999859e+02 9.972005070334277743e-01 4.984867057408484898e-04 9.979435698200688210e-01 4.915148108532580969e-04
4.925405124637999847e+02 9.972214585166812029e-01 4.915142838563886681e-04 9.979591147753076319e-01 4.842525730734665679e-04
4.949441524357000048e+02 9.972463858466072972e-01 4.831955504254148936e-04 9.979776757359675177e-01 4.756590017247557759e-04
4.965357896840999388e+02 9.972627188219060912e-01 4.777515139409163549e-04 9.979898072775980067e-01 4.701007260990308243e-04
4.975437839637999673e+02 9.972729966112806599e-01 4.743264179146924474e-04 9.979974519380884201e-01 4.666033218794042115e-04
4.999287549357000557e+02 9.972970878558805596e-01 4.663278638267499810e-04 9.980153893280043764e-01 4.585616946817292036e-04
5.025658511841000404e+02 9.973234236987107426e-01 4.575432102902666251e-04 9.980349922569206056e-01 4.497921377597560418e-04
5.046099704637999821e+02 9.973436046766902541e-01 4.508703088103677647e-04 9.980499797575782539e-01 4.432152401326738952e-04
5.069762724356999684e+02 9.973667388916431786e-01 4.432218945565010761e-04 9.980671845753436022e-01 4.357244509185384746e-04
5.086332506841000054e+02 9.973827803080783649e-01 4.379383692274315819e-04 9.980790764249269920e-01 4.305963672405046030e-04
5.097065864638000221e+02 9.973931126311240680e-01 4.345372554231527657e-04 9.980867377161696252e-01 4.272950799307706146e-04
5.120542194357000199e+02 9.974155280946799262e-01 4.272340716095251903e-04 9.981033560091964185e-01 4.202823278317228267e-04
5.141171354356999927e+02 9.974350276718541020e-01 4.208397045950271805e-04 9.981177790488372503e-01 4.141555291651711893e-04
5.148405399637999835e+02 9.974418463197944895e-01 4.186473856069726951e-04 9.981228343281242088e-01 4.120742139985945191e-04
5.169221244637999462e+02 9.974612784367845597e-01 4.123904135633641647e-04 9.981371759570265567e-01 4.061435868716887013e-04
5.192510884357001260e+02 9.974828355923177625e-01 4.054676622756844470e-04 9.981530842604325882e-01 3.996026658078208099e-04
5.208800631840999813e+02 9.974977653070841166e-01 4.007129820966968893e-04 9.981640703580113572e-01 3.951345647760717231e-04
5.221120844637999880e+02 9.975089910194225862e-01 3.971383431243790665e-04 9.981723249875081860e-01 3.917752891207795319e-04
5.244223799356999507e+02 9.975298861592880595e-01 3.905841420134500714e-04 9.981876806267361291e-01 3.856470781388681270e-04
5.265413029357000596e+02 9.975488497401662213e-01 3.846105082921743743e-04 9.982015818632548054e-01 3.800690128273456541e-04
5.273393829637999488e+02 9.975559778898799301e-01 3.824106160785071856e-04 9.982068132088816048e-01 3.780203979840801695e-04
5.294769744637999338e+02 9.975748600351136419e-01 3.766020446723666328e-04 9.982206244318976296e-01 3.726197908866250483e-04
5.317686009356999648e+02 9.975949365406134861e-01 3.704375704940529221e-04 9.982352943640946386e-01 3.668916908614481762e-04
5.332762276840999220e+02 9.976080178522939157e-01 3.664758779310463331e-04 9.982448350581289986e-01 3.632157599647140543e-04
5.347602794637999750e+02 9.976208099635258675e-01 3.625983753153401673e-04 9.982541550719865597e-01 3.596179720063691202e-04
5.370332369356999607e+02 9.976402695344047666e-01 3.568085016555447579e-04 9.982683220184138673e-01 3.542470318701333482e-04
5.392081659356999808e+02 9.976586689874062941e-01 3.513305785601171993e-04 9.982816896366535353e-01 3.491658492095266685e-04
5.400809219637999377e+02 9.976660344843668593e-01 3.491675120470142182e-04 9.982870404165195000e-01 3.471582003624619993e-04
5.422745204638000587e+02 9.976843379885647067e-01 3.438554936698847635e-04 9.983003139195383291e-01 3.422228063576669894e-04
5.445288084356999434e+02 9.977029966120598559e-01 3.384352360883856521e-04 9.983138314642285849e-01 3.371842844689577510e-04
5.458217426841000588e+02 9.977136040889238444e-01 3.354276070400881850e-04 9.983215090831558669e-01 3.343813075049129405e-04
5.476511699637999300e+02 9.977284858624149155e-01 3.311950613207003107e-04 9.983322688715056126e-01 3.304368588907332532e-04
5.498867894357000523e+02 9.977465406562163741e-01 3.261369366635984450e-04 9.983453099044130585e-01 3.257099096599572587e-04
5.521177254356999811e+02 9.977643349194684763e-01 3.211748237595480129e-04 9.983581505784615562e-01 3.210633396135733871e-04
5.552819802153999262e+02 9.977892985411446203e-01 3.143719652191680767e-04 9.983761452537321945e-01 3.146669317650067433e-04
5.585164824638000027e+02 9.978144256543147739e-01 3.075808588334699506e-04 9.983942340825736617e-01 3.082568642778676688e-04
5.607847564638000222e+02 9.978317897087124466e-01 3.029707558760576626e-04 9.984067260406254141e-01 3.038836236876416973e-04
5.629830379357000538e+02 9.978484817384739580e-01 2.985846181158778308e-04 9.984187252666963941e-01 2.997091582587499631e-04
5.649200501840999777e+02 9.978630077339353255e-01 2.948156006868716378e-04 9.984291655505858065e-01 2.961049557293281395e-04
5.662920884637999279e+02 9.978732252232438427e-01 2.921598442393109527e-04 9.984365066996117033e-01 2.935653942982261485e-04
5.684717009356999142e+02 9.978893319546232599e-01 2.880842258338384750e-04 9.984480732192588803e-01 2.896393712992986085e-04
5.707773124356999688e+02 9.979061507849004142e-01 2.838067489907705005e-04 9.984601502281488239e-01 2.855129069271021840e-04
5.718367574638000406e+02 9.979138492879560118e-01 2.818888326184016292e-04 9.984656761559292937e-01 2.836532929391306652e-04
5.741610384638000824e+02 9.979305246625616022e-01 2.777679569817443359e-04 9.984776481656280067e-01 2.796405411367346508e-04
5.763219824356999652e+02 9.979458921585879771e-01 2.739725878047875223e-04 9.984886793172261799e-01 2.759379958551275527e-04
5.778389436841000588e+02 9.979565677092759879e-01 2.713996425035947830e-04 9.984963449022403736e-01 2.734084329615552207e-04
5.797617149638000456e+02 9.979699719554735449e-01 2.681544912227032417e-04 9.985059702398223491e-01 2.702180322337189699e-04
5.819039899356999967e+02 9.979847907873100610e-01 2.646324509627497783e-04 9.985166093788063746e-01 2.667343609601926417e-04
5.842656089356999018e+02 9.980009003294525449e-01 2.608197199431044520e-04 9.985281815860505006e-01 2.629484201847330808e-04
5.853997299637999276e+02 9.980085924180812640e-01 2.590025035105496449e-04 9.985337069038712210e-01 2.611426732775983472e-04
5.876121241840999119e+02 9.980234326441048687e-01 2.555835611886088030e-04 9.985443695177325107e-01 2.577142940809588911e-04
5.899036229357000138e+02 9.980386271616848992e-01 2.520459804706293313e-04 9.985552926725479450e-01 2.541669231900647646e-04
5.910750819638000166e+02 9.980463501876127852e-01 2.502988122556466756e-04 9.985608469035113233e-01 2.524007638738493290e-04
5.934740379638000149e+02 9.980619714233628370e-01 2.467547220123203901e-04 9.985720886022092513e-01 2.488130832818725188e-04
5.955789749357001028e+02 9.980755562724341612e-01 2.436926582111218615e-04 9.985818701674553655e-01 2.457040722607196697e-04
5.974973181840999814e+02 9.980877839578706778e-01 2.409801473794183618e-04 9.985906810334581607e-01 2.429334101619899026e-04
5.992053969638000126e+02 9.980985712999812520e-01 2.385761135817571460e-04 9.985984578435664893e-01 2.404778620905996262e-04
6.012916649356999415e+02 9.981116386994287604e-01 2.357199985891036433e-04 9.986078827824216297e-01 2.375424372518217286e-04
6.037279594356999723e+02 9.981266982921064290e-01 2.324200476565603123e-04 9.986187563071198259e-01 2.341441406691189176e-04
6.049740939637999873e+02 9.981343556778806692e-01 2.307586210946841355e-04 9.986242904910547225e-01 2.324293786819137141e-04
6.074290569638000079e+02 9.981492489299105264e-01 2.275774406296595970e-04 9.986350581871535903e-01 2.291294957339586112e-04
6.107801284637999970e+02 9.981692932778443161e-01 2.232935819155964705e-04 9.986495672418961300e-01 2.246759871277953838e-04
6.132537604637999493e+02 9.981838583380474583e-01 2.202054200683708314e-04 9.986601242492511021e-01 2.214539238188410958e-04
6.153026909356999568e+02 9.981958135343628191e-01 2.176923622794467461e-04 9.986688022253583652e-01 2.188266676463444143e-04
6.174917336840999269e+02 9.982084224279105245e-01 2.150692568681693913e-04 9.986779602074035145e-01 2.160768959572680352e-04
6.191158024637999233e+02 9.982176887442852919e-01 2.131315293672654933e-04 9.986846963117546050e-01 2.140456264909198797e-04
6.211460639356999991e+02 9.982291729634045208e-01 2.107677980067754295e-04 9.986930522728977300e-01 2.115616793076560817e-04
6.236570339357000421e+02 9.982432018490091652e-01 2.078630887663321196e-04 9.987032696252252650e-01 2.085079502839398365e-04
6.250151819637999324e+02 9.982507354735284943e-01 2.063176852663774663e-04 9.987087661171000219e-01 2.068823448873045629e-04
6.275448204637999652e+02 9.982645974374768638e-01 2.034979891971631124e-04 9.987188799619297619e-01 2.039136750954447810e-04
6.295564124356999400e+02 9.982755014679358663e-01 2.012613442131599788e-04 9.987268463710420319e-01 2.015588447362014635e-04
6.310080326841000442e+02 9.982833058108168123e-01 1.996873919281464186e-04 9.987325535721223169e-01 1.999025673844795532e-04
6.335002064638000547e+02 9.982965646519356140e-01 1.969955667175625469e-04 9.987422544711019867e-01 1.970698846303580820e-04
6.354931299356999261e+02 9.983070693661777462e-01 1.948751829413933778e-04 9.987499555502113990e-01 1.948403326594846463e-04
6.378221891841000115e+02 9.983191994803277680e-01 1.924414893090008790e-04 9.987588488627000549e-01 1.922841079048549773e-04
6.394929299638000657e+02 9.983278193939338907e-01 1.907026940734671348e-04 9.987651758588694806e-01 1.904577978017141465e-04
6.414671844357000055e+02 9.983379196626843699e-01 1.886926780670346109e-04 9.987725974853470801e-01 1.883531360439652546e-04
6.440528304357000025e+02 9.983509919349381478e-01 1.860742727979411047e-04 9.987822047235305201e-01 1.856126807207654928e-04
6.455229919637999956e+02 9.983583617756527362e-01 1.846033461879544773e-04 9.987876319398663050e-01 1.840765364829758863e-04
6.480994306840999570e+02 9.983711395338339400e-01 1.820629148914513411e-04 9.987970368799088394e-01 1.814312440672325073e-04
6.515625156841000489e+02 9.983880863370839798e-01 1.786881828262063573e-04 9.988095325683963299e-01 1.779264616379228655e-04
6.542133749637999927e+02 9.984008703364334325e-01 1.761473803956373587e-04 9.988189614261413496e-01 1.752971224253500892e-04
6.561502919357000110e+02 9.984101230076446454e-01 1.743123375653433341e-04 9.988257992201000635e-01 1.734037846041795933e-04
6.584886856841000053e+02 9.984211760217797105e-01 1.721297245173710974e-04 9.988339620593608137e-01 1.711616289817480025e-04
6.603367814637999800e+02 9.984298311029068396e-01 1.704112399800850172e-04 9.988403590946266508e-01 1.693962841391048388e-04
6.622550294356998393e+02 9.984387434139908590e-01 1.686598840010480210e-04 9.988469537111075436e-01 1.676089561500440129e-04
6.649153504356999065e+02 9.984509692717694618e-01 1.662456126286423195e-04 9.988559939564342072e-01 1.651482497929916281e-04
6.664975254638000024e+02 9.984581784989285946e-01 1.648232820561419015e-04 9.988613342939611783e-01 1.637026721573435636e-04
6.689339476841000760e+02 9.984691747372684834e-01 1.626633311488970247e-04 9.988694714144381592e-01 1.615195462528982713e-04
6.710760949356999845e+02 9.984787506926294798e-01 1.607691752223710960e-04 9.988765615748197435e-01 1.596050560749926047e-04
6.726956074638000018e+02 9.984859381658193200e-01 1.593639700766841141e-04 9.988818895891979910e-01 1.581949236796028398e-04
6.753932664638001597e+02 9.984977906453226248e-01 1.570382321788723701e-04 9.988906654761265935e-01 1.558639963815861603e-04
6.772741764357001557e+02 9.985059831014241327e-01 1.554312691680130294e-04 9.988967401987902672e-01 1.542573239690552607e-04
6.794912226840999665e+02 9.985155493247540592e-01 1.535684898029869377e-04 9.989038259893893157e-01 1.524057472664006290e-04
6.816473559638000097e+02 9.985247676896470415e-01 1.517632686648084624e-04 9.989106540173936510e-01 1.506113909044360028e-04
6.835095969357000740e+02 9.985326691432748758e-01 1.502278438627370222e-04 9.989165123146529490e-01 1.490937555648201996e-04
6.862445939357000952e+02 9.985441581308193149e-01 1.479912349539571281e-04 9.989250203831681052e-01 1.468877089789919475e-04
6.879387824637999529e+02 9.985512196284120900e-01 1.466163620209418093e-04 9.989302555315376919e-01 1.455334195624375174e-04
6.901045046840999930e+02 9.985601689000841441e-01 1.448926958399224740e-04 9.989368835756836651e-01 1.438452609775961173e-04
6.925360204357000384e+02 9.985701240998372530e-01 1.429632400082556131e-04 9.989442541640972673e-01 1.419555488726108327e-04
6.942675469637999868e+02 9.985771635721271133e-01 1.416137753572847390e-04 9.989494707281820762e-01 1.406391598308452478e-04
6.970398814637999294e+02 9.985883187450241838e-01 1.394771487320808434e-04 9.989577252419756803e-01 1.385592806664430346e-04
6.988647844356999030e+02 9.985956016381736244e-01 1.380781759830701321e-04 9.989631168798378535e-01 1.371981706576111404e-04
7.008298001841000087e+02 9.986033820319833998e-01 1.366032125549388799e-04 9.989688731353354445e-01 1.357694150221993537e-04
7.034246529638000993e+02 9.986135633396223676e-01 1.346616515224041731e-04 9.989764014069471010e-01 1.338886797982386998e-04
7.052308869357001413e+02 9.986206018931912398e-01 1.333326143632464775e-04 9.989816093260303065e-01 1.326039019602665025e-04
7.080173346841000921e+02 9.986313480244110030e-01 1.313138485757413395e-04 9.989895505584238666e-01 1.306557513015835833e-04
7.116111021841001048e+02 9.986450504350127266e-01 1.287538538773774202e-04 9.989996758642156749e-01 1.281882670293962617e-04
7.144626689357000942e+02 9.986557800006883312e-01 1.267579320882029458e-04 9.990075968232452475e-01 1.262668849542702509e-04
7.163062089638000316e+02 9.986626655629463611e-01 1.254870611419581141e-04 9.990126812383632871e-01 1.250440316201197077e-04
7.188546441841000387e+02 9.986720895405335474e-01 1.237617076340657746e-04 9.990196335361819502e-01 1.233849482598156774e-04
7.209221159357001625e+02 9.986796719116137755e-01 1.223665306129056106e-04 9.990252259185387063e-01 1.220433511489834227e-04
7.228029934637999077e+02 9.986865257143554553e-01 1.211306333639315468e-04 9.990302810970437264e-01 1.208546895861552190e-04
7.256686729637999633e+02 9.986968588574067773e-01 1.192619595515683926e-04 9.990378965410051659e-01 1.190573930702682647e-04
7.274189004357000385e+02 9.987031273918786090e-01 1.181335517221921046e-04 9.990425169699738150e-01 1.179717007583954970e-04
7.298039666841000326e+02 9.987115894397935456e-01 1.166341575467362719e-04 9.990487502667411146e-01 1.165275106824702336e-04
7.322214649638000310e+02 9.987200885714556664e-01 1.151188111018926728e-04 9.990550087586655970e-01 1.150679353611727674e-04
7.339530234357000609e+02 9.987261398619554642e-01 1.140599459465458119e-04 9.990594651451956132e-01 1.140462470086903152e-04
7.368560404357000380e+02 9.987361764551174748e-01 1.123078168830473646e-04 9.990668520518704021e-01 1.123543053570496387e-04
7.388115939637999645e+02 9.987428863000910040e-01 1.111369058576990878e-04 9.990717901801179357e-01 1.112230103344248871e-04
7.408092961840999351e+02 9.987496827580979453e-01 1.099754133165052107e-04 9.990767905817546923e-01 1.100974626461890724e-04
7.434461699357000271e+02 9.987585716487782372e-01 1.084478968862708859e-04 9.990833289112137638e-01 1.086171695504908283e-04
7.454390614638000443e+02 9.987652446120802718e-01 1.073179720187020079e-04 9.990882375163547824e-01 1.075196270617724054e-04
7.482021891840998933e+02 9.987743943854682227e-01 1.057805322829292744e-04 9.990949656440208937e-01 1.060232502104547023e-04
7.500736369356999376e+02 9.987805428237317429e-01 1.047428845446733144e-04 9.990994865322683216e-01 1.050133105943994080e-04
7.521038664638000455e+02 9.987871679679609649e-01 1.036542982216781810e-04 9.991043577055183089e-01 1.039488790511495679e-04
7.550628904638000449e+02 9.987967185652307789e-01 1.020767664028256460e-04 9.991113786804934893e-01 1.024056648189813939e-04
7.567384419356999388e+02 9.988020921020129839e-01 1.011970495933320861e-04 9.991153295113955890e-01 1.015435425752586070e-04
7.593755386840999790e+02 9.988104626800657915e-01 9.984872586449734366e-05 9.991214827761046857e-01 1.002173187451923289e-04
7.617837019638000129e+02 9.988180348732254021e-01 9.862074358929101309e-05 9.991270492016460780e-01 9.900943338299981610e-05
7.634405849357000307e+02 9.988232140987138852e-01 9.780095712303483221e-05 9.991308572280483968e-01 9.819947718108793715e-05
7.664369469356998934e+02 9.988324779924453445e-01 9.633530900936127634e-05 9.991376678961687574e-01 9.674960054021437741e-05
7.685418519638000134e+02 9.988389338787839744e-01 9.531631576163314260e-05 9.991424150213092936e-01 9.574039121351920925e-05
7.706048951841000871e+02 9.988452036742175855e-01 9.434734284833774256e-05 9.991470253898337983e-01 9.477633319304670930e-05
7.731950964357000657e+02 9.988530032798580427e-01 9.313564764122180168e-05 9.991527612754966814e-01 9.357074080939563917e-05
7.753373394638000491e+02 9.988594081181522144e-01 9.215612904563667438e-05 9.991574727900984776e-01 9.259311534709107662e-05
7.781471396841000114e+02 9.988677135032024701e-01 9.089545854807574749e-05 9.991635824046813941e-01 9.133171503306069822e-05
7.799905844357000433e+02 9.988731189689912249e-01 9.007159653692413176e-05 9.991675598268043856e-01 9.050736775431963792e-05
7.821701649638000617e+02 9.988794649431687045e-01 8.913004631096796816e-05 9.991722301379822868e-01 8.956072548680394936e-05
7.852225334638000049e+02 9.988882514326967721e-01 8.781976081277541757e-05 9.991786972291818447e-01 8.824261431434799363e-05
7.868234094357000004e+02 9.988928292481206173e-01 8.714257750863067949e-05 9.991820683376656520e-01 8.756036607037997750e-05
7.895445161840999617e+02 9.989005313469637715e-01 8.602254846048209235e-05 9.991877397376349723e-01 8.642810371621383308e-05
7.921113654637999844e+02 9.989077244851426451e-01 8.496858745322346683e-05 9.991930378594130469e-01 8.536261053002561065e-05
7.936935724357000481e+02 9.989121312303044231e-01 8.433745161949291738e-05 9.991962853261789901e-01 8.472244553755986843e-05
7.967832789356999683e+02 9.989206435747373103e-01 8.311955901801503963e-05 9.992025579506456090e-01 8.348588425926400101e-05
7.990375354638000545e+02 9.989267999278603760e-01 8.223887179232421097e-05 9.992070969294437610e-01 8.259111105552921625e-05
8.009978996841000480e+02 9.989321066245886449e-01 8.149558128010632907e-05 9.992110098502329230e-01 8.183363821702819044e-05
8.037094489357000384e+02 9.989393785784712598e-01 8.047198988795774516e-05 9.992163728430747405e-01 8.079049322447004575e-05
8.060010434637999879e+02 9.989454756049445106e-01 7.962346222302070227e-05 9.992208720762744134e-01 7.992448312837869575e-05
8.086894956841000521e+02 9.989525508274074150e-01 7.864689629815927341e-05 9.992260929544400927e-01 7.892629829668357418e-05
8.106729569357000855e+02 9.989577273959218129e-01 7.792955689012199410e-05 9.992299143666454331e-01 7.819306918612079621e-05
8.130018889637999564e+02 9.989637612630318797e-01 7.711095632373387871e-05 9.992343706125067504e-01 7.735483826115167297e-05
8.161476024638000126e+02 9.989718177324563575e-01 7.601505840073098424e-05 9.992403206115717529e-01 7.623217465582086396e-05
8.176738029356999959e+02 9.989756992221771048e-01 7.548845058141066280e-05 9.992431895730833347e-01 7.569256614567715250e-05
8.203108991840999806e+02 9.989823446198914381e-01 7.460426250530462244e-05 9.992481004123674460e-01 7.478548499663390100e-05
8.232044544637999479e+02 9.989895600767770834e-01 7.363617994749478246e-05 9.992534339603852400e-01 7.379232900537079966e-05
8.247119859356999996e+02 9.989932952906188657e-01 7.314337545401637501e-05 9.992561973643993012e-01 7.328653639165132682e-05
8.278950374357000328e+02 9.990010990281021908e-01 7.211866499150676891e-05 9.992619684621930620e-01 7.223458135875547451e-05
8.302986454638000851e+02 9.990069354847191940e-01 7.134867247489981665e-05 9.992662872581887790e-01 7.144412376216395814e-05
8.319883101840999871e+02 9.990110070370812334e-01 7.082252268624908051e-05 9.992693005724752053e-01 7.090403011151440778e-05
8.349892279357000007e+02 9.990181711461693093e-01 6.989241422333453461e-05 9.992746025016592260e-01 6.994928440601484254e-05
8.374301734638000880e+02 9.990239471127708715e-01 6.914639114956467453e-05 9.992788803842438394e-01 6.918374033570316099e-05
8.398292571841000154e+02 9.990295681057292931e-01 6.842773629041908371e-05 9.992830424968764946e-01 6.844663954817285854e-05
8.421207559356998900e+02 9.990348916955207326e-01 6.774450403730564770e-05 9.992869854310919564e-01 6.774587665268745032e-05
8.445990394638000680e+02 9.990406046160227316e-01 6.702104637213465547e-05 9.992912194235878953e-01 6.700460379303898825e-05
8.477075421841000207e+02 9.990476904452458840e-01 6.612452530736510404e-05 9.992964693282186950e-01 6.608645204992905531e-05
8.492896219356999836e+02 9.990512694203150801e-01 6.567026746493512788e-05 9.992991226332038623e-01 6.562123112077055320e-05
8.518052429637999694e+02 9.990569174726732227e-01 6.496821411671157621e-05 9.993033102385944222e-01 6.490365418173147532e-05
8.550629694637999592e+02 9.990641514106874954e-01 6.406219222031797513e-05 9.993086728330190516e-01 6.397769029602105579e-05
8.564958254356999987e+02 9.990673114364423402e-01 6.366930139253808654e-05 9.993110177397135363e-01 6.357654591143869658e-05
8.596089796841000634e+02 9.990741117397964333e-01 6.283254387776483014e-05 9.993160605643496286e-01 6.272362001012923166e-05
8.623251804637999385e+02 9.990799844003762642e-01 6.210386094557938008e-05 9.993204165616824675e-01 6.198086348054968910e-05
8.637393674357000464e+02 9.990830229091919312e-01 6.173352381826434463e-05 9.993226718993541979e-01 6.160438141551755249e-05
8.670344319357000131e+02 9.990900358086101107e-01 6.087726633926687791e-05 9.993278741208135862e-01 6.073427171162951925e-05
8.696247284638000110e+02 9.990954964177943820e-01 6.020973700169194670e-05 9.993319273808829450e-01 6.005643726937509607e-05
8.715664236841000729e+02 9.990995553319893530e-01 5.972041334903191369e-05 9.993349394415056430e-01 5.956088788575684604e-05
8.743339799356999720e+02 9.991052915627933739e-01 5.902633905337418299e-05 9.993391957927298952e-01 5.885800924708966414e-05
8.769616149637998888e+02 9.991106912808201956e-01 5.837659947691487737e-05 9.993432049241441906e-01 5.820120051377627166e-05
8.795940606840998726e+02 9.991160475677517416e-01 5.773525725695360927e-05 9.993471798364497172e-01 5.755413600111716554e-05
8.816708664356999634e+02 9.991202402143694039e-01 5.723176178599631190e-05 9.993502918043606353e-01 5.704615808776030561e-05
8.843358389638000290e+02 9.991255794974823745e-01 5.659881508133033360e-05 9.993542564836426223e-01 5.640941979617145903e-05
8.876590346841001065e+02 9.991321644683585079e-01 5.581672371245522096e-05 9.993591436283141283e-01 5.562345023808697208e-05
8.917195251841000072e+02 9.991401142450764272e-01 5.488146806271507032e-05 9.993650459212821691e-01 5.468601227414416228e-05
8.951171414638000670e+02 9.991466796049828236e-01 5.410693059216494557e-05 9.993699186078539576e-01 5.391072190237052736e-05
8.964566524357001072e+02 9.991492511383873731e-01 5.380629589361963719e-05 9.993718287858891491e-01 5.361036080684613463e-05
8.998405061841000361e+02 9.991556871054378952e-01 5.305951837563408570e-05 9.993766052871915218e-01 5.286584204148280788e-05
9.039009966841000505e+02 9.991633179812372534e-01 5.217195983093624728e-05 9.993822697886360906e-01 5.198203870348584200e-05
9.073126304357001572e+02 9.991696477301649226e-01 5.144240584898939107e-05 9.993869665311572170e-01 5.125746169081286686e-05
9.100896164638000982e+02 9.991747511435462581e-01 5.085381909632412210e-05 9.993907546088565130e-01 5.067341009162255346e-05
9.120779841840999325e+02 9.991783751080082210e-01 5.044081278348549921e-05 9.993934434960768387e-01 5.026467985539655322e-05
9.148175369356999909e+02 9.991833285035448542e-01 4.987478186870604734e-05 9.993971179795887450e-01 4.970452723320206722e-05
9.176318609638000225e+02 9.991883746274714539e-01 4.930129569350998205e-05 9.994008624253507556e-01 4.913788374691001006e-05
9.202923101840999607e+02 9.991930992301403247e-01 4.876673229930593868e-05 9.994043663306853009e-01 4.861056166185612058e-05
9.223597814356999152e+02 9.991967436291423477e-01 4.835348750050830744e-05 9.994070691251495386e-01 4.820292220558262031e-05
9.252114429637999820e+02 9.992017330301107281e-01 4.779472744393256178e-05 9.994107700204049038e-01 4.765284474762301848e-05
9.285439731841000821e+02 9.992075018915619333e-01 4.714774556779080170e-05 9.994150466661759769e-01 4.701640208581371914e-05
9.299393634357001019e+02 9.992099010781447799e-01 4.687821710238193726e-05 9.994168256905305858e-01 4.675126491214575460e-05
9.328283629637999184e+02 9.992148325604912618e-01 4.633398740726073738e-05 9.994204814859906083e-01 4.621704188782316762e-05
9.363101169638000556e+02 9.992207138859288129e-01 4.567985251160857594e-05 9.994248397563089137e-01 4.557499796289681042e-05
9.375562834357000384e+02 9.992228063787453873e-01 4.544918094938692167e-05 9.994263911590589577e-01 4.534873880559353978e-05
9.410054781841000704e+02 9.992285465753758533e-01 4.482279959627231042e-05 9.994306437588498238e-01 4.473492560276402666e-05
9.439830439638001280e+02 9.992334523470683960e-01 4.428282783712137035e-05 9.994342775740318041e-01 4.420578933925502457e-05
9.452105419356998937e+02 9.992354633517387397e-01 4.406574074168618230e-05 9.994357675211097414e-01 4.399324230457358548e-05
9.487296334357000660e+02 9.992411795026189258e-01 4.344736106956009400e-05 9.994400001500794994e-01 4.338782602463006741e-05
9.516933084638000082e+02 9.992459480995324883e-01 4.293070871619214128e-05 9.994435312084428702e-01 4.288202733392369232e-05
9.535229906840997955e+02 9.992488692251032534e-01 4.261882890031189143e-05 9.994456937092321969e-01 4.257674916757178988e-05
9.564398984356998881e+02 9.992534903210580355e-01 4.212441605589118087e-05 9.994491137915944012e-01 4.209280452922606569e-05
9.594409114637999210e+02 9.992582049144547174e-01 4.162263196941240473e-05 9.994526032412271999e-01 4.160153873777457600e-05
9.619240051840999968e+02 9.992620700207266449e-01 4.121442907048853923e-05 9.994554629027841974e-01 4.120177631014502030e-05
9.641875004357000307e+02 9.992655679913182709e-01 4.084441830636738606e-05 9.994580506374005635e-01 4.083941655585422243e-05
9.672258514637998132e+02 9.992702282135741410e-01 4.035747439393950949e-05 9.994614982029442762e-01 4.036216740199640997e-05
9.703623576841000613e+02 9.992749894859851434e-01 3.986069368224418177e-05 9.994650191958830421e-01 3.987506440351690966e-05
9.719724409356999786e+02 9.992774172354507156e-01 3.960705585640265550e-05 9.994668145386921276e-01 3.962636703311684728e-05
9.750481299638000792e+02 9.992820220526191788e-01 3.913446695338298526e-05 9.994702194063349587e-01 3.916222529641847950e-05
9.786418974637999781e+02 9.992873451207684443e-01 3.858542351023995666e-05 9.994741543690560670e-01 3.862284624944128058e-05
9.797947194356999034e+02 9.992890430752662256e-01 3.841097317479727805e-05 9.994754098123759256e-01 3.845139718481170739e-05
9.831038971840998784e+02 9.992938772648027879e-01 3.792336323579941941e-05 9.994789827620058631e-01 3.797118055208082696e-05
9.865201824637999835e+02 9.992988167945970890e-01 3.742053306512486900e-05 9.994826330038685258e-01 3.747597217769029561e-05
9.876543354356998634e+02 9.993004478866238660e-01 3.725746129962110702e-05 9.994838386112363526e-01 3.731502391773351403e-05
9.912854404357001386e+02 9.993056241725528643e-01 3.674192228139716733e-05 9.994876632552764928e-01 3.680576633758746077e-05
9.944358049637999102e+02 9.993100715091528530e-01 3.629681311679106785e-05 9.994909491094940979e-01 3.636591313536847471e-05
9.959014426841000613e+02 9.993121263706711277e-01 3.609511128481121962e-05 9.994924673198530840e-01 3.616599381809164056e-05
9.992010634357000072e+02 9.993167166873291318e-01 3.564365061236911893e-05 9.994958583433984911e-01 3.571850580557418847e-05
1.002388765963799983e+03 9.993211118784739444e-01 3.521246542882316857e-05 9.994991053540100978e-01 3.529062714502880275e-05
1.004489146684100092e+03 9.993239832441884740e-01 3.493448958086121795e-05 9.995012264219262921e-01 3.501409323955716858e-05
1.007154023935700138e+03 9.993275998209698585e-01 3.458387752156039135e-05 9.995038978417909448e-01 3.466528689335462109e-05
1.010379064463799978e+03 9.993319414246469856e-01 3.416647747834166641e-05 9.995071049418541298e-01 3.424923549572858676e-05
1.013114188684099986e+03 9.993355879963307098e-01 3.381787531367725784e-05 9.995097984116815271e-01 3.390111943742841214e-05
1.015144322435700019e+03 9.993382762588149948e-01 3.356058288487778567e-05 9.995117841629382882e-01 3.364417745729090538e-05
1.018406698963799954e+03 9.993425646192617418e-01 3.315633750630385526e-05 9.995149520360890882e-01 3.323940808839099241e-05
1.021776566684100089e+03 9.993469474510282557e-01 3.274310893713277377e-05 9.995181895035658570e-01 3.282518533468586962e-05
1.023171958935699990e+03 9.993487508296379218e-01 3.257295253829386631e-05 9.995195218135060067e-01 3.265461679710623797e-05
1.026471674963800069e+03 9.993529850284044169e-01 3.218146960735546636e-05 9.995226498417715266e-01 3.226091499602196983e-05
1.030196124963800230e+03 9.993577126165976710e-01 3.174150921403781140e-05 9.995261423986898652e-01 3.181829703183016838e-05
1.031236933435699939e+03 9.993590265480863932e-01 3.161999931147474609e-05 9.995271134019236836e-01 3.169594910805505450e-05
1.034854146184099818e+03 9.993635552467285965e-01 3.120748954041674991e-05 9.995304593774603230e-01 3.127957586825461518e-05
1.038317103463800095e+03 9.993678462799133744e-01 3.081291551339946164e-05 9.995336301308129778e-01 3.088130248219403466e-05
1.039339246935699975e+03 9.993691062606407938e-01 3.069947519489222995e-05 9.995345615210754486e-01 3.076651852388999326e-05
1.043101034935700000e+03 9.993737045558362952e-01 3.028577300583811370e-05 9.995379598263632870e-01 3.034774040040164609e-05
1.046475422824400084e+03 9.993777885526348159e-01 2.991689552282158414e-05 9.995409787080440367e-01 2.997420288418980650e-05
1.047987732544700066e+03 9.993796058704560448e-01 2.975566447704120580e-05 9.995423222063024582e-01 2.981061863312092054e-05
1.051259351435699955e+03 9.993835081209124782e-01 2.940898509601642748e-05 9.995452069014191254e-01 2.945885852395193683e-05
1.054671079324399898e+03 9.993875407335429673e-01 2.905133415239557646e-05 9.995481887882194938e-01 2.909575699022803758e-05
1.056799462544699963e+03 9.993900351709513741e-01 2.883243874116524946e-05 9.995500332447682101e-01 2.887327804882937587e-05
1.059455006935700112e+03 9.993931256978072497e-01 2.856098095522846200e-05 9.995523186212355027e-01 2.859736242429783887e-05
1.062904073463799932e+03 9.993971069150985320e-01 2.821355501622415440e-05 9.995552634652129509e-01 2.824404256261230840e-05
1.065648531184099966e+03 9.994002449927835707e-01 2.794088563753705521e-05 9.995575845435115125e-01 2.796661281003246140e-05
1.067688001435700016e+03 9.994025615726203071e-01 2.773947609449856530e-05 9.995592982988038555e-01 2.776167918787008970e-05
1.071174407963800149e+03 9.994064922647911686e-01 2.740203039858990838e-05 9.995622068647042058e-01 2.741823337652836927e-05
1.074534941184100035e+03 9.994102418451703551e-01 2.707997080372184486e-05 9.995649811504496718e-01 2.709040970658657213e-05
1.075958334935700123e+03 9.994118200437186461e-01 2.694435719915460825e-05 9.995661491724355807e-01 2.695236595032858527e-05
1.079482076463800013e+03 9.994156994015171991e-01 2.661589479398508370e-05 9.995690204448486327e-01 2.661810213974975076e-05
1.083337208963799867e+03 9.994198985044439043e-01 2.625821039607928020e-05 9.995721284499673454e-01 2.625411590993906639e-05
1.084266007435699976e+03 9.994209047192708084e-01 2.617276351731302956e-05 9.995728737009864640e-01 2.616717367069390331e-05
1.087948561184099844e+03 9.994248637672148439e-01 2.584212858382544918e-05 9.995758046604323876e-01 2.583101411442954889e-05
1.091700884963799808e+03 9.994288559797448457e-01 2.550544104724900241e-05 9.995787605200994186e-01 2.548869925598410655e-05
1.092611013435699988e+03 9.994298192707460338e-01 2.542554710401839809e-05 9.995794742201392635e-01 2.540756451226450517e-05
1.096503483935700160e+03 9.994339062584994826e-01 2.508749288392963608e-05 9.995825005980559785e-01 2.506435980108537867e-05
1.100101900463799893e+03 9.994376462154254126e-01 2.477624025632765476e-05 9.995852706580832248e-01 2.474843514490248278e-05
1.101418186184100023e+03 9.994390052509322109e-01 2.466474796618689112e-05 9.995862773653615418e-01 2.463546791013562917e-05
1.104904497935699965e+03 9.994425793578493034e-01 2.437127649237999061e-05 9.995889244094740000e-01 2.433811044370527419e-05
1.108540254463800238e+03 9.994462720193112437e-01 2.406765329127549921e-05 9.995916601609851071e-01 2.403067028186418731e-05
1.110453946184100005e+03 9.994482005310899586e-01 2.391055091658809886e-05 9.995930887856417923e-01 2.387186278237528046e-05
1.113342850935699971e+03 9.994510924712051159e-01 2.367487275236623709e-05 9.995952310381877037e-01 2.363362645911266526e-05
1.117015943824399983e+03 9.994547388016836731e-01 2.337896972739163679e-05 9.995979331001823009e-01 2.333485880416548826e-05
1.119527042544699952e+03 9.994572095897122921e-01 2.317965794438128858e-05 9.995997635881305188e-01 2.313390842778888487e-05
1.121818542935699952e+03 9.994594498062072674e-01 2.299892251594172168e-05 9.996014233380932090e-01 2.295168857181449686e-05
1.125528972081699976e+03 9.994630492177881687e-01 2.271067807926249285e-05 9.996040907747691939e-01 2.266157184247512464e-05
1.128637473801999931e+03 9.994660358377525089e-01 2.247159681788575667e-05 9.996063034768397637e-01 2.242120129618840828e-05
1.130331568435699864e+03 9.994676535749562607e-01 2.234208513532113974e-05 9.996075022140409327e-01 2.229099304836217762e-05
1.134079339963800066e+03 9.994712070097049317e-01 2.206091234450882187e-05 9.996101355957385248e-01 2.200893127496538382e-05
1.137785246184099833e+03 9.994746848205144918e-01 2.178469843748485281e-05 9.996127123201687947e-01 2.173202762439508230e-05
1.138881933435699921e+03 9.994757081647517305e-01 2.170344109509830506e-05 9.996134707798763896e-01 2.165056796184734720e-05
1.142667042581699889e+03 9.994792160981709195e-01 2.142930029043335218e-05 9.996160702547830512e-01 2.137646911469732729e-05
1.146671526081699994e+03 9.994828887713177457e-01 2.114001397820573978e-05 9.996187913951567472e-01 2.108728766441084638e-05
1.147469641935699883e+03 9.994836171259704471e-01 2.108308960254916362e-05 9.996193314086244674e-01 2.103043987837568821e-05
1.151492794935699976e+03 9.994872608429821170e-01 2.080135052405712655e-05 9.996220310597827563e-01 2.074957166113257245e-05
1.155315236463800147e+03 9.994906879499113606e-01 2.053398496137512062e-05 9.996245702772480479e-01 2.048304975447018384e-05
1.156192801184099835e+03 9.994914705366663155e-01 2.047406361153472810e-05 9.996251502836304148e-01 2.042346087956110201e-05
1.160136501435699984e+03 9.994949624185113235e-01 2.020647858613396211e-05 9.996277371051767169e-01 2.015737668096622109e-05
1.163996285581700022e+03 9.994983466996657517e-01 1.994604364713444504e-05 9.996302444641737006e-01 1.989850599053969135e-05
1.165452588802000037e+03 9.994996148858483753e-01 1.984972881554345793e-05 9.996311839729166149e-01 1.980294145655579527e-05
1.168817551935699839e+03 9.995025260604238904e-01 1.962858403282575557e-05 9.996333402272563617e-01 1.958353263697863985e-05
1.172714673463799954e+03 9.995058680828516895e-01 1.937491229928185914e-05 9.996358160338411070e-01 1.933201045042157523e-05
1.174749711184100306e+03 9.995075994613347170e-01 1.924478411695925331e-05 9.996370983605121774e-01 1.920314738134835906e-05
1.177535936435700023e+03 9.995099551315246300e-01 1.906772692370196662e-05 9.996388428788061109e-01 1.902782161571836474e-05
1.181470397963799769e+03 9.995132548253868876e-01 1.882091842097925139e-05 9.996412868552861930e-01 1.878360611616106224e-05
1.184084176184100215e+03 9.995154277525246656e-01 1.865920019203077426e-05 9.996428958132499432e-01 1.862371269525820114e-05
1.186291664435699886e+03 9.995172519676023271e-01 1.852346840515244585e-05 9.996442465364441254e-01 1.848951941112203200e-05
1.190263458581699979e+03 9.995205098885713291e-01 1.828335043292573069e-05 9.996466590671967412e-01 1.825229399621627161e-05
1.193455973801999789e+03 9.995231037701860499e-01 1.809236535418020720e-05 9.996485793028817568e-01 1.806368891370796736e-05
1.195084726935699791e+03 9.995244195598904646e-01 1.799553052894130401e-05 9.996495534417373374e-01 1.796806468944706493e-05
1.199093858463799961e+03 9.995276360282621120e-01 1.776213775525559770e-05 9.996519347034505953e-01 1.773772418155103640e-05
1.202865106184099886e+03 9.995306310087116453e-01 1.754414052263352782e-05 9.996541513964340986e-01 1.752261342144978046e-05
1.203915122935700083e+03 9.995314604410023840e-01 1.748380673006063471e-05 9.996547653969922731e-01 1.746307964672503204e-05
1.207961595824400092e+03 9.995346355356372614e-01 1.725685883144639161e-05 9.996571153777876750e-01 1.723921029755928614e-05
1.212115430824400164e+03 9.995378612604112201e-01 1.702460359405198298e-05 9.996595024043954947e-01 1.701011106657828560e-05
1.212782862935699995e+03 9.995383772334974770e-01 1.698773491903030698e-05 9.996598843909304533e-01 1.697374251069795097e-05
1.216955366935699885e+03 9.995415791507011871e-01 1.676210968753735609e-05 9.996622535889633232e-01 1.675118075193734272e-05
1.221039176081699907e+03 9.995446817855889732e-01 1.654152063040640770e-05 9.996645492025868496e-01 1.653358453821360477e-05
1.221795393801999808e+03 9.995452533972855047e-01 1.650180425309778423e-05 9.996649722284262074e-01 1.649438988545344262e-05
1.225879109935699944e+03 9.995483188039744338e-01 1.628872981587037617e-05 9.996672399492203542e-01 1.628412412950746278e-05
1.230000257824400251e+03 9.995513823073083337e-01 1.607491280909233275e-05 9.996695062206252258e-01 1.607309909063058489e-05
1.231316542544700269e+03 9.995523543280677714e-01 1.600821304885411181e-05 9.996702252578351100e-01 1.600722527689054040e-05
1.234840191935699977e+03 9.995549398860482659e-01 1.583080881224428716e-05 9.996721375246457875e-01 1.583202307696300240e-05
1.238998678463799934e+03 9.995579642273525467e-01 1.562331286290634754e-05 9.996743743758671474e-01 1.562703344407250796e-05
1.240875031184099953e+03 9.995593185224470600e-01 1.553146964639986189e-05 9.996753759125452943e-01 1.553622646217300062e-05
1.243838612435700043e+03 9.995614446790715979e-01 1.538737826201008686e-05 9.996769481241689626e-01 1.539376366808772363e-05
1.248034436581700220e+03 9.995644305485783532e-01 1.518610536641783749e-05 9.996791562033310319e-01 1.519464415069158168e-05
1.250470858802000066e+03 9.995661497092513947e-01 1.507118679916626736e-05 9.996804273059682888e-01 1.508086327395546499e-05
1.252874372435700025e+03 9.995678357984605356e-01 1.495855729049958183e-05 9.996816739119915862e-01 1.496934932337203748e-05
1.257107533963800051e+03 9.995707830560299767e-01 1.476345795231283650e-05 9.996838530388506561e-01 1.477600022172931604e-05
1.260104021184100020e+03 9.995728502264575877e-01 1.462709344933059903e-05 9.996853811877488560e-01 1.464076101565191235e-05
1.261947465935699938e+03 9.995741148944921051e-01 1.454376093505358399e-05 9.996863161083734406e-01 1.455811576709578981e-05
1.266217967463799823e+03 9.995770240170678278e-01 1.435464372576265139e-05 9.996884667260406143e-01 1.437031228354422635e-05
1.269774526184099841e+03 9.995794231262867813e-01 1.419858833018853059e-05 9.996902400213786288e-01 1.421525271790704479e-05
1.271057903435699927e+03 9.995802842639558428e-01 1.414264619657544728e-05 9.996908765960674792e-01 1.415966690499372248e-05
1.275365739963800024e+03 9.995831554892038451e-01 1.395944322057242931e-05 9.996929989091889457e-01 1.397732544663914075e-05
1.279482366184099874e+03 9.995858709572410516e-01 1.378536515033817640e-05 9.996950058373618164e-01 1.380400541571187036e-05
1.280205674935700017e+03 9.995863457652940376e-01 1.375496968624177365e-05 9.996953568243495125e-01 1.377374206355713058e-05
1.284550847824399852e+03 9.995891791393864967e-01 1.357724394989771969e-05 9.996974508518630120e-01 1.359642469197358799e-05
1.288872703324399936e+03 9.995919684024163754e-01 1.340072402353280223e-05 9.996995121953784480e-01 1.342029359766461639e-05
1.289390785435700082e+03 9.995923013976097948e-01 1.338002752561448049e-05 9.996997583875746329e-01 1.339961257196006057e-05
1.293731311435700036e+03 9.995950709166234738e-01 1.320912182141138245e-05 9.997018050762659369e-01 1.322870886289929343e-05
1.298113822963799976e+03 9.995978390004370828e-01 1.303706834573343304e-05 9.997038506679477576e-01 1.305662428711317140e-05
1.299010056184099994e+03 9.995984018026293771e-01 1.300272163470390085e-05 9.997042666154765111e-01 1.302220554673551431e-05
1.302972421435700198e+03 9.996008744600497486e-01 1.285189788218906652e-05 9.997060937901158795e-01 1.287105726696211687e-05
1.307392272963799996e+03 9.996036070095264403e-01 1.268487131269413376e-05 9.997081132032635820e-01 1.270359758620229364e-05
1.308829911184099956e+03 9.996044897017811737e-01 1.263183407376228323e-05 9.997087655264371708e-01 1.265033750331889437e-05
1.312250881435699966e+03 9.996065775465398096e-01 1.250649913039702260e-05 9.997103083103975329e-01 1.252446849711558238e-05
1.316708067963799976e+03 9.996092740585422742e-01 1.234476348515817446e-05 9.997123010137768384e-01 1.236194059959940261e-05
1.318687101184100129e+03 9.996104621254134903e-01 1.227422293930991457e-05 9.997131789347546427e-01 1.229096670964026286e-05
1.321566671435700073e+03 9.996121809437389372e-01 1.217227619408741311e-05 9.997144490266678396e-01 1.218838751625676203e-05
1.326061195581700076e+03 9.996148422649829834e-01 1.201531643298826751e-05 9.997164157952431740e-01 1.203033303332022897e-05
1.328581628802000068e+03 9.996163220136984329e-01 1.192867575262073026e-05 9.997175092523720163e-01 1.194300951095865646e-05
1.330919801435700037e+03 9.996176871641591077e-01 1.184882730956010119e-05 9.997185180374436042e-01 1.186252710441599523e-05
1.335451662963799890e+03 9.996203132667935698e-01 1.169650090238592753e-05 9.997204587879707782e-01 1.170886735670299456e-05
1.338513491184100076e+03 9.996220714536998564e-01 1.159477423983626607e-05 9.997217580075208332e-01 1.160619030310831097e-05
1.340310266435699987e+03 9.996230977344195967e-01 1.153549457632878489e-05 9.997225164288024990e-01 1.154635341966207887e-05
1.344879469324400134e+03 9.996256891676886802e-01 1.138758232001378574e-05 9.997244316373806727e-01 1.139693809650501482e-05
1.348482697544699931e+03 9.996277130897894825e-01 1.127192637231096610e-05 9.997259272749619008e-01 1.128006888567392091e-05
1.349738071435699794e+03 9.996284146330502995e-01 1.123190069770377286e-05 9.997264457713654906e-01 1.123962146760044300e-05
1.354344610581699953e+03 9.996309717263517358e-01 1.108821752596907762e-05 9.997283356710011670e-01 1.109434108401999864e-05
1.358489238802000045e+03 9.996332491393589148e-01 1.095964080868949231e-05 9.997300187235902413e-01 1.096431831231654186e-05
1.359203216435700142e+03 9.996336395667161367e-01 1.093763761237443236e-05 9.997303073288047459e-01 1.094206701064030036e-05
1.363847094324399905e+03 9.996361626039106385e-01 1.079776833972069101e-05 9.997321720636217490e-01 1.080058137863248668e-05
1.368336969324399888e+03 9.996385769928454179e-01 1.066279925552800831e-05 9.997339565187347565e-01 1.066404977245797844e-05
1.368705696435700020e+03 9.996387744904379202e-01 1.065189824804136234e-05 9.997341025695813954e-01 1.065302325680822188e-05
1.373214241435699932e+03 9.996411727580580830e-01 1.052075682635373452e-05 9.997358751614784378e-01 1.052037194527708426e-05
1.377895457963800027e+03 9.996436376896994380e-01 1.038488500994184264e-05 9.997376971223193021e-01 1.038294104589904571e-05
1.378614336184100011e+03 9.996440141370879218e-01 1.036447643739756975e-05 9.997379754147510678e-01 1.036230879006311475e-05
1.382772726435699951e+03 9.996461786153351126e-01 1.024724249176932021e-05 9.997395752202075103e-01 1.024378477251404767e-05
1.387491280581699812e+03 9.996486112894771292e-01 1.011488243258225822e-05 9.997413734662495832e-01 1.010999128152476296e-05
1.388732893801999808e+03 9.996492472719278322e-01 1.008072096631931779e-05 9.997418435953711047e-01 1.007548614113909123e-05
1.392368556435699929e+03 9.996510989640061684e-01 9.981424961643983978e-06 9.997432122428553392e-01 9.975187478544070768e-06
1.397124447963800094e+03 9.996534997387110932e-01 9.852516202971115032e-06 9.997449869899421859e-01 9.845027104418723786e-06
1.398888786184100127e+03 9.996543839006675203e-01 9.805478683487630343e-06 9.997456405514741906e-01 9.797575951567957315e-06
1.402001716435700018e+03 9.996559354118428331e-01 9.723025431974548194e-06 9.997467873254093362e-01 9.714396170208594553e-06
1.406794947963800041e+03 9.996583046895178848e-01 9.597334938709281565e-06 9.997485388451912147e-01 9.587681972979781594e-06
1.409082021184100086e+03 9.996594262856769442e-01 9.538199697357761800e-06 9.997493678821823826e-01 9.528121969291445249e-06
1.411672221435700067e+03 9.996606897761305399e-01 9.471728033170959867e-06 9.997503017877292786e-01 9.461171825488353364e-06
1.416502785581699982e+03 9.996630278282595539e-01 9.349154882794220248e-06 9.997520301473571402e-01 9.337836597899146934e-06
1.419312588801999937e+03 9.996643763043976394e-01 9.278584451436940265e-06 9.997530268329747338e-01 9.266891494733184108e-06
1.421380061435699872e+03 9.996653634406041933e-01 9.227005188798729726e-06 9.997537564680291089e-01 9.215038410493016444e-06
1.426247962963800092e+03 9.996676709542962058e-01 9.107190945845926192e-06 9.997554622073087094e-01 9.094742935542631258e-06
1.429580491184100083e+03 9.996692365361522503e-01 9.025824970864891573e-06 9.997566193331069995e-01 9.013112606750590976e-06
1.431125236435700117e+03 9.996699586643372770e-01 8.988379951157434629e-06 9.997571531134525902e-01 8.975546199467688668e-06
1.436030480581699976e+03 9.996722362866602429e-01 8.871571727192529254e-06 9.997588367297313150e-01 8.858542807142916412e-06
1.439885738802000105e+03 9.996740093481231160e-01 8.780369690421546052e-06 9.997601471286050590e-01 8.767240426009976776e-06
1.440907751435699993e+03 9.996744771285989151e-01 8.756366711032185325e-06 9.997604928990450057e-01 8.743211398400816461e-06
1.445850332963799929e+03 9.996767248579425669e-01 8.642385820583033381e-06 9.997621542113310777e-01 8.629313380400546160e-06
1.450228321184100196e+03 9.996786960886240303e-01 8.541796641819067408e-06 9.997636109581889974e-01 8.528832174486372682e-06
1.450727601435700080e+03 9.996789199064182174e-01 8.530398802863172514e-06 9.997637763999676075e-01 8.517446742208354343e-06
1.455684073215400076e+03 9.996811278725000749e-01 8.419577239194205121e-06 9.997654081014755167e-01 8.406963469755261671e-06
1.460584796435700127e+03 9.996832886648199246e-01 8.310233193313466661e-06 9.997670048314932778e-01 8.297975355294650223e-06
1.465280031435700039e+03 9.996853383092373369e-01 8.208141470434286607e-06 9.997685193064619336e-01 8.196404673433608346e-06
1.470297284324399925e+03 9.996875069868005337e-01 8.099350212823870973e-06 9.997701217144231434e-01 8.088188132877939968e-06
1.471025497544700102e+03 9.996878199962401235e-01 8.083875675368241403e-06 9.997703530133015271e-01 8.072818422699224998e-06
1.475193226435700126e+03 9.996896015879684905e-01 7.995906764529194359e-06 9.997716692215162793e-01 7.985449299464318076e-06
1.480247822963799990e+03 9.996917425236730992e-01 7.889760251735214599e-06 9.997732509635606224e-01 7.880056924441688050e-06
1.481480096184100148e+03 9.996922611503985534e-01 7.864354673925458714e-06 9.997736341144646266e-01 7.854859508359689189e-06
1.485143761435700071e+03 9.996937949675771540e-01 7.789356176999245372e-06 9.997747670875134496e-01 7.780479289465182051e-06
1.490235692963800147e+03 9.996959084332774914e-01 7.685905525419555747e-06 9.997763283117404587e-01 7.677914438618659173e-06
1.491972031184099933e+03 9.996966240495137601e-01 7.651205513317205047e-06 9.997768568773107711e-01 7.643536307153517365e-06
1.495131636435700102e+03 9.996979195958848319e-01 7.588519878438080107e-06 9.997778136861013021e-01 7.581435591686659109e-06
1.500260902963800163e+03 9.997000057302329878e-01 7.487664571566238798e-06 9.997793544043752645e-01 7.481546833071150153e-06
1.502501301184100157e+03 9.997009099927346432e-01 7.444170551919785693e-06 9.997800221643340368e-01 7.438485483079505879e-06
1.505156846435699890e+03 9.997019765424348670e-01 7.392981539601828173e-06 9.997808097080123080e-01 7.387808482875130595e-06
1.510323452963799809e+03 9.997040358983866337e-01 7.294507251391100036e-06 9.997823303889082913e-01 7.290331411707773971e-06
1.513067911184100012e+03 9.997051209373698510e-01 7.242766258591825019e-06 9.997831314854108697e-01 7.239120536235823104e-06
1.515219396435699991e+03 9.997059674475898827e-01 7.202490733047567062e-06 9.997837564712018787e-01 7.199259820701961808e-06
1.520423342963799996e+03 9.997080004846988777e-01 7.106408185098632532e-06 9.997852574771729506e-01 7.104158039216902727e-06
1.523671861184100180e+03 9.997092586693181460e-01 7.046969012010450130e-06 9.997861862781642905e-01 7.045321834223890629e-06
1.525319281435700077e+03 9.997098937735706681e-01 7.017048304557901427e-06 9.997866551346913377e-01 7.015706296541473843e-06
1.530560562963800066e+03 9.997119009366900455e-01 6.923605194511649484e-06 9.997881368421858150e-01 6.923183750430527130e-06
1.534313146184100106e+03 9.997133247854268490e-01 6.857235120329333707e-06 9.997891877454820886e-01 6.857457349593006246e-06
1.535456506435700021e+03 9.997137566236604656e-01 6.837150989601774064e-06 9.997895064961845879e-01 6.837568922441610899e-06
1.540735124324400203e+03 9.997157377072319884e-01 6.745940101433193570e-06 9.997909686458910095e-01 6.747181980955387758e-06
1.544991767544699997e+03 9.997173202133980974e-01 6.672702414175878077e-06 9.997921365189459397e-01 6.674592177096244446e-06
1.545631066435700177e+03 9.997175568913606591e-01 6.661779500730747255e-06 9.997923112128572765e-01 6.663766343529663290e-06
1.550947024324400218e+03 9.997195128700078204e-01 6.573156473007942617e-06 9.997937546967125000e-01 6.575840691662821186e-06
1.555810279324399971e+03 9.997212842907770014e-01 6.492347616815744833e-06 9.997950618350553986e-01 6.495657137191764199e-06
1.560827443215399853e+03 9.997230943943005155e-01 6.411294678677829111e-06 9.997963974392638509e-01 6.415121130349849161e-06
1.566078187963800019e+03 9.997249701505774855e-01 6.326664979715382895e-06 9.997977814495373483e-01 6.331018374606019019e-06
1.570978777963799985e+03 9.997267036385996120e-01 6.249979837499129308e-06 9.997990604101060219e-01 6.254697684019763059e-06
1.576378781435699921e+03 9.997285952241729001e-01 6.165866510269181540e-06 9.998004560026040322e-01 6.170961476537884018e-06
1.581298041435700043e+03 9.997303011642713066e-01 6.091309905462716584e-06 9.998017145408825135e-01 6.096632552793811033e-06
1.586702696435699863e+03 9.997321573816523310e-01 6.010022361380478056e-06 9.998030839465160691e-01 6.015558408655459880e-06
1.591640626435699915e+03 9.997338362598393591e-01 5.937553952117629532e-06 9.998043224201994539e-01 5.943184800079022284e-06
1.597063946435700018e+03 9.997356623802902131e-01 5.858713898197873390e-06 9.998056695137279570e-01 5.864401678538813403e-06
1.602020546435699998e+03 9.997373147256846115e-01 5.788063175171501771e-06 9.998068883566992859e-01 5.793719165231726261e-06
1.607462536435700258e+03 9.997391116426410651e-01 5.711569575837185280e-06 9.998082139010321390e-01 5.717137573542762299e-06
1.609847601184100085e+03 9.997398931735914651e-01 5.678551148484516787e-06 9.998087903889046890e-01 5.684049315588708627e-06
1.612498462963800193e+03 9.997407576877458402e-01 5.642112008776116901e-06 9.998094280614768792e-01 5.647532693137590803e-06
1.617898466435699902e+03 9.997425058713964585e-01 5.568791662503641958e-06 9.998107176062844825e-01 5.573999323879972043e-06
1.620787591184099938e+03 9.997434337284188954e-01 5.530013590413151283e-06 9.998114019864088320e-01 5.535080048604282832e-06
1.622971727963800049e+03 9.997441318815487588e-01 5.500898842432404349e-06 9.998119169578202348e-01 5.505858694069934816e-06
1.628371731435699985e+03 9.997458461749504366e-01 5.429983604646026019e-06 9.998131815000415035e-01 5.434626666479723445e-06
1.631764917544699983e+03 9.997469143043440365e-01 5.385854878736542134e-06 9.998139693502164915e-01 5.390277481391840649e-06
1.633482329324399871e+03 9.997474524566256626e-01 5.363681627837648189e-06 9.998143663047039942e-01 5.367992732814518315e-06
1.638882331435700053e+03 9.997491335731075734e-01 5.295169085692920507e-06 9.998156063700135432e-01 5.299083186859021432e-06
1.642779578802000060e+03 9.997503360969245412e-01 5.246100772073706577e-06 9.998164933386531894e-01 5.249713941134645593e-06
1.644030270581700279e+03 9.997507202768166623e-01 5.230454583316134973e-06 9.998167767226379121e-01 5.233971226222228208e-06
1.649430271435700206e+03 9.997523687964355865e-01 5.164131114050824761e-06 9.998179927402536249e-01 5.167194546245121768e-06
1.653831581184099832e+03 9.997537001634788645e-01 5.110349078847276424e-06 9.998189747477443934e-01 5.113035149197935006e-06
1.654615552963800155e+03 9.997539362802935203e-01 5.100836250967454281e-06 9.998191489309496971e-01 5.103455108870872401e-06
1.660015556435699864e+03 9.997555530615381825e-01 5.036688885402733472e-06 9.998203415482928014e-01 5.038821939128467797e-06
1.664920923802000061e+03 9.997570078161133189e-01 4.978598890402183171e-06 9.998214146009949399e-01 4.980287728509163303e-06
1.665238165581699832e+03 9.997571015065418454e-01 4.974867108601517181e-06 9.998214837311625303e-01 4.976527211749555809e-06
1.670488688215400089e+03 9.997586434961336366e-01 4.914491309453664752e-06 9.998226211600621527e-01 4.915669871607571524e-06
1.675725446435700178e+03 9.997601668269399111e-01 4.854356870291682665e-06 9.998237448474937006e-01 4.855055188543589297e-06
1.676047596184100030e+03 9.997602601340968009e-01 4.850741207310978904e-06 9.998238136895664097e-01 4.851410500163408978e-06
1.681004067963800026e+03 9.997616877872138597e-01 4.795479460055503215e-06 9.998248667756269858e-01 4.795703512539497013e-06
1.686404071435700189e+03 9.997632288845090809e-01 4.735448030797694512e-06 9.998260036005457430e-01 4.735189958705793795e-06
1.687211613802000102e+03 9.997634581156271683e-01 4.726662608698112576e-06 9.998261727131783072e-01 4.726335716135493435e-06
1.691720030581699802e+03 9.997647312865214353e-01 4.677938000225140004e-06 9.998271118281223391e-01 4.677227122900173045e-06
1.697120031435699957e+03 9.997662429454305943e-01 4.619841636699034328e-06 9.998282269338443218e-01 4.618678636941029396e-06
1.698412966184100014e+03 9.997666027372759112e-01 4.606175328944359908e-06 9.998284923424818338e-01 4.604911361640812373e-06
1.702473332963800203e+03 9.997677270118849879e-01 4.563525191570731668e-06 9.998293216094897851e-01 4.561944054607161086e-06
1.707873336435699912e+03 9.997692099873320970e-01 4.507180169068405720e-06 9.998304155729956788e-01 4.505191386871614229e-06
1.709651661184099794e+03 9.997696952183972030e-01 4.488929042070836963e-06 9.998307735082045955e-01 4.486817454040349229e-06
1.713263967963799814e+03 9.997706760315270280e-01 4.452106793888178083e-06 9.998314969650013984e-01 4.449745531595461654e-06
1.718663971435699978e+03 9.997721309140176205e-01 4.397526166563463343e-06 9.998325702004238202e-01 4.394813238602645940e-06
1.720927688802000148e+03 9.997727366101640811e-01 4.374970537368048305e-06 9.998330169775880849e-01 4.372125221519676674e-06
1.724091940581699873e+03 9.997735791556225937e-01 4.343648868899670153e-06 9.998336384458941239e-01 4.340618236940010139e-06
1.729491941435699800e+03 9.997750065748085557e-01 4.290762463107999622e-06 9.998346914059879076e-01 4.287444394854679663e-06
1.732241051184099888e+03 9.997757279371078942e-01 4.264177555529658784e-06 9.998352234803421501e-01 4.260730266068259019e-06
1.734957252963800101e+03 9.997764372378225017e-01 4.238078744947011739e-06 9.998357466617852074e-01 4.234503529905936740e-06
1.740357256435699810e+03 9.997778377017270124e-01 4.186793905446333532e-06 9.998367797040961236e-01 4.183000704577956442e-06
1.743591757544700158e+03 9.997786701132185261e-01 4.156378946929783190e-06 9.998373936645946758e-01 4.152473156238190832e-06
1.745859904324400077e+03 9.997792510978029679e-01 4.135195406388972229e-06 9.998378221831861756e-01 4.131210470931751075e-06
1.751259906435700259e+03 9.997806253051937375e-01 4.085503823901735281e-06 9.998388358398974107e-01 4.081373304648685934e-06
1.754979798802000005e+03 9.997815642808873804e-01 4.051576034096234358e-06 9.998395283661760669e-01 4.047362281286200854e-06
1.756799890581699856e+03 9.997820215525377030e-01 4.035073280211810938e-06 9.998398656363663983e-01 4.030818659213933885e-06
1.762199891435699783e+03 9.997833699618198233e-01 3.986862058942281916e-06 9.998408601899443360e-01 3.982533926391430040e-06
1.766405178801999909e+03 9.997844112041766040e-01 3.949557755277657843e-06 9.998416281063269295e-01 3.945186837802316747e-06
1.767777220581699794e+03 9.997847493758974524e-01 3.937462373794049958e-06 9.998418775232906786e-01 3.933077419092240213e-06
1.773177221435699948e+03 9.997860726022562705e-01 3.890701921297172568e-06 9.998428534559005154e-01 3.886313271095619780e-06
1.777867896184099891e+03 9.997872120018915787e-01 3.850275893285528787e-06 9.998436937048206241e-01 3.845894799758788394e-06
1.778791882963799935e+03 9.997874354406691699e-01 3.842363929534254771e-06 9.998438584990287925e-01 3.837984292513120402e-06
1.784191886435700098e+03 9.997887340076972995e-01 3.797004480493361512e-06 9.998448161665415279e-01 3.792686190698246322e-06
1.789367953801999647e+03 9.997899675078558701e-01 3.753645478071889757e-06 9.998457257774083784e-01 3.749392088597634409e-06
1.789843885581700079e+03 9.997900804386816720e-01 3.749682793112215365e-06 9.998458090766263462e-01 3.745435365332702711e-06
1.795243886435700006e+03 9.997913548929382443e-01 3.705683462602970024e-06 9.998467488731968000e-01 3.701556497516352037e-06
1.800905346184099926e+03 9.997926787203152976e-01 3.659643912130447437e-06 9.998477250501311975e-01 3.655647533431127216e-06
1.806263202963800268e+03 9.997939199262818599e-01 3.617269211167664548e-06 9.998486402497492875e-01 3.613439761309986235e-06
1.811663206435699976e+03 9.997951597205443353e-01 3.574653111339483294e-06 9.998495543827768950e-01 3.570995080027596050e-06
1.812480081184100072e+03 9.997953463421865861e-01 3.568335106254300332e-06 9.998496919924912962e-01 3.564708533129594639e-06
1.817408547963799947e+03 9.997964665093517223e-01 3.530436827068523250e-06 9.998505178439178742e-01 3.526999460961930866e-06
1.822808551435700110e+03 9.997976835325900202e-01 3.489079389895719832e-06 9.998514151204584977e-01 3.485854149509597850e-06
1.824092151184099976e+03 9.997979712465948632e-01 3.479439182995470949e-06 9.998516272389752491e-01 3.476270593363933231e-06
1.828591232963800167e+03 9.997989746334758898e-01 3.445839566815932291e-06 9.998523669086872845e-01 3.442869190376047838e-06
1.833991236435699875e+03 9.998001693206094442e-01 3.405741446959264449e-06 9.998532476353826359e-01 3.403013945274709666e-06
1.835741557544699845e+03 9.998005542698462644e-01 3.392967434902227504e-06 9.998535314063755619e-01 3.390323899356077347e-06
1.839811254324399897e+03 9.998014449182701657e-01 3.363442201433503777e-06 9.998541878936404448e-01 3.360993701058883196e-06
1.845211256435699852e+03 9.998026177277281601e-01 3.324557056910502794e-06 9.998550524111903259e-01 3.322370939488198327e-06
1.847428301184100064e+03 9.998030962280596290e-01 3.308834030898051407e-06 9.998554050842078933e-01 3.306758910254376344e-06
1.851068612963799978e+03 9.998038780342587417e-01 3.283169032704421894e-06 9.998559812985010620e-01 3.281276066179577372e-06
1.856468616435700142e+03 9.998050294990106224e-01 3.245457988459275828e-06 9.998568299784846847e-01 3.243835741980795673e-06
1.859152386184100124e+03 9.998055979117500547e-01 3.226971850210144570e-06 9.998572488931932734e-01 3.225484728337928823e-06
1.862363312963799899e+03 9.998062747138637407e-01 3.204992837190424417e-06 9.998577476643437656e-01 3.203667347898700850e-06
1.867763316435700062e+03 9.998074052212864160e-01 3.168457025075469887e-06 9.998585808172933964e-01 3.167399956843366353e-06
1.870913806184099940e+03 9.998080601143386481e-01 3.147398868113108389e-06 9.998590633991266685e-01 3.146496538141605069e-06
1.873695347963800259e+03 9.998086355463778885e-01 3.128905649352963152e-06 9.998594874193389437e-01 3.128139936041459494e-06
1.879095351435699968e+03 9.998097455452490401e-01 3.093489312257063793e-06 9.998603053654616657e-01 3.092979603240173322e-06
1.882712563802000204e+03 9.998104835562606763e-01 3.070013662085921377e-06 9.998608491390942321e-01 3.069671033520445286e-06
1.885064720581700158e+03 9.998109611791635709e-01 3.054844265453759272e-06 9.998612010625100854e-01 3.054610300987440977e-06
1.890464721435700085e+03 9.998120510659648241e-01 3.020547139556791314e-06 9.998620040902257422e-01 3.020546846531852013e-06
1.894548656184100309e+03 9.998128689102825373e-01 2.994823743631501971e-06 9.998626066246120159e-01 2.994994089632219214e-06
1.896471427963800124e+03 9.998132521737599365e-01 2.982780947088863999e-06 9.998628889845102563e-01 2.983031650416391551e-06
1.901871431435699833e+03 9.998143223356252829e-01 2.949523068169573583e-06 9.998636774030835728e-01 2.949977559827034647e-06
1.906422093802000063e+03 9.998152169267824352e-01 2.921675769494788366e-06 9.998643364155151980e-01 2.922295639344589433e-06
1.907915480581699967e+03 9.998155091592999533e-01 2.912593990280985688e-06 9.998645516981315984e-01 2.913268147560428221e-06
1.913315481435699894e+03 9.998165600473847281e-01 2.880398534286269145e-06 9.998653258498360064e-01 2.881239699386196788e-06
1.918332863802000020e+03 9.998175283318192497e-01 2.850626632425996071e-06 9.998660390817405430e-01 2.851617217059103025e-06
1.919396865581700013e+03 9.998177327488664279e-01 2.844350724263922557e-06 9.998661896600544718e-01 2.845373007315939395e-06
1.924796866435700167e+03 9.998187647169554104e-01 2.813179930796523373e-06 9.998669497939304263e-01 2.814327790723408177e-06
1.930280973801999608e+03 9.998198037303798191e-01 2.781613654114442150e-06 9.998677150610231212e-01 2.782885400645848272e-06
1.930915590581699917e+03 9.998199234347805442e-01 2.777982398146416224e-06 9.998678032420422745e-01 2.779268490532862981e-06
1.936315591435699844e+03 9.998209368357152682e-01 2.747764611568406363e-06 9.998685496211475732e-01 2.749132170448590433e-06
1.941869596435699805e+03 9.998219702399170350e-01 2.716699050340296243e-06 9.998693107065171892e-01 2.718149980231741760e-06
1.942471652963800125e+03 9.998220817986159803e-01 2.713392522017331898e-06 9.998693928822164345e-01 2.714849508845919790e-06
1.948044327963800015e+03 9.998231087317203114e-01 2.683163229601919307e-06 9.998701491830161991e-01 2.684661686893330956e-06
1.953444331435699723e+03 9.998240954321588880e-01 2.653911120751285837e-06 9.998708758312397915e-01 2.655448031395251278e-06
1.954289208802000076e+03 9.998242491017368394e-01 2.649438526966661726e-06 9.998709890112260634e-01 2.650975376329116498e-06
1.959656395581700053e+03 9.998252203210369338e-01 2.621178345966936921e-06 9.998717042009933609e-01 2.622714820227212643e-06
1.965056396435699980e+03 9.998261894162779884e-01 2.592837859603305766e-06 9.998724178448360478e-01 2.594369388752828921e-06
1.966349331184100265e+03 9.998264202771180997e-01 2.586187559555645340e-06 9.998725878514583831e-01 2.587710011721963254e-06
1.971305802963800033e+03 9.998273008202295253e-01 2.560815318114728906e-06 9.998732362445117428e-01 2.562303122691429723e-06
1.976705806435699969e+03 9.998282527329651614e-01 2.533312822934521800e-06 9.998739372000627901e-01 2.534756117163073553e-06
1.978446796184100322e+03 9.998285579531287492e-01 2.524614064891696278e-06 9.998741619534311509e-01 2.526034300649254092e-06
1.982992547963800234e+03 9.998293509365080434e-01 2.502031445547218825e-06 9.998747458426228141e-01 2.503391643613935306e-06
1.988392551435700170e+03 9.998302859646177598e-01 2.475387498906942968e-06 9.998754343387691312e-01 2.476668410988522930e-06
1.990581593802000043e+03 9.998306628005028118e-01 2.464766989111466251e-06 9.998757118021073254e-01 2.466007403653563892e-06
1.994716630581700429e+03 9.998313711028049555e-01 2.444811044791192421e-06 9.998762333204529451e-01 2.445975121855979970e-06
2.000116631435700356e+03 9.998322895686267975e-01 2.418970922800930026e-06 9.998769096137813950e-01 2.420027297095692211e-06
2.002753726184099833e+03 9.998327353404516948e-01 2.406540686200695300e-06 9.998772378270472938e-01 2.407537411340048261e-06
2.006478052963799882e+03 9.998333618069492612e-01 2.389091930009583623e-06 9.998776990861377723e-01 2.390004534288200972e-06
2.011878056435700046e+03 9.998342640498004696e-01 2.364046516236552914e-06 9.998783634147550003e-01 2.364830081770145606e-06
2.014963203802000180e+03 9.998347761853988436e-01 2.349920695927799175e-06 9.998787404724642780e-01 2.350625282916333806e-06
2.018276810581700374e+03 9.998353235710303322e-01 2.334840651376067217e-06 9.998791434887716045e-01 2.335460497292878668e-06
2.023676811435700074e+03 9.998362099178338402e-01 2.310543517542524115e-06 9.998797960892168435e-01 2.311020547028545516e-06
2.027210016184099914e+03 9.998367858931703767e-01 2.294816048381621180e-06 9.998802201446446158e-01 2.295196666809214238e-06
2.030112907963799898e+03 9.998372568611316735e-01 2.281965400874281343e-06 9.998805668867477570e-01 2.282266854868849959e-06
2.035512911435700062e+03 9.998381276526179251e-01 2.258388354743771319e-06 9.998812080281000991e-01 2.258541227827763587e-06
2.039494171184099969e+03 9.998387650545191851e-01 2.241174363940959261e-06 9.998816773045546835e-01 2.241216945701610714e-06
2.041986342963800098e+03 9.998391621554325592e-01 2.230455084905619447e-06 9.998819696649909883e-01 2.230428650908579018e-06
2.047386346435700034e+03 9.998400176694377528e-01 2.207558871886249550e-06 9.998825995317397464e-01 2.207385677497126029e-06
2.051815657544699661e+03 9.998407141862104552e-01 2.188918289566462683e-06 9.998831123131965981e-01 2.188625714221222554e-06
2.053897114324400263e+03 9.998410399626141976e-01 2.180211877840644723e-06 9.998833521576416805e-01 2.179863195915483038e-06
2.059297116435699991e+03 9.998418805045241609e-01 2.157974986846049993e-06 9.998839709880249504e-01 2.157488085117396192e-06
2.064174481184099932e+03 9.998426338449969419e-01 2.138002272208057434e-06 9.998845255954695865e-01 2.137392576530585492e-06
2.065845222963799642e+03 9.998428907090919360e-01 2.131196052619821545e-06 9.998847147009854996e-01 2.130544268256663519e-06
2.071245226435700260e+03 9.998437166086272532e-01 2.109577362888446434e-06 9.998853227345473327e-01 2.108801829006655774e-06
2.076570646184100042e+03 9.998445246154331612e-01 2.088347265073390125e-06 9.998859175793447518e-01 2.087451987753078705e-06
2.077830667963800352e+03 9.998447149399446454e-01 2.083353878658288612e-06 9.998860576933202848e-01 2.082430234692033907e-06
2.083230671435700060e+03 9.998455264323412583e-01 2.062357419486630759e-06 9.998866551218738019e-01 2.061329563818718594e-06
2.089004147544700118e+03 9.998463870063155623e-01 2.039964346151765010e-06 9.998872886276781724e-01 2.038826713137656500e-06
2.095230232544700357e+03 9.998473070346101110e-01 2.016343628194980149e-06 9.998879659225162753e-01 2.015109020343969586e-06
2.101068826435700430e+03 9.998481622550687842e-01 1.994261954842372955e-06 9.998885954837847256e-01 1.992939482138162380e-06
2.101913577963799980e+03 9.998482854366502748e-01 1.991107613313325392e-06 9.998886861833440332e-01 1.989774156655376335e-06
2.107719741184099803e+03 9.998491277966681245e-01 1.969708688476522663e-06 9.998893062555749278e-01 1.968313101889736802e-06
2.113983166184099900e+03 9.998500286856443209e-01 1.946699712870112632e-06 9.998899694344876021e-01 1.945240793131763266e-06
2.119863747963800051e+03 9.998508671334483955e-01 1.925604291994413119e-06 9.998905866103419138e-01 1.924108396815006943e-06
2.125263751435700215e+03 9.998516309120546453e-01 1.906277874404491542e-06 9.998911488170725281e-01 1.904749865494421700e-06
2.126528681184100151e+03 9.998518090008753356e-01 1.901834465455222533e-06 9.998912799093739867e-01 1.900304089813885530e-06
2.132017212963800375e+03 9.998525778487485915e-01 1.882646374745168410e-06 9.998918458070252813e-01 1.881105612010758912e-06
2.137417216435700084e+03 9.998533285052138009e-01 1.863826680901617506e-06 9.998923983277782090e-01 1.862279051307705757e-06
2.139111533801999940e+03 9.998535628607668757e-01 1.858006540964304495e-06 9.998925708246748645e-01 1.856462790938748455e-06
2.144208020581700112e+03 9.998542643467235314e-01 1.840594579389361915e-06 9.998930871271457521e-01 1.839062257318278652e-06
2.149608021435699811e+03 9.998550022815958505e-01 1.822249677141256503e-06 9.998936302624378269e-01 1.820734080360870925e-06
2.151731723802000033e+03 9.998552909218008100e-01 1.815162044324846200e-06 9.998938427171631949e-01 1.813659313382551418e-06
2.156436165581700152e+03 9.998559272437872458e-01 1.799542023085653625e-06 9.998943110230483766e-01 1.798067504906101271e-06
2.161836166435699852e+03 9.998566525964436291e-01 1.781729689066396839e-06 9.998948448638360631e-01 1.780292912234033129e-06
2.164389251184100431e+03 9.998569936055570206e-01 1.773431889731432209e-06 9.998950958269128275e-01 1.772018877492857037e-06
2.168701647963800042e+03 9.998575667869443739e-01 1.759493086580263268e-06 9.998955176422646973e-01 1.758119922833835543e-06
2.174101651435700205e+03 9.998582797749775430e-01 1.742170271035445013e-06 9.998960423504928974e-01 1.740852547539219112e-06
2.177084121184099786e+03 9.998586712543768851e-01 1.732717375878925194e-06 9.998963304235310989e-01 1.731435376148412514e-06
2.181004467963799925e+03 9.998591833414472996e-01 1.720353297768729799e-06 9.998967072496434128e-01 1.719118001924792219e-06
2.186404471435700088e+03 9.998598842683489307e-01 1.703483321985396872e-06 9.998972230475912104e-01 1.702317411470620338e-06
2.189816326184100035e+03 9.998603243735318946e-01 1.692946650142863700e-06 9.998975468967035152e-01 1.691828480029644480e-06
2.193344622963799793e+03 9.998607773716278180e-01 1.682106248900718704e-06 9.998978802003238853e-01 1.681037239102111476e-06
2.198744626435699956e+03 9.998614664427334375e-01 1.665690141738754095e-06 9.998983872468174550e-01 1.664700298185434511e-06
2.202585867544700250e+03 9.998619534527692920e-01 1.654127317452005432e-06 9.998987455803164393e-01 1.653196316940096971e-06
2.205722119324399955e+03 9.998623492281797365e-01 1.644736851993952355e-06 9.998990367653221023e-01 1.643853735100832114e-06
2.211122121435699682e+03 9.998630267409244210e-01 1.628785204353137017e-06 9.998995352690025484e-01 1.627987006056894780e-06
2.215392746184099906e+03 9.998635589428055415e-01 1.616289862711213072e-06 9.998999268252548589e-01 1.615560139557410754e-06
2.218136952963800013e+03 9.998638993091434335e-01 1.608306401786229482e-06 9.999001772377192898e-01 1.607620575894223972e-06
2.223536956435700176e+03 9.998645654361602020e-01 1.592826488083363469e-06 9.999006673087533770e-01 1.592227272461424177e-06
2.228236966184099856e+03 9.998651411329144700e-01 1.579451029057061856e-06 9.999010908164031042e-01 1.578927321526445311e-06
2.230589122963800037e+03 9.998654278657803651e-01 1.572783052953110628e-06 9.999013017583626706e-01 1.572297071851038599e-06
2.235989126435699745e+03 9.998660827667552597e-01 1.557662141334397514e-06 9.999017835269856658e-01 1.557260908218999278e-06
2.241118523802000254e+03 9.998667004241941214e-01 1.543369063220757139e-06 9.999022378789608201e-01 1.543047793403668299e-06
2.243078630581700054e+03 9.998669353552737116e-01 1.537938037773545579e-06 9.999024107051263099e-01 1.537647306285716683e-06
2.248478631435700208e+03 9.998675794148490503e-01 1.523292794837911674e-06 9.999028844850705866e-01 1.523081797831119962e-06
2.254037416184099584e+03 9.998682374132712436e-01 1.508295845375495730e-06 9.999033684931518673e-01 1.508166043826116081e-06
2.255605477963800240e+03 9.998684221860929533e-01 1.504087148411513270e-06 9.999035044009241258e-01 1.503980257916641034e-06
2.261005481435699949e+03 9.998690554497935423e-01 1.489858812364084625e-06 9.999039701883072340e-01 1.489823851520954197e-06
2.266993651184100145e+03 9.998697522831883067e-01 1.474125993990428798e-06 9.999044827175779249e-01 1.474170044535683513e-06
2.268169662963799965e+03 9.998698885110997026e-01 1.471051591445939164e-06 9.999045829203110358e-01 1.471111182656793048e-06
2.273569666435700128e+03 9.998705111962808978e-01 1.457201728005055007e-06 9.999050409011377427e-01 1.457323454659496847e-06
2.279665071435699701e+03 9.998712087407773952e-01 1.441585050268645681e-06 9.999055539086650901e-01 1.441776765451557924e-06
2.280771185581700138e+03 9.998713347666804419e-01 1.438779891868322801e-06 9.999056466016760236e-01 1.438983696678219544e-06
2.286493333802000507e+03 9.998719835388373278e-01 1.424514007408182178e-06 9.999061237317973250e-01 1.424771898259185539e-06
2.292285256435700376e+03 9.998726352382136806e-01 1.410083502887957697e-06 9.999066030047034648e-01 1.410396134367847597e-06
2.293410042963800151e+03 9.998727612498190531e-01 1.407326360716406882e-06 9.999066956926695449e-01 1.407648131904290129e-06
2.299542782963800164e+03 9.998734448808284103e-01 1.392460520530924854e-06 9.999071984278978809e-01 1.392827363984854183e-06
2.306086242963800032e+03 9.998741682671962172e-01 1.376669248159432701e-06 9.999077304066436023e-01 1.377081661474320858e-06
2.312237652963849996e+03 9.998748426552999113e-01 1.362155765437985708e-06 9.999082263130077974e-01 1.362599845548736801e-06
2.317637656435750159e+03 9.998754302408898731e-01 1.349448898187998833e-06 9.999086583940045569e-01 1.349919847311351823e-06
2.319191956184099581e+03 9.998755986084455483e-01 1.345868459125211099e-06 9.999087822083860821e-01 1.346343969870576726e-06
2.324969857963799768e+03 9.998762214188764430e-01 1.332608921822770135e-06 9.999092401678778552e-01 1.333101405525522223e-06
2.330369861435700386e+03 9.998767993368046225e-01 1.320262114137983663e-06 9.999096651222386667e-01 1.320768704932871793e-06
2.332334876184100267e+03 9.998770086549297886e-01 1.315850271349588177e-06 9.999098190302422307e-01 1.316358384017139107e-06
2.337739397963800002e+03 9.998775815028971836e-01 1.303793924009929447e-06 9.999102402399118183e-01 1.304306336852253060e-06
2.343139401435700165e+03 9.998781499528142103e-01 1.291823756949758194e-06 9.999106582140186994e-01 1.292338017418561804e-06
2.345515133801999582e+03 9.998783987732622336e-01 1.286655262231183270e-06 9.999108411615746927e-01 1.287166570246126813e-06
2.350546280581700103e+03 9.998789231211583362e-01 1.275729433733161501e-06 9.999112266791529979e-01 1.276234647306654047e-06
2.355946281435700257e+03 9.998794822549569306e-01 1.264066792789114448e-06 9.999116377739365458e-01 1.264562533575411364e-06
2.358732726184100102e+03 9.998797692494859612e-01 1.258137149781688851e-06 9.999118487802395316e-01 1.258624377430270211e-06
2.363390497963800044e+03 9.998802466637308761e-01 1.248298099232646030e-06 9.999121997889597324e-01 1.248771260175402255e-06
2.368790501435699753e+03 9.998807966711472650e-01 1.236993800900590981e-06 9.999126041655356234e-01 1.237447387083685006e-06
2.371987663802000043e+03 9.998811204765339911e-01 1.230392841974305025e-06 9.999128422286435169e-01 1.230831489715798446e-06
2.376272055581699988e+03 9.998815523320688792e-01 1.221566967168681538e-06 9.999131597123264159e-01 1.221985744394949089e-06
2.381672056435700142e+03 9.998820933748407969e-01 1.210547971245112219e-06 9.999135574954998162e-01 1.210938439347192364e-06
2.385279933801999960e+03 9.998824527797374184e-01 1.203285487108108679e-06 9.999138217172910403e-01 1.203654239635554793e-06
2.389190945581699907e+03 9.998828405190618440e-01 1.195461119461211050e-06 9.999141067713831488e-01 1.195806455427704274e-06
2.394590946435700062e+03 9.998833727903789770e-01 1.184799262280224907e-06 9.999144980910340541e-01 1.185109195487462267e-06
2.398609543801999735e+03 9.998837664544439896e-01 1.176963157129226936e-06 9.999147875019144260e-01 1.177244541093883895e-06
2.402147180581700013e+03 9.998841113824510352e-01 1.170097218249005342e-06 9.999150410592078098e-01 1.170353564819366051e-06
2.407547181435700168e+03 9.998846349439541870e-01 1.159708533964684367e-06 9.999154259423440605e-01 1.159924230943297942e-06
2.411976491184100269e+03 9.998850617217032166e-01 1.151247000852897286e-06 9.999157396727763603e-01 1.151427906098124434e-06
2.415140747963800095e+03 9.998853651543196941e-01 1.145228638180066686e-06 9.999159627403910733e-01 1.145384744182022728e-06
2.420540751435699804e+03 9.998858803095608261e-01 1.135134606106687724e-06 9.999163414634204550e-01 1.135246693697994985e-06
2.425380781184099760e+03 9.998863390204172363e-01 1.126179966462842810e-06 9.999166786588594702e-01 1.126251775198385913e-06
2.428171657963800499e+03 9.998866022945750442e-01 1.121038653983388386e-06 9.999168721773957769e-01 1.121087267948363738e-06
2.433571661435700207e+03 9.998871090692721397e-01 1.111213727133906144e-06 9.999172447101751793e-01 1.111216767896259106e-06
2.438822406184099691e+03 9.998875985543089762e-01 1.101713638184856786e-06 9.999176045168162164e-01 1.101672082170791832e-06
2.441239902963799977e+03 9.998878228605994067e-01 1.097358825999621592e-06 9.999177694054451893e-01 1.097296741943498984e-06
2.446639906435700141e+03 9.998883215264280366e-01 1.087807542355525591e-06 9.999181359671462932e-01 1.087700147734437688e-06
2.452301366184100061e+03 9.998888406747868940e-01 1.077849965262021555e-06 9.999185175796413416e-01 1.077695174792639389e-06
2.454345482963799441e+03 9.998890272503034859e-01 1.074270972578944666e-06 9.999186547267193692e-01 1.074099056594776775e-06
2.459745486435700059e+03 9.998895178793461014e-01 1.064969668365916168e-06 9.999190153670710624e-01 1.064754505326429119e-06
2.465817666184100290e+03 9.998900656706222190e-01 1.054549648023260289e-06 9.999194180151824707e-01 1.054286147627163786e-06
2.467488407963800000e+03 9.998902156990804313e-01 1.051698411431027625e-06 9.999195283000956724e-01 1.051421588845543616e-06
2.472888411435700164e+03 9.998906984569915224e-01 1.042686409568698051e-06 9.999198831547925215e-01 1.042369951891662177e-06
2.479282516435700018e+03 9.998912659299680206e-01 1.032039522697102433e-06 9.999203002427168308e-01 1.031676334797060254e-06
2.480668665581699770e+03 9.998913883675822900e-01 1.029742244269956595e-06 9.999203902442873604e-01 1.029368976884281807e-06
2.486157453801999964e+03 9.998918711531152859e-01 1.020756679652816035e-06 9.999207450824056931e-01 1.020348231863273047e-06
2.492481441435700162e+03 9.998924234285795354e-01 1.010413797843665848e-06 9.999211510053368501e-01 1.009964787847294812e-06
2.493886262963800164e+03 9.998925455662744932e-01 1.008142067318258820e-06 9.999212407900498478e-01 1.007684515938081102e-06
2.499767101184099829e+03 9.998930545276513149e-01 9.987861834442726286e-07 9.999216148608799370e-01 9.982970832411652543e-07
2.505717706435700165e+03 9.998935658088059508e-01 9.893287010648607323e-07 9.999219906526648494e-01 9.888076673003832202e-07
2.507141192963800222e+03 9.998936876131578888e-01 9.871003336288771583e-07 9.999220801808123005e-01 9.865726815617182736e-07
2.513414081184099814e+03 9.998942217030084567e-01 9.773893398814302440e-07 9.999224727218950504e-01 9.768356035617410163e-07
2.518991311435700027e+03 9.998946932149042066e-01 9.687636140110638198e-07 9.999228192494814538e-01 9.681866929100271122e-07
2.520433467963799558e+03 9.998948146119833735e-01 9.665717263949936117e-07 9.999229084899714515e-01 9.659904329869536465e-07
2.526902247963799709e+03 9.998953565923661690e-01 9.567879880994409670e-07 9.999233067938925190e-01 9.561882138714234370e-07
2.532302251435699873e+03 9.998958058040665620e-01 9.486320738398048916e-07 9.999236369450928974e-01 9.480171605068864949e-07
2.533959231184099735e+03 9.998959431033003220e-01 9.461754272842345590e-07 9.999237378441585555e-01 9.455580383510178992e-07
2.540250527963800323e+03 9.998964617973143953e-01 9.368861927325132168e-07 9.999241190327883277e-01 9.362594039055166008e-07
2.545650531435700032e+03 9.998969039527801916e-01 9.289385224334514197e-07 9.999244439804355622e-01 9.283044718390790830e-07
2.547699556184099947e+03 9.998970710026848785e-01 9.259797391441952793e-07 9.999245667425722406e-01 9.253454431002673639e-07
2.553636142963800012e+03 9.998975526276490111e-01 9.174412887397345741e-07 9.999249206686415814e-01 9.168062122323051770e-07
2.559036146435699720e+03 9.998979877918092729e-01 9.097048496901639943e-07 9.999252404692603458e-01 9.090703004875118805e-07
2.561477218801999697e+03 9.998981836142727397e-01 9.062603354415277965e-07 9.999253843669225761e-01 9.056286186136017909e-07
2.567059100581700022e+03 9.998986292370567464e-01 8.984144446561007457e-07 9.999257118180305826e-01 8.977891042921504250e-07
2.572459101435699722e+03 9.998990575778448076e-01 8.908648396760400258e-07 9.999260265926190883e-01 8.902472871554404717e-07
2.575292221184100072e+03 9.998992812331466418e-01 8.869635300926307717e-07 9.999261909356143008e-01 8.863526734647072103e-07
2.580519392963799874e+03 9.998996919139869766e-01 8.797958224152770814e-07 9.999264926947076804e-01 8.791972136609023669e-07
2.585919396435700037e+03 9.999001135671050644e-01 8.724461673946150472e-07 9.999268025385154024e-01 8.718620686739933381e-07
2.589144563801999993e+03 9.999003641220183258e-01 8.681242033280151173e-07 9.999269866408647678e-01 8.675511955734256914e-07
2.594017020581699853e+03 9.999007408321177737e-01 8.616214436668253134e-07 9.999272634331807241e-01 8.610650865998328227e-07
2.599417021435700008e+03 9.999011558667580957e-01 8.544579748733240547e-07 9.999275683853957597e-01 8.539218874020295526e-07
2.603034236184100337e+03 9.999014324384205565e-01 8.497070068434083826e-07 9.999277715829996138e-01 8.491864681158954898e-07
2.607551987963800002e+03 9.999017762010372623e-01 8.438013266556472469e-07 9.999280241575265737e-01 8.433001180948754643e-07
2.612951991435699711e+03 9.999021848087193964e-01 8.368162769730813387e-07 9.999283243799655940e-01 8.363399421580183222e-07
2.616961256184099966e+03 9.999024864916949973e-01 8.316956175307535962e-07 9.999285460298059647e-01 8.312393610758631647e-07
2.621124297963800018e+03 9.999027982773823764e-01 8.263995261782885929e-07 9.999287750914693795e-01 8.259640471838187843e-07
2.626524301435699726e+03 9.999032005261320188e-01 8.195931870389990007e-07 9.999290706102367254e-01 8.191859499565856353e-07
2.630925611184100035e+03 9.999035264870166362e-01 8.140948282444550285e-07 9.999293100873635209e-01 8.137115992268590099e-07
2.634733942963800018e+03 9.999038072415512568e-01 8.093565518807047023e-07 9.999295163356574090e-01 8.089940433860425664e-07
2.640133946435700182e+03 9.999042032448055561e-01 8.027297177097171221e-07 9.999298072763989076e-01 8.023973191019414219e-07
2.644927301184099633e+03 9.999045527229160069e-01 7.969093332674347938e-07 9.999300639940317259e-01 7.966041373824956190e-07
2.648380922963800003e+03 9.999048032951824982e-01 7.927364366114814280e-07 9.999302480769589607e-01 7.924508073409755428e-07
2.653780926435699712e+03 9.999051931746583133e-01 7.862897941651624538e-07 9.999305344792869255e-01 7.860347554695093521e-07
2.658966331184100000e+03 9.999055652601647193e-01 7.801423290629009588e-07 9.999308078048432247e-01 7.799166903895046287e-07
2.662065242963799847e+03 9.999057866188065802e-01 7.764823499610450905e-07 9.999309703940738592e-01 7.762742651180598907e-07
2.667465246435700010e+03 9.999061704692416841e-01 7.701944559049150006e-07 9.999312523595920155e-01 7.700160871700580132e-07
2.673042697544699877e+03 9.999065644461887503e-01 7.637402368851609087e-07 9.999315417442486975e-01 7.635922518534459759e-07
2.675786899324399656e+03 9.999067573844230283e-01 7.605755191991507829e-07 9.999316834658182884e-01 7.604424813649180978e-07
2.681186901435699838e+03 9.999071353612127844e-01 7.544466058337710606e-07 9.999319610873547148e-01 7.543411911201481786e-07
2.687156401184100105e+03 9.999075504646844914e-01 7.477103053436086140e-07 9.999322659877384334e-01 7.476349508171965175e-07
2.689545897963800144e+03 9.999077158601554771e-01 7.450311296502920893e-07 9.999323874757622965e-01 7.449678159312528986e-07
2.694945901435699852e+03 9.999080880200827970e-01 7.390955490832847211e-07 9.999326608130117977e-01 7.390566712953016219e-07
2.701307446184100172e+03 9.999085234731847072e-01 7.321276287308127247e-07 9.999329806323330461e-01 7.321170599377483687e-07
2.703342227963799814e+03 9.999086621405995912e-01 7.299029528041434398e-07 9.999330824580682231e-01 7.299014538729953221e-07
2.708742231435699523e+03 9.999090285295603175e-01 7.240728927799899784e-07 9.999333515506876324e-01 7.240917135897971815e-07
2.715472376435699516e+03 9.999094821362441987e-01 7.168269493307027234e-07 9.999336846758694053e-01 7.168707979906500492e-07
2.722575901435699961e+03 9.999099572542159420e-01 7.093416560574813990e-07 9.999340336129368678e-01 7.094074647692967201e-07
2.729324721435700212e+03 9.999104051832191642e-01 7.022735949148386382e-07 9.999343625564638405e-01 7.023589553484069041e-07
2.731046910581700104e+03 9.999105189639213576e-01 7.004841027377843719e-07 9.999344461233099501e-01 7.005741221997490596e-07
2.736843733801999861e+03 9.999109003189747824e-01 6.945617335424634908e-07 9.999347261760680450e-01 6.946633723602697981e-07
2.743214391435699781e+03 9.999113166361444094e-01 6.880599997800057260e-07 9.999350318927685555e-01 6.881744209613338960e-07
2.744955252963799921e+03 9.999114299198552658e-01 6.863067286722557968e-07 9.999351150855024795e-01 6.864239612561467836e-07
2.751125461184100004e+03 9.999118295586696403e-01 6.801861009442508814e-07 9.999354085641029011e-01 6.803100804481669398e-07
2.757141411435699865e+03 9.999122166101892528e-01 6.742249309924639000e-07 9.999356927835818531e-01 6.743554953676817307e-07
2.758900939324400497e+03 9.999123293753071628e-01 6.725042954465776166e-07 9.999357755781617119e-01 6.726358090229782145e-07
2.765444522544700249e+03 9.999127466590695956e-01 6.661565276617115936e-07 9.999360819942164635e-01 6.662895231644861580e-07
2.771105761435700515e+03 9.999131053115424272e-01 6.606699249234872411e-07 9.999363453432376092e-01 6.608042034910518805e-07
2.772883960581700194e+03 9.999132175159778368e-01 6.589752134703569073e-07 9.999364277382936095e-01 6.591086346027238152e-07
2.779707455581699833e+03 9.999136460265326543e-01 6.525159703412784831e-07 9.999367423808614985e-01 6.526452451990891854e-07
2.785107456435699987e+03 9.999139829111809430e-01 6.474130453487405436e-07 9.999369897478002089e-01 6.475389679017975962e-07
2.786997792544700133e+03 9.999141004062912508e-01 6.456658257595038777e-07 9.999370760143417858e-01 6.457892106700568022e-07
2.793746484324400171e+03 9.999145177861401557e-01 6.394570694064052355e-07 9.999373824778168274e-01 6.395714216850639112e-07
2.799146486435700353e+03 9.999148495848668716e-01 6.345040475954459377e-07 9.999376260953440898e-01 6.346108821814010122e-07
2.801410201184100515e+03 9.999149880687967507e-01 6.324627624521409996e-07 9.999377277922016916e-01 6.325651131005995221e-07
2.807822847963800086e+03 9.999153786160663859e-01 6.266985203168398719e-07 9.999380145273758513e-01 6.267882253601015881e-07
2.813222851435699795e+03 9.999157054083394058e-01 6.218630707549207649e-07 9.999382544680162077e-01 6.219417271176852627e-07
2.815859947544699935e+03 9.999158643244999700e-01 6.195421469870960424e-07 9.999383711386553575e-01 6.196142876333485717e-07
2.821936554324400277e+03 9.999162287298185570e-01 6.141999462042879324e-07 9.999386386884873135e-01 6.142571366569865302e-07
2.827336556435699549e+03 9.999165506195062392e-01 6.094725131772128197e-07 9.999388750298220385e-01 6.095159886509631630e-07
2.830347028801999841e+03 9.999167292908304194e-01 6.068804398783291699e-07 9.999390062030406590e-01 6.069153852718331741e-07
2.836087595581699588e+03 9.999170683573324059e-01 6.019823023372954882e-07 9.999392551482133573e-01 6.020010452558717090e-07
2.841487596435699743e+03 9.999173854371660175e-01 5.974129687507664025e-07 9.999394879409000403e-01 5.974161316867513970e-07
2.844871448802000486e+03 9.999175831725324315e-01 5.945876153367579162e-07 9.999396331170300467e-01 5.945804576716481427e-07
2.850275975581700095e+03 9.999178975194903396e-01 5.900769181204329352e-07 9.999398638925448557e-01 5.900533320084698890e-07
2.855675976435699795e+03 9.999182098428488485e-01 5.856009443065839848e-07 9.999400931991709873e-01 5.855608016232403353e-07
2.859433208801999626e+03 9.999184260999515184e-01 5.825348868940446041e-07 9.999402519627751396e-01 5.824830223385265268e-07
2.864501695581700005e+03 9.999187164578388076e-01 5.784210152944086843e-07 9.999404651263684718e-01 5.783533819715026619e-07
2.869901696435700160e+03 9.999190241129227719e-01 5.740725118869211658e-07 9.999406909877275318e-01 5.739881903483161131e-07
2.874032306184099980e+03 9.999192582479844438e-01 5.707752551370205222e-07 9.999408628732205928e-01 5.706782714141663418e-07
2.878764752963800220e+03 9.999195252417258928e-01 5.670111105222426068e-07 9.999410588879374950e-01 5.668996482309800822e-07
2.884164756435700383e+03 9.999198283355754668e-01 5.627623568041224315e-07 9.999412813990548043e-01 5.626348566702117910e-07
2.888668742544700308e+03 9.999200798190199801e-01 5.592641025253440188e-07 9.999414660115798492e-01 5.591236449124855953e-07
2.893065144324400080e+03 9.999203241180887325e-01 5.558678535158909299e-07 9.999416453569621721e-01 5.557147621771208431e-07
2.898465146435700262e+03 9.999206226717927137e-01 5.517252692447750734e-07 9.999418645280386819e-01 5.515574392970249387e-07
2.903342513802000212e+03 9.999208908903692850e-01 5.480046815713201463e-07 9.999420614178412547e-01 5.478241078823677342e-07
2.907402875581700300e+03 9.999211131222255355e-01 5.449172423796149009e-07 9.999422245702480616e-01 5.447260615142879518e-07
2.912802876435700000e+03 9.999214073179230056e-01 5.408729170045886872e-07 9.999424405308927621e-01 5.406689062761875188e-07
2.918053623801999947e+03 9.999216917513343850e-01 5.369800413982112829e-07 9.999426493252580039e-01 5.367643254558473663e-07
2.921777945581700351e+03 9.999218925502559863e-01 5.342289193883700950e-07 9.999427967318849086e-01 5.340048892158259444e-07
2.927177946435700051e+03 9.999221823728443592e-01 5.302879778299361558e-07 9.999430094768790855e-01 5.300534463373998167e-07
2.932802071184099987e+03 9.999224824695133185e-01 5.262123058439846827e-07 9.999432297651865698e-01 5.259675875979214831e-07
2.936190352963800251e+03 9.999226624222091742e-01 5.237660379399398702e-07 9.999433618653432720e-01 5.235151617747839896e-07
2.941590356435699960e+03 9.999229479545016508e-01 5.199178063973513033e-07 9.999435714642844752e-01 5.196589976404368440e-07
2.947587858802000028e+03 9.999232632277305077e-01 5.156684351683669081e-07 9.999438028794395139e-01 5.154015169036166172e-07
2.950640100581700153e+03 9.999234229215806513e-01 5.135167906815434196e-07 9.999439201106161690e-01 5.132457188377340590e-07
2.956040101435699853e+03 9.999237042625518379e-01 5.097753612651639384e-07 9.999441266262626415e-01 5.094991916937472805e-07
2.962410981184099910e+03 9.999240341648300001e-01 5.053829384915532370e-07 9.999443687782541001e-01 5.051013580911169150e-07
2.965127182963800351e+03 9.999241741759413715e-01 5.035169245057650773e-07 9.999444715472676215e-01 5.032330065344217655e-07
2.970527186435700060e+03 9.999244513824480096e-01 4.998691041672053834e-07 9.999446750177981569e-01 4.995829087544494846e-07
2.977271446184100114e+03 9.999247954382993742e-01 4.953308092014621267e-07 9.999449275421725680e-01 4.950421671189597328e-07
2.979651602963800087e+03 9.999249162899171983e-01 4.937344533406429501e-07 9.999450162515264307e-01 4.934449169188805008e-07
2.985051606435700251e+03 9.999251894248899486e-01 4.901643253220769282e-07 9.999452167219630150e-01 4.898752005024888444e-07
2.992155131435699786e+03 9.999255464372455160e-01 4.854794131259353945e-07 9.999454787528399002e-01 4.851910063116562590e-07
2.999613366435700300e+03 9.999259185501967462e-01 4.806403249190976157e-07 9.999457518670140654e-01 4.803550815957998963e-07
3.006735561435699765e+03 9.999262712697393196e-01 4.760467291173865084e-07 9.999460107411493048e-01 4.757653745748124720e-07
3.008812460581700179e+03 9.999263736918336809e-01 4.747144602625584813e-07 9.999460858990409928e-01 4.744343602392103437e-07
3.014581283802000144e+03 9.999266569690996587e-01 4.710517735794773667e-07 9.999462938000365231e-01 4.707771197877059282e-07
3.021353326435700183e+03 9.999269874284493209e-01 4.667570424731257594e-07 9.999465363398667428e-01 4.664887521828425068e-07
3.023448897963799936e+03 9.999270892628862040e-01 4.654440344959240656e-07 9.999466110853640899e-01 4.651779442858752014e-07
3.029572431184099969e+03 9.999273855700913094e-01 4.616891213988213749e-07 9.999468285481233343e-01 4.614308941668849032e-07
3.036008431435699549e+03 9.999276950465402214e-01 4.577505840535964666e-07 9.999470556602634286e-01 4.575005972327290344e-07
3.038122667963799813e+03 9.999277962780743767e-01 4.564715591762307645e-07 9.999471299539929303e-01 4.562245879931855256e-07
3.044600911184099914e+03 9.999281051092749895e-01 4.525757766014689078e-07 9.999473565915274476e-01 4.523390101437090339e-07
3.050700871435700265e+03 9.999283941062799830e-01 4.489094031917709254e-07 9.999475686711273292e-01 4.486822263656972567e-07
3.052833777963800003e+03 9.999284947416637870e-01 4.476434123468699372e-07 9.999476425338625907e-01 4.474198935618608838e-07
3.059666731184099717e+03 9.999288157214457629e-01 4.436231868440013248e-07 9.999478780825472590e-01 4.434118654747436634e-07
3.065430651435699929e+03 9.999290848542060628e-01 4.402360077630543400e-07 9.999480755632526030e-01 4.400349595526722091e-07
3.067582227963800051e+03 9.999291849301970014e-01 4.389931549112572039e-07 9.999481490037007703e-01 4.387962173566625721e-07
3.074769891184099833e+03 9.999295176543232522e-01 4.348862827371421860e-07 9.999483931646536705e-01 4.347032308494200040e-07
3.082340137544699701e+03 9.999298655618374942e-01 4.305935530521771939e-07 9.999486484544239939e-01 4.304252973925645761e-07
3.089602219324399812e+03 9.999301968434073373e-01 4.265197272461522737e-07 9.999488915396140820e-01 4.263660750483021350e-07
3.095002221435700449e+03 9.999304417165308934e-01 4.234912446637381427e-07 9.999490712071191778e-01 4.233484439484315317e-07
3.097499301184100204e+03 9.999305544804943935e-01 4.221139678446560701e-07 9.999491539648245331e-01 4.219762338609699919e-07
3.104444012963800105e+03 9.999308667484831936e-01 4.183022784230139565e-07 9.999493830754080381e-01 4.181785850009524409e-07
3.109844016435699814e+03 9.999311081116220024e-01 4.153514724470630528e-07 9.999495601712069526e-01 4.152386555721427468e-07
3.112695806184100093e+03 9.999312350248354964e-01 4.138231806254395763e-07 9.999496533118641395e-01 4.137160172754602288e-07
3.119323142963799910e+03 9.999315287116491424e-01 4.102885477450267546e-07 9.999498687775032479e-01 4.101944816668022277e-07
3.124723146435700073e+03 9.999317665980038683e-01 4.074226828175579140e-07 9.999500433180702474e-01 4.073391756895415356e-07
3.127929646184099965e+03 9.999319072547190324e-01 4.057448697500621927e-07 9.999501465227859098e-01 4.056673828112104795e-07
3.134239612963800028e+03 9.999321827941909380e-01 4.024494827544256514e-07 9.999503486758603010e-01 4.023838122904488597e-07
3.139639616435699736e+03 9.999324172813037759e-01 3.996451012583865257e-07 9.999505207219013814e-01 3.995893037115244108e-07
3.143200823801999832e+03 9.999325712632187724e-01 3.978264299241703578e-07 9.999506336903358772e-01 3.977767012731698754e-07
3.149193420581699684e+03 9.999328291937564783e-01 3.947829408063726819e-07 9.999508229089526523e-01 3.947434089317549039e-07
3.154593421435700293e+03 9.999330603066990397e-01 3.920572449465864631e-07 9.999509924759776291e-01 3.920265542868041289e-07
3.158509336184100448e+03 9.999332271896198554e-01 3.901018188682368914e-07 9.999511148963284857e-01 3.900770117854160315e-07
3.164184562963800090e+03 9.999334679067299891e-01 3.872731807282720930e-07 9.999512914872505931e-01 3.872568962144286716e-07
3.169584566435700253e+03 9.999336957831135297e-01 3.845976950882208035e-07 9.999514586508904124e-01 3.845890153425643223e-07
3.173855191184100022e+03 9.999338751103568068e-01 3.825054060241671867e-07 9.999515902240820875e-01 3.825020977983409678e-07
3.179213042963800035e+03 9.999340991584887428e-01 3.798901765314904093e-07 9.999517545640741467e-01 3.798936148791520954e-07
3.184613046435700198e+03 9.999343237748301583e-01 3.772818352395094053e-07 9.999519193545143292e-01 3.772914008056104505e-07
3.189238381184100035e+03 9.999345152514526047e-01 3.750773859416283538e-07 9.999520598232901625e-01 3.750914779626204033e-07
3.194278862963799838e+03 9.999347229771063938e-01 3.726838588171982151e-07 9.999522122005271019e-01 3.727028999571614478e-07
3.199678866435700002e+03 9.999349444414913357e-01 3.701483595153779831e-07 9.999523746585402550e-01 3.701719275240321670e-07
3.204658911184099907e+03 9.999351476644904313e-01 3.678379260041465812e-07 9.999525237269535349e-01 3.678649715445997734e-07
3.209382022963799955e+03 9.999353394756809177e-01 3.656478661746146078e-07 9.999526644427487732e-01 3.656782330475186265e-07
3.214782026435699663e+03 9.999355578228898977e-01 3.631607527352822549e-07 9.999528245926810888e-01 3.631939617896293991e-07
3.220116781184100091e+03 9.999357724089491528e-01 3.607245176908912551e-07 9.999529819989808610e-01 3.607598144880614126e-07
3.224522517963800055e+03 9.999359488338636082e-01 3.587258224479469900e-07 9.999531114102474527e-01 3.587628703583738690e-07
3.229922521435700219e+03 9.999361640762410852e-01 3.563122302789869061e-07 9.999532693010652062e-01 3.563503864750611899e-07
3.235611986184100260e+03 9.999363896670804275e-01 3.537900868020213926e-07 9.999534347755012487e-01 3.538287673781789424e-07
3.239700347963800141e+03 9.999365510663398293e-01 3.519830797950104118e-07 9.999535531487834250e-01 3.520221661212247817e-07
3.245100351435700304e+03 9.999367632677099715e-01 3.496281572230143248e-07 9.999537088073332525e-01 3.496666661798614738e-07
3.251144526184099959e+03 9.999369995349107754e-01 3.470115426251721124e-07 9.999538820962879937e-01 3.470488497609094242e-07
3.254915522963799958e+03 9.999371462633329655e-01 3.453821839713115444e-07 9.999539897178998382e-01 3.454187696898745205e-07
3.260315526435700122e+03 9.999373555009626324e-01 3.430779871443466193e-07 9.999541431892359222e-01 3.431124778155899117e-07
3.266714406184099971e+03 9.999376020798919074e-01 3.403643871792776374e-07 9.999543240440431635e-01 3.403959860153264276e-07
3.270168027963799886e+03 9.999377345585421795e-01 3.389071489477092579e-07 9.999544212177147173e-01 3.389372126996390377e-07
3.275568031435700050e+03 9.999379408841770900e-01 3.366670844150997388e-07 9.999545725409209052e-01 3.366936458595709604e-07
3.282321626184099841e+03 9.999381974463088518e-01 3.338825365002129880e-07 9.999547607188580267e-01 3.339044068065456595e-07
3.285457877963800001e+03 9.999383160530992409e-01 3.325955438478484604e-07 9.999548477065974827e-01 3.326152573348691520e-07
3.290857881435700165e+03 9.999385194658065856e-01 3.304131367314767412e-07 9.999549968993093341e-01 3.304281633302691393e-07
3.297966183802000160e+03 9.999387856965421539e-01 3.275496796672959887e-07 9.999551921439039370e-01 3.275583612919832021e-07
3.300785060581700236e+03 9.999388908048773006e-01 3.264149459376515104e-07 9.999552692231407081e-01 3.264211295465146572e-07
3.306185061435699936e+03 9.999390913601348130e-01 3.242561280301381235e-07 9.999554163167279075e-01 3.242567407687989192e-07
3.313648076184099864e+03 9.999393669497406156e-01 3.212821430559857747e-07 9.999556184397561109e-01 3.212749911087214073e-07
3.316149587963800059e+03 9.999394589257091237e-01 3.202911607736292215e-07 9.999556858973981388e-01 3.202814192910553096e-07
3.321549591435699767e+03 9.999396567365186339e-01 3.182197161676029673e-07 9.999558309757590191e-01 3.182037411498979336e-07
3.329082501435700124e+03 9.999399310423188192e-01 3.153336528577946247e-07 9.999560321416137709e-01 3.153089865266836144e-07
3.331551447963800001e+03 9.999400205367444672e-01 3.143918016159408325e-07 9.999560977789861971e-01 3.143642804914256246e-07
3.337236261184100385e+03 9.999402258225744689e-01 3.122561500896459191e-07 9.999562483341374319e-01 3.122217767068000349e-07
3.344503026435700122e+03 9.999404867179890744e-01 3.095295964491986812e-07 9.999564396536504418e-01 3.094864717711382234e-07
3.346990642963800383e+03 9.999405756334051043e-01 3.086003206082422826e-07 9.999565048594601935e-01 3.085542001778639311e-07
3.353011501184099870e+03 9.999407900005556904e-01 3.063598812761427895e-07 9.999566620657488469e-01 3.063064820690590642e-07
3.359960896435700306e+03 9.999410360284683996e-01 3.037772066578290410e-07 9.999568424813093381e-01 3.037154110292182415e-07
3.362467180581699722e+03 9.999411243944253957e-01 3.028553157086787963e-07 9.999569072835317041e-01 3.027905332550934496e-07
3.368824073801999475e+03 9.999413475712466415e-01 3.005505023488544327e-07 9.999570709627316756e-01 3.004783221571086264e-07
3.375456096435700147e+03 9.999415790823353856e-01 2.981504270589058145e-07 9.999572407430202814e-01 2.980705316150357470e-07
3.377981052963799812e+03 9.999416668986547130e-01 2.972511822080461061e-07 9.999573051360137743e-01 2.971684654266932679e-07
3.384673991184100032e+03 9.999418986000190301e-01 2.948974109376462045e-07 9.999574750611924800e-01 2.948075334437137379e-07
3.390988641435700629e+03 9.999421159697587935e-01 2.926788733957293318e-07 9.999576344553730012e-01 2.925822418114510715e-07
3.393532262963799894e+03 9.999422032024521956e-01 2.917921956183199324e-07 9.999576984148589309e-01 2.916930434789385414e-07
3.400561241184099799e+03 9.999424431400266711e-01 2.893565134355751475e-07 9.999578743777830514e-01 2.892507351249779035e-07
3.406558521435700186e+03 9.999426467244185712e-01 2.872809205635568719e-07 9.999580236645740916e-01 2.871694905609311575e-07
3.409120812963800290e+03 9.999427333852795030e-01 2.864110608111170186e-07 9.999580872162834311e-01 2.862975359158523835e-07
3.416485831184100334e+03 9.999429813508862175e-01 2.839321692133327737e-07 9.999582690475538049e-01 2.838129276767676003e-07
3.422165741435700056e+03 9.999431714901003687e-01 2.820236294055717784e-07 9.999584084729452593e-01 2.818999818391153997e-07
3.424746702963800089e+03 9.999432575600277762e-01 2.811723958712291067e-07 9.999584715951725933e-01 2.810471839958591150e-07
3.432410292963800202e+03 9.999435120045394587e-01 2.786598029283333979e-07 9.999586581665503848e-01 2.785301221107251651e-07
3.440409925581700008e+03 9.999437757491750345e-01 2.760463649263765675e-07 9.999588515616619766e-01 2.759125605815975534e-07
3.448092190581699924e+03 9.999440273180948413e-01 2.735387468630755431e-07 9.999590360103214337e-01 2.734020357824919714e-07
3.453492191435700079e+03 9.999442031408983800e-01 2.717766402996936538e-07 9.999591649429889761e-01 2.716379676184691529e-07
3.456465326184099922e+03 9.999442995997768202e-01 2.708295983345087375e-07 9.999592356758062461e-01 2.706904453166057983e-07
3.463811422963799941e+03 9.999445368601019846e-01 2.685059873394539741e-07 9.999594096473283233e-01 2.683656420274686241e-07
3.469211426435700105e+03 9.999447103184770924e-01 2.668073634437338875e-07 9.999595368268757722e-01 2.666662952410514934e-07
3.472520601184100087e+03 9.999448161849604499e-01 2.657825613859484588e-07 9.999596144608573489e-01 2.656416866269716863e-07
3.479567992963799952e+03 9.999450406601473329e-01 2.636079348000200106e-07 9.999597790480265758e-01 2.634674574411384675e-07
3.484967996435700115e+03 9.999452117427577447e-01 2.619472953554605206e-07 9.999599044831198880e-01 2.618073254689458921e-07
3.488613211184100237e+03 9.999453267825741953e-01 2.608362539062954073e-07 9.999599888247302504e-01 2.606972162986561520e-07
3.495361897963800402e+03 9.999455387846283294e-01 2.587815243610616784e-07 9.999601442635238646e-01 2.586441906358864775e-07
3.500761901435700111e+03 9.999457075510819193e-01 2.571474509296807685e-07 9.999602680107503305e-01 2.570117315657962795e-07
3.504743161184100245e+03 9.999458314957997418e-01 2.559673948128614196e-07 9.999603588751374561e-01 2.558334312932873156e-07
3.511193147963800584e+03 9.999460313474941575e-01 2.540635775162163337e-07 9.999605054044080621e-01 2.539324351716332174e-07
3.516593151435700292e+03 9.999461978065201651e-01 2.524775435132859544e-07 9.999606274536314565e-01 2.523490459855379581e-07
3.520910447544699764e+03 9.999463303140082582e-01 2.512195291236071815e-07 9.999607246164244900e-01 2.510936591263804843e-07
3.527061729324399948e+03 9.999465183519762324e-01 2.494266975845652964e-07 9.999608624516928002e-01 2.493045450696319963e-07
3.532461731435700585e+03 9.999466825741661902e-01 2.478633170634027579e-07 9.999609828623869934e-01 2.477446728524788668e-07
3.537115068801999769e+03 9.999468235108798231e-01 2.465381058216718188e-07 9.999610861794466787e-01 2.464228517552980329e-07
3.542967650581699672e+03 9.999469999213793647e-01 2.448783846107888085e-07 9.999612155230283017e-01 2.447673696249918090e-07
3.548367651435700282e+03 9.999471619662821942e-01 2.433548834850689253e-07 9.999613343083850747e-01 2.432480058503308969e-07
3.553357031184099924e+03 9.999473109827028416e-01 2.419549997325941851e-07 9.999614435649963884e-01 2.418522287665188597e-07
3.558910907963799673e+03 9.999474761470564799e-01 2.404058254228709445e-07 9.999615646512260980e-01 2.403076030816363467e-07
3.564310911435700291e+03 9.999476359710653961e-01 2.389190796098944986e-07 9.999616818375322014e-01 2.388254344920760968e-07
3.569636333802000536e+03 9.999477929391837883e-01 2.374700030356618134e-07 9.999617968898916187e-01 2.373810332910317994e-07
3.574891505581699676e+03 9.999479470676477799e-01 2.360462369315177644e-07 9.999619098964014352e-01 2.359618601819538744e-07
3.580291506435699830e+03 9.999481047932370359e-01 2.345998172037831777e-07 9.999620255156509430e-01 2.345202162787571410e-07
3.585952966184100205e+03 9.999482693510044484e-01 2.330982184053338101e-07 9.999621461494385688e-01 2.330236733061737314e-07
3.590909437963800428e+03 9.999484127814592949e-01 2.317829404389893030e-07 9.999622512881759517e-01 2.317128061467346304e-07
3.596309441435699682e+03 9.999485683650995993e-01 2.303631927368394313e-07 9.999623653459475126e-01 2.302978400998614164e-07
3.602306946184100070e+03 9.999487403420653786e-01 2.288008073763296974e-07 9.999624914132220210e-01 2.287407467665684453e-07
3.606964712963800139e+03 9.999488732866375074e-01 2.275916988488592102e-07 9.999625888788259420e-01 2.275357364664789925e-07
3.612364716435699847e+03 9.999490268255852854e-01 2.262073348362215800e-07 9.999627014176226680e-01 2.261559398356703914e-07
3.618698261184099920e+03 9.999492060251172765e-01 2.245942726585882467e-07 9.999628327569540787e-01 2.245481214581695665e-07
3.623057322963800289e+03 9.999493287718058676e-01 2.234893339189598490e-07 9.999629227410714583e-01 2.234467842030790472e-07
3.628457326435699997e+03 9.999494801958426216e-01 2.221317244614142611e-07 9.999630337552738446e-01 2.220933614280769667e-07
3.635126911184100209e+03 9.999496663616166403e-01 2.204624821429103472e-07 9.999631702041472670e-01 2.204291564836634409e-07
3.639187272963800297e+03 9.999497791918987577e-01 2.194513088267080506e-07 9.999632529048442242e-01 2.194210465656396005e-07
3.644587276435700005e+03 9.999499286307147461e-01 2.181369905417539945e-07 9.999633624595228865e-01 2.181103573139646570e-07
3.651592901184099446e+03 9.999501215217501127e-01 2.164437755513149586e-07 9.999635038422649558e-01 2.164216849733968386e-07
3.655354557963799380e+03 9.999502246505365122e-01 2.155347642254939298e-07 9.999635794212986539e-01 2.155151134855577931e-07
3.660754561435699998e+03 9.999503721134288536e-01 2.142374028238830243e-07 9.999636875054453977e-01 2.142207182168343521e-07
3.668096226184100487e+03 9.999505715890366631e-01 2.124810088333803490e-07 9.999638336942386907e-01 2.124682162290048432e-07
3.671559182963799685e+03 9.999506652165722764e-01 2.116565654733731085e-07 9.999639023352872025e-01 2.116456128864576029e-07
3.676959186435699849e+03 9.999508107453882744e-01 2.103951007547054737e-07 9.999640089978173441e-01 2.103863724792993519e-07
3.684636888802000158e+03 9.999510165192272426e-01 2.086069015746516571e-07 9.999641598212236637e-01 2.086012311139864881e-07
3.687801145581699984e+03 9.999511009643742288e-01 2.078712881863722175e-07 9.999642217098502206e-01 2.078668839583761331e-07
3.693201146435700139e+03 9.999512445483613732e-01 2.066359525425995745e-07 9.999643269538934787e-01 2.066329785138867308e-07
3.701182111435699426e+03 9.999514556028595846e-01 2.048143566324675551e-07 9.999644816430445227e-01 2.048134485521635792e-07
3.709480451435700616e+03 9.999516736048874588e-01 2.029396792966108373e-07 9.999646414273249961e-01 2.029401640912399294e-07
3.717480081435700413e+03 9.999518824453607069e-01 2.011439182237089830e-07 9.999647944666563149e-01 2.011453644434932849e-07
3.720397082963800131e+03 9.999519582402607298e-01 2.004954139937616182e-07 9.999648500291599129e-01 2.004971751767244494e-07
3.726147241184100494e+03 9.999521071399659622e-01 1.992652525683034339e-07 9.999649591601705856e-01 1.992669605927183663e-07
3.733815391435700349e+03 9.999523045878142558e-01 1.976260107095013546e-07 9.999651038695758221e-01 1.976276608663922678e-07
3.736751059324400103e+03 9.999523798722833590e-01 1.969975098559149551e-07 9.999651590299407644e-01 1.969990557300494555e-07
3.742818582544699893e+03 9.999525348957047921e-01 1.956891059997200955e-07 9.999652726290368943e-01 1.956897736634298981e-07
3.750188031435699941e+03 9.999527221270521071e-01 1.941037240979376620e-07 9.999654098647478007e-01 1.941033375072411336e-07
3.753142372963799971e+03 9.999527969326498233e-01 1.934792316187578847e-07 9.999654646783009415e-01 1.934783223226884614e-07
3.759527271184100300e+03 9.999529579206406504e-01 1.921686115822387187e-07 9.999655826577401596e-01 1.921660824927109207e-07
3.766598016435749742e+03 9.999531351813824021e-01 1.907191888920929782e-07 9.999657125765184507e-01 1.907148770216568867e-07
3.769571022963849828e+03 9.999532094211881494e-01 1.901113261807855693e-07 9.999657669834679519e-01 1.901061491880564877e-07
3.776273291184099435e+03 9.999533761288423861e-01 1.887457859360503685e-07 9.999658891589594534e-01 1.887382863958635586e-07
3.783045331435750086e+03 9.999535437127696769e-01 1.873677743392032522e-07 9.999660119550202175e-01 1.873579378459606158e-07
3.786037007963850101e+03 9.999536174357571694e-01 1.867646286940041028e-07 9.999660659903378823e-01 1.867536384879947289e-07
3.793056651184100247e+03 9.999537897516708185e-01 1.853610588561442291e-07 9.999661922712320683e-01 1.853470957196110273e-07
3.799529991435700140e+03 9.999539478469166021e-01 1.840686740830643528e-07 9.999663081120357955e-01 1.840519776700344100e-07
3.802540337963799630e+03 9.999540210785502481e-01 1.834759840978178425e-07 9.999663617819849470e-01 1.834579021161633318e-07
3.809877351184099098e+03 9.999541988647061563e-01 1.820448748248184555e-07 9.999664920476087904e-01 1.820232477437274962e-07
3.816051986435700201e+03 9.999543476145958953e-01 1.808425161387122245e-07 9.999666010757161105e-01 1.808179117931239784e-07
3.819081002963799619e+03 9.999544203879322524e-01 1.802600547392242727e-07 9.999666543832751442e-01 1.802339157314489295e-07
3.826735391184099626e+03 9.999546033688453406e-01 1.787967379507505518e-07 9.999667884872300849e-01 1.787666537619870679e-07
3.832611321435750142e+03 9.999547431303503764e-01 1.776748747105692962e-07 9.999668908968212255e-01 1.776417671108479711e-07
3.835659002963850526e+03 9.999548153628355918e-01 1.771058492383388513e-07 9.999669438331192373e-01 1.770711309958197434e-07
3.843630761184099811e+03 9.999550034658712949e-01 1.756325975786436384e-07 9.999670816761746517e-01 1.755936490148320775e-07
3.849207991435700023e+03 9.999551343626126299e-01 1.746051524737263794e-07 9.999671775927256867e-01 1.745632480900790679e-07
3.852274344324399863e+03 9.999552060844079104e-01 1.740410395972620943e-07 9.999672301486363102e-01 1.739975158178870547e-07
3.860441999324450080e+03 9.999553963295599868e-01 1.725402124551040097e-07 9.999673695363616721e-01 1.724923846007171396e-07
3.865842001435750262e+03 9.999555214128186265e-01 1.715493967347935414e-07 9.999674612094281434e-01 1.714987289688768751e-07
3.869048497544700695e+03 9.999555954600493068e-01 1.709826705887814795e-07 9.999675154687626133e-01 1.709303763036876722e-07
3.877113344324400259e+03 9.999557808298431549e-01 1.695609051247915293e-07 9.999676513097858210e-01 1.695045292817619830e-07
3.882513346435700441e+03 9.999559043191653673e-01 1.686106713551965145e-07 9.999677417895670439e-01 1.685515821041556498e-07
3.886037216184100089e+03 9.999559846277287223e-01 1.679935817587387928e-07 9.999678006303203137e-01 1.679328480079024768e-07
3.893822027963799883e+03 9.999561612414384904e-01 1.666378043859956835e-07 9.999679300425066142e-01 1.665734459586408324e-07
3.899222031435700501e+03 9.999562831200936586e-01 1.657030497082755342e-07 9.999680193546753859e-01 1.656362192480033213e-07
3.903063276184099777e+03 9.999563695053361734e-01 1.650490245512003564e-07 9.999680826562671321e-01 1.649806169057418300e-07
3.910568052963800255e+03 9.999565375898890052e-01 1.637701334430399174e-07 9.999682057942596014e-01 1.636986507581373058e-07
3.915968056435700419e+03 9.999566579172834979e-01 1.628519777553951036e-07 9.999682939577283491e-01 1.627783540618930322e-07
3.920126671184100815e+03 9.999567502001253105e-01 1.621562704727494031e-07 9.999683615943125714e-01 1.620812224619292774e-07
3.927351412963799703e+03 9.999569099064578026e-01 1.609540606716993828e-07 9.999684785976559187e-01 1.608765406747383634e-07
3.932751416435700321e+03 9.999570287061825269e-01 1.600575770029404389e-07 9.999685656243051390e-01 1.599783078072161057e-07
3.937227401184099563e+03 9.999571267617617387e-01 1.593138118854388197e-07 9.999686374773407715e-01 1.592333336521645978e-07
3.944172112963799918e+03 9.999572782660883785e-01 1.581627643407623629e-07 9.999687484854266062e-01 1.580804090512332624e-07
3.949572116435700082e+03 9.999573955579303952e-01 1.572767660462564272e-07 9.999688344166149934e-01 1.571930955548705023e-07
3.954365471184099988e+03 9.999574992303065235e-01 1.565077099712488375e-07 9.999689103827041903e-01 1.564231598492358598e-07
3.961030147963799664e+03 9.999576427309492255e-01 1.554393914334311088e-07 9.999690155338978315e-01 1.553536137341352097e-07
3.966430151435699827e+03 9.999577584813165165e-01 1.545762206360288324e-07 9.999691003461513850e-01 1.544896239809336737e-07
3.971540881184100272e+03 9.999578675986192655e-01 1.537651421390913726e-07 9.999691802952337394e-01 1.536780592848405674e-07
3.977925522963800177e+03 9.999580033549143598e-01 1.527580583613725473e-07 9.999692797487136353e-01 1.526703595279665236e-07
3.983325526435700340e+03 9.999581176445921926e-01 1.519170511944421266e-07 9.999693634888845439e-01 1.518290452950383643e-07
3.988753626184100540e+03 9.999582320772767430e-01 1.510812048262436620e-07 9.999694473160144481e-01 1.509931859430499720e-07
3.994858232963800219e+03 9.999583601725745563e-01 1.501396914211960903e-07 9.999695411691214009e-01 1.500516469029101347e-07
4.000258236435699928e+03 9.999584730532004029e-01 1.493113715656848147e-07 9.999696238501711854e-01 1.492235264452264454e-07
4.006003708801999892e+03 9.999585925526262020e-01 1.484418980204163534e-07 9.999697114269163745e-01 1.483545216005686109e-07
4.011828285581700129e+03 9.999587132414106128e-01 1.475672593320695264e-07 9.999697998389399656e-01 1.474803445958553041e-07
4.017228286435699374e+03 9.999588246423740667e-01 1.467645754740101701e-07 9.999698814567630212e-01 1.466783522441844229e-07
4.023291128802000003e+03 9.999589491733836821e-01 1.458682849233980405e-07 9.999699726898755303e-01 1.457830950939381803e-07
4.028835670581750037e+03 9.999590625627191587e-01 1.450479472060327003e-07 9.999700557605055717e-01 1.449636876396315069e-07
4.034235671435750191e+03 9.999591725895954353e-01 1.442563134025086424e-07 9.999701363508907148e-01 1.441732174005662976e-07
4.040615887544699945e+03 9.999593019150817552e-01 1.433301162421176422e-07 9.999702311244449415e-01 1.432486029980191112e-07
4.045880399324399605e+03 9.999594082627387692e-01 1.425695683608958110e-07 9.999703090085397816e-01 1.424893454149867795e-07
4.051280401435699787e+03 9.999595168456737460e-01 1.417942466620114887e-07 9.999703885624939836e-01 1.417156042284377344e-07
4.057977986184100246e+03 9.999596509391699417e-01 1.408356312461788660e-07 9.999704867966299204e-01 1.407591186202627997e-07
4.062962462963800135e+03 9.999597503094262985e-01 1.401248267700257640e-07 9.999705595910659550e-01 1.400498830315270287e-07
4.068362466435699389e+03 9.999598575586892135e-01 1.393740985233697196e-07 9.999706381603262750e-01 1.393010942243234756e-07
4.075377422544700039e+03 9.999599961999614539e-01 1.384104910619295840e-07 9.999707397317713076e-01 1.383401332822786656e-07
4.080081864324399703e+03 9.999600887957846851e-01 1.377645305763299313e-07 9.999708075535728158e-01 1.376959331390515883e-07
4.085481866435699885e+03 9.999601946543644759e-01 1.370224215929177290e-07 9.999708851062942827e-01 1.369560562350573507e-07
4.092814193801999409e+03 9.999603377622054978e-01 1.360174730154560632e-07 9.999709899270743385e-01 1.359542234543605854e-07
4.097238600581700666e+03 9.999604237484237546e-01 1.354143554651731187e-07 9.999710529104022250e-01 1.353529724790148255e-07
4.102638601435700366e+03 9.999605283026548053e-01 1.346937014832207049e-07 9.999711294987801979e-01 1.346347486294528147e-07
4.110288303801999064e+03 9.999606756746077796e-01 1.336786909239561940e-07 9.999712374580979057e-01 1.336232207321234341e-07
4.114432680581749082e+03 9.999607551834105434e-01 1.331292803618860226e-07 9.999712956911965822e-01 1.330756846980744066e-07
4.119832681435750601e+03 9.999608583997311451e-01 1.324028726857117472e-07 9.999713712991121772e-01 1.323518454230381777e-07
4.127799751184099478e+03 9.999610099471890612e-01 1.313310154611223820e-07 9.999714823218541770e-01 1.312837971894987447e-07
4.131664092963800613e+03 9.999610832082445055e-01 1.308122805168873277e-07 9.999715359656881075e-01 1.307669000427411272e-07
4.137064096435700776e+03 9.999611851513166005e-01 1.301221527330997905e-07 9.999716106572036356e-01 1.300793621567834155e-07
4.145348541184100213e+03 9.999613407994385472e-01 1.290713715336776883e-07 9.999717246605567267e-01 1.290325469184849233e-07
4.148932847963849781e+03 9.999614078512445436e-01 1.286188741401869849e-07 9.999717737685391850e-01 1.285817579625407638e-07
4.154332851435749944e+03 9.999615085209880849e-01 1.279352474354385515e-07 9.999718475047080224e-01 1.279006676129254927e-07
4.162836546435749369e+03 9.999616662394589239e-01 1.268597828970058421e-07 9.999719630364413137e-01 1.268291849909102377e-07
4.166238937963849821e+03 9.999617291073525926e-01 1.264305374259693920e-07 9.999720090751420543e-01 1.264015242423285721e-07
4.171737061184100639e+03 9.999618303259157903e-01 1.257519564966870434e-07 9.999720832175440499e-01 1.257253857537487219e-07
4.180161301435699897e+03 9.999619846476616170e-01 1.247142893068008694e-07 9.999721962452297053e-01 1.246914555701711732e-07
4.183582362963799824e+03 9.999620470286174623e-01 1.242946110512089458e-07 9.999722419443342059e-01 1.242732767727597904e-07
4.189379191184099909e+03 9.999621524364752378e-01 1.235831268770718154e-07 9.999723191340145201e-01 1.235641391456857049e-07
4.197523401435750202e+03 9.999622997181314421e-01 1.225849367843463036e-07 9.999724270296765916e-01 1.225692420431030400e-07
4.200963132963849603e+03 9.999623617557664712e-01 1.221667885147906892e-07 9.999724724379540630e-01 1.221524463317177931e-07
4.207058661184099037e+03 9.999624711815802147e-01 1.214490257692730223e-07 9.999725525924600955e-01 1.214368230022605164e-07
4.214922836435700447e+03 9.999626116251683072e-01 1.205254994319900184e-07 9.999726554713820326e-01 1.205160557248649680e-07
4.218381237963800231e+03 9.999626731657083045e-01 1.201198363617050718e-07 9.999727005353858944e-01 1.201115463404831619e-07
4.224775471184099843e+03 9.999627865038025476e-01 1.193678540638260108e-07 9.999727835514743424e-01 1.193614169771355729e-07
4.232359611435699662e+03 9.999629203165824043e-01 1.184773290776118142e-07 9.999728815464371534e-01 1.184730897677912516e-07
4.235836677963799957e+03 9.999629814167915187e-01 1.180767091213427461e-07 9.999729263016691183e-01 1.180733967832581244e-07
4.242529611184099849e+03 9.999630986250684916e-01 1.173238762221640357e-07 9.999730121305534514e-01 1.173220753025747444e-07
4.249833716435699898e+03 9.999632258455672940e-01 1.165025572143441379e-07 9.999731053133481540e-01 1.165024070116733984e-07
4.253329455581700131e+03 9.999632864668910326e-01 1.161090662310813865e-07 9.999731497294788163e-01 1.161095912846270096e-07
4.260321093801999268e+03 9.999634073533176792e-01 1.153231854399475256e-07 9.999732382586108415e-01 1.153247733256051352e-07
4.267345166435699866e+03 9.999635282018836113e-01 1.145354385614437456e-07 9.999733267616692789e-01 1.145380966509468255e-07
4.270859575581700483e+03 9.999635884868409708e-01 1.141468798783831264e-07 9.999733708930405029e-01 1.141499314350025987e-07
4.278149913801999901e+03 9.999637129615621678e-01 1.133521372135170499e-07 9.999734620601548052e-01 1.133557379084478767e-07
4.284893951435750751e+03 9.999638275211673033e-01 1.126192781118372144e-07 9.999735459724511388e-01 1.126233892954066813e-07
4.288427029324450814e+03 9.999638873552245677e-01 1.122402488133840779e-07 9.999735897817610963e-01 1.122444669462099361e-07
4.296016072544700364e+03 9.999640153400136677e-01 1.114269600093330156e-07 9.999736835028981696e-01 1.114311851613046099e-07
4.302480076435699630e+03 9.999641237721598186e-01 1.107336283896764797e-07 9.999737629288114604e-01 1.107378621824616678e-07
4.306031822963799641e+03 9.999641831926397995e-01 1.103573067279941381e-07 9.999738064316878727e-01 1.103613750478474504e-07
4.313919571184099368e+03 9.999643145614360851e-01 1.095241828661319855e-07 9.999739026348315463e-01 1.095277135141005635e-07
4.320103541435700208e+03 9.999644170936384802e-01 1.088704122934075878e-07 9.999739776993636919e-01 1.088735239679324243e-07
4.323673954324399347e+03 9.999644760406868338e-01 1.084958671713274764e-07 9.999740208821350507e-01 1.084985467728724518e-07
4.331860402544700264e+03 9.999646107095694347e-01 1.076447923720818888e-07 9.999741195054204779e-01 1.076463534823233572e-07
4.337764336435750010e+03 9.999647073701344313e-01 1.070336726103458612e-07 9.999741902880432409e-01 1.070344293699270931e-07
4.341353420581749560e+03 9.999647659146843059e-01 1.066701061168018885e-07 9.999742331727790035e-01 1.066701942995803769e-07
4.349838573802000610e+03 9.999649037992143219e-01 1.058193634413736977e-07 9.999743341424078835e-01 1.058177999809756705e-07
4.355462476435700410e+03 9.999649947261032290e-01 1.052581339902977256e-07 9.999744007324378181e-01 1.052554775645858356e-07
4.359070230581700343e+03 9.999650528900514423e-01 1.049045286814228195e-07 9.999744433182550241e-01 1.049010122445136209e-07
4.367797950581700206e+03 9.999651929357763480e-01 1.040455991781754239e-07 9.999745458781469365e-01 1.040399789964894857e-07
4.373197951435699906e+03 9.999652791674062957e-01 1.035124866806431551e-07 9.999746090274947985e-01 1.035055640493997230e-07
4.376880506184099431e+03 9.999653378008859228e-01 1.031532116451566154e-07 9.999746519628180952e-01 1.031452562959864159e-07
4.385570762963800917e+03 9.999654755802573902e-01 1.023103740466405733e-07 9.999747528531266472e-01 1.022999866611581034e-07
4.390970766435699261e+03 9.999655607897104392e-01 1.017896956266682525e-07 9.999748152456128247e-01 1.017777893387013859e-07
4.394952026184099850e+03 9.999656233842366682e-01 1.014158966538228324e-07 9.999748610899636958e-01 1.014027740232194352e-07
4.403380917963850152e+03 9.999657553832302925e-01 1.006229387963552048e-07 9.999749577416842117e-01 1.006072478865903701e-07
4.408780921435750315e+03 9.999658395326488369e-01 1.001148648745305250e-07 9.999750193678250687e-01 1.000975183703076499e-07
4.413060881184100253e+03 9.999659059773001735e-01 9.971957593662386273e-08 9.999750680422826443e-01 9.970085079630181375e-08
4.421228402963800363e+03 9.999660323053849442e-01 9.896815032782381782e-08 9.999751605461636439e-01 9.894680221643895639e-08
4.426628406435700526e+03 9.999661154574381872e-01 9.847183746685753579e-08 9.999752214234652881e-01 9.844875370023099470e-08
4.431207071184099732e+03 9.999661856998681708e-01 9.804771236172496327e-08 9.999752728605976193e-01 9.802314909811198661e-08
4.439113232963800328e+03 9.999663065274575491e-01 9.731768866151185190e-08 9.999753613237308825e-01 9.729057866565096492e-08
4.444513236435700492e+03 9.999663886433679538e-01 9.682357154578270127e-08 9.999754214679933417e-01 9.679473236558312064e-08
4.449390601184099978e+03 9.999664625840454235e-01 9.638832396489936492e-08 9.999754756071980166e-01 9.635795577128039911e-08
4.457035397963800278e+03 9.999665779772050067e-01 9.570899136127867051e-08 9.999755601022517482e-01 9.567623408145802469e-08
4.462435401435699532e+03 9.999666591283143946e-01 9.523322970282631595e-08 9.999756195269653425e-01 9.519881120815516410e-08
4.467611468801999763e+03 9.999667366429018101e-01 9.478461552009161448e-08 9.999756762803133636e-01 9.474867280556119335e-08
4.474994900581700676e+03 9.999668467005606853e-01 9.414334124718624102e-08 9.999757568794807039e-01 9.410523062015743066e-08
4.480394901435699467e+03 9.999669268698113678e-01 9.367499387626828725e-08 9.999758155826140582e-01 9.363534655922119918e-08
4.485869671184099388e+03 9.999670078574168786e-01 9.320458579270311238e-08 9.999758748816867104e-01 9.316348538535779577e-08
4.492991737963850028e+03 9.999671127753659849e-01 9.259570530221032368e-08 9.999759516965587292e-01 9.255272013595979788e-08
4.498391741435750191e+03 9.999671919794584918e-01 9.213827108857367077e-08 9.999760096938000720e-01 9.209393141726526972e-08
4.504165216184100245e+03 9.999672763484379612e-01 9.165360294980486446e-08 9.999760714687956353e-01 9.160794795204016613e-08
4.511025917963799657e+03 9.999673761931288096e-01 9.107870428349457160e-08 9.999761445681448757e-01 9.103148990644589293e-08
4.516425921435699820e+03 9.999674544453522884e-01 9.062846260375050425e-08 9.999762018692075483e-01 9.058011242394297169e-08
4.522498096184100177e+03 9.999675421045469692e-01 9.012725271718755892e-08 9.999762660547936166e-01 9.007776268146800086e-08
4.529097432963800202e+03 9.999676369617757077e-01 8.958497540080673263e-08 9.999763355175438351e-01 8.953424826385996053e-08
4.534497436435699456e+03 9.999677142983710576e-01 8.914654911674999481e-08 9.999763921382484044e-01 8.909493993838416201e-08
4.540868316184099967e+03 9.999678051635834120e-01 8.863441130331276425e-08 9.999764586683255185e-01 8.858192750493636947e-08
4.547206287963800605e+03 9.999678951601761456e-01 8.812492867592811649e-08 9.999765245702018079e-01 8.807157502825617502e-08
4.552606291435699859e+03 9.999679715504018462e-01 8.769366009413536569e-08 9.999765805057176937e-01 8.763970592747312304e-08
4.559275873802000206e+03 9.999680655324375556e-01 8.716552458489235191e-08 9.999766493168813497e-01 8.711097999853631239e-08
4.565352480581699638e+03 9.999681508239766092e-01 8.668656729290967578e-08 9.999767117525334426e-01 8.663148354363459481e-08
4.570752481435699337e+03 9.999682263051742348e-01 8.626324847893361336e-08 9.999767670203628667e-01 8.620784599988645520e-08
4.577720766184100285e+03 9.999683232997091942e-01 8.571957911308305165e-08 9.999768380451374838e-01 8.566390963229989707e-08
4.583536007963849443e+03 9.999684039445413397e-01 8.526668516844410920e-08 9.999768970785904987e-01 8.521078970838969123e-08
4.588936011435750515e+03 9.999684785403084586e-01 8.485319426962048797e-08 9.999769516964770455e-01 8.479725967401426660e-08
4.596203001184100685e+03 9.999685784723933990e-01 8.430300303981176104e-08 9.999770248763047986e-01 8.424714323084386362e-08
4.601756877963800434e+03 9.999686545582184838e-01 8.388269274233311563e-08 9.999770805763661397e-01 8.382688587958580634e-08
4.607156881435700598e+03 9.999687282519558185e-01 8.347449981849633494e-08 9.999771345347595597e-01 8.341892907090325653e-08
4.614722571184100161e+03 9.999688310695172833e-01 8.290434203066008691e-08 9.999772098174092294e-01 8.284921414778953934e-08
4.620015082963800523e+03 9.999689027014044829e-01 8.250772322246460200e-08 9.999772622659035548e-01 8.245289984763240317e-08
4.625415086435699777e+03 9.999689755530319912e-01 8.211322355185042597e-08 9.999773155971509730e-01 8.205889399564003663e-08
4.633279481184099495e+03 9.999690811582863104e-01 8.154310544484602194e-08 9.999773929189080812e-01 8.148958220587337240e-08
4.638310627963849583e+03 9.999691484599859681e-01 8.117841888216862328e-08 9.999774421811760128e-01 8.112540533533802132e-08
4.643710631435750656e+03 9.999692204201914292e-01 8.079092310517642242e-08 9.999774948719477585e-01 8.073863082627422152e-08
4.651873726184099723e+03 9.999693287169906242e-01 8.020897976049290495e-08 9.999775741674001850e-01 8.015783898983247505e-08
4.656643507963849515e+03 9.999693917594677517e-01 7.987076337438636723e-08 9.999776203137009656e-01 7.982028867296997472e-08
4.662043511435749679e+03 9.999694628637973981e-01 7.948886016655772613e-08 9.999776723750065655e-01 7.943930818678691779e-08
4.670505308801999490e+03 9.999695738026048719e-01 7.888976353843798727e-08 9.999777535995607591e-01 7.884169752001560033e-08
4.675013725581749895e+03 9.999696326831516435e-01 7.857084908539917607e-08 9.999777967029152004e-01 7.852356791803331339e-08
4.680413726435750505e+03 9.999697029690051142e-01 7.820620047198699753e-08 9.999778481649502782e-01 7.816000927617579322e-08
4.689174228801999561e+03 9.999698164824499802e-01 7.761979305162687625e-08 9.999779312609606841e-01 7.757538927788108272e-08
4.693421285581749544e+03 9.999698712790677790e-01 7.733664443051115782e-08 9.999779713715974960e-01 7.729310070360653395e-08
4.698821286435751063e+03 9.999699407233799686e-01 7.697149106304277217e-08 9.999780222095089321e-01 7.692916106611496005e-08
4.707880488802000400e+03 9.999700566668817681e-01 7.635699208144649029e-08 9.999781070998703392e-01 7.631669871828225587e-08
4.717242953801999647e+03 9.999701758619592429e-01 7.572946994893098100e-08 9.999781943449570498e-01 7.569136451295544636e-08
4.726367276435749773e+03 9.999702912720560555e-01 7.512865377573360068e-08 9.999782788480346962e-01 7.509274091925099552e-08
4.730348407963850150e+03 9.999703414639661281e-01 7.486896773331948182e-08 9.999783155721889694e-01 7.483400786347059356e-08
4.736005221184100265e+03 9.999704124922548232e-01 7.449569944543084469e-08 9.999783675789661874e-01 7.446214849017942525e-08
4.744868181435699626e+03 9.999705232715573322e-01 7.391062736200936420e-08 9.999784486930575200e-01 7.387927427138723607e-08
4.748867980581700067e+03 9.999705731515897700e-01 7.364725426085499866e-08 9.999784851751815085e-01 7.361688833150059200e-08
4.754804823802001010e+03 9.999706468057898423e-01 7.327065978157014020e-08 9.999785391197245632e-01 7.324177228336195039e-08
4.763406421435750417e+03 9.999707531026558183e-01 7.272617436879483130e-08 9.999786169277576908e-01 7.269942070062587939e-08
4.767424892963849743e+03 9.999708025762040764e-01 7.247338067149605467e-08 9.999786531391882116e-01 7.244761922873399032e-08
4.773641771184099525e+03 9.999708788575486507e-01 7.208938791951307229e-08 9.999787089728470191e-01 7.206516541284172115e-08
4.781982001435699203e+03 9.999709806862029371e-01 7.157491148994100789e-08 9.999787835213497234e-01 7.155274653301501409e-08
4.786019137963799949e+03 9.999710297897228539e-01 7.132758350138231783e-08 9.999788194681832332e-01 7.130639668104775936e-08
4.792516051184099524e+03 9.999711085292457557e-01 7.093563420632451038e-08 9.999788771196786996e-01 7.091596394300885686e-08
4.800594916435699815e+03 9.999712060389545076e-01 7.045015650581297284e-08 9.999789484898095049e-01 7.043236638463728665e-08
4.804650720581700625e+03 9.999712547967483101e-01 7.020832245487861544e-08 9.999789841804919144e-01 7.019145434544881066e-08
4.811427663802000097e+03 9.999713359867460349e-01 6.980438782013265838e-08 9.999790436092611534e-01 6.978900042260701545e-08
4.819245166435699502e+03 9.999714292126277160e-01 6.933790611883976645e-08 9.999791118517781241e-01 6.932422234788751288e-08
4.823319642963800106e+03 9.999714776455675969e-01 6.909519862213842179e-08 9.999791472936709891e-01 6.908236391002215801e-08
4.830376621184101168e+03 9.999715612228359252e-01 6.867892012031697042e-08 9.999792084623184696e-01 6.866746330959453989e-08
4.837932756435750889e+03 9.999716502927998851e-01 6.823480336352163484e-08 9.999792736603650978e-01 6.822481863931195271e-08
4.842025899324449711e+03 9.999716983396501613e-01 6.799739216775990700e-08 9.999793088444812739e-01 6.798815463578429590e-08
4.849362912544700521e+03 9.999717842229600695e-01 6.757954595398355326e-08 9.999793717011100647e-01 6.757154927324627388e-08
4.856657686435750293e+03 9.999718692147974153e-01 6.716496865523771128e-08 9.999794339060413817e-01 6.715820332420140405e-08
4.860769500581750435e+03 9.999719169068745916e-01 6.693153195186346480e-08 9.999794688346482774e-01 6.692540024669084884e-08
4.868386543801999323e+03 9.999720050512970193e-01 6.650181352039445626e-08 9.999795333316995327e-01 6.649675961751785824e-08
4.875419951435750590e+03 9.999720860579996984e-01 6.610637358558025318e-08 9.999795926142585056e-01 6.610231361396186836e-08
4.879550435581750207e+03 9.999721333919031618e-01 6.587864621422427082e-08 9.999796272944321274e-01 6.587509043960711665e-08
4.887447513801999776e+03 9.999722236853376689e-01 6.544585884200288537e-08 9.999796933756925910e-01 6.544316511701637289e-08
4.894219556435699815e+03 9.999723007816979647e-01 6.507431069792541350e-08 9.999797497936634416e-01 6.507235550936755685e-08
4.898368707963800261e+03 9.999723478281262734e-01 6.485124409863704082e-08 9.999797842369714251e-01 6.484964545884634790e-08
4.906545821184099623e+03 9.999724402386825917e-01 6.441453809041780554e-08 9.999798518660265589e-01 6.441354579716791995e-08
4.913056496435749068e+03 9.999725134501795676e-01 6.406691789145784397e-08 9.999799054604445736e-01 6.406640826825841525e-08
4.917224315581750488e+03 9.999725601811415565e-01 6.384283536537877415e-08 9.999799396610595803e-01 6.384253947120211902e-08
4.925681463801999598e+03 9.999726546287852624e-01 6.339000961440054305e-08 9.999800087904687773e-01 6.339007388525819482e-08
4.931930776435699954e+03 9.999727241327153182e-01 6.305680064596983403e-08 9.999800596519647922e-01 6.305713115446571459e-08
4.936117267963799350e+03 9.999727705270657907e-01 6.283960150028752392e-08 9.999800936142583252e-01 6.283999610371440421e-08
4.944854451184099162e+03 9.999728670138346986e-01 6.239151788699252262e-08 9.999801642173898886e-01 6.239198294491986775e-08
4.950842396435749833e+03 9.999729327581905469e-01 6.208537684447214546e-08 9.999802123657205444e-01 6.208589058569624635e-08
4.955047552963849739e+03 9.999729789047412387e-01 6.186921996503297147e-08 9.999802460997204712e-01 6.186964886098579451e-08
4.964064771184100209e+03 9.999730772767784215e-01 6.140379718934069255e-08 9.999803181074583547e-01 6.140400083215524876e-08
4.969791351435700562e+03 9.999731394506401472e-01 6.110788381293593317e-08 9.999803636328538081e-01 6.110794478705614801e-08
4.974015177963800852e+03 9.999731852281055211e-01 6.089780582260026979e-08 9.999803971263264701e-01 6.089763846105973085e-08
4.983312431184100205e+03 9.999732855156913125e-01 6.044169747305025120e-08 9.999804705276204020e-01 6.044100405006858701e-08
4.988777646435701172e+03 9.999733442148691642e-01 6.017550733123806465e-08 9.999805134809819362e-01 6.017450488182423849e-08
4.993020139324400589e+03 9.999733896235838415e-01 5.996966042211252757e-08 9.999805467225684197e-01 5.996830366944278738e-08
5.002401274324400219e+03 9.999734896314808053e-01 5.951290237392800189e-08 9.999806199207819102e-01 5.951075918626386388e-08
5.007801276435699947e+03 9.999735469567486712e-01 5.924937472032015698e-08 9.999806618741339248e-01 5.924677434214382014e-08
5.012258591184099714e+03 9.999735941670535588e-01 5.903473764560076777e-08 9.999806964091255690e-01 5.903165652008388587e-08
5.021462242963799326e+03 9.999736911992446187e-01 5.859133402137620549e-08 9.999807674119471912e-01 5.858726243370224790e-08
5.026862246435700399e+03 9.999737478434492788e-01 5.833179412597300606e-08 9.999808088836855680e-01 5.832713123916489657e-08
5.031599596184100847e+03 9.999737974406849306e-01 5.811147385877170416e-08 9.999808451690959110e-01 5.810619567542009863e-08
5.040560547963799763e+03 9.999738908118076530e-01 5.769723077975742585e-08 9.999809135010834238e-01 5.769079177645346349e-08
5.045960551435699927e+03 9.999739468293152855e-01 5.744798935869333246e-08 9.999809544963068619e-01 5.744084072762622954e-08
5.050977936184099235e+03 9.999739986982276729e-01 5.721177279590096611e-08 9.999809924663713989e-01 5.720390531087635815e-08
5.059696192963800058e+03 9.999740884894636750e-01 5.680213697706056308e-08 9.999810581833444845e-01 5.679302409561021252e-08
5.065096196435699312e+03 9.999741438916326386e-01 5.655034911249972203e-08 9.999810987267505613e-01 5.654045341876536411e-08
5.070393616184100210e+03 9.999741980727415713e-01 5.630992732370561757e-08 9.999811383707917223e-01 5.629921584360914657e-08
5.078869177963800212e+03 9.999742843860632835e-01 5.592486188822239745e-08 9.999812015359621498e-01 5.591284961616591248e-08
5.084269181435699466e+03 9.999743391838956663e-01 5.567975447521256262e-08 9.999812416204205689e-01 5.566690464232881467e-08
5.089846631184100261e+03 9.999743955160556030e-01 5.542936664638533138e-08 9.999812828700574974e-01 5.541562318996246473e-08
5.098079497963850372e+03 9.999744784417128329e-01 5.506077854417901809e-08 9.999813435362849834e-01 5.504572018046444456e-08
5.103479501435749626e+03 9.999745325804590967e-01 5.481987193808559345e-08 9.999813831596594538e-01 5.480395228277223852e-08
5.109336983801999850e+03 9.999745910996373777e-01 5.456037753995868640e-08 9.999814259945987160e-01 5.454352957052489871e-08
5.117327155581750048e+03 9.999746705915262268e-01 5.420817777442868927e-08 9.999814841877620042e-01 5.419006792375822629e-08
5.122727156435749748e+03 9.999747241686210986e-01 5.397339670177615069e-08 9.999815233792900271e-01 5.395443877160402331e-08
5.128864676184099153e+03 9.999747847875737339e-01 5.371245221648090537e-08 9.999815677535716096e-01 5.369254358950009012e-08
5.136612152963800327e+03 9.999748610578844676e-01 5.338323783580332367e-08 9.999816235512676288e-01 5.336213309941195339e-08
5.142012156435700490e+03 9.999749139871823012e-01 5.315486522673109445e-08 9.999816622885234763e-01 5.313294686563287033e-08
5.148429708802000278e+03 9.999749767011633095e-01 5.288574277882310954e-08 9.999817081680643094e-01 5.286289892241411717e-08
5.155934485581699846e+03 9.999750496575200431e-01 5.257062989990440524e-08 9.999817615828595629e-01 5.254670701175112287e-08
5.161334486435699546e+03 9.999751020406127955e-01 5.234452463200484266e-08 9.999817998922844176e-01 5.231985678852265922e-08
5.168032071184099550e+03 9.999751666955919438e-01 5.206599310848307528e-08 9.999818472199576425e-01 5.204045592549355381e-08
5.175294157963799989e+03 9.999752365641434437e-01 5.176569829191250616e-08 9.999818983401139727e-01 5.173922125283520406e-08
5.180694161435699243e+03 9.999752883085990529e-01 5.154230367201924441e-08 9.999819362052515537e-01 5.151516725302700419e-08
5.187671781184100837e+03 9.999753549114723805e-01 5.125248826553879849e-08 9.999819849568869490e-01 5.122455812546396456e-08
5.194691167963800581e+03 9.999754217006634471e-01 5.096159901598711613e-08 9.999820338152221044e-01 5.093287251383143683e-08
5.200091171435699835e+03 9.999754728910431600e-01 5.074150570036574777e-08 9.999820712698832548e-01 5.071222753950588381e-08
5.207348826184099380e+03 9.999755414092407202e-01 5.045167615915275602e-08 9.999821214143347348e-01 5.042173266466416668e-08
5.214125512963850269e+03 9.999756051111253763e-01 5.018159947663920389e-08 9.999821680407795510e-01 5.015103613168350245e-08
5.219525516435750433e+03 9.999756557210314201e-01 4.996987061437057427e-08 9.999822050718102373e-01 4.993887948166793824e-08
5.227063206184100636e+03 9.999757260729972286e-01 4.967725097940089261e-08 9.999822565603243563e-01 4.964573202800509358e-08
5.233597197963849794e+03 9.999757868427334717e-01 4.942309269482455592e-08 9.999823010156492220e-01 4.939111646869152593e-08
5.238997201435749957e+03 9.999758368590211388e-01 4.921002667852279356e-08 9.999823376222242155e-01 4.917775511961819467e-08
5.246814926184099932e+03 9.999759090025600594e-01 4.890065436936658159e-08 9.999823904212065129e-01 4.886802895976210075e-08
5.253106222963799155e+03 9.999759668983753125e-01 4.865312891241171476e-08 9.999824327599243778e-01 4.862021878033149614e-08
5.258506226435699318e+03 9.999760163448992989e-01 4.844668361546840521e-08 9.999824689615466333e-01 4.841361301695587079e-08
5.266603982544700557e+03 9.999760903132538514e-01 4.814167041008738423e-08 9.999825230605072779e-01 4.810842061616986041e-08
5.272652584324400777e+03 9.999761452446673804e-01 4.791423637581870227e-08 9.999825632829622002e-01 4.788085174778642031e-08
5.278052586435700505e+03 9.999761941712100866e-01 4.771263561224224805e-08 9.999825990851378688e-01 4.767922656787854766e-08
5.286430376184100169e+03 9.999762698009447837e-01 4.740148032451252600e-08 9.999826544152118357e-01 4.736809077565813280e-08
5.292236282963850499e+03 9.999763219947244153e-01 4.718654740999937839e-08 9.999826926039071529e-01 4.715316988267553421e-08
5.297636286435749753e+03 9.999763703605789589e-01 4.698776100306984281e-08 9.999827280026946097e-01 4.695448897157778809e-08
5.306294111184100075e+03 9.999764476268437896e-01 4.666938039787909703e-08 9.999827845366904278e-01 4.663632190539032235e-08
5.311857317963799687e+03 9.999764970551769938e-01 4.646442698258060745e-08 9.999828207107184230e-01 4.643150388473440246e-08
5.317257321435699851e+03 9.999765449051775112e-01 4.626243072684283566e-08 9.999828557199806900e-01 4.622972958750188746e-08
5.326195181184099965e+03 9.999766238351913694e-01 4.592874382390943219e-08 9.999829134473607883e-01 4.589644119327249824e-08
5.331515692963799665e+03 9.999766705827571878e-01 4.573095386777588011e-08 9.999829476640724746e-01 4.569888604683840852e-08
5.336915696435699829e+03 9.999767178837561943e-01 4.553565692846612019e-08 9.999829822887000841e-01 4.550392985633424473e-08
5.346133588801999394e+03 9.999767983658243153e-01 4.520427935164284806e-08 9.999830411635669547e-01 4.517315876948512976e-08
5.351211405581700092e+03 9.999768425111332792e-01 4.502212629094553871e-08 9.999830734625484441e-01 4.499133746526210256e-08
5.356611406435700701e+03 9.999768893031685257e-01 4.483229927470801821e-08 9.999831077063693341e-01 4.480194194881123917e-08
5.366109331184099574e+03 9.999769712601217497e-01 4.449965219022608657e-08 9.999831676844014305e-01 4.447006286344206696e-08
5.370944457963849345e+03 9.999770128168359307e-01 4.433082762577760117e-08 9.999831980956984667e-01 4.430162637507675228e-08
5.376344461435749508e+03 9.999770591211430970e-01 4.414518153770162097e-08 9.999832319663352065e-01 4.411648513127610616e-08
5.386098971435750173e+03 9.999771423645889001e-01 4.381015041130259077e-08 9.999832928829031076e-01 4.378236699389792411e-08
5.396114846435750223e+03 9.999772274188557519e-01 4.347177575041925575e-08 9.999833551015704369e-01 4.344497929897571013e-08
5.405888026435750362e+03 9.999773098927228210e-01 4.314768746589487511e-08 9.999834154580455881e-01 4.312189452577634588e-08
5.410522570581750188e+03 9.999773488588683534e-01 4.299474820750001154e-08 9.999834439652467433e-01 4.296943094227913923e-08
5.416207383801999640e+03 9.999773965174564294e-01 4.280419848861687254e-08 9.999834788347228276e-01 4.277951711507708043e-08
5.425714421435699478e+03 9.999774758526972507e-01 4.248497959806750728e-08 9.999835368957852300e-01 4.246135693911497081e-08
5.430367634324399660e+03 9.999775145655427355e-01 4.232929428227258731e-08 9.999835652143250764e-01 4.230618884721093219e-08
5.436313812544700340e+03 9.999775638666544841e-01 4.213731614293411344e-08 9.999836012868369428e-01 4.211488879649300025e-08
5.445578156435699384e+03 9.999776403986901929e-01 4.183930441270373998e-08 9.999836572624358766e-01 4.181792885671859151e-08
5.450250037963800423e+03 9.999776788200709365e-01 4.168974647227796657e-08 9.999836853737134046e-01 4.166889994968527214e-08
5.456457581184100491e+03 9.999777297112431018e-01 4.149253346941657336e-08 9.999837226142902491e-01 4.147239902362941395e-08
5.465479226435700184e+03 9.999778033915902586e-01 4.120679345629257550e-08 9.999837765116050825e-01 4.118768959693808668e-08
5.470169775581699469e+03 9.999778415199518378e-01 4.105844821980674387e-08 9.999838044214669486e-01 4.103987654052560735e-08
5.476638683802000742e+03 9.999778939490961971e-01 4.085353580873923332e-08 9.999838427938559926e-01 4.083569354664016434e-08
5.485417631435750991e+03 9.999779648814167698e-01 4.057536354192018939e-08 9.999838946714794119e-01 4.055850740814201609e-08
5.490126852963850070e+03 9.999780027162165075e-01 4.042608632367527914e-08 9.999839223803592692e-01 4.040975191929406839e-08
5.496857131184100581e+03 9.999780567398209863e-01 4.021239909643507277e-08 9.999839618835277832e-01 4.019679238794773947e-08
5.505393381435750598e+03 9.999781249229173774e-01 3.994190957323520037e-08 9.999840117713120202e-01 3.992722250192143856e-08
5.510121267963850187e+03 9.999781625700638887e-01 3.979404891696778010e-08 9.999840393088467172e-01 3.977985891941756117e-08
5.517112911184100085e+03 9.999782180362637440e-01 3.958115829966841112e-08 9.999840798908513628e-01 3.956767334803849829e-08
5.525406466435750190e+03 9.999782835564902106e-01 3.932970561411937178e-08 9.999841278323761129e-01 3.931705418315004772e-08
5.530153020581749843e+03 9.999783209545567431e-01 3.918861937071326890e-08 9.999841551811180507e-01 3.917642809492922273e-08
5.537406023801999254e+03 9.999783778614096397e-01 3.897720135159742742e-08 9.999841968176244045e-01 3.896567685926272222e-08
5.545456886435748856e+03 9.999784407950252918e-01 3.874233782384808251e-08 9.999842428501639624e-01 3.873155120243064860e-08
5.550222112963850122e+03 9.999784778615731229e-01 3.860329164924423763e-08 9.999842699862185880e-01 3.859291862223689531e-08
5.557736481184099830e+03 9.999785361694500940e-01 3.838355561768382985e-08 9.999843126504390778e-01 3.837379144652938563e-08
5.565544646435750110e+03 9.999785965398995113e-01 3.815546591493456843e-08 9.999843568055494236e-01 3.814633272169872236e-08
5.570328540581749621e+03 9.999786333981133257e-01 3.801592216703452930e-08 9.999843837663412449e-01 3.800714693847910501e-08
5.578104273802000534e+03 9.999786930673264518e-01 3.778963391546185556e-08 9.999844274311772141e-01 3.778139429750678921e-08
5.585669741435700416e+03 9.999787509310872347e-01 3.757002805064529163e-08 9.999844697527415782e-01 3.756230816186958576e-08
5.590472305581700311e+03 9.999787875411020321e-01 3.743392881242218157e-08 9.999844965319499845e-01 3.742650639476486957e-08
5.598509403801999724e+03 9.999788485630674018e-01 3.721166762797280239e-08 9.999845411819340280e-01 3.720469882144177009e-08
5.605832176435699694e+03 9.999789039718729455e-01 3.700979722899800097e-08 9.999845817017105620e-01 3.700324089764850707e-08
5.610653410581699973e+03 9.999789402651324544e-01 3.687725768044681784e-08 9.999846082761593147e-01 3.687093144230213007e-08
5.618951873801999682e+03 9.999790026433382772e-01 3.664964006574805230e-08 9.999846538864384238e-01 3.664366216790655884e-08
5.626031951435749761e+03 9.999790555787290147e-01 3.645563589510645284e-08 9.999846926240815170e-01 3.644995472764615875e-08
5.630871852963849960e+03 9.999790916372378602e-01 3.632353872321975892e-08 9.999847190177084677e-01 3.631801821617295977e-08
5.639431681184099943e+03 9.999791552302085273e-01 3.609079564053513532e-08 9.999847655422944293e-01 3.608551891552404614e-08
5.646269066435749664e+03 9.999792058229945990e-01 3.590547565144906805e-08 9.999848025552038333e-01 3.590039348291806049e-08
5.651127637963850248e+03 9.999792416539369233e-01 3.577573340283535669e-08 9.999848287720761730e-01 3.577075089532086906e-08
5.659948831184100527e+03 9.999793065250081048e-01 3.554136333593332014e-08 9.999848762106753330e-01 3.553653111959296090e-08
5.666543516435700440e+03 9.999793548022104517e-01 3.536625239266496754e-08 9.999849115273909961e-01 3.536153240082094609e-08
5.671420752963800624e+03 9.999793903888618551e-01 3.524158935329318417e-08 9.999849375665211815e-01 3.523689744460920543e-08
5.680503311184100312e+03 9.999794564245996220e-01 3.501115217661633251e-08 9.999849858737778208e-01 3.500647873779219605e-08
5.686855301435699403e+03 9.999795024369089180e-01 3.484950421302508553e-08 9.999850195227300009e-01 3.484484405888057740e-08
5.691751207963799970e+03 9.999795377398912333e-01 3.472517151126739935e-08 9.999850453679273166e-01 3.472047490488920327e-08
5.701095131184099955e+03 9.999796049491306293e-01 3.449072959517084094e-08 9.999850945300419180e-01 3.448594070010548325e-08
5.707204426435700043e+03 9.999796487141091594e-01 3.433890536621795728e-08 9.999851265417005752e-01 3.433405625965126594e-08
5.712119002963800085e+03 9.999796837746989242e-01 3.421446986532611115e-08 9.999851522076863564e-01 3.420952146730460560e-08
5.721724291184099457e+03 9.999797521142015366e-01 3.397024917247488929e-08 9.999852021967278182e-01 3.396553510372749115e-08
5.727590891435749654e+03 9.999797936848119351e-01 3.382101311164396153e-08 9.999852326080087561e-01 3.381665438209934834e-08
5.732524135581749761e+03 9.999798285688652477e-01 3.369928446630766565e-08 9.999852581150137087e-01 3.369517585297654221e-08
5.742390783801999532e+03 9.999798980464739140e-01 3.345765500336594360e-08 9.999853089255406058e-01 3.345388259833878504e-08
5.748014686435750264e+03 9.999799374337418056e-01 3.332041055396930319e-08 9.999853377592298198e-01 3.331675755539042284e-08
5.752966602963850164e+03 9.999799720370459166e-01 3.320287734720667331e-08 9.999853630786716963e-01 3.319928853370352634e-08
5.763075822963799510e+03 9.999800424382011554e-01 3.296314431580154532e-08 9.999854145752061774e-01 3.295991830446236554e-08
5.773446407963800084e+03 9.999801142867779102e-01 3.272046402803510328e-08 9.999854671242592863e-01 3.271778215694003021e-08
5.783574297963800745e+03 9.999801840469182412e-01 3.248752729068404313e-08 9.999855181586581043e-01 3.248534794810659379e-08
5.788974301435699999e+03 9.999802210696944194e-01 3.236359233181345096e-08 9.999855452535527656e-01 3.236168641407510827e-08
5.794225046184099483e+03 9.999802570128178969e-01 3.224302267635811125e-08 9.999855715349311724e-01 3.224135163783913581e-08
5.804110112963800020e+03 9.999803243832837696e-01 3.201691304858748091e-08 9.999856208156353565e-01 3.201526925320397139e-08
5.809510116435699274e+03 9.999803610350371796e-01 3.189383484967420206e-08 9.999856476278722317e-01 3.189197246552019854e-08
5.815022226184099054e+03 9.999803983294065501e-01 3.176824606869671061e-08 9.999856749164351966e-01 3.176614062790274413e-08
5.824683267963800063e+03 9.999804634706358497e-01 3.154932545556962427e-08 9.999857225656867410e-01 3.154623987351450273e-08
5.830083271435699316e+03 9.999804997834896847e-01 3.142842911391580971e-08 9.999857491091637129e-01 3.142446010586883993e-08
5.835856743801999983e+03 9.999805384214478510e-01 3.130376502808011642e-08 9.999857773863382038e-01 3.129884352107900645e-08
5.845293755581699770e+03 9.999806013882571731e-01 3.109946983437098924e-08 9.999858234380251121e-01 3.109349990674306859e-08
5.850693756435700379e+03 9.999806372846242741e-01 3.098227769325167191e-08 9.999858496894018511e-01 3.097603770711488420e-08
5.856728596184099843e+03 9.999806772664707744e-01 3.085269089592964352e-08 9.999858789378195389e-01 3.084614719278087484e-08
5.865941582963851033e+03 9.999807380074985375e-01 3.065611987495104225e-08 9.999859233983101614e-01 3.064886594096744394e-08
5.871341586435750287e+03 9.999807735603601921e-01 3.054133292808083351e-08 9.999859493802938371e-01 3.053348798443769814e-08
5.877637791184100024e+03 9.999808148215607595e-01 3.040581942905706797e-08 9.999859795648751160e-01 3.039729230758607639e-08
5.886626747963799971e+03 9.999808735294103412e-01 3.021061791718434036e-08 9.999860225018224469e-01 3.020227917668625628e-08
5.892026751435700135e+03 9.999809086218519605e-01 3.009289897759306135e-08 9.999860481919038424e-01 3.008557709468768537e-08
5.898584321184101100e+03 9.999809511808851470e-01 2.995332699896995363e-08 9.999860793107196999e-01 2.994725214533419534e-08
5.907349252963800609e+03 9.999810078147347570e-01 2.976862285148236701e-08 9.999861207343826441e-01 2.976341890768024568e-08
5.912749256435699863e+03 9.999810425510343714e-01 2.965675135089713506e-08 9.999861461562907783e-01 2.965141324686371046e-08
5.919568188801999895e+03 9.999810863852769405e-01 2.951653835773665314e-08 9.999861781816528072e-01 2.951104908457892093e-08
5.928109090581700002e+03 9.999811409302175047e-01 2.934091925425842776e-08 9.999862181045788834e-01 2.933496113070715801e-08
5.933509091435699702e+03 9.999811753586976826e-01 2.923074272048115528e-08 9.999862432746958740e-01 2.922423884335667596e-08
5.940589391184100350e+03 9.999812203278164446e-01 2.908869949199652972e-08 9.999862761632528629e-01 2.908151366310347058e-08
5.948906272963850824e+03 9.999812729308147352e-01 2.892301925112988967e-08 9.999863146411512860e-01 2.891471032716826065e-08
5.954306276435750078e+03 9.999813069715239866e-01 2.881713504012881379e-08 9.999863395399780641e-01 2.880777735065035912e-08
5.961647937544700653e+03 9.999813530927167404e-01 2.867518228433228654e-08 9.999863732784238790e-01 2.866443440235472574e-08
5.969740789324449906e+03 9.999814037874813488e-01 2.851969935467607771e-08 9.999864103354544342e-01 2.850708524673531331e-08
5.975140791435749634e+03 9.999814374026911867e-01 2.841775231840800014e-08 9.999864349585504408e-01 2.840352654373641425e-08
5.982743817544700505e+03 9.999814846829017112e-01 2.827594497294044415e-08 9.999864695319257146e-01 2.825949296689557357e-08
5.990612639324400334e+03 9.999815334028676617e-01 2.812833279127298218e-08 9.999865051705590924e-01 2.811029812617799890e-08
5.996012641435700061e+03 9.999815667091844773e-01 2.802611740178434438e-08 9.999865295432751600e-01 2.800795852939643732e-08
6.003877036184100689e+03 9.999816151052808300e-01 2.787809883103218190e-08 9.999865649293189218e-01 2.785979310725349506e-08
6.011521832963850102e+03 9.999816619753326696e-01 2.773431540510955752e-08 9.999865991965005696e-01 2.771586703379330466e-08
6.016921836435750265e+03 9.999816949563046231e-01 2.763205136135375323e-08 9.999866233171256225e-01 2.761353375555685153e-08
6.025047596184100257e+03 9.999817444152750978e-01 2.747718238278508143e-08 9.999866594916443363e-01 2.745860021789342826e-08
6.032468367963800119e+03 9.999817893746447695e-01 2.733653647705930180e-08 9.999866923922865469e-01 2.731789517635824157e-08
6.037868371435699373e+03 9.999818220594131057e-01 2.723485538590450380e-08 9.999867162742314131e-01 2.721620064376148547e-08
6.046255491184099810e+03 9.999818725301522493e-01 2.707699328711909822e-08 9.999867532123746239e-01 2.705834913439349847e-08
6.053452232963850292e+03 9.999819157337428432e-01 2.694167346506317397e-08 9.999867848026213757e-01 2.692303787316867905e-08
6.058852236435750456e+03 9.999819480086942214e-01 2.684351084698634853e-08 9.999868084231194887e-01 2.682491723454605055e-08
6.067500723801999811e+03 9.999819995839593911e-01 2.668950858745324668e-08 9.999868461334047165e-01 2.667101390734903043e-08
6.074473440581749855e+03 9.999820409453018533e-01 2.656557252319182380e-08 9.999868764036869973e-01 2.654715669191718950e-08
6.079873441435750465e+03 9.999820729480300985e-01 2.646995216452206415e-08 9.999868997904177714e-01 2.645163184924131672e-08
6.088783293802000117e+03 9.999821254565816053e-01 2.631254072388935289e-08 9.999869382157752229e-01 2.629440345996368244e-08
6.095531985581699701e+03 9.999821651256739496e-01 2.619367194883848289e-08 9.999869672204325655e-01 2.617567231552916989e-08
6.100102252963799401e+03 9.999821918996177894e-01 2.611280198066853105e-08 9.999869868026057818e-01 2.609492473593596229e-08
6.104004181184099252e+03 9.999822147387990023e-01 2.604335152821713732e-08 9.999870034933439067e-01 2.602559087502353075e-08
6.109404184656000325e+03 9.999822462397710554e-01 2.594651926815986075e-08 9.999870265324103391e-01 2.592891810569833356e-08
6.114616873801999645e+03 9.999822765444368322e-01 2.585310232075791663e-08 9.999870487083383219e-01 2.583565471637058391e-08
6.116571265581699663e+03 9.999822879338542414e-01 2.581827330393817653e-08 9.999870570216496946e-01 2.580088282323436479e-08
6.121971266435699363e+03 9.999823192117137660e-01 2.572680202493604027e-08 9.999870799151731049e-01 2.570960099538449609e-08
6.129385217544700026e+03 9.999823620738459429e-01 2.560330280211283595e-08 9.999871112565519304e-01 2.558637460732305171e-08
6.135742449324400695e+03 9.999823986616135363e-01 2.549801193119262347e-08 9.999871380283573696e-01 2.548131610583401041e-08
6.141142451435701332e+03 9.999824297073667267e-01 2.540744384078789516e-08 9.999871607152948094e-01 2.539096496793094975e-08
6.150712336184100423e+03 9.999824844359305187e-01 2.524382279522442893e-08 9.999872007546652952e-01 2.522776927554871999e-08
6.158807577963850235e+03 9.999825305420516619e-01 2.510541420761441773e-08 9.999872344794972223e-01 2.508971917386250695e-08
6.164207581435749489e+03 9.999825612014954235e-01 2.501251646606668895e-08 9.999872569052550286e-01 2.499708442064708243e-08
6.174690176435699868e+03 9.999826205578714600e-01 2.483272838997274873e-08 9.999873002859661630e-01 2.481781147413347536e-08
6.187487677963799797e+03 9.999826925647473663e-01 2.462131800811723058e-08 9.999873529420731932e-01 2.460705745438267340e-08
6.197988947963799546e+03 9.999827512351592285e-01 2.445397313311177671e-08 9.999873958813318975e-01 2.444027326405217177e-08
6.203388951435699710e+03 9.999827813311880087e-01 2.436740386906424957e-08 9.999874178843434214e-01 2.435399748540998166e-08
6.213908891435749865e+03 9.999828396938963415e-01 2.419462982520255582e-08 9.999874605761261970e-01 2.418181029830900310e-08
6.233247843215499415e+03 9.999829462832844351e-01 2.388186439723942846e-08 9.999875385134094907e-01 2.387013603626712020e-08
6.245326689324449944e+03 9.999830123477603250e-01 2.369013213064399747e-08 9.999875868244807453e-01 2.367909425907218368e-08
6.252266932544699557e+03 9.999830501164906904e-01 2.358448006848080269e-08 9.999876144502627406e-01 2.357384013714830760e-08
6.261283966435750699e+03 9.999830990129138231e-01 2.344749930761889936e-08 9.999876502057131189e-01 2.343737090045778240e-08
6.275476943215450774e+03 9.999831755432115887e-01 2.322306921582041266e-08 9.999877061692099556e-01 2.321372143759597341e-08
6.296647498215450469e+03 9.999832887595965225e-01 2.289332625756463373e-08 9.999877889587779345e-01 2.288510947723346129e-08
6.315004565581749375e+03 9.999833859528322044e-01 2.261496878244384025e-08 9.999878600540353935e-01 2.260767941980159550e-08
6.325617850581700623e+03 9.999834418292484761e-01 2.245319713408710148e-08 9.999879008946266357e-01 2.244641944186271676e-08
6.331017851435700322e+03 9.999834700926581998e-01 2.237307685650209960e-08 9.999879215824083456e-01 2.236654627724616751e-08
6.341649801435750305e+03 9.999835256293323482e-01 2.222096767964820261e-08 9.999879621797717055e-01 2.221488902368784060e-08
6.360383198215449738e+03 9.999836227288945167e-01 2.194803715257275355e-08 9.999880331925956600e-01 2.194268030784200210e-08
6.375604083215399442e+03 9.999837009802383658e-01 2.172990747410353133e-08 9.999880904339386589e-01 2.172507309094743741e-08
6.386216773215400281e+03 9.999837552394789109e-01 2.158075895329231275e-08 9.999881300992495836e-01 2.157623268406492186e-08
6.400985123215449676e+03 9.999838303091029834e-01 2.137001076086344047e-08 9.999881849815344115e-01 2.136584797606735082e-08
6.421043070581750726e+03 9.999839313640864757e-01 2.109388027602009034e-08 9.999882588958559637e-01 2.109007939158373613e-08
6.433644260581750132e+03 9.999839943778534579e-01 2.092270086520337741e-08 9.999883049781502775e-01 2.091908232941572546e-08
6.439044261435748922e+03 9.999840213059101313e-01 2.084895112621367414e-08 9.999883246507851320e-01 2.084536154244141314e-08
6.457241766435749923e+03 9.999841114407272968e-01 2.060257725287564476e-08 9.999883905562041431e-01 2.059905118476140195e-08
6.497587638215449260e+03 9.999843085466911807e-01 2.006450712382083432e-08 9.999885346969719091e-01 2.006069346471313020e-08
6.557264007963800395e+03 9.999845934976830941e-01 1.930307022888586506e-08 9.999887430509231123e-01 1.929783193310272538e-08
6.595214052963850008e+03 9.999847706130396974e-01 1.883385714979276650e-08 9.999888725868230077e-01 1.882738719797884848e-08
6.600614056435750172e+03 9.999847955697335200e-01 1.876793604131877918e-08 9.999888908420430100e-01 1.876128100878864705e-08
6.655418091435700262e+03 9.999850454550179846e-01 1.813427911459838794e-08 9.999890735614918036e-01 1.812538666500623770e-08
6.764309337963799408e+03 9.999855241025020769e-01 1.693363512326700818e-08 9.999894235157658073e-01 1.692162552240423221e-08
6.824643681184099478e+03 9.999857794436594061e-01 1.630140603860800847e-08 9.999896102117398211e-01 1.628841173326829488e-08
6.848852386435749395e+03 9.999858799799250519e-01 1.605578544921015525e-08 9.999896837360521262e-01 1.604246231209597702e-08
6.981952333215449471e+03 9.999864143383692117e-01 1.485094353661519477e-08 9.999900743832718097e-01 1.484192112451944437e-08
7.122792737963800391e+03 9.999869473156085542e-01 1.363671265587463027e-08 9.999904640490867580e-01 1.363241127489283138e-08
7.154741901184099333e+03 9.999870637931465023e-01 1.339710029335227996e-08 9.999905492341910618e-01 1.339295104122420232e-08
7.293241856435699447e+03 9.999875513584696174e-01 1.241555691646083249e-08 9.999909056341971247e-01 1.241121777866945487e-08
7.526190897963799216e+03 9.999883113402477930e-01 1.089333804578532426e-08 9.999914611950727616e-01 1.088876409341758951e-08
7.631439991184100109e+03 9.999886320891950842e-01 1.028185749758575585e-08 9.999916956206871266e-01 1.027724170521445155e-08
7.769939941435701257e+03 9.999890343481682153e-01 9.525850104849954083e-09 9.999919896562987631e-01 9.521479877945294078e-09
8.108742132963799122e+03 9.999899330026076338e-01 7.993091987574046897e-09 9.999926464764099521e-01 7.988995101114637154e-09
8.319844381184098893e+03 9.999904380154434058e-01 7.165439784796382663e-09 9.999930155884845240e-01 7.161379501492247662e-09
8.458344331435700951e+03 9.999907491082868916e-01 6.674763874554479499e-09 9.999932429008172585e-01 6.670693637402980368e-09
8.950010097963800945e+03 9.999917388772553428e-01 5.337752282633151968e-09 9.999939662039952770e-01 5.334121659307388989e-09
9.313975921184099207e+03 9.999923726385734346e-01 4.459406093630289083e-09 9.999944292669940005e-01 4.456228787542667064e-09
9.452475871435701265e+03 9.999925947996010089e-01 4.163550027755305706e-09 9.999945915954546738e-01 4.160495018599120829e-09
1.016489341558170054e+04 9.999935975336119443e-01 3.155482472799060479e-09 9.999953242274181031e-01 3.152980897259361497e-09
1.074961101380199943e+04 9.999942756664071952e-01 2.425182130891741099e-09 9.999958196434903801e-01 2.423118877312483343e-09
1.088811096643570090e+04 9.999944204847709406e-01 2.277439733592174688e-09 9.999959254655341745e-01 2.275445033215461583e-09
1.191931834796380099e+04 9.999953449291709706e-01 1.642774217188324058e-09 9.999966007534044632e-01 1.641210691504974200e-09
1.282282579618409909e+04 9.999959781867093778e-01 1.147298820140382553e-09 9.999970633008012921e-01 1.146101592921789334e-09
1.296132576643570064e+04 9.999960638363833976e-01 1.084985195142764128e-09 9.999971258183431022e-01 1.083819497678870126e-09
1.445290064796380102e+04 9.999968348286740749e-01 7.441565080367328350e-10 9.999976889135592240e-01 7.432656923959954286e-10
1.581677559618410123e+04 9.999973574362760464e-01 4.621830472565560204e-10 9.999980705419262428e-01 4.615372199657685919e-10
1.595527556643574826e+04 9.999974031115244077e-01 4.394206772573954095e-10 9.999981039181838893e-01 4.387885758555716248e-10
1.811167171558174960e+04 9.999979849896556416e-01 2.896742921339545743e-10 9.999985287917636523e-01 2.892084483071631917e-10
2.014036791380199793e+04 9.999983705808817014e-01 1.614918545004554895e-10 9.999988103582656551e-01 1.611792267009781432e-10
2.027886786643575033e+04 9.999983925852951039e-01 1.547782033052936595e-10 9.999988265198268556e-01 1.544707141793511835e-10
2.339533894796384993e+04 9.999987926060477372e-01 9.857886143178920270e-11 9.999991184793484145e-01 9.835810956645602094e-11
2.638411009618410026e+04 9.999990507339098222e-01 4.875110962553964129e-11 9.999993069388829481e-01 4.861220726646124977e-11
2.652261001643574855e+04 9.999990605602453453e-01 4.703543578024162316e-11 9.999993141475811420e-01 4.689825315548884321e-11
3.102553464796385379e+04 9.999993133890626718e-01 2.931716933787013747e-11 9.999994987855829187e-01 2.922062166055660064e-11
3.540075939618410484e+04 9.999994725960249520e-01 1.323033131798971437e-11 9.999996150270644701e-01 1.317278182286118617e-11
3.553925936643575551e+04 9.999994767429887244e-01 1.286811237409230654e-11 9.999996180380530397e-01 1.281108842725953229e-11
4.204437524796384969e+04 9.999996261597793312e-01 8.047160336694343861e-12 9.999997271116797259e-01 8.007651705615695135e-12
4.842179119618410186e+04 9.999997180102060401e-01 3.570727021055918397e-12 9.999997942183130872e-01 3.548233291205712596e-12
4.856029116643570160e+04 9.999997198311521007e-01 3.496489986077227305e-12 9.999997954380532850e-01 3.474146118550411653e-12
5.795679109796379635e+04 9.999998028973308140e-01 2.124247942260932105e-12 9.999998563138594587e-01 2.108949317272533879e-12
6.722559109618410002e+04 9.999998540702208505e-01 8.228046793851605517e-13 9.999998933488885022e-01 8.144085188319217923e-13
6.736409106643569248e+04 9.999998542359799236e-01 8.115351115789636696e-13 9.999998936675448258e-01 8.031788220558538150e-13
8.093606709796383802e+04 9.999998990049251413e-01 5.730157675626865339e-13 9.999999263429544261e-01 5.673357065074106187e-13
9.438034319618415611e+04 9.999999259961964704e-01 3.452768750049074291e-13 9.999999458872836922e-01 3.422350495792659046e-13
9.451884316643574857e+04 9.999999259564679166e-01 3.440646498156709072e-13 9.999999459839793436e-01 3.410331043595965345e-13
1.141206650655817502e+05 9.999999485623702888e-01 3.589486421504391117e-13 9.999999627825233439e-01 3.569022123452012958e-13
1.335947870138020371e+05 9.999999616882813136e-01 3.749273951069132654e-13 9.999999726802065725e-01 3.738562783572898820e-13
1.337332869164358126e+05 9.999999610867318367e-01 3.735096969670794976e-13 9.999999725421475638e-01 3.724411529760587551e-13
1.620428689155817265e+05 9.999999747201440137e-01 1.976107361904551269e-13 9.999999815981933660e-01 1.968957986336602197e-13
1.902247510138019570e+05 9.999999815512256029e-01 2.307088527324383049e-14 9.999999865870721205e-01 2.270709891907234091e-14
1.903632509164357616e+05 9.999999798926145766e-01 2.306732060044100419e-14 9.999999862138023721e-01 2.270414760584432491e-14
2.312477944155817386e+05 9.999999862283858176e-01 2.792810721912715129e-14 9.999999906070702327e-01 2.768457220781362203e-14
2.720046380138020613e+05 9.999999897582901864e-01 3.279106977280402168e-14 9.999999931557495003e-01 3.266658828863158043e-14
2.721431379164357204e+05 9.999999889499773253e-01 3.273753901173726819e-14 9.999999929482659144e-01 3.261320237295865938e-14
3.311873066479638801e+05 9.999999932794185753e-01 1.686045399134466917e-14 9.999999954005391878e-01 1.677720419541105785e-14
3.901037757461841102e+05 9.999999941848071172e-01 1.036920741423593733e-15 9.999999964855773582e-01 9.946194177487689475e-16
3.902422759164356976e+05 9.999999941284521965e-01 1.036615917507697917e-15 9.999999964347954240e-01 9.943479017356896873e-16
4.755109381479638978e+05 1.000000001849786324e+00 1.443714025973080052e-15 9.999999991022808787e-01 1.415109128837457254e-15
5.606519007461841684e+05 1.000000000991723370e+00 1.031394652725592262e-15 9.999999993219790273e-01 1.023627810370190562e-15
5.607904009164357558e+05 9.999999999849772392e-01 1.411912532361596265e-16 9.999999989629918540e-01 1.405319864131217181e-16
