1.500001740000000139e-01 7.733222824175100662e-04 2.750361482350554675e-03
2.999992800999999876e-01 2.563945332728294769e-03 9.166518623849161801e-03
4.499982122000000251e-01 4.568012711971213523e-03 1.644441025465077227e-02
5.499982122000000029e-01 5.855907893861360403e-03 2.082074052309480089e-02
6.499988728000000160e-01 7.063611783996050393e-03 2.481312713838761119e-02
7.499996907000000546e-01 8.238047816353984490e-03 2.859344124052902447e-02
8.499999240000000178e-01 9.394156466049309248e-03 3.221842388896825615e-02
9.500001739999999195e-01 1.053874699457014834e-02 3.571660095888217618e-02
1.050000347999999972e+00 1.167565696690316644e-02 3.910481250447135626e-02
1.150000348000000061e+00 1.280585915195123561e-02 4.238820728922272629e-02
1.299999280100000210e+00 1.445995801778367749e-02 4.712083870233150368e-02
1.449998872800000171e+00 1.619637215767380858e-02 5.183979034455962753e-02
1.549999690699999988e+00 1.731507531469140410e-02 5.480751976745690951e-02
1.649999848000000213e+00 1.843316924956292166e-02 5.771725234244868413e-02
1.749999924000000151e+00 1.954951766194441484e-02 6.056670782940886538e-02
1.850000000000000311e+00 2.066386491259668626e-02 6.335859760124236406e-02
1.950000174000000142e+00 2.177600838944057995e-02 6.609600312866295568e-02
2.050000347999999750e+00 2.288584546357953081e-02 6.878176161173331360e-02
2.150000348000000283e+00 2.399330522796868856e-02 7.141833523065051204e-02
2.250000347999999928e+00 2.509815653647790371e-02 7.400651984378163462e-02
2.399999280099999854e+00 2.672155725786761610e-02 7.778928674080408390e-02
2.549998212200000225e+00 2.840276726972745108e-02 8.158315232928477212e-02
2.649998212200000314e+00 2.949898652857796746e-02 8.402237022901463959e-02
2.749998872799999994e+00 3.059365187690545745e-02 8.643538253808548399e-02
2.849999533400000118e+00 3.168659792462030778e-02 8.882101621297662508e-02
2.949999533400000207e+00 3.277799711131464816e-02 9.118044836944484699e-02
3.049999533399999851e+00 3.386796697548621893e-02 9.351534450315288072e-02
3.149999533400000384e+00 3.495651451319301689e-02 9.582763352300599502e-02
3.249999690700000610e+00 3.604371331115562016e-02 9.811847975817111767e-02
3.349999847999999947e+00 3.712946825129817552e-02 1.003885270158644816e-01
3.449999924000000551e+00 3.821370723070962455e-02 1.026385296236740907e-01
3.549999999999999822e+00 3.929627861641473568e-02 1.048695362736590947e-01
3.650000000000000355e+00 4.037689700770616397e-02 1.070823865702837663e-01
3.750000000000000444e+00 4.145523977301513591e-02 1.092774555502529776e-01
3.850000000000000089e+00 4.253096415346785397e-02 1.114546241694604062e-01
3.950000174000000364e+00 4.360370795467364419e-02 1.136125862135382442e-01
4.099999280100000476e+00 4.518432347960025380e-02 1.168043744681812462e-01
4.249998212200000403e+00 4.679396335879542485e-02 1.200105295343333739e-01
4.349998872799999639e+00 4.784786721419779371e-02 1.221056239959821821e-01
4.449999690699999455e+00 4.889515041794576661e-02 1.241873921697789346e-01
4.549999847999999680e+00 4.993524227641274460e-02 1.262556594941968424e-01
4.649999924000000284e+00 5.096761300132232608e-02 1.283113637835764653e-01
4.750000000000000000e+00 5.199173742973512563e-02 1.303553645661013061e-01
4.850000174000000719e+00 5.300717742467752486e-02 1.323879769272559570e-01
4.950000347999999661e+00 5.401426871169173055e-02 1.344067152811209698e-01
5.056825680100001108e+00 5.505499687322987223e-02 1.364789386805292659e-01
5.206824612200000146e+00 5.650116473201402534e-02 1.395844578864273156e-01
5.349998872799999639e+00 5.792842216038891767e-02 1.425325951650457945e-01
5.449999690700000343e+00 5.888708960743171267e-02 1.445446409799265863e-01
5.549999848000000569e+00 5.983641607423518388e-02 1.465678901905142495e-01
5.649999924000000284e+00 6.077736258348390846e-02 1.486015159223309234e-01
5.750000000000000000e+00 6.171185945981594312e-02 1.506475406310239240e-01
5.850000174000000719e+00 6.264122395650612019e-02 1.527064243000511301e-01
5.950000347999999661e+00 6.356882801213971368e-02 1.547771048119029880e-01
6.064887030100000409e+00 6.458517137174543676e-02 1.570370587481380864e-01
6.214885962200000336e+00 6.591041918321331738e-02 1.604032078168978748e-01
6.349998872800000527e+00 6.722517837109263927e-02 1.634626916888972659e-01
6.449999690699999455e+00 6.815835658172690603e-02 1.656809840903578357e-01
6.549999847999999680e+00 6.909735055156372707e-02 1.679445288709072448e-01
6.649999924000000284e+00 7.004529655266281130e-02 1.702503426638736217e-01
6.750000000000000000e+00 7.100639951027849783e-02 1.725992626236285687e-01
6.850000174000000719e+00 7.198445788629420639e-02 1.749895772562367058e-01
6.950000348000000550e+00 7.298605182637861455e-02 1.774163877122665323e-01
7.076948880099999784e+00 7.422988633792791668e-02 1.803486269887458748e-01
7.214285662200000893e+00 7.548677769487412148e-02 1.837134015010269683e-01
7.337336062200000342e+00 7.675059797402841721e-02 1.873143354861979970e-01
7.449998212200000580e+00 7.814907871017140462e-02 1.905568606053625602e-01
7.549998872800000704e+00 7.930298021508017103e-02 1.932898362170901996e-01
7.649999690699999633e+00 8.047796617951773201e-02 1.960925031013140696e-01
7.749999923999999929e+00 8.168395765266898978e-02 1.989558232892910117e-01
7.850000173999999831e+00 8.292540414350126066e-02 2.018776122537922213e-01
7.950000347999999661e+00 8.420570415046382817e-02 2.048574086521082471e-01
8.050000951999999543e+00 8.552811920314994099e-02 2.078952456525371972e-01
8.150001806000000570e+00 8.689731823830672275e-02 2.109903945973783945e-01
8.297405634100000427e+00 8.898062837013338833e-02 2.156167520721957165e-01
8.447403712199999859e+00 9.120440450691509604e-02 2.205210428125057853e-01
8.549998872799999816e+00 9.284634476972580819e-02 2.239695389821420579e-01
8.649999690700001409e+00 9.448823719818938427e-02 2.273512985127259800e-01
8.749999847999999858e+00 9.619362202815978646e-02 2.307885876391650160e-01
8.849999924000000462e+00 9.796788532724291787e-02 2.342794410611669653e-01
8.950000173999999475e+00 9.981751577433289890e-02 2.378208345174869787e-01
9.050000952000001320e+00 1.017463476023645202e-01 2.414099570698204633e-01
9.150001806000002347e+00 1.037623663797604540e-01 2.450432162390868973e-01
9.256429505999999918e+00 1.060116621599657971e-01 2.489446385064834621e-01
9.385897374099998913e+00 1.088584140984685811e-01 2.536117170120836817e-01
9.529468027200000080e+00 1.120940228335319533e-01 2.590349211321819611e-01
9.649998907799998804e+00 1.151879053792395635e-01 2.637017050131666984e-01
9.749999705699998742e+00 1.178271787117084746e-01 2.674586315383747914e-01
9.849999928999999099e+00 1.205711624033060647e-01 2.712000238365552818e-01
9.950000183999998526e+00 1.234334656634123034e-01 2.749020860519133524e-01
1.005000096200000037e+01 1.264027133825788018e-01 2.785386493227717253e-01
1.015000180600000057e+01 1.294840247996224547e-01 2.820814139682844557e-01
1.027752404410000153e+01 1.334144721062591188e-01 2.861636546907160294e-01
1.042752214719999948e+01 1.378518557609180739e-01 2.909158345502935727e-01
1.054999890779999916e+01 1.417156443747807359e-01 2.945327107064869554e-01
1.064999970569999910e+01 1.445426383874509613e-01 2.969440646526296801e-01
1.074999992899999945e+01 1.469813819717215586e-01 2.988688482403897839e-01
1.085000018400000066e+01 1.485909683932075120e-01 3.002009172332590903e-01
1.095000096200000073e+01 1.491491336382837485e-01 3.011458771846151627e-01
1.105000180600000093e+01 1.489030273491702694e-01 3.020314631054795695e-01
1.115000205599999994e+01 1.482255005539070691e-01 3.031392281295448021e-01
1.130000015909999966e+01 1.473645503813520441e-01 3.055552505572723399e-01
1.144999890779999951e+01 1.466049221730233165e-01 3.084970284193874757e-01
1.154999970569999945e+01 1.464067401939607993e-01 3.109063502300599136e-01
1.164999992899999981e+01 1.464672926476152659e-01 3.135776470280518535e-01
1.175000018399999924e+01 1.467873170286094209e-01 3.164192503982397042e-01
1.185000036799999990e+01 1.472502486287594892e-01 3.193520718838293582e-01
1.195000096200000073e+01 1.478098653482146363e-01 3.223455394584125444e-01
1.205000180599999915e+01 1.484032220383685041e-01 3.253894870937787398e-01
1.215000205599999816e+01 1.489989236124996674e-01 3.284953212296505831e-01
1.230000015909999966e+01 1.499517394502368206e-01 3.334430263263131189e-01
1.244999890779999951e+01 1.510135294930059491e-01 3.386992105078191484e-01
1.254999970569999945e+01 1.518835109665237493e-01 3.424845066164155516e-01
1.264999992900000159e+01 1.529084197327452155e-01 3.464604589011435198e-01
1.275000018399999924e+01 1.541042079517020436e-01 3.506016199913559728e-01
1.285000036799999990e+01 1.554501819311143174e-01 3.548830762589049170e-01
1.295000096199999895e+01 1.569521102561724224e-01 3.592888692168110798e-01
1.305000180599999915e+01 1.585952029723509960e-01 3.637969586750192663e-01
1.315000205599999994e+01 1.603719479911174806e-01 3.683958232995432347e-01
1.330000015909999966e+01 1.632423722838056146e-01 3.754125179984316718e-01
1.344999890779999951e+01 1.663889796085496753e-01 3.826067234519410221e-01
1.354999970570000123e+01 1.686178855603535642e-01 3.874505640808635909e-01
1.364999992899999981e+01 1.709410856978355320e-01 3.923349774366506892e-01
1.375000018399999924e+01 1.733580206390649137e-01 3.972493491193029858e-01
1.385000036800000167e+01 1.758616224007603646e-01 4.021815559592163969e-01
1.395000096200000073e+01 1.784504429562766836e-01 4.071223276371543909e-01
1.405000180600000270e+01 1.811208999595404212e-01 4.120531947322665922e-01
1.415000205600000172e+01 1.838715697857835063e-01 4.169609195209771912e-01
1.430000015910000144e+01 1.880895177299496679e-01 4.241376626858868182e-01
1.444999890780000129e+01 1.924885597939697268e-01 4.312498225156120024e-01
1.454999970569999945e+01 1.954963817473047982e-01 4.357563999660928888e-01
1.464999992900000159e+01 1.985419624845722875e-01 4.400695311152945099e-01
1.475000018400000101e+01 2.016179812818095773e-01 4.441866613669095409e-01
1.485000036799999990e+01 2.047124775271470520e-01 4.481130388524571795e-01
1.495000096200000250e+01 2.078124689140091463e-01 4.518780395497483671e-01
1.505000180599999737e+01 2.109089956127104815e-01 4.555732917203099697e-01
1.515000205599999994e+01 2.140066033770172127e-01 4.592772360037958301e-01
1.530000015910000322e+01 2.186025633430841719e-01 4.649339445208360844e-01
1.544999890780000307e+01 2.231896718210619468e-01 4.707554070714675132e-01
1.554999970570000123e+01 2.262173199919116362e-01 4.748269972452102694e-01
1.564999992900000159e+01 2.292173905682570734e-01 4.791080833537316175e-01
1.575000018400000279e+01 2.321905056194454864e-01 4.836480982722490829e-01
1.585000036799999812e+01 2.351498681575188987e-01 4.885145101578788895e-01
1.595000096200000073e+01 2.381053116868748210e-01 4.937305880048707962e-01
1.605000180600000093e+01 2.410670294555737059e-01 4.992782130899944271e-01
1.616787921909999781e+01 2.445680485088844169e-01 5.062135941549452678e-01
1.631787732219999754e+01 2.490345490390054595e-01 5.155749505450923920e-01
1.644999890779999774e+01 2.530395778073305513e-01 5.242507438989697510e-01
1.654999955339999929e+01 2.560859841919764235e-01 5.310424665738228134e-01
1.664999955340000071e+01 2.591412621390829507e-01 5.380022319520085805e-01
1.674999970570000229e+01 2.622044130305016263e-01 5.451163268567366105e-01
1.684999985800000033e+01 2.652707832029286839e-01 5.523669019685278903e-01
1.694999992900000052e+01 2.683361488013267238e-01 5.597434732124874079e-01
1.705000000000000071e+01 2.713955128280116091e-01 5.672349947558785743e-01
1.715000018400000315e+01 2.744435198668753184e-01 5.748308761843187176e-01
1.725000096200000144e+01 2.774812472599165192e-01 5.825247760648613049e-01
1.735000180600000164e+01 2.805128925762606640e-01 5.903096260397350248e-01
1.750000102800000334e+01 2.850319801336924641e-01 6.020838507248864602e-01
1.765000077799999900e+01 2.895498919632188972e-01 6.141439447103865801e-01
1.775000155600000085e+01 2.925553161763808085e-01 6.222376060761308780e-01
1.785000180600000164e+01 2.955544269571558913e-01 6.303969331486883876e-01
1.798733965599999962e+01 2.996528137407001302e-01 6.416386823522908234e-01
1.813733862799999841e+01 3.041041485781378340e-01 6.541295528549744276e-01
1.825000000000000000e+01 3.074681140577710248e-01 6.636076266386993217e-01
1.835000000000000142e+01 3.104447586832428385e-01 6.720413909205036340e-01
1.845000077799999971e+01 3.134167809667426363e-01 6.805195829449087741e-01
1.855000180600000093e+01 3.163860234637119184e-01 6.890399915195968283e-01
1.870000102800000263e+01 3.208260637286978190e-01 7.018259475230226307e-01
1.885000000000000142e+01 3.252719379416457168e-01 7.148185111253470003e-01
1.895000077800000327e+01 3.282378020891323911e-01 7.234812093504331409e-01
1.905000180600000093e+01 3.312063248466903809e-01 7.321730808958744063e-01
1.920000102799999908e+01 3.356627813235319446e-01 7.451936982497866513e-01
1.935000000000000142e+01 3.401454163032417433e-01 7.583905396069878790e-01
1.945000077800000327e+01 3.431528877138160794e-01 7.671721231229863269e-01
1.955000180600000093e+01 3.461768436952817329e-01 7.759698506251971883e-01
1.970000102799999908e+01 3.507275640561688390e-01 7.891282969718415030e-01
1.985000000000000142e+01 3.553114973665841281e-01 8.024328939968848884e-01
1.995000077800000327e+01 3.583843487234590341e-01 8.112715175531455269e-01
2.005000180600000093e+01 3.614711519637524573e-01 8.201143696973515196e-01
2.017947155600000286e+01 3.654889486447342462e-01 8.315280327271674654e-01
2.032947052800000520e+01 3.701857159515218876e-01 8.448041217893281773e-01
2.045000078300000368e+01 3.739941565215504915e-01 8.554842732777196979e-01
2.055000182100000217e+01 3.771824196799187234e-01 8.643151436142273436e-01
2.065000207599999982e+01 3.804011760748224336e-01 8.731359879576040539e-01
2.075482214410000026e+01 3.838105164016554216e-01 8.823631347027507399e-01
2.088247351720000111e+01 3.879998905315796831e-01 8.935574994070550892e-01
2.102765241110000005e+01 3.927974129261687652e-01 9.062832822888577944e-01
2.115000000000000213e+01 3.969186502298061026e-01 9.169976370149814926e-01
2.125000078300000084e+01 4.003160036005535827e-01 9.257043301845574446e-01
2.135000156599999954e+01 4.037458716438110384e-01 9.343847842187251729e-01
2.145000156600000452e+01 4.072123336596661369e-01 9.430362496962315655e-01
2.155000182099999861e+01 4.107192213166400152e-01 9.516557984210652910e-01
2.165000207599999982e+01 4.142707806258921210e-01 9.602399945569977113e-01
2.176821749409999640e+01 4.185290357793952087e-01 9.703193413986396232e-01
2.191195449219999603e+01 4.237868141071228223e-01 9.825092192848615680e-01
2.204373803610000238e+01 4.287119031168839522e-01 9.936365690706688847e-01
2.215000000000000213e+01 4.327604398504477090e-01 1.002537184819419114e+00
2.225000078300000084e+01 4.366229454022299561e-01 1.010851987446510503e+00
2.235000156599999954e+01 4.405420059217652895e-01 1.019113083400312592e+00
2.245000156600000096e+01 4.445213553450375055e-01 1.027317167092238748e+00
2.255000182100000217e+01 4.485648757710589130e-01 1.035461060903190900e+00
2.265000207599999626e+01 4.526764031214469686e-01 1.043541105435098482e+00
2.280000103800000133e+01 4.589647751943434217e-01 1.055495400738809320e+00
2.295000078300000368e+01 4.654235815122010345e-01 1.067390219992332634e+00
2.305000182099999861e+01 4.698266300007563623e-01 1.075191322933070959e+00
2.315000207599999982e+01 4.743100660672552871e-01 1.082914918475094801e+00
2.329766101600000283e+01 4.810723050762057973e-01 1.094135227120059506e+00
2.344765997800000079e+01 4.881434527722832706e-01 1.105432851238442149e+00
2.355000000000000071e+01 4.930859648215564772e-01 1.112994393895798018e+00
2.365000000000000213e+01 4.980075934943213323e-01 1.120287944497403432e+00
2.375000078300000084e+01 5.030231124784469987e-01 1.127486534862137013e+00
2.385000156599999599e+01 5.081344862721249855e-01 1.134587306011520358e+00
2.395000156600000096e+01 5.133434765368367625e-01 1.141587641819297394e+00
2.405000182099999861e+01 5.186520634698174037e-01 1.148484904714082155e+00
2.415000207599999982e+01 5.240634707000787484e-01 1.155275388368749656e+00
2.430000103800000488e+01 5.323546097673034216e-01 1.165225716789076271e+00
2.445000078300000368e+01 5.408967007876847033e-01 1.175001864729509737e+00
2.455000182100000217e+01 5.467328089598161300e-01 1.181335433634111753e+00
2.465000207599999982e+01 5.526810616142717736e-01 1.187546233180497346e+00
2.480000103800000488e+01 5.617913414515267601e-01 1.196600091437759916e+00
2.495000078300000368e+01 5.711730495801341512e-01 1.205445263936245182e+00
2.505000182100000217e+01 5.775764566664928212e-01 1.211145127513505670e+00
2.515000207599999982e+01 5.840926531481793749e-01 1.216713036138046267e+00
2.525400947910000227e+01 5.909909703670089831e-01 1.222357578555824276e+00
2.538779357409999804e+01 6.000360801389686971e-01 1.229383334382813553e+00
2.553378513299999852e+01 6.101349858449414132e-01 1.236797721901768510e+00
2.565000000000000213e+01 6.183583235957575974e-01 1.242472237026063464e+00
2.575000078300000084e+01 6.255643292797775645e-01 1.247181153098887441e+00
2.585000156599999954e+01 6.328980486828543750e-01 1.251738798830165811e+00
2.595000156600000452e+01 6.403662247537870167e-01 1.256142977822802154e+00
2.605000182099999861e+01 6.479717646532320297e-01 1.260392092338581849e+00
2.615000207599999982e+01 6.557154463096028785e-01 1.264484119591944289e+00
2.625848810409999956e+01 6.642707630253412709e-01 1.268739993723262627e+00
2.640325681719999906e+01 6.759216187603345194e-01 1.274119112383913288e+00
2.654476975109999870e+01 6.875845183125890436e-01 1.279086166847553718e+00
2.665000000000000213e+01 6.964440377191795095e-01 1.282545190681611658e+00
2.675000078300000084e+01 7.050121579840524788e-01 1.285657719354756701e+00
2.685000156599999954e+01 7.137500733623783900e-01 1.288602898331002944e+00
2.695000156600000096e+01 7.226817528764782894e-01 1.291379725179079285e+00
2.705000182100000217e+01 7.318279912438779844e-01 1.293987102792067523e+00
2.715000207599999626e+01 7.412043903459356597e-01 1.296422355620344247e+00
2.730000103800000133e+01 7.556968142490061435e-01 1.299744180261464654e+00
2.745000078300000013e+01 7.707559941163913964e-01 1.302734001983774981e+00
2.755000182099999861e+01 7.811086018759502148e-01 1.304487824091380865e+00
2.765000207599999982e+01 7.916968360721867715e-01 1.306076964186156486e+00
2.778793162599999533e+01 8.066939540595655656e-01 1.308035269955644120e+00
2.793793058800000040e+01 8.237492538891351135e-01 1.309815437085437573e+00
2.805000000000000071e+01 8.370573944137852385e-01 1.310861252843231295e+00
2.815000000000000568e+01 8.493846461783480795e-01 1.311588167184737808e+00
2.830000000000000071e+01 8.686790170704467018e-01 1.312325275747259656e+00
2.850000000000000000e+01 8.960556789468390182e-01 1.312698441615275824e+00
2.865000000000000568e+01 9.179208660613404902e-01 1.312508192964475962e+00
2.879141072299999848e+01 9.395690779081752320e-01 1.311915875222536609e+00
2.894141072300000062e+01 9.637172262611459761e-01 1.310926549690885512e+00
2.905000000000000426e+01 9.819956650866390468e-01 1.309943607354773887e+00
2.914999999999999858e+01 9.994214085386740054e-01 1.308850929611903968e+00
2.929999999999999716e+01 1.026575496719134728e+00 1.306888173820052401e+00
2.950000000000000355e+01 1.064907308744533765e+00 1.303702370788909493e+00
2.965000000000000213e+01 1.095352937948036898e+00 1.300880874763174155e+00
2.975148958200000138e+01 1.116801374378039391e+00 1.298738263107314106e+00
2.990148958199999996e+01 1.149640392634194042e+00 1.295270061113295901e+00
3.004999999999999716e+01 1.183741525120666438e+00 1.291499450401764726e+00
3.015000000000000213e+01 1.207574743936603578e+00 1.288741900861736234e+00
3.030000000000000071e+01 1.244405416599888126e+00 1.284323808742659168e+00
3.050000000000000355e+01 1.295725557616754786e+00 1.277929867260753305e+00
3.065000000000000213e+01 1.335882137505495670e+00 1.272754591202629015e+00
3.080000000000000071e+01 1.377296303216975604e+00 1.267244880091129566e+00
3.100000000000000355e+01 1.434722934244567760e+00 1.259438996709089764e+00
3.115000000000000213e+01 1.479562222674295491e+00 1.253234848329682682e+00
3.129746040610000080e+01 1.524943043530667230e+00 1.246842776109417628e+00
3.144746040609999937e+01 1.572617409257093923e+00 1.240078289415236457e+00
3.155000000000000071e+01 1.605962653461466827e+00 1.235288909794723056e+00
3.165000000000000213e+01 1.639049957020609405e+00 1.230500936266079037e+00
3.180000000000000071e+01 1.689612632870342024e+00 1.223120873696274868e+00
3.200000000000000711e+01 1.759103522404690922e+00 1.212917441041601707e+00
3.215000000000000568e+01 1.812859920318305118e+00 1.204994357089664847e+00
3.225000000000000000e+01 1.849467674838187303e+00 1.199577143301818527e+00
3.240000000000000568e+01 1.905457500435155049e+00 1.191290211062371540e+00
3.255000000000000426e+01 1.962998400286902978e+00 1.182804446332952342e+00
3.265000000000000568e+01 2.002100717701236654e+00 1.177030812332420018e+00
3.275000000000000000e+01 2.041760921758989156e+00 1.171177704359428029e+00
3.287861015610000237e+01 2.093480506691604237e+00 1.163542564440772642e+00
3.302861015610000095e+01 2.154876051626547273e+00 1.154478813886139266e+00
3.314999999999999858e+01 2.205278389659646621e+00 1.147029026670145058e+00
3.325000000000000000e+01 2.247255251890734939e+00 1.140813048729965917e+00
3.340000000000000568e+01 2.310790716954740365e+00 1.131384173237988122e+00
3.354999999999999716e+01 2.375212326502468052e+00 1.121815772443708781e+00
3.364999999999999858e+01 2.418432750822022914e+00 1.115357819446661791e+00
3.375000000000000000e+01 2.461816199250022486e+00 1.108846093558558232e+00
3.390000000000000568e+01 2.526820271171474896e+00 1.099000378846482828e+00
3.404999999999999716e+01 2.591859007362635303e+00 1.089046388127462794e+00
3.414999999999999858e+01 2.634833716616504340e+00 1.082351988828436085e+00
3.425000000000000000e+01 2.677415826860130910e+00 1.075619006602262395e+00
3.439999999999999858e+01 2.740139193710710241e+00 1.065467326918210667e+00
3.454999999999999716e+01 2.801651548192992003e+00 1.055233372369823952e+00
3.464999999999999858e+01 2.841556069959974895e+00 1.048367692185536493e+00
3.475000000000000711e+01 2.880497984930861399e+00 1.041474422893525098e+00
3.488191770299999916e+01 2.930072458758886444e+00 1.032350315036383526e+00
3.503191770300000485e+01 2.983890538708323437e+00 1.021927920076841856e+00
3.514999999999999858e+01 3.023972572846217677e+00 1.013686980996071130e+00
3.525000000000000711e+01 3.056063947239341161e+00 1.006690049325364766e+00
3.540000000000000568e+01 3.100596158549506765e+00 9.961875348162163579e-01
3.554999999999999716e+01 3.141018259694334347e+00 9.856520479818570157e-01
3.565000000000000568e+01 3.165192090474847841e+00 9.786164304703911521e-01
3.575000000000000711e+01 3.187135978063115438e+00 9.715762145723982890e-01
3.587041768800000341e+01 3.210424280299304378e+00 9.630977387584181981e-01
3.602041768800000199e+01 3.234629334959139957e+00 9.525358964087936586e-01
3.615000000000000568e+01 3.251153280554207825e+00 9.434031854038256171e-01
3.625000000000000711e+01 3.260906225202010678e+00 9.363560627686998705e-01
3.640000000000000568e+01 3.270570091025238213e+00 9.258097969942878924e-01
3.655000000000000426e+01 3.274639405455731733e+00 9.152665550681242657e-01
3.665000000000000568e+01 3.273950827958447718e+00 9.082494027619429922e-01
3.675000000000000711e+01 3.270652837737860530e+00 9.012447308226186893e-01
3.689999999999999858e+01 3.260821345319361964e+00 8.907793045892762329e-01
3.705000000000000426e+01 3.245663162380498790e+00 8.803345995493416787e-01
3.715000000000000568e+01 3.232462780513910339e+00 8.733918692362415692e-01
3.725000000000000711e+01 3.216969997956805827e+00 8.664672419925527613e-01
3.739999999999999858e+01 3.189579257707554572e+00 8.561311488472819198e-01
3.755000000000000426e+01 3.157742078409275788e+00 8.458263977155785485e-01
3.765000000000000568e+01 3.134017266409841795e+00 8.389837077297065404e-01
3.775000000000000000e+01 3.108489016706483365e+00 8.321641854657133575e-01
3.789999999999999858e+01 3.067029742155487959e+00 8.219962074871026703e-01
3.805000000000000426e+01 3.022280444991743753e+00 8.118717359070737327e-01
3.814999999999999858e+01 2.990658427252401275e+00 8.051585966933801908e-01
3.825000000000000000e+01 2.957814590068928773e+00 7.984766768678782656e-01
3.835000000000000142e+01 2.923862268748535609e+00 7.918256744689124993e-01
3.845420163800000779e+01 2.887423926463676960e+00 7.849287416003211115e-01
3.860420163799999926e+01 2.833351399649057800e+00 7.750730444597315749e-01
3.875000000000000000e+01 2.779318763681263071e+00 7.655500925657742206e-01
3.885000000000000853e+01 2.741492364472407850e+00 7.590602109793712637e-01
3.900000000000000000e+01 2.683923093986220199e+00 7.494053781241297729e-01
3.914999999999999858e+01 2.625640934152267736e+00 7.398140893595677170e-01
3.925000000000000711e+01 2.586453323867563991e+00 7.334666749079349346e-01
3.935000000000000853e+01 2.547124271481147506e+00 7.271568648116381040e-01
3.949063755800001019e+01 2.491727495878881538e+00 7.183583518834593118e-01
3.964063755800000166e+01 2.432728887120689798e+00 7.090474447086067000e-01
3.975000000000000711e+01 2.389838107471355499e+00 7.023132173229323927e-01
3.985000000000000853e+01 2.350787395094638743e+00 6.961982031336370058e-01
4.001598810610000356e+01 2.286511890727984220e+00 6.861514877340595397e-01
4.024516166220000457e+01 2.199261085104630808e+00 6.724209550599064000e-01
4.061388893409999667e+01 2.063397454272075215e+00 6.509819530506366636e-01
4.096378425599999673e+01 1.941080950478094813e+00 6.312714506878160936e-01
4.138848618409999602e+01 1.801316866420580531e+00 6.080228897892464568e-01
4.183471031220000214e+01 1.663920935125234868e+00 5.840025676176000546e-01
4.207275508409999532e+01 1.595067087923006888e+00 5.716738663542766385e-01
4.229196795600000058e+01 1.534833518337180847e+00 5.606831913542752455e-01
4.286602128410000034e+01 1.389934574590066196e+00 5.330022423156500766e-01
4.345039313409999693e+01 1.257618495293366889e+00 5.056264236215474162e-01
4.365748950599999745e+01 1.214394300465367005e+00 4.963481919137517351e-01
4.435757405599999714e+01 1.083472159414898162e+00 4.669559642639611319e-01
4.506034890600000153e+01 9.687181821050777630e-01 4.386556033358823270e-01
4.577910240599999980e+01 8.687317692547976700e-01 4.123999225141002922e-01
4.650054615599999863e+01 7.815057694391662757e-01 3.874447244685590430e-01
4.677849528410000346e+01 7.509938799415657451e-01 3.782657514035862589e-01
4.741080308410000299e+01 6.882473330723511973e-01 3.587320122250354237e-01
4.797808125600000295e+01 6.380701921241468400e-01 3.421658192900862705e-01
4.826276628409999603e+01 6.147502499932605557e-01 3.341472793146404996e-01
4.856628326219999536e+01 5.911117845235775992e-01 3.257993913390171969e-01
4.903768958410000067e+01 5.573715348450235529e-01 3.136498405481439877e-01
4.949295420600000028e+01 5.273521925837731938e-01 3.024299977063585332e-01
4.990832168409999525e+01 5.019373687161019504e-01 2.925941779991393932e-01
5.034252111220000359e+01 4.770362378018002669e-01 2.826120862012372892e-01
5.070191388410000144e+01 4.579443981600893609e-01 2.748383753871430080e-01
5.104516500599999773e+01 4.407575050407146477e-01 2.676911898457396966e-01
5.159121493410000170e+01 4.153128986232030861e-01 2.567906788303003784e-01
5.215609676220000068e+01 3.909141782677794108e-01 2.459069162191892810e-01
5.240347598409999819e+01 3.809422717217149090e-01 2.413907898080362158e-01
5.263471360599999826e+01 3.719957046810596912e-01 2.373029162457264141e-01
5.331144598409999702e+01 3.475809001264192899e-01 2.258615628884240167e-01
5.400701026219999790e+01 3.245201264281608045e-01 2.145742441393904409e-01
5.426094198410000757e+01 3.166978112896781106e-01 2.106845761279499962e-01
5.506901488409999956e+01 2.938038826627983879e-01 1.990652454917390679e-01
5.589526166220000647e+01 2.724342191079577868e-01 1.877171597878375675e-01
5.676804978410000047e+01 2.525611324922376055e-01 1.769014500759433506e-01
5.759210133410000054e+01 2.353792668122086651e-01 1.671622275902650556e-01
5.782085091220000805e+01 2.309247705097931258e-01 1.645877828170186352e-01
5.860029443410000027e+01 2.167971265015584126e-01 1.563544482505866140e-01
5.936628655600000570e+01 2.039038829911122563e-01 1.486048033099380272e-01
5.956696138409999719e+01 2.007065698054888436e-01 1.466429318068077636e-01
5.978377791220000148e+01 1.973494621813040306e-01 1.445736613579832741e-01
6.046987683409999192e+01 1.873157899636270496e-01 1.383739362087729741e-01
6.114252435600000979e+01 1.780545372545868366e-01 1.325231791664902570e-01
6.145521278409999866e+01 1.739784124863812398e-01 1.298965441216429206e-01
6.178404286220001040e+01 1.698305423988076268e-01 1.271991781773707808e-01
6.237679713410000204e+01 1.627483482310707052e-01 1.226035036502115400e-01
6.295610005600001102e+01 1.561580657254145743e-01 1.182622305357270559e-01
6.338080198410000321e+01 1.515779476667484527e-01 1.151886354717091832e-01
6.382164556219998985e+01 1.469966822596435740e-01 1.120777947345675263e-01
6.432105528409999806e+01 1.420692485778502490e-01 1.087493013861050573e-01
6.480701360599999816e+01 1.374624002194579087e-01 1.056089091737024144e-01
6.534372908409999070e+01 1.326295175964215256e-01 1.022590687725237063e-01
6.589658621220000612e+01 1.278485168256844329e-01 9.890051172563997517e-02
6.630265128410000841e+01 1.245075553404596802e-01 9.656923183287564882e-02
6.669526500599999963e+01 1.213813694265277465e-01 9.437873126688919867e-02
6.734399398409999549e+01 1.164628707116324574e-01 9.088309283437417951e-02
6.800886461219998580e+01 1.116345510714659289e-01 8.740219250159235453e-02
6.832158508409999342e+01 1.094700100553937377e-01 8.585177700778033605e-02
6.862085415600000715e+01 1.074548804084196063e-01 8.440862593220485599e-02
6.938159668410000336e+01 1.025642585532721418e-01 8.086601849085127414e-02
7.015848091220001947e+01 9.779022805273203389e-02 7.735658077601245686e-02
7.037785678410000401e+01 9.650234544445039642e-02 7.641401287507407214e-02
7.058378125600000885e+01 9.532300167340725106e-02 7.555478873889354130e-02
7.145653733410000541e+01 9.053767721626979070e-02 7.203848666794779310e-02
7.231254613410000331e+01 8.605102709820190710e-02 6.869170715319354581e-02
7.258404615599999943e+01 8.470318049782014913e-02 6.769176132277746061e-02
7.356881573409999930e+01 8.007472491886381827e-02 6.425195749550255409e-02
7.456972696219999364e+01 7.559277582928955463e-02 6.087237219112159869e-02
7.563853878410000675e+01 7.124704214963792359e-02 5.761290792283263462e-02
7.660639813410000443e+01 6.748531435173361903e-02 5.475337348762904233e-02
7.675724748409999165e+01 6.692514322923272252e-02 5.432738853420126385e-02
7.692154818410000416e+01 6.632386079582348881e-02 5.387127041022269497e-02
7.782549293409999791e+01 6.318271213954819443e-02 5.149561653171206427e-02
7.880886795600000028e+01 5.989384302836072566e-02 4.897938464467041508e-02
7.912986148410000453e+01 5.886969884723302487e-02 4.819505639380523149e-02
8.004978488410000637e+01 5.610467282623528978e-02 4.608650267684893942e-02
8.095848420600000850e+01 5.347718193218351651e-02 4.406457276017791691e-02
8.120583138410000856e+01 5.278482864153001552e-02 4.353007963186811963e-02
8.146662996220000252e+01 5.207216140881985172e-02 4.298149763363016962e-02
8.231141468410000073e+01 4.988214086260182867e-02 4.129879540415383465e-02
8.314543830599998842e+01 4.779446003810673693e-02 3.968298260899979363e-02
8.348613008409999736e+01 4.696806826648039501e-02 3.904215464265224644e-02
8.384027326220000020e+01 4.612927096026121776e-02 3.839192770906788704e-02
8.461038233409999521e+01 4.440449177233201511e-02 3.705672698322839270e-02
8.536973030600000811e+01 4.275737835464515219e-02 3.577420652440965743e-02
8.580376668410001173e+01 4.184420692420329213e-02 3.506251400287684755e-02
8.625125441219999800e+01 4.092530037091603179e-02 3.434541243007205313e-02
8.694668778409999277e+01 3.957784881790529091e-02 3.329426246782715010e-02
8.763136005599999123e+01 3.828988451376166141e-02 3.228490583196371583e-02
8.815874108410000076e+01 3.732681078103997768e-02 3.153004482485461529e-02
8.869957351219998998e+01 3.636340994335297144e-02 3.077305565428807912e-02
8.932033118410001293e+01 3.532146828375312686e-02 2.995372021425344450e-02
8.993032775600001116e+01 3.432552481106573850e-02 2.916779241599817829e-02
9.055105338410000115e+01 3.334096239448169907e-02 2.839117622835909613e-02
9.118523036220000222e+01 3.236030764657510383e-02 2.761506042028659402e-02
9.173131233409998231e+01 3.156512520386693665e-02 2.698455577207536579e-02
9.226663320599999452e+01 3.080590848111032509e-02 2.638099866408288169e-02
9.298070343410000760e+01 2.982149373622583130e-02 2.559906723575845408e-02
9.370822506220000037e+01 2.884417715082689473e-02 2.481967506703322557e-02
9.417963138410000568e+01 2.824774529881685439e-02 2.434268643615199179e-02
9.464027660600000047e+01 2.767975242600282521e-02 2.388762396888629777e-02
9.544769143409999401e+01 2.671153885791451021e-02 2.311274227315467458e-02
9.626855761219999863e+01 2.575272346684481101e-02 2.234193588668529143e-02
9.666528823410001792e+01 2.531573824601268674e-02 2.198937964635676659e-02
9.705125775599999827e+01 2.490148989979363431e-02 2.165480930886995101e-02
9.736850188569999887e+01 2.456513246293628647e-02 2.138349395009324361e-02
9.809419951380000668e+01 2.381266661369313420e-02 2.077601657016383760e-02
9.886622801219999701e+01 2.303118140058384514e-02 2.014227561706781466e-02
9.918828298409999888e+01 2.272157854600737742e-02 1.989026727398845659e-02
9.949957680599999321e+01 2.243038053524664885e-02 1.965315005402258966e-02
1.004936808341000045e+02 2.152541993008992224e-02 1.891693453064029889e-02
1.015012362622000097e+02 2.063233384895085329e-02 1.818663796649225631e-02
1.017486154840999859e+02 2.042404239642720346e-02 1.801559877818983621e-02
1.019852336560000055e+02 2.023084260996045949e-02 1.785700797642690227e-02
1.030726823340999800e+02 1.936665006867633113e-02 1.714789071938050205e-02
1.041523921840999805e+02 1.853319176740528609e-02 1.646023381247574066e-02
1.045082284060000006e+02 1.827714058061948726e-02 1.624814005295143263e-02
1.056890216341000013e+02 1.745364831917249615e-02 1.556669053739257944e-02
1.067847101340999956e+02 1.670794339630192124e-02 1.494633286106760578e-02
1.070685609559999989e+02 1.652905182139528459e-02 1.479693116077089414e-02
1.083426987841000084e+02 1.575067220405770158e-02 1.414720152434374364e-02
1.096428791341000135e+02 1.498051232588124178e-02 1.350083292014779210e-02
1.109823903560000105e+02 1.426122378086582855e-02 1.289524786442260498e-02
1.121613596340999948e+02 1.364030503236750812e-02 1.237002945649005176e-02
1.123525630840999980e+02 1.354597003396315960e-02 1.229006483756459392e-02
1.136360675059999892e+02 1.294015189119203553e-02 1.177576737864533332e-02
1.149056911341000102e+02 1.235208080739159768e-02 1.127437622932174477e-02
1.162591879340999981e+02 1.178445653321373056e-02 1.078889178898753513e-02
1.176873604340999862e+02 1.120043341880833619e-02 1.028693097901115308e-02
1.190595261840999939e+02 1.069082751469191579e-02 9.847581510110571187e-03
1.205063673840999883e+02 1.016918391856821459e-02 9.395778854433229493e-03
1.218972020840999875e+02 9.710983769490057899e-03 8.997692243030279771e-03
1.233627125840999952e+02 9.244262785676070696e-03 8.590431595266958056e-03
1.247722161341000060e+02 8.831681225060179774e-03 8.229287282311422563e-03
1.262563956341000164e+02 8.413446539486195072e-03 7.861676685773368381e-03
1.276845681840999873e+02 8.041538694317449873e-03 7.533763781632796426e-03
1.291874161840999875e+02 7.666283502057205136e-03 7.201585578163346123e-03
1.306342576840999925e+02 7.330652121863138505e-03 6.903539921277843279e-03
1.321557746841000096e+02 6.993546631518614103e-03 6.603038290816542165e-03
1.336212851841000031e+02 6.690400383200519052e-03 6.331941169619378224e-03
1.351614711840999803e+02 6.387277608215955263e-03 6.059854027200743329e-03
1.366456501840999920e+02 6.113254177182512843e-03 5.813083920032159103e-03
1.382045051840999861e+02 5.840459429309956610e-03 5.566517252821315959e-03
1.397073536841000134e+02 5.592607580296507334e-03 5.341748063616513428e-03
1.412848776840999676e+02 5.346936827683772264e-03 5.118139199714673467e-03
1.428063946840999847e+02 5.122637743961979892e-03 4.913288172635142323e-03
1.444025876841000127e+02 4.901257560820497690e-03 4.710353452974383286e-03
1.459427736841000183e+02 4.698166604013052396e-03 4.523540693659719447e-03
1.468253404357000136e+02 4.587099856170152867e-03 4.421218577543042233e-03
1.477727719638000110e+02 4.472234241255595641e-03 4.314834122475307704e-03
1.491164901841000017e+02 4.314473973051687061e-03 4.168673195088057164e-03
1.507500211841000066e+02 4.134276164496635160e-03 4.001065879940054679e-03
1.523275451840999892e+02 3.967416061436245499e-03 3.845326858117705839e-03
1.539797446841000124e+02 3.804602351237770016e-03 3.692763263731127163e-03
1.555759371840999847e+02 3.653137057194490341e-03 3.550350214456979379e-03
1.572468056840999679e+02 3.505871909143082679e-03 3.411332760713361653e-03
1.588616676841000128e+02 3.368271213833821248e-03 3.281011193340181882e-03
1.605512051841000130e+02 3.234889217435869130e-03 3.154182585571625209e-03
1.621847356840999907e+02 3.109709953488826520e-03 3.034781203714044615e-03
1.638929416841000091e+02 2.988691887151208315e-03 2.918900532268823081e-03
1.655451411840999754e+02 2.874627911446566916e-03 2.809358287282801795e-03
1.672720166841000093e+02 2.764649842348839218e-03 2.703354427197886701e-03
1.689428851840999926e+02 2.660570907222502973e-03 2.602765322512527475e-03
1.706884291840999879e+02 2.560408783206423022e-03 2.505642383167763342e-03
1.723779666840999880e+02 2.465236854340267791e-03 2.413130370559838332e-03
1.741421796841000003e+02 2.373842164173432367e-03 2.324040364729506886e-03
1.758503861840999889e+02 2.286673633058386012e-03 2.238879819619603567e-03
1.776332681840999896e+02 2.203122495813706998e-03 2.157074475291761821e-03
1.793601431840999965e+02 2.123145809303185558e-03 2.078610105370839057e-03
1.811616941841000141e+02 2.046605945118797846e-03 2.003403698452229167e-03
1.829072381841000094e+02 1.973084328276398635e-03 1.931029094078474300e-03
1.847228071559999876e+02 1.903022916970611511e-03 1.862011172618549017e-03
1.877186609357000009e+02 1.791803284259641449e-03 1.752271806271416075e-03
1.895015429356999732e+02 1.729378155460396891e-03 1.690612447565598706e-03
1.901134426840999936e+02 1.708340354330845946e-03 1.669815695465020049e-03
1.919149936841000113e+02 1.650564259131969335e-03 1.612766328413104073e-03
1.937725511841000241e+02 1.591467935500131192e-03 1.554336422044441625e-03
1.955927706841000031e+02 1.538089903426227787e-03 1.501635042044238396e-03
1.974689971841000045e+02 1.483629837030025350e-03 1.447807782681436546e-03
1.993078861840999707e+02 1.434271434389822924e-03 1.399117230932741315e-03
2.012027816840999890e+02 1.384036329220004937e-03 1.349521615819156313e-03
2.030603391841000018e+02 1.338361469720208410e-03 1.304534546062427252e-03
2.049739036841000370e+02 1.291986613831095504e-03 1.258832770157830832e-03
2.068501306841000371e+02 1.249685976041851887e-03 1.217257318442743546e-03
2.087823641840999755e+02 1.206837626046897800e-03 1.175130728302217504e-03
2.106772596840999938e+02 1.167632181608748484e-03 1.136696158403316262e-03
2.126281621841000060e+02 1.128008886664917491e-03 1.097848999176580459e-03
2.145417266841000128e+02 1.091641244281736298e-03 1.062299029418797532e-03
2.165112976841000147e+02 1.054966620466774811e-03 1.026453333615864839e-03
2.184435311840999816e+02 1.021201615402235691e-03 9.935482318750054383e-04
2.204317716840999708e+02 9.872226164135474314e-04 9.604438566710200983e-04
2.220903205138000089e+02 9.604390778833916823e-04 9.344262627131575717e-04
2.235325104857000156e+02 9.375739545538410574e-04 9.121872186145453705e-04
2.243895826840999916e+02 9.243772165986525232e-04 8.994005485646789939e-04
2.263591541841000208e+02 8.952668208228355129e-04 8.712047054816658047e-04
2.283847321841000166e+02 8.660854532976616131e-04 8.429529662752296461e-04
2.303729721840999787e+02 8.389768123126561169e-04 8.167691129897549892e-04
2.324172191841000199e+02 8.118508475296098894e-04 7.905806791622288802e-04
2.344241281840999989e+02 7.865812928388466602e-04 7.662333703151286667e-04
2.364870436840999730e+02 7.613382770168900795e-04 7.419219445946783958e-04
2.385126216840999689e+02 7.377597444698760949e-04 7.192510735207808962e-04
2.405942066841000155e+02 7.142447804239354919e-04 6.966488788080918513e-04
2.426384536840999999e+02 6.922257155169399484e-04 6.755115056878257650e-04
2.447387071841000079e+02 6.703013480977448478e-04 6.544694217248790561e-04
2.468016231841000092e+02 6.497241124713597693e-04 6.347383587447067181e-04
2.489205461841000044e+02 6.292685989390733522e-04 6.151252259985730492e-04
2.510021306840999671e+02 6.102679426904702303e-04 5.969241472023522829e-04
2.531397221841000089e+02 5.916090532667208886e-04 5.790541187920080933e-04
2.552399761841000156e+02 5.740425401432628846e-04 5.622358341943447992e-04
2.573962366840999607e+02 5.566456454001350628e-04 5.455755839238032650e-04
2.595151591841000140e+02 5.402282704010538889e-04 5.298538052644868705e-04
2.616900881841000341e+02 5.239963575962711595e-04 5.143024281481851012e-04
2.638276796841000191e+02 5.086471681684112548e-04 4.995928864997520617e-04
2.660212781840999696e+02 4.934914122369693686e-04 4.850583160495854996e-04
2.680530152137999949e+02 4.799328967647303705e-04 4.720480445937398108e-04
2.690844891857000221e+02 4.732431764588738619e-04 4.656247460811565849e-04
2.696085524856999882e+02 4.701207460572454197e-04 4.626307443267373511e-04
2.705134867154000062e+02 4.648397317414905200e-04 4.575667897627688167e-04
2.712947399138000719e+02 4.603780363717380349e-04 4.532886709892218545e-04
2.717814653638000095e+02 4.576831366462799189e-04 4.507048286378979494e-04
2.724603885653999669e+02 4.540730114866895709e-04 4.472442465829438584e-04
2.732436583856999732e+02 4.500276256468615003e-04 4.433672005505958909e-04
2.736930459856999960e+02 4.477888056328517877e-04 4.412214986169208601e-04
2.740135610653999834e+02 4.464645732041727525e-04 4.397717336138646854e-04
2.742499018153999941e+02 4.455531717277989813e-04 4.387290117568313011e-04
2.743499018154000169e+02 4.450711538061845936e-04 4.382881551337482976e-04
2.744499020654000105e+02 4.445920574788620036e-04 4.378473653122403621e-04
2.745499023154000042e+02 4.441159726777425213e-04 4.374066345008785885e-04
2.746999020654000105e+02 4.434089663844721272e-04 4.367643780713935495e-04
2.748499018154000169e+02 4.427066586140121366e-04 4.361387349904310160e-04
2.749499020654000105e+02 4.422434967056467067e-04 4.357316403458986131e-04
2.750499023154000042e+02 4.417838000376788006e-04 4.353245469584472380e-04
2.751999020654000105e+02 4.411024612998744581e-04 4.347139916954972970e-04
2.753499018154000169e+02 4.404265494602766493e-04 4.341031778136876301e-04
2.754499020654000105e+02 4.399817785908281364e-04 4.336959850003492436e-04
2.755499023154000042e+02 4.395410302317090076e-04 4.333073100391884587e-04
2.756999020654000105e+02 4.388894635112400018e-04 4.327576202543609784e-04
2.758499018154000169e+02 4.382442330714863871e-04 4.322102671643029796e-04
2.759499020654000105e+02 4.378209117081953276e-04 4.318452741314577508e-04
2.760499023154000042e+02 4.374064980876724452e-04 4.314842112682803674e-04
2.761997106153999653e+02 4.368072101302015900e-04 4.309531251073244894e-04
2.763497103654000284e+02 4.362166778939852076e-04 4.304502796926840255e-04
2.764499020654000105e+02 4.358303259958573768e-04 4.301507995688860016e-04
2.765499023154000042e+02 4.354503447425021097e-04 4.298516494194242442e-04
2.766999020654000674e+02 4.348938139153447880e-04 4.294024995858790198e-04
2.768499018154000169e+02 4.343462611361271586e-04 4.289525566534438481e-04
2.769499020654000105e+02 4.339909605925995877e-04 4.286522450609111406e-04
2.770499023154000042e+02 4.336424473572984286e-04 4.283697981529284654e-04
2.771999020654000105e+02 4.331359885641735200e-04 4.280078569755794721e-04
2.773499018154000169e+02 4.326404751974765608e-04 4.276623967974517069e-04
2.774499020654000105e+02 4.323220332340422666e-04 4.274315469443055820e-04
2.775499023154000042e+02 4.320119294565900837e-04 4.272002063070642354e-04
2.776804655653999703e+02 4.316227423974824604e-04 4.268974020615335101e-04
2.778304653154000334e+02 4.311914517099765917e-04 4.266137735710224545e-04
2.779499020654000105e+02 4.308660506454155595e-04 4.264505951711777343e-04
2.780499023154000042e+02 4.306134145124178173e-04 4.263194990730102222e-04
2.781999020654000105e+02 4.302641649448635123e-04 4.261254948935085693e-04
2.783499018154000169e+02 4.299320946309323249e-04 4.259296704030181139e-04
2.784499020654000105e+02 4.297295086876198639e-04 4.258385850998782133e-04
2.785499023154000042e+02 4.295402516704522841e-04 4.258097958612730178e-04
2.786999020654000105e+02 4.292889184041686333e-04 4.257987471329016259e-04
2.788499018154000169e+02 4.290598397452572983e-04 4.257852972636201085e-04
2.789499020654000105e+02 4.289315611093520329e-04 4.257748817758367208e-04
2.790499023154000042e+02 4.288207468161941223e-04 4.257862250585947453e-04
2.791999020654000105e+02 4.286974852329016213e-04 4.259613179882230298e-04
2.793499018153999600e+02 4.286038389002801369e-04 4.261963493980224470e-04
2.794499020654000105e+02 4.285740798052456706e-04 4.263510285129468299e-04
2.795499023154000042e+02 4.285678757447079572e-04 4.265040292198289435e-04
2.796999020654000105e+02 4.286170151715666459e-04 4.268812601168633729e-04
2.798499018154000169e+02 4.287068413932589375e-04 4.273736426688870093e-04
2.799499020654000105e+02 4.288118671546302992e-04 4.277575028326422411e-04
2.800499023154000042e+02 4.289497898127832384e-04 4.281390505925876432e-04
2.801679483654000364e+02 4.291650200483458112e-04 4.285862506784435580e-04
2.803179481154000428e+02 4.295133159688335278e-04 4.294261002597770478e-04
2.804499020654000105e+02 4.298832741187484695e-04 4.303620495094828279e-04
2.805499023153999474e+02 4.302317217161340072e-04 4.310712997984966223e-04
2.806806467654000130e+02 4.307903842617123616e-04 4.320010620027956924e-04
2.808306465153999625e+02 4.315340003538779162e-04 4.334012676916895409e-04
2.809499020654000105e+02 4.322223294952319984e-04 4.348225032059835739e-04
2.810499023154000042e+02 4.328898192845751273e-04 4.360089268727691727e-04
2.811746762653999667e+02 4.338584764051462545e-04 4.374818633161063012e-04
2.813246760154000299e+02 4.351912406918150315e-04 4.397903458514636405e-04
2.814499020654000105e+02 4.364606110335999167e-04 4.421628864953660058e-04
2.815499023154000042e+02 4.376298226881074512e-04 4.440490636361447106e-04
2.816500368154000284e+02 4.389379007354324508e-04 4.459297455436265828e-04
2.818000365654000348e+02 4.412620471913064634e-04 4.498516539796993058e-04
2.819499020654000105e+02 4.438580923170225615e-04 4.543114748264777728e-04
2.820499023154000042e+02 4.459118310694937205e-04 4.572717883247357645e-04
2.821999020654000105e+02 4.496093027313449947e-04 4.633576888536287768e-04
2.823499018154000169e+02 4.537850998643579463e-04 4.703082787055961017e-04
2.824499020654000105e+02 4.571502527716258136e-04 4.751586353737439540e-04
2.825499023154000042e+02 4.609979864747571236e-04 4.814895084847459379e-04
2.826999020654000105e+02 4.681667214773497089e-04 4.929505277958761518e-04
2.828499018154000169e+02 4.764783039209638223e-04 5.062341005568374254e-04
2.829499020654000105e+02 4.834771811145799369e-04 5.183153782939428156e-04
2.830499023154000611e+02 4.917964247535371036e-04 5.310928407558031293e-04
2.831999020654000105e+02 5.085985956961189226e-04 5.586534171998366275e-04
2.833499018154000169e+02 5.293588342142716181e-04 5.916530542975531430e-04
2.834499020654000105e+02 5.488989023519644456e-04 6.250419760294217888e-04
2.835499023154000042e+02 5.746734570713604067e-04 6.679413540108744551e-04
2.836999020654000105e+02 6.412814070046984460e-04 7.749705345468509447e-04
2.838499018154000169e+02 7.444067632390757557e-04 9.643636768611812352e-04
2.839499020654000105e+02 8.970929442996627111e-04 1.265406077576626933e-03
2.840499023154000042e+02 1.280728236545253512e-03 2.031876641907720289e-03
2.841872399154000277e+02 4.489358439839279298e-03 7.882400606647530297e-03
2.843372396653999772e+02 8.178467207113048962e-03 1.394728126473284216e-02
2.844499020654000105e+02 9.057844380198916412e-03 1.478970902725862055e-02
2.845499023154000042e+02 9.270020166705746772e-03 1.494398558899024537e-02
2.846999020654000674e+02 9.461006970700187868e-03 1.490175642492843310e-02
2.848499018154000169e+02 9.613725794854085377e-03 1.480061395222664195e-02
2.849499020654000105e+02 9.697395437438109320e-03 1.469580437993160509e-02
2.850499023154000042e+02 9.774123231144902710e-03 1.457813251990757765e-02
2.851999020653999537e+02 9.877650380433698404e-03 1.439127361270222186e-02
2.853499018154000169e+02 9.973609453934778254e-03 1.419694275301247068e-02
2.854499020654000105e+02 1.003000532317627549e-02 1.406647374203828793e-02
2.855499023154000042e+02 1.008085109080246108e-02 1.393598414552759020e-02
2.856559934154000189e+02 1.012752617776059572e-02 1.379640879333196568e-02
2.858059931654000252e+02 1.017802418439676254e-02 1.360349322958341774e-02
2.859499018354000555e+02 1.021453050857466620e-02 1.342046297159596793e-02
2.860499020703999804e+02 1.022737448907844876e-02 1.329388857368037427e-02
2.861499022854000032e+02 1.023056780366054207e-02 1.317094486961364018e-02
2.862999020703999804e+02 1.021237649092764099e-02 1.299003340848458969e-02
2.864499018554000145e+02 1.017833497843759726e-02 1.281001944010431125e-02
2.865499020703999804e+02 1.013985153521796377e-02 1.269491374034946267e-02
2.866499022854000032e+02 1.009082310795092995e-02 1.258236297248908203e-02
2.867661884707000013e+02 1.001956605525000654e-02 1.245115661314427635e-02
2.869161882556999785e+02 9.908968509871772176e-03 1.228667872480039037e-02
2.870499020704000372e+02 9.796868892447688909e-03 1.214505086384169361e-02
2.871499022854000032e+02 9.701899001748689674e-03 1.204096411315244003e-02
2.872774259554000196e+02 9.569464975350237823e-03 1.190799137740979931e-02
2.874274257403999968e+02 9.403778584749653002e-03 1.175793724496128345e-02
2.875499020704000372e+02 9.261580042513258698e-03 1.164128390186201095e-02
2.876499022854000032e+02 9.141283409279016975e-03 1.154594429943773398e-02
2.877794564003999653e+02 8.982468519273869093e-03 1.142227064258580747e-02
2.879294561853999994e+02 8.797322260743704186e-03 1.128508746529446362e-02
2.880499020704000372e+02 8.649002434866737490e-03 1.118067894440367450e-02
2.881499022854000032e+02 8.527183398844982026e-03 1.109395025008345741e-02
2.882999020703999804e+02 8.349416251872607969e-03 1.096375482860934697e-02
2.884499018553999576e+02 8.175827300443763712e-03 1.083746877478985841e-02
2.885499020703999804e+02 8.065331262506886256e-03 1.075893527694342031e-02
2.886499022854000032e+02 7.958721714988389873e-03 1.068041699366111159e-02
2.887999020703999804e+02 7.808676701074219149e-03 1.056260520927658139e-02
2.889499018554000145e+02 7.665497267680699937e-03 1.044543905563567396e-02
2.890499020704000372e+02 7.577247511474599281e-03 1.037141400020568684e-02
2.891499022854000032e+02 7.494087992542712920e-03 1.030052359188714760e-02
2.892999020704000372e+02 7.380665927939520157e-03 1.019421565708743781e-02
2.894499018554000145e+02 7.274735594730054322e-03 1.008783718474167215e-02
2.895499020703999804e+02 7.211951556354369991e-03 1.001705326325736355e-02
2.896499022854000032e+02 7.154208090345720063e-03 9.949754360413886126e-03
2.897999020703999804e+02 7.078527368089579906e-03 9.854018918234263777e-03
2.899499018554000145e+02 7.010113999493772577e-03 9.758280445666083283e-03
2.900499020703999804e+02 6.971796181370425345e-03 9.694462136413580997e-03
2.901499022854000032e+02 6.938269738835727354e-03 9.630626996761027653e-03
2.902999020703999804e+02 6.898266439094190815e-03 9.539718358670295703e-03
2.904499018554000145e+02 6.865071162890878237e-03 9.452061336800895650e-03
2.905499020703999804e+02 6.849715968985756361e-03 9.394707362465897979e-03
2.906499022853999463e+02 6.838770244909980409e-03 9.337365125011156189e-03
2.907999020703999804e+02 6.832016328147685891e-03 9.251370653757074597e-03
2.909499018554000713e+02 6.831671417116178500e-03 9.167080310309350458e-03
2.910499020704000372e+02 6.837699718177821066e-03 9.114436913688407985e-03
2.911499022854000032e+02 6.847795063822064224e-03 9.062996501562304089e-03
2.912657934707000322e+02 6.865365360141264910e-03 9.003413452768081748e-03
2.914157932556999526e+02 6.896178130093119640e-03 8.926328885159763929e-03
2.915499020704000372e+02 6.929721567425805792e-03 8.857413081755286313e-03
2.916499022854000032e+02 6.960452588765733868e-03 8.806865388504054107e-03
2.917999020704000372e+02 7.016214290173887307e-03 8.735880903868746897e-03
2.919499018554000145e+02 7.078270452267602063e-03 8.666727419230156604e-03
2.920499020704000372e+02 7.126205510805120463e-03 8.620658246433404726e-03
2.921499022854000032e+02 7.178512606386661977e-03 8.574603496998787697e-03
2.922999020703999804e+02 7.267047840416351531e-03 8.505550446595450467e-03
2.924499018554000145e+02 7.362661402389164035e-03 8.438003832270177598e-03
2.925499020703999804e+02 7.433442610992597836e-03 8.395824537915189470e-03
2.926499022854000032e+02 7.509129791185442486e-03 8.354444002900324878e-03
2.927999020704000372e+02 7.634511047820613863e-03 8.292427782628532945e-03
2.929499018554000145e+02 7.767765837964918200e-03 8.230427923826040201e-03
2.930499020704000372e+02 7.864813695304322810e-03 8.189116464487763980e-03
2.931499022854000600e+02 7.967897531005695838e-03 8.147809520029908673e-03
2.932999020704000372e+02 8.136450700910692266e-03 8.089291638191305547e-03
2.934499018554000145e+02 8.314327927025050302e-03 8.032915354158395166e-03
2.935499020703999804e+02 8.443003621948691473e-03 7.995866805175708136e-03
2.936499022854000032e+02 8.578884909670868308e-03 7.958838193919352128e-03
2.937999020703999804e+02 8.799763224363410172e-03 7.903335092349698249e-03
2.939499018554000145e+02 9.032888555827602028e-03 7.847839397495566527e-03
2.940499020703999804e+02 9.201742669161913982e-03 7.811290554464779025e-03
2.941499022854000032e+02 9.382569656945661390e-03 7.776562134866931743e-03
2.945765515319000087e+02 1.035154144757003541e-02 7.634796789479213024e-03
2.950179612519000329e+02 1.137857871655460935e-02 7.490181274687129215e-03
2.954753498345500020e+02 1.284031573615709333e-02 7.353748552001008500e-03
2.959354286938499854e+02 1.438904547273520303e-02 7.218407239736967726e-03
2.964114861986999472e+02 1.615973759920541833e-02 7.090578342643347881e-03
2.968902339794000227e+02 1.799824987845380364e-02 6.963845849582440614e-03
2.973849604053999656e+02 1.894650983827861693e-02 6.844517744463120973e-03
2.978823771104000571e+02 1.974875793567810317e-02 6.726192969648031768e-03
2.983957724603999964e+02 1.880219830054838392e-02 6.614551960775235176e-03
2.989118580854000129e+02 1.750050003150303499e-02 6.503848941259934152e-03
2.994439223553999909e+02 1.558357406953358656e-02 6.399342370616209301e-03
2.999786769003999893e+02 1.352874290144862740e-02 6.295706134123591445e-03
3.002495037056999649e+02 1.268286834464298768e-02 6.247435801131562966e-03
3.007220250406999753e+02 1.135359156802522203e-02 6.163438401900896493e-03
3.010828335553999864e+02 1.033636946704104623e-02 6.100672596837339659e-03
3.016522356704000458e+02 9.277585571719535948e-03 6.009179369140756934e-03
3.022243280604000120e+02 8.308535819278418250e-03 5.918451722593192667e-03
3.028123990953999964e+02 7.664451009315753974e-03 5.832628624060167549e-03
3.034031604104000053e+02 7.078758599396797052e-03 5.747530618078072924e-03
3.040099003653999716e+02 6.680323666781373335e-03 5.667079164033821462e-03
3.046193305953999584e+02 6.315586389756947840e-03 5.587303239560282263e-03
3.048808231057000171e+02 6.196271153788822546e-03 5.555640923129285397e-03
3.054172590256999911e+02 5.992121434202466942e-03 5.490914610376012271e-03
3.058728386553999599e+02 5.819425741805975619e-03 5.436906779526655929e-03
3.065169164653999587e+02 5.643201748653802613e-03 5.365956562564514788e-03
3.071636845154000071e+02 5.478232133929110403e-03 5.295590128128166256e-03
3.077845373637999842e+02 5.357623972341111866e-03 5.233074071466351819e-03
3.084499743637999813e+02 5.236049419386690738e-03 5.166903137622917003e-03
3.091454078356999844e+02 5.132547665423268027e-03 5.102438699631902698e-03
3.098295137356999476e+02 5.036773411362977133e-03 5.040127267844025753e-03
3.105574743153999293e+02 4.949910695326419779e-03 4.978396387158159214e-03
3.112602491654000119e+02 4.869304532788786694e-03 4.919682784703727219e-03
3.119790026654000030e+02 4.795782490056656883e-03 4.863795166857923929e-03
3.127004464654000344e+02 4.723607098175009247e-03 4.808333293565467646e-03
3.129385864138000102e+02 4.700876222117148125e-03 4.791210471707851339e-03
3.135708941638000624e+02 4.642877260662269662e-03 4.745954386022431179e-03
3.141779815154000062e+02 4.587352193137599066e-03 4.703093398913827522e-03
3.143367950356999927e+02 4.573076957124040318e-03 4.692557750072830214e-03
3.149850814857000501e+02 4.516830963769920965e-03 4.649788960150540856e-03
3.156928544653999893e+02 4.455554531287661026e-03 4.603832734874187954e-03
3.164676147154000319e+02 4.391721200258632933e-03 4.558049923251972918e-03
3.172450652654000010e+02 4.328272229051447276e-03 4.512819388267994523e-03
3.176138877138000112e+02 4.298903769491161514e-03 4.493287965885180320e-03
3.182941314138000166e+02 4.245418034394174076e-03 4.457420265364459705e-03
3.188346138654000015e+02 4.203004623881792350e-03 4.429355917722082626e-03
3.190307651357000509e+02 4.187473509920244634e-03 4.419679677338760743e-03
3.197269874857000218e+02 4.132036680996155689e-03 4.385541830622139391e-03
3.204615003154000306e+02 4.073481708858975314e-03 4.349143774590514752e-03
3.212922673654000505e+02 4.000618943148652115e-03 4.305637048773076903e-03
3.221257246654000141e+02 3.926479160162161391e-03 4.261440979942604512e-03
3.224758783138000240e+02 3.894768021192885829e-03 4.241432137860799874e-03
3.232040580137999655e+02 3.828592493915019147e-03 4.199987501921379970e-03
3.237874779856999794e+02 3.775755646515653076e-03 4.166936978193046953e-03
3.246555828356999882e+02 3.702570835149269698e-03 4.119001145503374713e-03
3.255661868154000445e+02 3.626816978314551486e-03 4.069238200878447752e-03
3.264529605654000193e+02 3.562408632074096169e-03 4.024037153855981180e-03
3.273424246654000171e+02 3.499572435125993669e-03 3.979192916735834265e-03
3.275245582638000315e+02 3.487970731651466802e-03 3.970571842809171408e-03
3.281234466841000312e+02 3.453469952992485950e-03 3.942365132908309117e-03
3.288467558357000371e+02 3.411890758227660667e-03 3.908358597386626075e-03
3.291560003654000184e+02 3.394980810450602595e-03 3.894225100033456202e-03
3.300801119654000217e+02 3.353963096725887452e-03 3.853600377938130005e-03
3.310069138654000653e+02 3.314771152806578799e-03 3.813218666524206650e-03
3.318144561138000199e+02 3.289722976158611107e-03 3.779851542113266041e-03
3.326225290137999764e+02 3.265645047751150002e-03 3.746525115115795918e-03
3.328951652654000100e+02 3.258350256776694660e-03 3.735612725897799035e-03
3.332686709356999586e+02 3.250687970906467571e-03 3.721065490322513023e-03
3.340927224356999545e+02 3.235517843583627252e-03 3.689141374735099670e-03
3.348207544653999435e+02 3.222813280513546139e-03 3.661254027351935024e-03
3.358008728653999810e+02 3.212467717029448937e-03 3.625411208183864070e-03
3.367836815154000192e+02 3.203073856507785127e-03 3.589725746632264035e-03
3.371805073638000181e+02 3.200789627900599028e-03 3.575865066234834577e-03
3.379059611841000219e+02 3.197130493889620458e-03 3.550637088767680857e-03
3.385079226857000094e+02 3.194126028601724978e-03 3.529765344628703425e-03
3.387839464653999926e+02 3.192986102721576992e-03 3.520398858601010705e-03
3.398014026654000190e+02 3.190010709065679503e-03 3.486614842222555879e-03
3.408215491653999720e+02 3.187167724961202046e-03 3.452947262385520476e-03
3.416944324638000126e+02 3.184774409699567699e-03 3.425129358954694808e-03
3.425823985637999840e+02 3.182336430629782720e-03 3.396891845072835901e-03
3.428964897654000197e+02 3.181378324853178109e-03 3.387094286645664885e-03
3.431673163856999622e+02 3.180403113136467692e-03 3.378784326618815455e-03
3.440712611357000128e+02 3.177011724173890977e-03 3.351233095711237450e-03
3.450087682154000390e+02 3.173320157711322174e-03 3.322823562989236316e-03
3.460822312153999860e+02 3.167927684817142299e-03 3.291266266691381375e-03
3.471583844653999336e+02 3.162319862951473975e-03 3.259785754401111745e-03
3.473778555137999433e+02 3.160914521749272604e-03 3.253515842778806171e-03
3.478378276840999774e+02 3.157991503717307632e-03 3.240430692215880409e-03
3.487104885356999944e+02 3.152492518979586964e-03 3.215706308966114445e-03
3.493453385654000272e+02 3.148248764330917326e-03 3.197870236955160147e-03
3.504561394153999458e+02 3.139444262265385973e-03 3.167346572462038413e-03
3.515696305653999616e+02 3.130336799219563416e-03 3.136882147096415902e-03
3.521158078638000006e+02 3.124997782930554174e-03 3.122262904091214868e-03
3.528597676841000066e+02 3.117760371254698661e-03 3.102421899386120004e-03
3.534430601857000056e+02 3.112127070713723628e-03 3.086937757743700352e-03
3.538312604154000383e+02 3.108067827107843534e-03 3.076728872553666401e-03
3.549793990654000027e+02 3.094800258558955044e-03 3.046974654659599137e-03
3.561302280154000073e+02 3.081198284558176771e-03 3.017266370088780587e-03
3.569471048638000639e+02 3.070206927957051281e-03 2.996604839709580016e-03
3.579190456841000127e+02 3.057179173473358220e-03 2.972101381822262606e-03
3.584386577357000192e+02 3.049919750201934322e-03 2.959121967757136467e-03
3.596520100654000203e+02 3.031497385742783386e-03 2.929255811696444400e-03
3.608401768653999966e+02 3.013100756669626588e-03 2.900108068542069355e-03
3.618717460637999466e+02 2.995516586271973394e-03 2.875203173510200352e-03
3.629035199638000222e+02 2.977972467573797560e-03 2.850349099020364676e-03
3.631882374356999890e+02 2.972958866013569387e-03 2.843552960897181760e-03
3.633632992356999694e+02 2.969684756921041249e-03 2.839399433211261398e-03
3.644739724153999987e+02 2.949063462331326900e-03 2.813238910314203381e-03
3.656994770654000035e+02 2.926045116649401024e-03 2.784438556642873912e-03
3.668897324138000045e+02 2.902205242655723789e-03 2.756911246127325028e-03
3.679534636637999938e+02 2.880932679669561628e-03 2.732345479024697685e-03
3.681851339653999844e+02 2.876082329012699754e-03 2.727076674674353430e-03
3.694452861654000344e+02 2.849492580232248443e-03 2.698689482962621494e-03
3.707081286653999541e+02 2.822684161526201486e-03 2.670344508986898045e-03
3.719869498154000098e+02 2.794507155435216675e-03 2.642201075630382437e-03
3.732684612154000092e+02 2.766150606114189860e-03 2.614108252440636073e-03
3.745659512654000309e+02 2.736721015730388465e-03 2.586330836719816662e-03
3.758661316154000360e+02 2.707134322748604247e-03 2.558596825569223448e-03
3.771822906153999497e+02 2.676549659890861861e-03 2.531069424232916098e-03
3.785011398653999777e+02 2.645829904533666434e-03 2.503577399732246321e-03
3.798359677653999711e+02 2.614303198481142225e-03 2.476308707690852082e-03
3.823098644637999541e+02 2.555498802128149723e-03 2.426316709572867020e-03
3.837755021840999916e+02 2.520407185757704473e-03 2.396980719471197407e-03
3.851708924856999943e+02 2.486869218630625815e-03 2.369595105323608723e-03
3.876958480138000027e+02 2.426106895055010933e-03 2.320468922876532149e-03
3.890588066840999772e+02 2.393270100207402131e-03 2.294171351993654073e-03
3.905942142856999340e+02 2.356487095014619861e-03 2.265088100590422447e-03
3.931751768138000216e+02 2.294875418176313062e-03 2.216591112731547148e-03
3.943794496840999955e+02 2.266267053269914282e-03 2.194175700772180333e-03
3.946640392856999711e+02 2.259561494538908730e-03 2.188924014697646823e-03
3.963347805654000240e+02 2.220511247233927874e-03 2.158430256259027263e-03
3.987478499637999789e+02 2.164591712247053001e-03 2.114741147407182657e-03
4.002133599637999737e+02 2.131101031436995197e-03 2.088541963422476094e-03
4.021968217154000058e+02 2.086754814254301264e-03 2.053692849121952196e-03
4.043998819357000230e+02 2.038225965295121459e-03 2.015358408717669598e-03
4.059027299356999947e+02 2.005902571995335591e-03 1.989642204050074380e-03
4.082082142154000053e+02 1.957593582723215261e-03 1.950830748491845946e-03
4.101219064356999979e+02 1.918251560036346231e-03 1.918932350567579669e-03
4.105654051840999728e+02 1.909400310391066264e-03 1.911645692630332223e-03
4.117134164638000016e+02 1.886681953385840188e-03 1.892949310249388136e-03
4.143689587154000264e+02 1.835497988257519175e-03 1.850267496272025919e-03
4.160259369638000067e+02 1.804241034839376224e-03 1.823910958820509735e-03
4.176034609637999893e+02 1.775940808057436008e-03 1.799465740391008794e-03
4.202497964356999773e+02 1.729560068908257567e-03 1.758901281700169048e-03
4.215427306840999790e+02 1.707574792799483729e-03 1.739356119877515962e-03
4.219719884637999598e+02 1.700334857050144356e-03 1.732921175636268881e-03
4.238901087154000038e+02 1.669387942747029572e-03 1.704699315228172182e-03
4.262145169356999759e+02 1.632829467603263756e-03 1.670868175125110209e-03
4.270874006840999755e+02 1.619643997476671827e-03 1.658387649822208295e-03
4.280113849637999692e+02 1.605800587883447327e-03 1.645285489738710543e-03
4.304242317153999693e+02 1.571075674921015462e-03 1.611685486847474081e-03
4.322725824357000306e+02 1.545125192806190558e-03 1.586220773473487897e-03
4.326694081840999502e+02 1.539836422029515440e-03 1.580878717704717025e-03
4.341441254637999805e+02 1.520338654651262871e-03 1.561182859543754249e-03
4.367344544357000018e+02 1.487109854525390899e-03 1.527091130094857148e-03
4.382887536841000156e+02 1.467767966133757445e-03 1.506932567735188395e-03
4.386620049638000296e+02 1.463159438418736545e-03 1.502129291222942080e-03
4.405054492153999490e+02 1.441556170647584692e-03 1.479004075330392874e-03
4.429418709356999670e+02 1.413571878619186706e-03 1.448754422298847164e-03
4.439454371840999443e+02 1.402490415447856182e-03 1.436556002761733841e-03
4.449440969637999501e+02 1.391551942157783850e-03 1.424512678522145111e-03
4.474129502153999738e+02 1.365503078114480278e-03 1.395399610075751711e-03
4.492426319356999898e+02 1.346533909241765881e-03 1.374042635566964741e-03
4.496394581841000218e+02 1.342597620240006985e-03 1.369538279306560741e-03
4.513195334637999281e+02 1.326058589978351731e-03 1.350608060573233599e-03
4.538538554356999271e+02 1.301623085460311153e-03 1.322490258041006698e-03
4.553708171841000194e+02 1.287354511597006181e-03 1.305965160620911614e-03
4.559867639638000583e+02 1.281605978812122397e-03 1.299305612069154205e-03
4.580542352153999559e+02 1.262947721639149853e-03 1.277572187765394418e-03
4.603039679356999159e+02 1.242868579383251283e-03 1.254158274502729367e-03
4.611395136840999953e+02 1.235609837185136679e-03 1.245688814817374600e-03
4.625115519638000023e+02 1.223782504622717609e-03 1.231884501908315187e-03
4.650085364356999662e+02 1.202659351637013147e-03 1.207293016109871374e-03
4.668474254357000177e+02 1.187303677253421976e-03 1.189444847570731052e-03
4.672721274638000182e+02 1.183796139803969163e-03 1.185375167493237392e-03
4.691296849638000594e+02 1.168751077672137376e-03 1.168039107264923345e-03
4.716080004356999211e+02 1.148811859044203409e-03 1.145144732177216492e-03
4.727889211840999337e+02 1.139473227938838816e-03 1.134519058392084202e-03
4.739462664638000433e+02 1.130389093455666906e-03 1.124179947516100410e-03
4.764059129356999165e+02 1.111337302347061452e-03 1.102744993145289435e-03
4.783008089356999335e+02 1.096736536890181683e-03 1.086392709744498676e-03
4.788001864638000598e+02 1.092942412819277852e-03 1.082199057692037397e-03
4.807137504638000678e+02 1.078534251641510497e-03 1.066349957275795381e-03
4.831547279357000662e+02 1.060276968606907759e-03 1.046408569754259370e-03
4.845876791841000113e+02 1.049677563321681781e-03 1.034975896272762649e-03
4.856236769637999942e+02 1.042068576546493867e-03 1.026766844767789712e-03
4.880459859357000028e+02 1.024498463902501688e-03 1.008114796605020938e-03
4.905430656840999859e+02 1.006496416447366996e-03 9.891667766183879617e-04
4.925405124637999847e+02 9.923451124952222847e-04 9.745016453739729174e-04
4.949441524357000048e+02 9.754644228287940016e-04 9.571496060401871305e-04
4.965357896840999388e+02 9.644187905536413027e-04 9.459272522178946256e-04
4.975437839637999673e+02 9.574701527391508418e-04 9.388663275319039485e-04
4.999287549357000557e+02 9.412451184930432360e-04 9.226317314478534948e-04
5.025658511841000404e+02 9.234291218898830859e-04 9.049296824103471521e-04
5.046099704637999821e+02 9.098972235633657427e-04 8.916541328667664966e-04
5.069762724356999684e+02 8.943896533995436635e-04 8.765352564256798529e-04
5.086332506841000054e+02 8.836783619311514362e-04 8.661858687083670702e-04
5.097065864638000221e+02 8.767839016436625209e-04 8.595237153185527126e-04
5.120542194357000199e+02 8.619807657823220321e-04 8.453721377922852279e-04
5.141171354356999927e+02 8.490221493412442900e-04 8.330099605614696727e-04
5.148405399637999835e+02 8.445789472199971169e-04 8.288100386905078573e-04
5.169221244637999462e+02 8.318992211541272226e-04 8.168435298016021515e-04
5.192510884357001260e+02 8.178723759050931640e-04 8.036468283463306383e-04
5.208800631840999813e+02 8.082393170217684131e-04 7.946326858003035674e-04
5.221120844637999880e+02 8.009976249798514154e-04 7.878559413764049538e-04
5.244223799356999507e+02 7.877206422069782431e-04 7.754937779877528166e-04
5.265413029357000596e+02 7.756217175281733718e-04 7.642427100877130682e-04
5.273393829637999488e+02 7.711659900688430788e-04 7.601105175285573744e-04
5.294769744637999338e+02 7.594022462119300260e-04 7.492179466791079817e-04
5.317686009356999648e+02 7.469195390706506081e-04 7.376660192374769488e-04
5.332762276840999220e+02 7.388977448002882536e-04 7.302530198878170228e-04
5.347602794637999750e+02 7.310470607188082051e-04 7.229980388217868009e-04
5.370332369356999607e+02 7.193250518204367646e-04 7.121678588224334035e-04
5.392081659356999808e+02 7.082360938463042087e-04 7.019229534117289119e-04
5.400809219637999377e+02 7.038574236277804312e-04 6.978750589628366025e-04
5.422745204638000587e+02 6.931049224786195841e-04 6.879245723731507427e-04
5.445288084356999434e+02 6.821349318362133736e-04 6.777672052661861193e-04
5.458217426841000588e+02 6.760477269175911574e-04 6.721165565643423025e-04
5.476511699637999300e+02 6.674821664649721814e-04 6.641652763443825795e-04
5.498867894357000523e+02 6.572465746713340674e-04 6.546371580086912147e-04
5.521177254356999811e+02 6.472063189638608540e-04 6.452718199176534072e-04
5.552819802153999262e+02 6.334421630773159851e-04 6.323801803089596982e-04
5.585164824638000027e+02 6.197038004368729102e-04 6.194624612996149204e-04
5.607847564638000222e+02 6.103782697242734773e-04 6.106500075472474573e-04
5.629830379357000538e+02 6.015066442385041479e-04 6.022387411856876434e-04
5.649200501840999777e+02 5.938836271417607428e-04 5.949768709041423041e-04
5.662920884637999279e+02 5.885126253467981268e-04 5.898603214088053801e-04
5.684717009356999142e+02 5.802699754678405193e-04 5.819504444807444433e-04
5.707773124356999688e+02 5.716202651001946232e-04 5.736375382338326084e-04
5.718367574638000406e+02 5.677419154476192643e-04 5.698913200406989076e-04
5.741610384638000824e+02 5.594093941565127367e-04 5.618080713150606399e-04
5.763219824356999652e+02 5.517360035578311580e-04 5.543503579080152942e-04
5.778389436841000588e+02 5.465340107622465582e-04 5.492553406066934697e-04
5.797617149638000456e+02 5.399735077411558842e-04 5.428296140024930442e-04
5.819039899356999967e+02 5.328534380909620690e-04 5.358134269788295727e-04
5.842656089356999018e+02 5.251463654233371955e-04 5.281889599556915081e-04
5.853997299637999276e+02 5.214732582915094367e-04 5.245525335131496353e-04
5.876121241840999119e+02 5.145625889479351093e-04 5.176485925962924593e-04
5.899036229357000138e+02 5.074131837688289999e-04 5.105057296312425419e-04
5.910750819638000166e+02 5.038820154686361220e-04 5.069494076888873433e-04
5.934740379638000149e+02 4.967198179214781179e-04 4.997257756656068488e-04
5.955789749357001028e+02 4.905322907375943850e-04 4.934663364696553279e-04
5.974973181840999814e+02 4.850511075137381618e-04 4.878881425674126433e-04
5.992053969638000126e+02 4.801936405263180357e-04 4.829445932876762736e-04
6.012916649356999415e+02 4.744228598519051234e-04 4.770351402372608796e-04
6.037279594356999723e+02 4.677560504126685044e-04 4.701943876288082881e-04
6.049740939637999873e+02 4.643996630060910516e-04 4.667427024597665410e-04
6.074290569638000079e+02 4.579732294141837501e-04 4.601004676041330565e-04
6.107801284637999970e+02 4.493202607738047455e-04 4.511368445417736849e-04
6.132537604637999493e+02 4.430830304301813100e-04 4.446521781598096836e-04
6.153026909356999568e+02 4.380077593666664671e-04 4.393649278957196549e-04
6.174917336840999269e+02 4.327103877168123731e-04 4.338312229047449828e-04
6.191158024637999233e+02 4.287974525139761814e-04 4.297436351490975504e-04
6.211460639356999991e+02 4.240244124317304824e-04 4.247452567537445402e-04
6.236570339357000421e+02 4.181595931485396493e-04 4.186007161765786908e-04
6.250151819637999324e+02 4.150393843466716444e-04 4.153297847352621034e-04
6.275448204637999652e+02 4.093466556783883679e-04 4.093566907108767746e-04
6.295564124356999400e+02 4.048316070701935129e-04 4.046190405917055033e-04
6.310080326841000442e+02 4.016543041871877950e-04 4.012867636799916874e-04
6.335002064638000547e+02 3.962209379906196085e-04 3.955880616964843957e-04
6.354931299356999261e+02 3.919413385194688384e-04 3.911029472474029630e-04
6.378221891841000115e+02 3.870296694881202124e-04 3.859608504201851977e-04
6.394929299638000657e+02 3.835207566114370642e-04 3.822872441779946989e-04
6.414671844357000055e+02 3.794646307655780994e-04 3.780538067528385181e-04
6.440528304357000025e+02 3.741813235597021034e-04 3.725418282196895498e-04
6.455229919637999956e+02 3.712134930137191624e-04 3.694521694682314800e-04
6.480994306840999570e+02 3.660881178774984344e-04 3.641319223725532415e-04
6.515625156841000489e+02 3.592802949833421309e-04 3.570835071757965415e-04
6.542133749637999927e+02 3.541552600924770559e-04 3.517959676091282541e-04
6.561502919357000110e+02 3.504540954427750373e-04 3.479886853385918423e-04
6.584886856841000053e+02 3.460521530422212160e-04 3.434800764351693490e-04
6.603367814637999800e+02 3.425865698648225695e-04 3.399304317827255202e-04
6.622550294356998393e+02 3.390548081984716714e-04 3.363366241971211417e-04
6.649153504356999065e+02 3.341866860251932925e-04 3.313891376104977798e-04
6.664975254638000024e+02 3.313189204962500660e-04 3.284827667163060620e-04
6.689339476841000760e+02 3.269641566397659457e-04 3.240936649439026896e-04
6.710760949356999845e+02 3.231456417417096828e-04 3.202448875505659932e-04
6.726956074638000018e+02 3.203129454647487065e-04 3.174100600024657901e-04
6.753932664638001597e+02 3.156249731048425540e-04 3.127244047223736259e-04
6.772741764357001557e+02 3.123860783100728907e-04 3.094948086068332401e-04
6.794912226840999665e+02 3.086317338570901338e-04 3.057729605230193569e-04
6.816473559638000097e+02 3.049936827028203678e-04 3.021663015522526034e-04
6.835095969357000740e+02 3.018994478388335669e-04 2.991158799778826337e-04
6.862445939357000952e+02 2.973925206843211814e-04 2.946819638979221250e-04
6.879387824637999529e+02 2.946222525054230639e-04 2.919600896022024107e-04
6.901045046840999930e+02 2.911493133390603057e-04 2.885672678053924356e-04
6.925360204357000384e+02 2.872620768450880068e-04 2.847695829396819692e-04
6.942675469637999868e+02 2.845434483691277987e-04 2.821241118239695427e-04
6.970398814637999294e+02 2.802392686109637650e-04 2.779444683739977560e-04
6.988647844356999030e+02 2.774212783632911566e-04 2.752093636980514936e-04
7.008298001841000087e+02 2.744503069696164772e-04 2.723383410910123212e-04
7.034246529638000993e+02 2.705397988032416851e-04 2.685592910292835460e-04
7.052308869357001413e+02 2.678630903779349740e-04 2.659777912643124589e-04
7.080173346841000921e+02 2.637974740091619135e-04 2.620634907214660541e-04
7.116111021841001048e+02 2.586422681742114697e-04 2.571059524793862551e-04
7.144626689357000942e+02 2.546232497130815299e-04 2.532457687808235933e-04
7.163062089638000316e+02 2.520642873753575915e-04 2.507889959406311791e-04
7.188546441841000387e+02 2.485903644948861272e-04 2.474559298567061681e-04
7.209221159357001625e+02 2.457814567698915335e-04 2.447608325021679589e-04
7.228029934637999077e+02 2.432932999510926942e-04 2.423730112780157308e-04
7.256686729637999633e+02 2.395314872223320809e-04 2.387627333727653227e-04
7.274189004357000385e+02 2.372600260176735182e-04 2.365819601284029202e-04
7.298039666841000326e+02 2.342417321618069266e-04 2.336810211881643832e-04
7.322214649638000310e+02 2.311915236806182680e-04 2.307492943313587200e-04
7.339530234357000609e+02 2.290601799397120892e-04 2.286971285455285604e-04
7.368560404357000380e+02 2.255335688545499013e-04 2.252988027212596853e-04
7.388115939637999645e+02 2.231769443739112170e-04 2.230266415746798053e-04
7.408092961840999351e+02 2.208393541064803756e-04 2.207661031807822845e-04
7.434461699357000271e+02 2.177653188581224952e-04 2.177932340142089778e-04
7.454390614638000443e+02 2.154914569060087696e-04 2.155890720654272193e-04
7.482021891840998933e+02 2.123976534769166688e-04 2.125840473332566815e-04
7.500736369356999376e+02 2.103097161238636002e-04 2.105559707683584054e-04
7.521038664638000455e+02 2.081192116190206103e-04 2.084184249895011470e-04
7.550628904638000449e+02 2.049450573170665630e-04 2.053195646540133289e-04
7.567384419356999388e+02 2.031750513520120443e-04 2.035884278966485774e-04
7.593755386840999790e+02 2.004622252412965270e-04 2.009254171433007686e-04
7.617837019638000129e+02 1.979917006905588335e-04 1.985001455877328147e-04
7.634405849357000307e+02 1.963424323139888997e-04 1.968738930246316976e-04
7.664369469356998934e+02 1.933938913176124191e-04 1.939628531188101307e-04
7.685418519638000134e+02 1.913439908586673740e-04 1.919366296448122005e-04
7.706048951841000871e+02 1.893947374593687820e-04 1.900010849160991893e-04
7.731950964357000657e+02 1.869573485006146706e-04 1.875807145801387029e-04
7.753373394638000491e+02 1.849870341374162377e-04 1.856180627611715554e-04
7.781471396841000114e+02 1.824512988524433943e-04 1.830858075520718842e-04
7.799905844357000433e+02 1.807942652141736111e-04 1.814310023973303996e-04
7.821701649638000617e+02 1.789004828071092995e-04 1.795306991605582895e-04
7.852225334638000049e+02 1.762652135839050860e-04 1.768848172197071437e-04
7.868234094357000004e+02 1.749032918869260493e-04 1.755153484800799188e-04
7.895445161840999617e+02 1.726506944446629024e-04 1.732425597546915109e-04
7.921113654637999844e+02 1.705311058120617467e-04 1.711038887621123316e-04
7.936935724357000481e+02 1.692618650184808671e-04 1.698189633629778163e-04
7.967832789356999683e+02 1.668127443450587491e-04 1.673370705898774634e-04
7.990375354638000545e+02 1.650418243961135974e-04 1.655412577850232602e-04
8.009978996841000480e+02 1.635471926170132932e-04 1.640210181830769590e-04
8.037094489357000384e+02 1.614890008428961315e-04 1.619274936892617497e-04
8.060010434637999879e+02 1.597828356795416755e-04 1.601894875277046562e-04
8.086894956841000521e+02 1.578192725131964040e-04 1.581862569634194754e-04
8.106729569357000855e+02 1.563769881570850834e-04 1.567147964376761895e-04
8.130018889637999564e+02 1.547310860933673999e-04 1.550326176535283553e-04
8.161476024638000126e+02 1.525277955852729933e-04 1.527797510161668128e-04
8.176738029356999959e+02 1.514691177573163994e-04 1.516969582276491302e-04
8.203108991840999806e+02 1.496915914735182486e-04 1.498768324270776666e-04
8.232044544637999479e+02 1.477455226422454430e-04 1.478840679869913442e-04
8.247119859356999996e+02 1.467548486754399262e-04 1.468691714158532925e-04
8.278950374357000328e+02 1.446949194136697711e-04 1.447583963862404666e-04
8.302986454638000851e+02 1.431471137218594204e-04 1.431723747723542947e-04
8.319883101840999871e+02 1.420894939335355938e-04 1.420887251958842588e-04
8.349892279357000007e+02 1.402199411845105840e-04 1.401731623419890283e-04
8.374301734638000880e+02 1.387204462884218811e-04 1.386372338360555747e-04
8.398292571841000154e+02 1.372759887591646212e-04 1.371583918736645846e-04
8.421207559356998900e+02 1.359027800081778943e-04 1.357524884669329961e-04
8.445990394638000680e+02 1.344487433271311411e-04 1.342653303991745209e-04
8.477075421841000207e+02 1.326469750863138472e-04 1.324233897845920839e-04
8.492896219356999836e+02 1.317340845358826846e-04 1.314901252887904675e-04
8.518052429637999694e+02 1.303231888673423442e-04 1.300505968606667018e-04
8.550629694637999592e+02 1.285024963663512440e-04 1.281931035326689533e-04
8.564958254356999987e+02 1.277129877868222129e-04 1.273884203888883942e-04
8.596089796841000634e+02 1.260315523242914733e-04 1.256774878837303602e-04
8.623251804637999385e+02 1.245673716994822439e-04 1.241876051076113926e-04
8.637393674357000464e+02 1.238232127103823586e-04 1.234324040942294662e-04
8.670344319357000131e+02 1.221026420687546540e-04 1.216869942844040641e-04
8.696247284638000110e+02 1.207613366197869947e-04 1.203272932503918804e-04
8.715664236841000729e+02 1.197781794052267220e-04 1.193333127067456201e-04
8.743339799356999720e+02 1.183837539760174791e-04 1.179235669796099926e-04
8.769616149637998888e+02 1.170784748906256634e-04 1.166062813358946862e-04
8.795940606840998726e+02 1.157900649446734872e-04 1.153085263263381184e-04
8.816708664356999634e+02 1.147785695100626895e-04 1.142896995029589772e-04
8.843358389638000290e+02 1.135069931618621112e-04 1.130125918592992903e-04
8.876590346841001065e+02 1.119359061093741964e-04 1.114362660082635477e-04
8.917195251841000072e+02 1.100572664689420521e-04 1.095562521571327047e-04
8.951171414638000670e+02 1.085015332113244152e-04 1.080014631156404800e-04
8.964566524357001072e+02 1.078976776023078145e-04 1.073991043245667326e-04
8.998405061841000361e+02 1.063977574926865279e-04 1.059060489022006877e-04
9.039009966841000505e+02 1.046151881712396176e-04 1.041337496788878706e-04
9.073126304357001572e+02 1.031500369836599497e-04 1.026808046317461868e-04
9.100896164638000982e+02 1.019680495247095390e-04 1.015096856455752753e-04
9.120779841840999325e+02 1.011386809555364581e-04 1.006901328531924905e-04
9.148175369356999909e+02 1.000020182006213442e-04 9.956693998435070699e-05
9.176318609638000225e+02 9.885037783256755083e-05 9.843070838945013111e-05
9.202923101840999607e+02 9.777692741029599978e-05 9.737334145910250675e-05
9.223597814356999152e+02 9.694712643165901149e-05 9.655597643852926136e-05
9.252114429637999820e+02 9.582516871292818834e-05 9.545303329149721304e-05
9.285439731841000821e+02 9.452613046058867124e-05 9.417696856566715104e-05
9.299393634357001019e+02 9.398498491741314365e-05 9.364538868463423080e-05
9.328283629637999184e+02 9.289237305631472597e-05 9.257436619269588860e-05
9.363101169638000556e+02 9.157917007741105619e-05 9.128721832791413318e-05
9.375562834357000384e+02 9.111608348506655653e-05 9.083361494426182858e-05
9.410054781841000704e+02 8.985854837569970019e-05 8.960299232286400312e-05
9.439830439638001280e+02 8.877453801861288408e-05 8.854216449469238344e-05
9.452105419356998937e+02 8.833875243707905404e-05 8.811606758256429527e-05
9.487296334357000660e+02 8.709743086780078500e-05 8.690238694695165574e-05
9.516933084638000082e+02 8.606035392565630554e-05 8.588843241830279953e-05
9.535229906840997955e+02 8.543430570220754861e-05 8.527644043397069489e-05
9.564398984356998881e+02 8.444188168244933976e-05 8.430629073949305694e-05
9.594409114637999210e+02 8.343470463931902193e-05 8.332149522032164307e-05
9.619240051840999968e+02 8.261537985915287511e-05 8.252013963908998021e-05
9.641875004357000307e+02 8.187272447809748643e-05 8.179376320700529259e-05
9.672258514637998132e+02 8.089538152739813865e-05 8.083708581353257522e-05
9.703623576841000613e+02 7.989834549046045899e-05 7.986069583865152127e-05
9.719724409356999786e+02 7.938932593099598675e-05 7.936221059745195638e-05
9.750481299638000792e+02 7.844092474236292643e-05 7.843191349129803472e-05
9.786418974637999781e+02 7.733913289527057956e-05 7.735084006201548425e-05
9.797947194356999034e+02 7.698905485247356051e-05 7.700720332586177927e-05
9.831038971840998784e+02 7.601046257457540396e-05 7.604461623141895311e-05
9.865201824637999835e+02 7.500136676779036913e-05 7.505200471622006217e-05
9.876543354356998634e+02 7.467411059632045583e-05 7.472939635168738735e-05
9.912854404357001386e+02 7.363956970055865069e-05 7.370867474221750920e-05
9.944358049637999102e+02 7.274640808353297354e-05 7.282709634786570642e-05
9.959014426841000613e+02 7.234168698879899558e-05 7.242642355871406327e-05
9.992010634357000072e+02 7.143584906635176896e-05 7.152960350424269987e-05
1.002388765963799983e+03 7.057072153500596140e-05 7.067210241877742863e-05
1.004489146684100092e+03 7.001297971781556180e-05 7.011789350927448276e-05
1.007154023935700138e+03 6.930947380215408276e-05 6.941881148751140210e-05
1.010379064463799978e+03 6.847196385153252499e-05 6.858495759417773284e-05
1.013114188684099986e+03 6.777253922201363948e-05 6.788729867219091101e-05
1.015144322435700019e+03 6.725635180862339255e-05 6.737239375880792647e-05
1.018406698963799954e+03 6.644534741623056811e-05 6.656124961780216529e-05
1.021776566684100089e+03 6.561633975417732354e-05 6.573117203422375147e-05
1.023171958935699990e+03 6.527496969024784278e-05 6.538935340756571078e-05
1.026471674963800069e+03 6.448953303713511370e-05 6.460034069941107779e-05
1.030196124963800230e+03 6.360686706401340253e-05 6.371331606868187907e-05
1.031236933435699939e+03 6.336308754331672181e-05 6.346812307994176945e-05
1.034854146184099818e+03 6.253552042466080081e-05 6.263371870190958515e-05
1.038317103463800095e+03 6.174397482332938001e-05 6.183561465509896055e-05
1.039339246935699975e+03 6.151642689839697490e-05 6.160562025393162089e-05
1.043101034935700000e+03 6.068658113642233097e-05 6.076649811650408579e-05
1.046475422824400084e+03 5.994667025466810374e-05 6.001803959303527158e-05
1.047987732544700066e+03 5.962324828698943986e-05 5.969024766920313869e-05
1.051259351435699955e+03 5.892782657718145681e-05 5.898538585530778666e-05
1.054671079324399898e+03 5.821042167704991969e-05 5.825781831340487291e-05
1.056799462544699963e+03 5.777136672272561150e-05 5.781204591928422530e-05
1.059455006935700112e+03 5.722687445354431485e-05 5.725919426793743869e-05
1.062904073463799932e+03 5.652998753888302541e-05 5.655122855751961157e-05
1.065648531184099966e+03 5.598305235876998469e-05 5.599532515102722548e-05
1.067688001435700016e+03 5.557906107724740359e-05 5.558469283772441571e-05
1.071174407963800149e+03 5.490223993303426674e-05 5.489655385470332895e-05
1.074534941184100035e+03 5.425631091079811431e-05 5.423974221660459003e-05
1.075958334935700123e+03 5.398433584421370978e-05 5.396317773681832362e-05
1.079482076463800013e+03 5.332558733751813424e-05 5.329348602487620802e-05
1.083337208963799867e+03 5.260824939254385630e-05 5.256425475011037728e-05
1.084266007435699976e+03 5.243687906201311360e-05 5.239006251933197439e-05
1.087948561184099844e+03 5.177378519728750004e-05 5.171657952584641696e-05
1.091700884963799808e+03 5.109858170643686925e-05 5.103078545093465062e-05
1.092611013435699988e+03 5.093836799230579582e-05 5.086824791402539683e-05
1.096503483935700160e+03 5.026041066196956851e-05 5.018065959896502365e-05
1.100101900463799893e+03 4.963621317608784281e-05 4.954772929814975558e-05
1.101418186184100023e+03 4.941261866921417995e-05 4.932140423198508143e-05
1.104904497935699965e+03 4.882409369029269182e-05 4.872568526656863329e-05
1.108540254463800238e+03 4.821523565790257341e-05 4.810978793857888160e-05
1.110453946184100005e+03 4.790020666941291884e-05 4.779165617976086062e-05
1.113342850935699971e+03 4.742762656349206732e-05 4.731442114398852624e-05
1.117015943824399983e+03 4.683429519914921574e-05 4.671593863814834258e-05
1.119527042544699952e+03 4.643464457830926253e-05 4.631339921383766887e-05
1.121818542935699952e+03 4.607222106479535729e-05 4.594835881516696520e-05
1.125528972081699976e+03 4.549420943908807002e-05 4.536716454525168606e-05
1.128637473801999931e+03 4.501480273580608991e-05 4.488564271359722895e-05
1.130331568435699864e+03 4.475511856750534961e-05 4.462481588847948342e-05
1.134079339963800066e+03 4.419134289939910559e-05 4.405980844677694341e-05
1.137785246184099833e+03 4.363752487180673907e-05 4.350514302453529412e-05
1.138881933435699921e+03 4.347460147442940980e-05 4.334197087736617695e-05
1.142667042581699889e+03 4.292494538757869125e-05 4.279292891189695306e-05
1.146671526081699994e+03 4.234494088071663999e-05 4.221368764445840749e-05
1.147469641935699883e+03 4.223080969257337925e-05 4.209981836586883653e-05
1.151492794935699976e+03 4.166593004495051288e-05 4.153722108536405847e-05
1.155315236463800147e+03 4.112988676770664722e-05 4.100337248397022257e-05
1.156192801184099835e+03 4.100975681616859936e-05 4.088402170568782175e-05
1.160136501435699984e+03 4.047328950094224506e-05 4.035106420314867086e-05
1.163996285581700022e+03 3.995116627736549725e-05 3.983255964387634690e-05
1.165452588802000037e+03 3.975806772077223521e-05 3.964114323663314818e-05
1.168817551935699839e+03 3.931469497241008151e-05 3.920165715570804411e-05
1.172714673463799954e+03 3.880612176201391096e-05 3.869785561265435457e-05
1.174749711184100306e+03 3.854524175156652380e-05 3.843974804570968092e-05
1.177535936435700023e+03 3.819029124024582640e-05 3.808858774788975769e-05
1.181470397963799769e+03 3.769551721951469879e-05 3.759945372886198099e-05
1.184084176184100215e+03 3.737132984654904593e-05 3.727921233765703985e-05
1.186291664435699886e+03 3.709923379171918426e-05 3.701044009294728683e-05
1.190263458581699979e+03 3.661787783847280953e-05 3.653530428076934489e-05
1.193455973801999789e+03 3.623502180497142422e-05 3.615755209415949897e-05
1.195084726935699791e+03 3.604090500983380465e-05 3.596602938395495301e-05
1.199093858463799961e+03 3.557305685149536037e-05 3.550470123570989095e-05
1.202865106184099886e+03 3.513608810145498173e-05 3.507389014502089957e-05
1.203915122935700083e+03 3.501515921636507719e-05 3.495466695661327396e-05
1.207961595824400092e+03 3.456027265466745372e-05 3.450633348919453648e-05
1.212115430824400164e+03 3.409475734882392244e-05 3.404753107281120999e-05
1.212782862935699995e+03 3.402085493157136768e-05 3.397469234828620220e-05
1.216955366935699885e+03 3.356861976809676215e-05 3.352896905348046652e-05
1.221039176081699907e+03 3.312649367036794569e-05 3.309320042140357048e-05
1.221795393801999808e+03 3.304689548921346370e-05 3.301471275940618983e-05
1.225879109935699944e+03 3.261982425887383595e-05 3.259361390397021873e-05
1.230000257824400251e+03 3.219126755764804495e-05 3.217099317041801623e-05
1.231316542544700269e+03 3.205757957549224858e-05 3.203906680707508607e-05
1.234840191935699977e+03 3.170203664408892939e-05 3.168821593605310844e-05
1.238998678463799934e+03 3.128620349224146108e-05 3.127772871081244154e-05
1.240875031184099953e+03 3.110214392987022759e-05 3.109588863111822698e-05
1.243838612435700043e+03 3.081336469020107721e-05 3.081059402913378936e-05
1.248034436581700220e+03 3.040999100190999214e-05 3.041184189415075203e-05
1.250470858802000066e+03 3.017968876385238288e-05 3.018399382520533362e-05
1.252874372435700025e+03 2.995399134948786442e-05 2.996070046756981964e-05
1.257107533963800051e+03 2.956304005154948068e-05 2.957354673221415149e-05
1.260104021184100020e+03 2.928978783497806560e-05 2.930275120268250173e-05
1.261947465935699938e+03 2.912280026409571661e-05 2.913726268504327551e-05
1.266217967463799823e+03 2.874383956376423254e-05 2.876121003609569821e-05
1.269774526184099841e+03 2.843113699908830875e-05 2.845072850132075796e-05
1.271057903435699927e+03 2.831903545078361632e-05 2.833942101724946263e-05
1.275365739963800024e+03 2.795190133656432529e-05 2.797427486604848763e-05
1.279482366184099874e+03 2.760306035219211915e-05 2.762719888778151689e-05
1.280205674935700017e+03 2.754215085649253859e-05 2.756659678053617886e-05
1.284550847824399852e+03 2.718604812402036005e-05 2.721156129840460018e-05
1.288872703324399936e+03 2.683237211942185473e-05 2.685890865792294488e-05
1.289390785435700082e+03 2.679090739080658916e-05 2.681750362082802161e-05
1.293731311435700036e+03 2.644847521667128632e-05 2.647531093006454567e-05
1.298113822963799976e+03 2.610374958209030061e-05 2.613075718091839025e-05
1.299010056184099994e+03 2.603493172554055034e-05 2.606184185832886402e-05
1.302972421435700198e+03 2.573274915728756307e-05 2.575921335178564216e-05
1.307392272963799996e+03 2.539811317290459043e-05 2.542393359321915114e-05
1.308829911184099956e+03 2.529185402628795725e-05 2.531729915457404942e-05
1.312250881435699966e+03 2.504073273782499599e-05 2.506527520627890298e-05
1.316708067963799976e+03 2.471668196347487963e-05 2.473985142233197873e-05
1.318687101184100129e+03 2.457534928654610867e-05 2.459774377597431072e-05
1.321566671435700073e+03 2.437108739662009326e-05 2.439234907117484119e-05
1.326061195581700076e+03 2.405660410535079716e-05 2.407587821333580602e-05
1.328581628802000068e+03 2.388301659554817604e-05 2.390103572063110766e-05
1.330919801435700037e+03 2.372306074753682570e-05 2.373991381915227679e-05
1.335451662963799890e+03 2.341792279286408749e-05 2.343230251372350188e-05
1.338513491184100076e+03 2.321414709330427102e-05 2.322675408997780289e-05
1.340310266435699987e+03 2.309538450897239309e-05 2.310695165700122765e-05
1.344879469324400134e+03 2.279904884804530177e-05 2.280779547455029515e-05
1.348482697544699931e+03 2.256734293346975061e-05 2.257380679401047065e-05
1.349738071435699794e+03 2.248715728686520677e-05 2.249282744763840975e-05
1.354344610581699953e+03 2.219930802933039749e-05 2.220196261567371202e-05
1.358489238802000045e+03 2.194172697232126470e-05 2.194164776745857799e-05
1.359203216435700142e+03 2.189764570829371248e-05 2.189709736849454415e-05
1.363847094324399905e+03 2.161743232107596842e-05 2.161382413088206933e-05
1.368336969324399888e+03 2.134704317808903127e-05 2.134047473533372548e-05
1.368705696435700020e+03 2.132520624513903291e-05 2.131840007937167537e-05
1.373214241435699932e+03 2.106250697463337188e-05 2.105284227350620106e-05
1.377895457963800027e+03 2.079033846340545445e-05 2.077772075070913706e-05
1.378614336184100011e+03 2.074945734082673293e-05 2.073641708994295927e-05
1.382772726435699951e+03 2.051464560459329481e-05 2.049916852196860146e-05
1.387491280581699812e+03 2.024954547523671156e-05 2.023136184535068640e-05
1.388732893801999808e+03 2.018112329601198595e-05 2.016229368071628580e-05
1.392368556435699929e+03 1.998218249726993353e-05 1.996146850512232914e-05
1.397124447963800094e+03 1.972391041761149526e-05 1.970084909688627823e-05
1.398888786184100127e+03 1.962967394488507891e-05 1.960584214921397395e-05
1.402001716435700018e+03 1.946453608327512421e-05 1.943935119818984800e-05
1.406794947963800041e+03 1.921281004299441741e-05 1.918572938779085767e-05
1.409082021184100086e+03 1.909437507901727397e-05 1.906651602727010538e-05
1.411672221435700067e+03 1.896120857107779458e-05 1.893247289909588715e-05
1.416502785581699982e+03 1.871565127876106407e-05 1.868553912749896956e-05
1.419312588801999937e+03 1.857427785873400246e-05 1.854350096348800680e-05
1.421380061435699872e+03 1.847097484498394615e-05 1.843971233235604530e-05
1.426247962963800092e+03 1.823101729881610215e-05 1.819893623237608398e-05
1.429580491184100083e+03 1.806806476769019426e-05 1.803555208934553937e-05
1.431125236435700117e+03 1.799306549764559859e-05 1.796035486173999305e-05
1.436030480581699976e+03 1.775910480974719562e-05 1.772614386922812820e-05
1.439885738802000105e+03 1.757643354800322901e-05 1.754338040458787315e-05
1.440907751435699993e+03 1.752834992842794160e-05 1.749527327855119046e-05
1.445850332963799929e+03 1.730001941486366854e-05 1.726724467365567739e-05
1.450228321184100196e+03 1.709852159887822288e-05 1.706608181446390412e-05
1.450727601435700080e+03 1.707569632691837881e-05 1.704329482333826802e-05
1.455684073215400076e+03 1.685378324162463003e-05 1.682219002162224286e-05
1.460584796435700127e+03 1.663483192382852891e-05 1.660407909751181698e-05
1.465280031435700039e+03 1.643032403087317172e-05 1.640073375921082704e-05
1.470297284324399925e+03 1.621239744441185074e-05 1.618408367797605021e-05
1.471025497544700102e+03 1.618140048922012540e-05 1.615331449139687574e-05
1.475193226435700126e+03 1.600521765404905037e-05 1.597843405794102350e-05
1.480247822963799990e+03 1.579263328616860619e-05 1.576748096874712945e-05
1.481480096184100148e+03 1.574175222688818765e-05 1.571704568826702477e-05
1.485143761435700071e+03 1.559156028414001314e-05 1.556817706739752210e-05
1.490235692963800147e+03 1.538439472417050134e-05 1.536290194179785936e-05
1.491972031184099933e+03 1.531490719122010071e-05 1.529409798078189072e-05
1.495131636435700102e+03 1.518935957496432657e-05 1.516979189376079243e-05
1.500260902963800163e+03 1.498736574103814866e-05 1.496984579434585299e-05
1.502501301184100157e+03 1.490025599582269263e-05 1.488365064729076833e-05
1.505156846435699890e+03 1.479773926681173002e-05 1.478221562909350603e-05
1.510323452963799809e+03 1.460052739202579857e-05 1.458710860940923280e-05
1.513067911184100012e+03 1.449690870814491621e-05 1.448460787622012139e-05
1.515219396435699991e+03 1.441625798407294943e-05 1.440483143454383922e-05
1.520423342963799996e+03 1.422385698956453902e-05 1.421449810161292894e-05
1.523671861184100180e+03 1.410483409702077725e-05 1.409674636661627906e-05
1.525319281435700077e+03 1.404490695898644359e-05 1.403746217999910753e-05
1.530560562963800066e+03 1.385775261008315614e-05 1.385225059895869737e-05
1.534313146184100106e+03 1.372482394847068977e-05 1.372068092010470684e-05
1.535456506435700021e+03 1.368460437616482670e-05 1.368087424444314637e-05
1.540735124324400203e+03 1.350195216201588903e-05 1.349996723660994384e-05
1.544991767544699997e+03 1.335529445370144911e-05 1.335468267756593063e-05
1.545631066435700177e+03 1.333342471728334849e-05 1.333301853182545188e-05
1.550947024324400218e+03 1.315598584768250265e-05 1.315706713582624389e-05
1.555810279324399971e+03 1.299419389666586861e-05 1.299660942708136069e-05
1.560827443215399853e+03 1.283186579141344442e-05 1.283539817000697690e-05
1.566078187963800019e+03 1.266237734067514842e-05 1.266704928873420062e-05
1.570978777963799985e+03 1.250882157734178903e-05 1.251429911871075991e-05
1.576378781435699921e+03 1.234039619689482827e-05 1.234671115235274824e-05
1.581298041435700043e+03 1.219110367698459898e-05 1.219794679902880819e-05
1.586702696435699863e+03 1.202833451677175962e-05 1.203568290448231120e-05
1.591640626435699915e+03 1.188324042409599265e-05 1.189084751533642055e-05
1.597063946435700018e+03 1.172539758195373370e-05 1.173319280363245748e-05
1.602020546435699998e+03 1.158393842185588242e-05 1.159173565210181978e-05
1.607462536435700258e+03 1.143077346436856625e-05 1.143846481165302533e-05
1.609847601184100085e+03 1.136466031839846214e-05 1.137224209426387846e-05
1.612498462963800193e+03 1.129169863183202992e-05 1.129915823229586719e-05
1.617898466435699902e+03 1.114489169015425057e-05 1.115199080389710859e-05
1.620787591184099938e+03 1.106724863417686357e-05 1.107409976910462879e-05
1.622971727963800049e+03 1.100896218111203101e-05 1.101562559342139298e-05
1.628371731435699985e+03 1.086699457353666059e-05 1.087308617890051860e-05
1.631764917544699983e+03 1.077865255133555397e-05 1.078434136724060400e-05
1.633482329324399871e+03 1.073425262169826501e-05 1.073973737835438050e-05
1.638882331435700053e+03 1.059706219260733343e-05 1.060181123511221161e-05
1.642779578802000060e+03 1.049880855907575057e-05 1.050299710532254596e-05
1.644030270581700279e+03 1.046748606514371090e-05 1.047149458826184402e-05
1.649430271435700206e+03 1.033471447724986987e-05 1.033787165756864852e-05
1.653831581184099832e+03 1.022705073304724135e-05 1.022949739620048374e-05
1.654615552963800155e+03 1.020800498941703638e-05 1.021032497911432697e-05
1.660015556435699864e+03 1.007957275297109137e-05 1.008097334459855286e-05
1.664920923802000061e+03 9.963270028103946276e-06 9.963828938406300473e-06
1.665238165581699832e+03 9.955799134713093395e-06 9.956303557831399216e-06
1.670488688215400089e+03 9.834935188931397232e-06 9.834524789329157488e-06
1.675725446435700178e+03 9.714556248818829952e-06 9.713232860685498473e-06
1.676047596184100030e+03 9.707318302841285731e-06 9.705939719785547127e-06
1.681004067963800026e+03 9.596683929240048709e-06 9.594458327403614084e-06
1.686404071435700189e+03 9.476501947126214894e-06 9.473358788112029225e-06
1.687211613802000102e+03 9.458913387471122841e-06 9.455639421330401615e-06
1.691720030581699802e+03 9.361359778655542786e-06 9.357355669591716459e-06
1.697120031435699957e+03 9.245044051368894942e-06 9.240180353676942217e-06
1.698412966184100014e+03 9.217683429575857667e-06 9.212628294074832013e-06
1.702473332963800203e+03 9.132314106226075562e-06 9.126657389619332404e-06
1.707873336435699912e+03 9.019534597916866399e-06 9.013105503673377110e-06
1.709651661184099794e+03 8.983003175662739316e-06 8.976342351078731640e-06
1.713263967963799814e+03 8.909291252208910097e-06 8.902159161454370134e-06
1.718663971435699978e+03 8.800031006274410355e-06 8.792236918087222957e-06
1.720927688802000148e+03 8.754878834855132178e-06 8.746837014919685993e-06
1.724091940581699873e+03 8.692175149485741137e-06 8.683786476068161000e-06
1.729491941435699800e+03 8.586301434472741977e-06 8.577377819692130458e-06
1.732241051184099888e+03 8.533081777084549084e-06 8.523919732864766255e-06
1.734957252963800101e+03 8.480841438831348379e-06 8.471443330706159678e-06
1.740357256435699810e+03 8.378189150628750356e-06 8.368393791395625612e-06
1.743591757544700158e+03 8.317310216386478871e-06 8.307312541521426420e-06
1.745859904324400077e+03 8.274898964164101003e-06 8.264759050784528216e-06
1.751259906435700259e+03 8.175410831971661682e-06 8.165017314212133986e-06
1.754979798802000005e+03 8.107484689282076085e-06 8.096950222849266359e-06
1.756799890581699856e+03 8.074451275997296496e-06 8.063847602252012073e-06
1.762199891435699783e+03 7.977950066714871688e-06 7.967235928566972962e-06
1.766405178801999909e+03 7.903281267324569596e-06 7.892509666703804278e-06
1.767777220581699794e+03 7.879071336788915343e-06 7.868280860684445966e-06
1.773177221435699948e+03 7.785477572104247519e-06 7.774715282716082107e-06
1.777867896184099891e+03 7.704562820122976601e-06 7.693846172315503806e-06
1.778791882963799935e+03 7.688723974758101800e-06 7.678016266659639971e-06
1.784191886435700098e+03 7.597916287296817314e-06 7.587365877056878446e-06
1.789367953801999647e+03 7.511115159545371060e-06 7.500727341024735058e-06
1.789843885581700079e+03 7.503183393386053699e-06 7.492810519556628768e-06
1.795243886435700006e+03 7.415124201271223729e-06 7.405025908384351154e-06
1.800905346184099926e+03 7.322982162723184349e-06 7.313179927438869214e-06
1.806263202963800268e+03 7.238153902478304542e-06 7.228717973319503163e-06
1.811663206435699976e+03 7.152842542225263219e-06 7.143781767923619694e-06
1.812480081184100072e+03 7.140194719538139361e-06 7.131201685032591798e-06
1.817408547963799947e+03 7.064327893819181368e-06 7.055742238439573850e-06
1.822808551435700110e+03 6.981537309484246736e-06 6.973407253995677026e-06
1.824092151184099976e+03 6.962240848018267924e-06 6.954231427100975668e-06
1.828591232963800167e+03 6.894997178192950486e-06 6.887409763732028171e-06
1.833991236435699875e+03 6.814748749251557636e-06 6.807677393482788983e-06
1.835741557544699845e+03 6.789182475271349759e-06 6.782288718330453176e-06
1.839811254324399897e+03 6.730082621375881572e-06 6.723601268963634902e-06
1.845211256435699852e+03 6.652248810455805633e-06 6.646321459529405146e-06
1.847428301184100064e+03 6.620777644684429727e-06 6.615084097581437936e-06
1.851068612963799978e+03 6.569408906158216500e-06 6.564098902623960901e-06
1.856468616435700142e+03 6.493930419603402668e-06 6.489189983917320839e-06
1.859152386184100124e+03 6.456930688159120542e-06 6.452474253800826602e-06
1.862363312963799899e+03 6.412931958363232432e-06 6.408815071900673516e-06
1.867763316435700062e+03 6.339790826236824720e-06 6.336237750266625996e-06
1.870913806184099940e+03 6.297634843689404282e-06 6.294406723332442821e-06
1.873695347963800259e+03 6.260624028366564685e-06 6.257682643959044651e-06
1.879095351435699968e+03 6.189749165442796370e-06 6.187345575248368565e-06
1.882712563802000204e+03 6.142770031760782230e-06 6.140717601039760711e-06
1.885064720581700158e+03 6.112406123539587513e-06 6.110581911153548986e-06
1.890464721435700085e+03 6.043751568584570598e-06 6.042419266850746508e-06
1.894548656184100309e+03 5.992260353933594488e-06 5.991287630466880268e-06
1.896471427963800124e+03 5.968158855527662797e-06 5.967355321606634681e-06
1.901871431435699833e+03 5.901603245607731930e-06 5.901230659818292138e-06
1.906422093802000063e+03 5.845875265522898601e-06 5.845852843622956676e-06
1.907915480581699967e+03 5.827698545144410047e-06 5.827790953451153495e-06
1.913315481435699894e+03 5.763259114606483287e-06 5.763707703362420906e-06
1.918332863802000020e+03 5.703671682316581634e-06 5.704439416095022497e-06
1.919396865581700013e+03 5.691110827636383497e-06 5.691946184140684879e-06
1.924796866435700167e+03 5.628718734563610197e-06 5.629826234263173936e-06
1.930280973801999608e+03 5.565534587921512247e-06 5.566910895904106280e-06
1.930915590581699917e+03 5.558265341533901974e-06 5.559672726585819695e-06
1.936315591435699844e+03 5.497794018090143167e-06 5.499384182670079113e-06
1.941869596435699805e+03 5.435627356662738715e-06 5.437404454981250488e-06
1.942471652963800125e+03 5.429012185234905608e-06 5.430803517465087690e-06
1.948044327963800015e+03 5.368518315069020461e-06 5.370411932938152462e-06
1.953444331435699723e+03 5.309979316922051181e-06 5.311968378295216802e-06
1.954289208802000076e+03 5.301026810745518799e-06 5.303018560003836503e-06
1.959656395581700053e+03 5.244456018678818821e-06 5.246464657078870297e-06
1.965056396435699980e+03 5.187725008474361727e-06 5.189741283997806914e-06
1.966349331184100265e+03 5.174413585095240813e-06 5.176415789689186343e-06
1.971305802963800033e+03 5.123640287462306859e-06 5.125588607250265588e-06
1.976705806435699969e+03 5.068605959692059979e-06 5.070481824207492702e-06
1.978446796184100322e+03 5.051199178916519510e-06 5.053034136026585717e-06
1.982992547963800234e+03 5.006002527371727577e-06 5.007730793021819285e-06
1.988392551435700170e+03 4.952676537522360077e-06 4.954261903348142951e-06
1.990581593802000043e+03 4.931420354891986524e-06 4.932930934216215755e-06
1.994716630581700429e+03 4.891486743685665090e-06 4.892856174816919058e-06
2.000116631435700356e+03 4.839780533813413599e-06 4.840949383678094541e-06
2.002753726184099833e+03 4.814907934317544642e-06 4.815964575358092561e-06
2.006478052963799882e+03 4.779990727461416863e-06 4.780888977794314860e-06
2.011878056435700046e+03 4.729870790911645833e-06 4.730525021689885346e-06
2.014963203802000180e+03 4.701602400130921897e-06 4.702106553011985304e-06
2.018276810581700374e+03 4.671421045808020168e-06 4.671764051328358288e-06
2.023676811435700074e+03 4.622792025239988361e-06 4.622862757038236477e-06
2.027210016184099914e+03 4.591314694736793863e-06 4.591201199688246443e-06
2.030112907963799898e+03 4.565595237802031298e-06 4.565330390450947275e-06
2.035512911435700062e+03 4.518408198866611373e-06 4.517858940806706665e-06
2.039494171184099969e+03 4.483956867985850737e-06 4.483196277028127910e-06
2.041986342963800098e+03 4.462508234668015982e-06 4.461615329245898536e-06
2.047386346435700034e+03 4.416697408044408579e-06 4.415523160063074795e-06
2.051815657544699661e+03 4.379400849733513548e-06 4.377997683908918458e-06
2.053897114324400263e+03 4.361976037213731100e-06 4.360465235395667938e-06
2.059297116435699991e+03 4.317466813268004144e-06 4.315691239282757507e-06
2.064174481184099932e+03 4.277490520995468314e-06 4.275479759270838711e-06
2.065845222963799642e+03 4.263871219905144330e-06 4.261779813258617734e-06
2.071245226435700260e+03 4.220619049009074947e-06 4.218291355344545899e-06
2.076570646184100042e+03 4.178143291856135465e-06 4.175587035492182862e-06
2.077830667963800352e+03 4.168149810905303742e-06 4.165539393071098501e-06
2.083230671435700060e+03 4.126119336912691578e-06 4.123311319773701978e-06
2.089004147544700118e+03 4.081294840512380521e-06 4.078278709658184559e-06
2.095230232544700357e+03 4.034033844830472811e-06 4.030835836557204098e-06
2.101068826435700430e+03 3.989854318489860544e-06 3.986491759729376828e-06
2.101913577963799980e+03 3.983543315626737210e-06 3.980160395165769467e-06
2.107719741184099803e+03 3.940726590902687586e-06 3.937230294668725060e-06
2.113983166184099900e+03 3.894688003819517881e-06 3.891076645980338766e-06
2.119863747963800051e+03 3.852469411809940594e-06 3.848794803279081469e-06
2.125263751435700215e+03 3.813790426780208417e-06 3.810061302918410902e-06
2.126528681184100151e+03 3.804895798772246279e-06 3.801164195019947999e-06
2.132017212963800375e+03 3.766491709978790780e-06 3.762749053995666848e-06
2.137417216435700084e+03 3.728826928740260254e-06 3.725079994161319310e-06
2.139111533801999940e+03 3.717181928740295622e-06 3.713445692307826635e-06
2.144208020581700112e+03 3.682343810331917253e-06 3.678639226606648824e-06
2.149608021435699811e+03 3.645637391928885644e-06 3.641975464099896487e-06
2.151731723802000033e+03 3.631454707815370860e-06 3.627822085823797757e-06
2.156436165581700152e+03 3.600201073067530799e-06 3.596632765927555880e-06
2.161836166435699852e+03 3.564562743350848023e-06 3.561078860915140388e-06
2.164389251184100431e+03 3.547959235801828273e-06 3.544527065744192067e-06
2.168701647963800042e+03 3.520061614556822798e-06 3.516716200228106860e-06
2.174101651435700205e+03 3.485390551426478380e-06 3.482164744810688349e-06
2.177084121184099786e+03 3.466471707574544290e-06 3.463322116708912491e-06
2.181004467963799925e+03 3.441729050158624856e-06 3.438679127503420891e-06
2.186404471435700088e+03 3.407969632287998168e-06 3.405066986049384677e-06
2.189816326184100035e+03 3.386885202411777472e-06 3.384083351061515117e-06
2.193344622963799793e+03 3.365195310801206048e-06 3.362497266920013758e-06
2.198744626435699956e+03 3.332349343189547131e-06 3.329817913137090953e-06
2.202585867544700250e+03 3.309214849526945534e-06 3.306806933759769807e-06
2.205722119324399955e+03 3.290428882110774365e-06 3.288121489773898680e-06
2.211122121435699682e+03 3.258517584352137069e-06 3.256388091649113073e-06
2.215392746184099906e+03 3.233515728024921325e-06 3.231529487887128758e-06
2.218136952963800013e+03 3.217530646181169019e-06 3.215636237855827501e-06
2.223536956435700176e+03 3.186534852507522777e-06 3.184821483635893984e-06
2.228236966184099856e+03 3.159757870523303382e-06 3.158202250964297465e-06
2.230589122963800037e+03 3.146418552465734735e-06 3.144941753966253155e-06
2.235989126435699745e+03 3.116170657958464881e-06 3.114870977131489255e-06
2.241118523802000254e+03 3.087577871798918270e-06 3.086445284745149441e-06
2.243078630581700054e+03 3.076711200268339705e-06 3.075642415425241089e-06
2.248478631435700208e+03 3.047406678249027808e-06 3.046504725328243118e-06
2.254037416184099584e+03 3.017398240300847126e-06 3.016666175555189090e-06
2.255605477963800240e+03 3.008976494573874538e-06 3.008292356680991484e-06
2.261005481435699949e+03 2.980506040722746513e-06 2.979972884518134026e-06
2.266993651184100145e+03 2.949025203171611946e-06 2.948657888374043770e-06
2.268169662963799965e+03 2.942873298025906224e-06 2.942538589097680581e-06
2.273569666435700128e+03 2.915159307861319786e-06 2.914955746500551815e-06
2.279665071435699701e+03 2.883909407613289507e-06 2.883853512883391797e-06
2.280771185581700138e+03 2.878295317270089893e-06 2.878264980502008534e-06
2.286493333802000507e+03 2.849745508983392462e-06 2.849830353961694215e-06
2.292285256435700376e+03 2.820867540355165100e-06 2.821068897427743291e-06
2.293410042963800151e+03 2.815352794514895491e-06 2.815573770630566606e-06
2.299542782963800164e+03 2.785618350812104619e-06 2.785936680374203855e-06
2.306086242963800032e+03 2.754029496050414206e-06 2.754446554492695711e-06
2.312237652963849996e+03 2.724977405966552522e-06 2.725464724626545545e-06
2.317637656435750159e+03 2.699541038655788311e-06 2.700088113980563208e-06
2.319191956184099581e+03 2.692375718333771272e-06 2.692933605380312196e-06
2.324969857963799768e+03 2.665853974719791104e-06 2.666452022600953392e-06
2.330369861435700386e+03 2.641160685998131572e-06 2.641792692318774515e-06
2.332334876184100267e+03 2.632336357729623426e-06 2.632973447782361514e-06
2.337739397963800002e+03 2.608199143201133727e-06 2.608850369844840382e-06
2.343139401435700165e+03 2.584228557885749030e-06 2.584888944661648922e-06
2.345515133801999582e+03 2.573880542968964158e-06 2.574537368234971286e-06
2.350546280581700103e+03 2.552036044713776212e-06 2.552685575358358053e-06
2.355946281435700257e+03 2.528727317305211297e-06 2.529363092529763871e-06
2.358732726184100102e+03 2.516873696429165625e-06 2.517495062288555450e-06
2.363390497963800044e+03 2.497176274897196046e-06 2.497773802873415145e-06
2.368790501435699753e+03 2.474536242206940474e-06 2.475099534204486914e-06
2.371987663802000043e+03 2.461318124487152938e-06 2.461854385343326710e-06
2.376272055581699988e+03 2.443665639759777516e-06 2.444165908788934356e-06
2.381672056435700142e+03 2.421635122889599699e-06 2.422083431613438412e-06
2.385279933801999960e+03 2.407113340080600590e-06 2.407521263691485488e-06
2.389190945581699907e+03 2.391457075845514779e-06 2.391821404968996213e-06
2.394590946435700062e+03 2.370118502398576398e-06 2.370416426923823126e-06
2.398609543801999735e+03 2.354438132386127280e-06 2.354682161810734267e-06
2.402147180581700013e+03 2.340702982503069709e-06 2.340899695042533081e-06
2.407547181435700168e+03 2.319919599715122454e-06 2.320039168274494170e-06
2.411976491184100269e+03 2.302989203330968090e-06 2.303042542125189528e-06
2.415140747963800095e+03 2.290945895417561510e-06 2.290951989149533898e-06
2.420540751435699804e+03 2.270750292204572884e-06 2.270672289492342859e-06
2.425380781184099760e+03 2.252834637488113346e-06 2.252679541707293953e-06
2.428171657963800499e+03 2.242547935981935279e-06 2.242348408946972201e-06
2.433571661435700207e+03 2.222888984166640380e-06 2.222602044063238117e-06
2.438822406184099691e+03 2.203879957572519113e-06 2.203507399149793122e-06
2.441239902963799977e+03 2.195166430609492036e-06 2.194754432791306245e-06
2.446639906435700141e+03 2.176056195165320747e-06 2.175557120427644769e-06
2.452301366184100061e+03 2.156135503392016300e-06 2.155545298514697180e-06
2.454345482963799441e+03 2.148978186729896709e-06 2.148355032075330855e-06
2.459745486435700059e+03 2.130377010235039151e-06 2.129670742437391803e-06
2.465817666184100290e+03 2.109535164382864354e-06 2.108735973967032289e-06
2.467488407963800000e+03 2.103828459406707192e-06 2.103003642692012260e-06
2.472888411435700164e+03 2.085785089528452438e-06 2.084884225658518557e-06
2.479282516435700018e+03 2.064471030944848776e-06 2.063480481417174364e-06
2.480668665581699770e+03 2.059874241167228034e-06 2.058864342630295774e-06
2.486157453801999964e+03 2.041906694004836369e-06 2.040829598256170307e-06
2.492481441435700162e+03 2.021225254296650992e-06 2.020070643122376633e-06
2.493886262963800164e+03 2.016682590969865273e-06 2.015511689259602429e-06
2.499767101184099829e+03 1.997969033651005359e-06 1.996738293791244154e-06
2.505717706435700165e+03 1.979051450576699519e-06 1.977760112120809853e-06
2.507141192963800222e+03 1.974593116060751879e-06 1.973289314766053431e-06
2.513414081184099814e+03 1.955159573237475989e-06 1.953806968824515115e-06
2.518991311435700027e+03 1.937897273109216709e-06 1.936501262271493682e-06
2.520433467963799558e+03 1.933510736909516639e-06 1.932106743220045288e-06
2.526902247963799709e+03 1.913937208832940736e-06 1.912499636854358362e-06
2.532302251435699873e+03 1.897621680572366130e-06 1.896156626648347761e-06
2.533959231184099735e+03 1.892707433752384498e-06 1.891238279992060066e-06
2.540250527963800323e+03 1.874122788962383434e-06 1.872638043546521235e-06
2.545650531435700032e+03 1.858221536789186141e-06 1.856724991380197798e-06
2.547699556184099947e+03 1.852302489670831737e-06 1.850806479262094467e-06
2.553636142963800012e+03 1.835221881781171780e-06 1.833727268970157801e-06
2.559036146435699720e+03 1.819745634777095836e-06 1.818254738530826390e-06
2.561477218801999697e+03 1.812854107141176364e-06 1.811370074068086418e-06
2.567059100581700022e+03 1.797156871779674835e-06 1.795688326861955573e-06
2.572459101435699722e+03 1.782053069467475328e-06 1.780602716471845475e-06
2.575292221184100072e+03 1.774248840546648194e-06 1.772813240834660712e-06
2.580519392963799874e+03 1.759910150007643892e-06 1.758501551862570911e-06
2.585919396435700037e+03 1.745206896042242233e-06 1.743829875617745776e-06
2.589144563801999993e+03 1.736561431227492069e-06 1.735208108507805467e-06
2.594017020581699853e+03 1.723555935374480076e-06 1.722238204917369814e-06
2.599417021435700008e+03 1.709229630694087590e-06 1.707954950419021747e-06
2.603034236184100337e+03 1.699725935865110072e-06 1.698484025984743870e-06
2.607551987963800002e+03 1.687908350106850640e-06 1.686707191324361548e-06
2.612951991435699711e+03 1.673930678653417394e-06 1.672781732508334658e-06
2.616961256184099966e+03 1.663684702257212184e-06 1.662577726008277906e-06
2.621124297963800018e+03 1.653088833513897367e-06 1.652025294078841065e-06
2.626524301435699726e+03 1.639471215593943542e-06 1.638466570875004019e-06
2.630925611184100035e+03 1.628471615885681583e-06 1.627516937493478441e-06
2.634733942963800018e+03 1.618994950486617229e-06 1.618083400266966725e-06
2.640133946435700182e+03 1.605741926468024220e-06 1.604892952356481579e-06
2.644927301184099633e+03 1.594100615445170151e-06 1.593308117731494440e-06
2.648380922963800003e+03 1.585751649415260412e-06 1.584999774027534810e-06
2.653780926435699712e+03 1.572851958054549148e-06 1.572163561134671056e-06
2.658966331184100000e+03 1.560549669362091760e-06 1.559922258412704250e-06
2.662065242963799847e+03 1.553224435214182685e-06 1.552633435585238800e-06
2.667465246435700010e+03 1.540641037154570397e-06 1.540111707348721019e-06
2.673042697544699877e+03 1.527728779507186918e-06 1.527262505312471526e-06
2.675786899324399656e+03 1.521403030157799417e-06 1.520967771241013704e-06
2.681186901435699838e+03 1.509155142097245525e-06 1.508777300067083197e-06
2.687156401184100105e+03 1.495688251236632395e-06 1.495372904636118860e-06
2.689545897963800144e+03 1.490324303961700574e-06 1.490033983566592678e-06
2.694945901435699852e+03 1.478428259470501625e-06 1.478188908614766229e-06
2.701307446184100172e+03 1.464467301687693331e-06 1.464287015152042748e-06
2.703342227963799814e+03 1.460015355023571132e-06 1.459853984929644215e-06
2.708742231435699523e+03 1.448371006664078319e-06 1.448252306324124531e-06
2.715472376435699516e+03 1.433896303699604512e-06 1.433830166026119838e-06
2.722575901435699961e+03 1.418914859214806168e-06 1.418895229723708376e-06
2.729324721435700212e+03 1.404763105630792822e-06 1.404785004560796060e-06
2.731046910581700104e+03 1.401180994721215424e-06 1.401212819964272518e-06
2.736843733801999861e+03 1.389332942708236691e-06 1.389390020833139061e-06
2.743214391435699781e+03 1.376326443723790452e-06 1.376411279824057399e-06
2.744955252963799921e+03 1.372819064524637093e-06 1.372910112441329430e-06
2.751125461184100004e+03 1.360573297323199776e-06 1.360679894466436975e-06
2.757141411435699865e+03 1.348646725585329282e-06 1.348768477999930025e-06
2.758900939324400497e+03 1.345205118882088027e-06 1.345329338045194261e-06
2.765444522544700249e+03 1.332511814564198721e-06 1.332641088385155334e-06
2.771105761435700515e+03 1.321541012627401412e-06 1.321674645339539739e-06
2.772883960581700194e+03 1.318151079334551787e-06 1.318283544659430781e-06
2.779707455581699833e+03 1.305228807656293630e-06 1.305355058393601232e-06
2.785107456435699987e+03 1.295019577796628411e-06 1.295140754452413133e-06
2.786997792544700133e+03 1.291524632681695115e-06 1.291641290043072378e-06
2.793746484324400171e+03 1.279102788334347318e-06 1.279203348249281626e-06
2.799146486435700353e+03 1.269192541528844601e-06 1.269279625883544895e-06
2.801410201184100515e+03 1.265107107768615079e-06 1.265185858903735158e-06
2.807822847963800086e+03 1.253568922378920694e-06 1.253624160013131473e-06
2.813222851435699795e+03 1.243889623664845490e-06 1.243924245250966999e-06
2.815859947544699935e+03 1.239244938599830078e-06 1.239267234744281793e-06
2.821936554324400277e+03 1.228567561223666821e-06 1.228561565492395284e-06
2.827336556435699549e+03 1.219123693670572879e-06 1.219091682314019684e-06
2.830347028801999841e+03 1.213944972100049851e-06 1.213896668929577070e-06
2.836087595581699588e+03 1.204140175307663947e-06 1.204060909025483421e-06
2.841487596435699743e+03 1.194985460365772521e-06 1.194876374353715498e-06
2.844871448802000486e+03 1.189324866331602792e-06 1.189195961003227666e-06
2.850275975581700095e+03 1.180301096572059483e-06 1.180140631584363415e-06
2.855675976435699795e+03 1.171353824231426889e-06 1.171161526135008889e-06
2.859433208801999626e+03 1.165222864394861363e-06 1.165007991984440054e-06
2.864501695581700005e+03 1.156989087813737786e-06 1.156743831646726961e-06
2.869901696435700160e+03 1.148282672508040106e-06 1.148005255138827179e-06
2.874032306184099980e+03 1.141686989751949831e-06 1.141385160789848004e-06
2.878764752963800220e+03 1.134164783267664660e-06 1.133835027001735948e-06
2.884164756435700383e+03 1.125673800371165511e-06 1.125313127199177386e-06
2.888668742544700308e+03 1.118676359727849571e-06 1.118290719704903205e-06
2.893065144324400080e+03 1.111876358916978914e-06 1.111466363821536754e-06
2.898465146435700262e+03 1.103583686286833324e-06 1.103145322097224294e-06
2.903342513802000212e+03 1.096138557021149116e-06 1.095675690855552892e-06
2.907402875581700300e+03 1.089962461611055320e-06 1.089479188859649296e-06
2.912802876435700000e+03 1.081870489162688943e-06 1.081362613199846352e-06
2.918053623801999947e+03 1.074081725632935527e-06 1.073551449659055309e-06
2.921777945581700351e+03 1.068578032235745110e-06 1.068031834535123068e-06
2.927177946435700051e+03 1.060694837958093023e-06 1.060128648692211177e-06
2.932802071184099987e+03 1.052541612998071255e-06 1.051956088729369273e-06
2.936190352963800251e+03 1.047648547329857669e-06 1.047051325858106246e-06
2.941590356435699960e+03 1.039953970634585325e-06 1.039341855836784742e-06
2.947587858802000028e+03 1.031457983753341933e-06 1.030830715113133611e-06
2.950640100581700153e+03 1.027154941779156610e-06 1.026519901573150900e-06
2.956040101435699853e+03 1.019666483130274963e-06 1.019022180002648985e-06
2.962410981184099910e+03 1.010873866778040201e-06 1.010219830122180924e-06
2.965127182963800351e+03 1.007138274523053635e-06 1.006480022855587104e-06
2.970527186435700060e+03 9.998404629219063915e-07 9.991785564500400735e-07
2.977271446184100114e+03 9.907620734861071938e-07 9.900963884068831604e-07
2.979651602963800087e+03 9.875694481932869936e-07 9.869023665936679585e-07
2.985051606435700251e+03 9.804294114870926815e-07 9.797640307041207947e-07
2.992155131435699786e+03 9.710595132347178010e-07 9.703967103987356620e-07
2.999613366435700300e+03 9.613769101032004935e-07 9.607216080026120370e-07
3.006735561435699765e+03 9.521842098068474431e-07 9.515377949885037556e-07
3.008812460581700179e+03 9.495179776729843678e-07 9.488743958868549379e-07
3.014581283802000144e+03 9.421919570663794310e-07 9.415601566070486133e-07
3.021353326435700183e+03 9.336043026115426310e-07 9.329862660264842315e-07
3.023448897963799936e+03 9.309815569702334350e-07 9.303682404779309360e-07
3.029572431184099969e+03 9.234756241277255964e-07 9.228789500222553329e-07
3.036008431435699549e+03 9.155992465274754586e-07 9.150200104289646759e-07
3.038122667963799813e+03 9.130369582117467010e-07 9.124640678689364141e-07
3.044600911184099914e+03 9.052376263693484412e-07 9.046860998194310755e-07
3.050700871435700265e+03 8.978992300150175495e-07 8.973677750724817442e-07
3.052833777963800003e+03 8.953670811846580024e-07 8.948432536061779433e-07
3.059666731184099717e+03 8.873290660105584166e-07 8.868306184271438121e-07
3.065430651435699929e+03 8.805574853968563504e-07 8.800804091896106856e-07
3.067582227963800051e+03 8.780730700445483675e-07 8.776045252879762467e-07
3.074769891184099833e+03 8.698502501453648072e-07 8.694105014997967323e-07
3.082340137544699701e+03 8.612507311654576333e-07 8.608416426930600906e-07
3.089602219324399812e+03 8.531036079886243421e-07 8.527247403763063154e-07
3.095002221435700449e+03 8.470513769655433583e-07 8.466949603130445436e-07
3.097499301184100204e+03 8.442995106331845830e-07 8.439535749905760518e-07
3.104444012963800105e+03 8.366788028411583969e-07 8.363619097463454486e-07
3.109844016435699814e+03 8.307774924277128202e-07 8.304830928924974428e-07
3.112695806184100093e+03 8.277194590752253129e-07 8.274367542574360045e-07
3.119323142963799910e+03 8.206438910247396102e-07 8.203882769338547202e-07
3.124723146435700073e+03 8.149062962424054703e-07 8.146725230315175356e-07
3.127929646184099965e+03 8.115481014443687088e-07 8.113267976370888179e-07
3.134239612963800028e+03 8.049572246620463165e-07 8.047603965611309734e-07
3.139639616435699736e+03 7.993503352583889543e-07 7.991739665363219019e-07
3.143200823801999832e+03 7.957159862388975217e-07 7.955522209322353095e-07
3.149193420581699684e+03 7.896304827465649520e-07 7.894878897941033699e-07
3.154593421435700293e+03 7.841775778029723282e-07 7.840533622985758872e-07
3.158509336184100448e+03 7.802622522640658466e-07 7.801503052283671789e-07
3.164184562963800090e+03 7.745998522606997544e-07 7.745056751352276447e-07
3.169584566435700253e+03 7.692471410029997553e-07 7.691688560033176997e-07
3.173855191184100022e+03 7.650642496018244306e-07 7.649972421633141284e-07
3.179213042963800035e+03 7.598362835783752949e-07 7.597834363593247846e-07
3.184613046435700198e+03 7.546199179095015015e-07 7.545799890232518858e-07
3.189238381184100035e+03 7.502091229867906146e-07 7.501788087930720006e-07
3.194278862963799838e+03 7.454174104678150680e-07 7.453976030570904222e-07
3.199678866435700002e+03 7.403412734615784644e-07 7.403311635265714744e-07
3.204658911184099907e+03 7.357177945175158139e-07 7.357152249037113753e-07
3.209382022963799955e+03 7.313406822785721644e-07 7.313453062670702428e-07
3.214782026435699663e+03 7.263734186880366802e-07 7.263843500004070262e-07
3.220116781184100091e+03 7.215060652392976865e-07 7.215217795733326861e-07
3.224522517963800055e+03 7.175082198194209127e-07 7.175279330814981350e-07
3.229922521435700219e+03 7.126765997487075604e-07 7.126991295728331220e-07
3.235611986184100260e+03 7.076279096811686788e-07 7.076521109517167348e-07
3.239700347963800141e+03 7.040111599934928693e-07 7.040366144903554158e-07
3.245100351435700304e+03 6.992980319329627187e-07 6.993229074637638809e-07
3.251144526184099959e+03 6.940611034048709359e-07 6.940842095155860437e-07
3.254915522963799958e+03 6.908017463362448683e-07 6.908237998837554829e-07
3.260315526435700122e+03 6.861966078957508585e-07 6.862150219751901480e-07
3.266714406184099971e+03 6.807768107806791995e-07 6.807900826266923904e-07
3.270168027963799886e+03 6.778673313076069770e-07 6.778778725035744171e-07
3.275568031435700050e+03 6.733872815298701490e-07 6.733913414139264897e-07
3.282321626184099841e+03 6.678120788215058786e-07 6.678074010476770934e-07
3.285457877963800001e+03 6.652313518776138135e-07 6.652226548857691562e-07
3.290857881435700165e+03 6.608623550816457400e-07 6.608447831926050413e-07
3.297966183802000160e+03 6.551354101539206051e-07 6.551057940638829440e-07
3.300785060581700236e+03 6.528700018320073761e-07 6.528356405719172030e-07
3.306185061435699936e+03 6.485590008715298325e-07 6.485139736356067349e-07
3.313648076184099864e+03 6.426165139235941080e-07 6.425566053068749787e-07
3.316149587963800059e+03 6.406338085260641943e-07 6.405689334855010927e-07
3.321549591435699767e+03 6.364846016488869600e-07 6.364077077918774037e-07
3.329082501435700124e+03 6.307046719927288144e-07 6.306110116765428651e-07
3.331551447963800001e+03 6.288192153640178617e-07 6.287200425410606928e-07
3.337236261184100385e+03 6.245469439828775956e-07 6.244345135609999262e-07
3.344503026435700122e+03 6.190930498106574509e-07 6.189636809286051716e-07
3.346990642963800383e+03 6.172344624546785660e-07 6.170992911121576005e-07
3.353011501184099870e+03 6.127546286909583757e-07 6.126053540061251193e-07
3.359960896435700306e+03 6.075911943560667569e-07 6.074256447051858004e-07
3.362467180581699722e+03 6.057487964883897290e-07 6.055774547921873813e-07
3.368824073801999475e+03 6.011405703586572001e-07 6.009548877644474307e-07
3.375456096435700147e+03 5.963406539261774738e-07 5.961400096997385460e-07
3.377981052963799812e+03 5.945408496235864347e-07 5.943347363470976671e-07
3.384673991184100032e+03 5.898312277473451490e-07 5.896112465932390762e-07
3.390988641435700629e+03 5.853924775100082404e-07 5.851594116672368247e-07
3.393532262963799894e+03 5.836183654023713871e-07 5.833804253106232142e-07
3.400561241184099799e+03 5.787446205045372230e-07 5.784938852990153341e-07
3.406558521435700186e+03 5.745920790690594794e-07 5.743304268060001221e-07
3.409120812963800290e+03 5.728546568045488447e-07 5.725889757515746186e-07
3.416485831184100334e+03 5.679039948514376037e-07 5.676273383911694895e-07
3.422165741435700056e+03 5.640921704916677926e-07 5.638070516911110831e-07
3.424746702963800089e+03 5.623886989310737404e-07 5.621006066054129464e-07
3.432410292963800202e+03 5.573559661228325760e-07 5.570593919588549557e-07
3.440409925581700008e+03 5.521201309932202908e-07 5.518157813049872581e-07
3.448092190581699924e+03 5.471065828468990855e-07 5.467968700779880978e-07
3.453492191435700079e+03 5.435866558577991081e-07 5.432733338971579092e-07
3.456465326184099922e+03 5.416958931102187505e-07 5.413817799420007882e-07
3.463811422963799941e+03 5.370511624064553123e-07 5.367350789422864211e-07
3.469211426435700105e+03 5.336532937801539240e-07 5.333360655905411035e-07
3.472520601184100087e+03 5.316019219525172449e-07 5.312852622206502893e-07
3.479567992963799952e+03 5.272487092891774602e-07 5.269332274371888829e-07
3.484967996435700115e+03 5.239246594133601865e-07 5.236104832176167071e-07
3.488613211184100237e+03 5.217018556795464478e-07 5.213897416428037206e-07
3.495361897963800402e+03 5.175937382929977739e-07 5.172853981232254836e-07
3.500761901435700111e+03 5.143276505748825575e-07 5.140228287644112173e-07
3.504743161184100245e+03 5.119678688680653509e-07 5.116667688993964750e-07
3.511193147963800584e+03 5.081573451776020794e-07 5.078622257228245858e-07
3.516593151435700292e+03 5.049813951208790040e-07 5.046918456968264480e-07
3.520910447544699764e+03 5.024640236883782724e-07 5.021799542477066917e-07
3.527061729324399948e+03 4.988804256723697086e-07 4.986041118956844698e-07
3.532461731435700585e+03 4.957571702150842620e-07 4.954881515100780144e-07
3.537115068801999769e+03 4.931075443355129642e-07 4.928455441503294008e-07
3.542967650581699672e+03 4.897875146082290299e-07 4.895342919104498985e-07
3.548367651435700282e+03 4.867403050574860326e-07 4.864956307617150759e-07
3.553357031184099924e+03 4.839425796978908957e-07 4.837063705838553065e-07
3.558910907963799673e+03 4.808463480867692163e-07 4.806195151925795705e-07
3.564310911435700291e+03 4.778728424304914355e-07 4.776554314821991277e-07
3.569636333802000536e+03 4.749730365705048264e-07 4.747652401185979537e-07
3.574891505581699676e+03 4.721221291017272958e-07 4.719237797823575912e-07
3.580291506435699830e+03 4.692255815996963996e-07 4.690370487630491096e-07
3.585952966184100205e+03 4.662182989926477264e-07 4.660401543571716509e-07
3.590909437963800428e+03 4.635860695972874185e-07 4.634169893069933138e-07
3.596309441435699682e+03 4.607476408473041122e-07 4.605883847779545894e-07
3.602306946184100070e+03 4.576245987424148963e-07 4.574762151471513005e-07
3.606964712963800139e+03 4.552075346481056839e-07 4.550675715232164217e-07
3.612364716435699847e+03 4.524389874758366647e-07 4.523084154188548007e-07
3.618698261184099920e+03 4.492147817423347672e-07 4.490949969561641670e-07
3.623057322963800289e+03 4.470070942831950606e-07 4.468947187566973750e-07
3.628457326435699997e+03 4.442932359851598794e-07 4.441894869267115340e-07
3.635126911184100209e+03 4.409534506340413336e-07 4.408600883440582120e-07
3.639187272963800297e+03 4.389278204502264468e-07 4.388407749478948573e-07
3.644587276435700005e+03 4.362947802505228845e-07 4.362152406326324599e-07
3.651592901184099446e+03 4.329051223786176560e-07 4.328349881414057784e-07
3.655354557963799380e+03 4.310878434445275377e-07 4.310227611853414109e-07
3.660754561435699998e+03 4.284965366592820989e-07 4.284376317152248529e-07
3.668096226184100487e+03 4.249864382913187630e-07 4.249356485074410087e-07
3.671559182963799685e+03 4.233371139629815806e-07 4.232901595667977297e-07
3.676959186435699849e+03 4.208115763897278201e-07 4.207693090747811077e-07
3.684636888802000158e+03 4.172320581272240166e-07 4.171962433926649731e-07
3.687801145581699984e+03 4.157600187411340007e-07 4.157268750035779440e-07
3.693201146435700139e+03 4.132892291955452050e-07 4.132591788827409632e-07
3.701182111435699426e+03 4.096471859016043400e-07 4.096216106299813914e-07
3.709480451435700616e+03 4.058999805433991463e-07 4.058775450244759902e-07
3.717480081435700413e+03 4.023078983719906709e-07 4.022877229424879285e-07
3.720397082963800131e+03 4.010092388896357440e-07 4.009898150330789758e-07
3.726147241184100494e+03 3.985464169198815405e-07 3.985271199095309430e-07
3.733815391435700349e+03 3.952665971443831804e-07 3.952474928759479027e-07
3.736751059324400103e+03 3.940108407329850916e-07 3.939916455470131704e-07
3.742818582544699893e+03 3.913972216493232300e-07 3.913765126737416541e-07
3.750188031435699941e+03 3.882288373331136988e-07 3.882063120105142951e-07
3.753142372963799971e+03 3.869790609537777530e-07 3.869556052575657892e-07
3.759527271184100300e+03 3.843547585201886337e-07 3.843283060246515675e-07
3.766598016435749742e+03 3.814527476153111794e-07 3.814229966932722729e-07
3.769571022963849828e+03 3.802363695205586357e-07 3.802049994845041745e-07
3.776273291184099435e+03 3.775047594745337350e-07 3.774689932080632188e-07
3.783045331435750086e+03 3.747484573082674818e-07 3.747082664116598733e-07
3.786037007963850101e+03 3.735420853713499259e-07 3.734996953029331889e-07
3.793056651184100247e+03 3.707346860352056439e-07 3.706866019995085106e-07
3.799529991435700140e+03 3.681497018444469541e-07 3.680963809415806886e-07
3.802540337963799630e+03 3.669643218415623876e-07 3.669083331720106691e-07
3.809877351184099098e+03 3.641018151653326827e-07 3.640389851988914822e-07
3.816051986435700201e+03 3.616966174908504841e-07 3.616280408965773074e-07
3.819081002963799619e+03 3.605309403251639658e-07 3.604593947534684820e-07
3.826735391184099626e+03 3.576037256393152550e-07 3.575245408823622076e-07
3.832611321435750142e+03 3.553600723317373537e-07 3.552750317276633104e-07
3.835659002963850526e+03 3.542226084719420774e-07 3.541344420131305742e-07
3.843630761184099811e+03 3.512750770526588624e-07 3.511786964269805008e-07
3.849207991435700023e+03 3.492186618136489565e-07 3.491165406691806329e-07
3.852274344324399863e+03 3.480903899329555165e-07 3.479851219204492279e-07
3.860441999324450080e+03 3.450903294036263971e-07 3.449766964109780451e-07
3.865842001435750262e+03 3.431103747061307502e-07 3.429912214063590387e-07
3.869048497544700695e+03 3.419764591844593329e-07 3.418541426541032973e-07
3.877113344324400259e+03 3.391322807116786230e-07 3.390020252276125679e-07
3.882513346435700441e+03 3.372316556267328904e-07 3.370961224649731072e-07
3.886037216184100089e+03 3.359972236538293668e-07 3.358584966552129013e-07
3.893822027963799883e+03 3.332825093662685604e-07 3.331367415079206738e-07
3.899222031435700501e+03 3.314096363794552267e-07 3.312590675279268568e-07
3.903063276184099777e+03 3.301006854808552783e-07 3.299470599365545744e-07
3.910568052963800255e+03 3.275446446296434681e-07 3.273850575241018856e-07
3.915968056435700419e+03 3.257110393950315827e-07 3.255473047029618157e-07
3.920126671184100815e+03 3.243208792607988974e-07 3.241543964095373191e-07
3.927351412963799703e+03 3.219165021480252842e-07 3.217452470302939178e-07
3.932751416435700321e+03 3.201226065390548521e-07 3.199479805213935470e-07
3.937227401184099563e+03 3.186343182650209210e-07 3.184573781074942767e-07
3.944172112963799918e+03 3.163310822377330135e-07 3.161505473433246958e-07
3.949572116435700082e+03 3.145582208464218468e-07 3.143751777836715620e-07
3.954365471184099988e+03 3.130194587976787982e-07 3.128347611910956506e-07
3.961030147963799664e+03 3.108834752925719507e-07 3.106964658423734563e-07
3.966430151435699827e+03 3.091587550802886455e-07 3.089702227094192675e-07
3.971540881184100272e+03 3.075370379878405924e-07 3.073476405005600740e-07
3.977925522963800177e+03 3.055203581144021496e-07 3.053298610646323929e-07
3.983325526435700340e+03 3.038343220031631349e-07 3.036433211095690199e-07
3.988753626184100540e+03 3.021614937797008325e-07 3.019705755261227806e-07
3.994858232963800219e+03 3.002815564982382982e-07 3.000907076286569540e-07
4.000258236435699928e+03 2.986297373850078877e-07 2.984393927980671726e-07
4.006003708801999892e+03 2.968931523511890243e-07 2.967038557255671632e-07
4.011828285581700129e+03 2.951423886704492505e-07 2.949541264414156190e-07
4.017228286435699374e+03 2.935336733812292453e-07 2.933468956714051945e-07
4.023291128802000003e+03 2.917381756552038483e-07 2.915535776016689352e-07
4.028835670581750037e+03 2.900969455125406084e-07 2.899143104869393865e-07
4.034235671435750191e+03 2.885151463437717229e-07 2.883349370236800804e-07
4.040615887544699945e+03 2.866649964136732279e-07 2.864880674131155400e-07
4.045880399324399605e+03 2.851452553024140310e-07 2.849710008385563887e-07
4.051280401435699787e+03 2.835944930361270734e-07 2.834234951572537893e-07
4.057977986184100246e+03 2.816761722309200832e-07 2.815095530119310983e-07
4.062962462963800135e+03 2.802529833396488889e-07 2.800895909638255661e-07
4.068362466435699389e+03 2.787497358475096907e-07 2.785903165488322354e-07
4.075377422544700039e+03 2.768210239611686435e-07 2.766670189554321318e-07
4.080081864324399703e+03 2.755294325564440379e-07 2.753790294789398442e-07
4.085481866435699885e+03 2.740475330320808898e-07 2.739016870210304675e-07
4.092814193801999409e+03 2.720407790524732804e-07 2.719012905642754166e-07
4.097238600581700666e+03 2.708354345429333116e-07 2.706997550740617220e-07
4.102638601435700366e+03 2.693915053018030922e-07 2.692607769979137346e-07
4.110288303801999064e+03 2.673567815149638474e-07 2.672331478180079591e-07
4.114432680581749082e+03 2.662555415749053236e-07 2.661357280029340040e-07
4.119832681435750601e+03 2.648040567133731447e-07 2.646894729435545356e-07
4.127799751184099478e+03 2.626638912026468394e-07 2.625570631232055248e-07
4.131664092963800613e+03 2.616288820344393159e-07 2.615257968142243799e-07
4.137064096435700776e+03 2.602491266095354144e-07 2.601513118894207006e-07
4.145348541184100213e+03 2.581469595124993483e-07 2.580572149535940079e-07
4.148932847963849781e+03 2.572408631098601730e-07 2.571545951818671741e-07
4.154332851435749944e+03 2.558724892267807932e-07 2.557913837252585975e-07
4.162836546435749369e+03 2.537205061760676638e-07 2.536475075002378138e-07
4.166238937963849821e+03 2.528620400567793093e-07 2.527922693491897571e-07
4.171737061184100639e+03 2.515044232119987934e-07 2.514396303438010530e-07
4.180161301435699897e+03 2.494283291683629431e-07 2.493711522082463445e-07
4.183582362963799824e+03 2.485886278053784877e-07 2.485345074436836466e-07
4.189379191184099909e+03 2.471682517262284903e-07 2.471189215407500245e-07
4.197523401435750202e+03 2.451754718179891517e-07 2.451328645353500071e-07
4.200963132963849603e+03 2.443403877226671798e-07 2.443005440231161630e-07
4.207058661184099037e+03 2.429029815307507374e-07 2.428675181150936191e-07
4.214922836435700447e+03 2.410532525544086294e-07 2.410234376507335885e-07
4.218381237963800231e+03 2.402411528080057280e-07 2.402137027956722977e-07
4.224775471184099843e+03 2.387369961103319054e-07 2.387133578064253402e-07
4.232359611435699662e+03 2.369556369234856886e-07 2.369365196323187788e-07
4.235836677963799957e+03 2.361538573410386478e-07 2.361366513792927743e-07
4.242529611184099849e+03 2.346485849501967415e-07 2.346345101672698486e-07
4.249833716435699898e+03 2.330067550901094308e-07 2.329960999628343080e-07
4.253329455581700131e+03 2.322201659110982980e-07 2.322109186459063314e-07
4.260321093801999268e+03 2.306479792583550992e-07 2.306409714918465763e-07
4.267345166435699866e+03 2.290724534552527900e-07 2.290676997926597750e-07
4.270859575581700483e+03 2.282965712995068019e-07 2.282926607342460657e-07
4.278149913801999901e+03 2.267088984725525833e-07 2.267062013599585688e-07
4.284893951435750751e+03 2.252437479775073718e-07 2.252421777580341165e-07
4.288427029324450814e+03 2.244841636219591632e-07 2.244828622908181892e-07
4.296016072544700364e+03 2.228550858841479292e-07 2.228539163293326878e-07
4.302480076435699630e+03 2.214666283948961909e-07 2.214655758515431855e-07
4.306031822963799641e+03 2.207131865847701448e-07 2.207118576860065928e-07
4.313919571184099368e+03 2.190467579831629817e-07 2.190444740821342816e-07
4.320103541435700208e+03 2.177400700665069942e-07 2.177370420512717047e-07
4.323673954324399347e+03 2.169931397119867961e-07 2.169893010172925929e-07
4.331860402544700264e+03 2.152948278573388279e-07 2.152888731031789152e-07
4.337764336435750010e+03 2.140747236583823157e-07 2.140672467404088628e-07
4.341353420581749560e+03 2.133474659860461720e-07 2.133387034719116581e-07
4.349838573802000610e+03 2.116432451128105478e-07 2.116313002691165822e-07
4.355462476435700410e+03 2.105180599851223018e-07 2.105040086962886834e-07
4.359070230581700343e+03 2.098092660798205816e-07 2.097935446285969601e-07
4.367797950581700206e+03 2.080914065606381350e-07 2.080715979020470813e-07
4.373197951435699906e+03 2.070266822545824519e-07 2.070043425957744027e-07
4.376880506184099431e+03 2.063092796946765265e-07 2.062849240806131177e-07
4.385570762963800917e+03 2.046234557013832776e-07 2.045943518749041312e-07
4.390970766435699261e+03 2.035807339942355863e-07 2.035486636945622127e-07
4.394952026184099850e+03 2.028332170641157819e-07 2.027987650839504242e-07
4.403380917963850152e+03 2.012495249240015070e-07 2.012100436043828202e-07
4.408780921435750315e+03 2.002356999525925362e-07 2.001929756818476127e-07
4.413060881184100253e+03 1.994449090506670336e-07 1.993994798315950983e-07
4.421228402963800363e+03 1.979405232484825966e-07 1.978899467497614801e-07
4.426628406435700526e+03 1.969466307278871003e-07 1.968926478104070357e-07
4.431207071184099732e+03 1.960986479961626312e-07 1.960417604495572102e-07
4.439113232963800328e+03 1.946394677158229380e-07 1.945775795090374911e-07
4.444513236435700492e+03 1.936517321067863435e-07 1.935864483126991608e-07
4.449390601184099978e+03 1.927810255018363649e-07 1.927127382278272615e-07
4.457035397963800278e+03 1.914209778742589684e-07 1.913479966452108165e-07
4.462435401435699532e+03 1.904680020257156449e-07 1.903917571947943047e-07
4.467611468801999763e+03 1.895693736950739376e-07 1.894901356399868322e-07
4.474994900581700676e+03 1.882863333572705955e-07 1.882028376775147865e-07
4.480394901435699467e+03 1.873504013857491991e-07 1.872638891721127765e-07
4.485869671184099388e+03 1.864106829384536619e-07 1.863213203296322821e-07
4.492991737963850028e+03 1.851933799457348456e-07 1.851003189645083688e-07
4.498391741435750191e+03 1.842778825883138534e-07 1.841821660948640582e-07
4.504165216184100245e+03 1.833085864648768783e-07 1.832102947268428285e-07
4.511025917963799657e+03 1.821597795513812887e-07 1.820584338862650886e-07
4.516425921435699820e+03 1.812605414584973464e-07 1.811569747795265361e-07
4.522498096184100177e+03 1.802579343922727607e-07 1.801521435307209339e-07
4.529097432963800202e+03 1.791718930460627305e-07 1.790636875745241284e-07
4.534497436435699456e+03 1.782935700948280088e-07 1.781836487181128084e-07
4.540868316184099967e+03 1.772688639492646128e-07 1.771572488259357941e-07
4.547206287963800605e+03 1.762506288960353203e-07 1.761373284752658022e-07
4.552606291435699859e+03 1.753890687508205575e-07 1.752746132216056684e-07
4.559275873802000206e+03 1.743340236950699776e-07 1.742184422635626865e-07
4.565352480581699638e+03 1.733768035208645985e-07 1.732601927569183157e-07
4.570752481435699337e+03 1.725301305661484232e-07 1.724129254926203226e-07
4.577720766184100285e+03 1.714416732044759893e-07 1.713239890428013086e-07
4.583536007963849443e+03 1.705345542740417422e-07 1.704164632678501292e-07
4.588936011435750515e+03 1.697069407265556325e-07 1.695888127012295698e-07
4.596203001184100685e+03 1.686066068129283261e-07 1.684886825620904338e-07
4.601756877963800434e+03 1.677668091661119668e-07 1.676490316022517028e-07
4.607156881435700598e+03 1.669516124179757337e-07 1.668343465878213386e-07
4.614722571184100161e+03 1.658124732082931554e-07 1.656961475653895763e-07
4.620015082963800523e+03 1.650192085317755332e-07 1.649035292842954295e-07
4.625415086435699777e+03 1.642287335429261148e-07 1.641140792408807433e-07
4.633279481184099495e+03 1.630867753262685292e-07 1.629737869331639213e-07
4.638310627963849583e+03 1.623571250140270569e-07 1.622451896067143000e-07
4.643710631435750656e+03 1.615838284329438553e-07 1.614733711753759237e-07
4.651873726184099723e+03 1.604217819435006612e-07 1.603136808520606893e-07
4.656643507963849515e+03 1.597456201506409231e-07 1.596388820012427427e-07
4.662043511435749679e+03 1.589803563506157418e-07 1.588754983766363547e-07
4.670505308801999490e+03 1.577808118696375611e-07 1.576789801408522077e-07
4.675013725581749895e+03 1.571429217239509579e-07 1.570426886355307975e-07
4.680413726435750505e+03 1.564142390583563948e-07 1.563162192039785654e-07
4.689174228801999561e+03 1.552404643280237739e-07 1.551460723202997930e-07
4.693421285581749544e+03 1.546725260802001491e-07 1.545798793600084939e-07
4.698821286435751063e+03 1.539398610796077424e-07 1.538496742581169058e-07
4.707880488802000400e+03 1.527103466773839542e-07 1.526242874926078522e-07
4.717242953801999647e+03 1.514593067673140227e-07 1.513776791474887857e-07
4.726367276435749773e+03 1.502590238178135926e-07 1.501818350136975532e-07
4.730348407963850150e+03 1.497386403392612918e-07 1.496633808443047702e-07
4.736005221184100265e+03 1.489926226935532984e-07 1.489202141896985820e-07
4.744868181435699626e+03 1.478236399031681250e-07 1.477556793952509213e-07
4.748867980581700067e+03 1.472975602715612165e-07 1.472315978605638205e-07
4.754804823802001010e+03 1.465421571802427646e-07 1.464791859642389413e-07
4.763406421435750417e+03 1.454501763648957043e-07 1.453915226768772588e-07
4.767424892963849743e+03 1.449437026685631136e-07 1.448870568331738309e-07
4.773641771184099525e+03 1.441767208493225547e-07 1.441231882893034612e-07
4.781982001435699203e+03 1.431497582546443391e-07 1.431003884114000732e-07
4.786019137963799949e+03 1.426562094060943765e-07 1.426088191248964195e-07
4.792516051184099524e+03 1.418724057073094643e-07 1.418280854681144608e-07
4.800594916435699815e+03 1.409004913742859447e-07 1.408599774422305032e-07
4.804650720581700625e+03 1.404156831360246170e-07 1.403770366097799040e-07
4.811427663802000097e+03 1.396076836335137323e-07 1.395720372069284840e-07
4.819245166435699502e+03 1.386754307922739488e-07 1.386432365612150880e-07
4.823319642963800106e+03 1.381907807267425087e-07 1.381603083674154631e-07
4.830376621184101168e+03 1.373586491303609943e-07 1.373309734307265590e-07
4.837932756435750889e+03 1.364701604789911513e-07 1.364454727180136499e-07
4.842025899324449711e+03 1.359946367216778391e-07 1.359714671102888186e-07
4.849362912544700521e+03 1.351575700845884691e-07 1.351369240063655485e-07
4.856657686435750293e+03 1.343275437107391191e-07 1.343094020696475662e-07
4.860769500581750435e+03 1.338610406477610311e-07 1.338441904293786745e-07
4.868386543801999323e+03 1.330017761758381339e-07 1.329871257826493659e-07
4.875419951435750590e+03 1.322106260434854920e-07 1.321980042291117101e-07
4.879550435581750207e+03 1.317545571300909318e-07 1.317429677665742437e-07
4.887447513801999776e+03 1.308884275458635149e-07 1.308786079406542489e-07
4.894219556435699815e+03 1.301454013480237660e-07 1.301370979941204605e-07
4.898368707963800261e+03 1.297000359144437976e-07 1.296924696550635456e-07
4.906545821184099623e+03 1.288290948514419045e-07 1.288227879990271166e-07
4.913056496435749068e+03 1.281355990108866014e-07 1.281302946449563013e-07
4.917224315581750488e+03 1.276866360110020583e-07 1.276817834381210935e-07
4.925681463801999598e+03 1.267779466175289084e-07 1.267738635333232310e-07
4.931930776435699954e+03 1.261093227534426999e-07 1.261058082834556809e-07
4.936117267963799350e+03 1.256761392081729791e-07 1.256727770295955179e-07
4.944854451184099162e+03 1.247826724984454460e-07 1.247795010055425860e-07
4.950842396435749833e+03 1.241718873747115689e-07 1.241688470852803417e-07
4.955047552963849739e+03 1.237378902448792540e-07 1.237347042357073001e-07
4.964064771184100209e+03 1.228046351664380496e-07 1.228010498011246959e-07
4.969791351435700562e+03 1.222119456009440102e-07 1.222081072325085547e-07
4.974015177963800852e+03 1.217930674408534536e-07 1.217887956980744780e-07
4.983312431184100205e+03 1.208817412551738339e-07 1.208764681781440587e-07
4.988777646435701172e+03 1.203490592913223611e-07 1.203431978880568516e-07
4.993020139324400589e+03 1.199365062262175709e-07 1.199299593362791204e-07
5.002401274324400219e+03 1.190222528799162151e-07 1.190141839296143698e-07
5.007801276435699947e+03 1.184953104578630139e-07 1.184863562619882309e-07
5.012258591184099714e+03 1.180660814329707601e-07 1.180561894651236642e-07
5.021462242963799326e+03 1.171797092876217345e-07 1.171678851142142936e-07
5.026862246435700399e+03 1.166610602312676762e-07 1.166480818168301241e-07
5.031599596184100847e+03 1.162212560343642667e-07 1.162070710810563901e-07
5.040560547963799763e+03 1.153936624385596586e-07 1.153772010617616350e-07
5.045960551435699927e+03 1.148952865365782620e-07 1.148774330010590287e-07
5.050977936184099235e+03 1.144218767663659935e-07 1.144026110238304652e-07
5.059696192963800058e+03 1.136007647077649847e-07 1.135790521258266426e-07
5.065096196435699312e+03 1.130961513319829575e-07 1.130729001608640809e-07
5.070393616184100210e+03 1.126156461559284229e-07 1.125907886827926408e-07
5.078869177963800212e+03 1.118467275041945731e-07 1.118193083478488855e-07
5.084269181435699466e+03 1.113574031719124324e-07 1.113283341118090736e-07
5.089846631184100261e+03 1.108566141738200024e-07 1.108257836572743890e-07
5.098079497963850372e+03 1.101192499032540824e-07 1.100858274460624575e-07
5.103479501435749626e+03 1.096374779916334365e-07 1.096023576222077075e-07
5.109336983801999850e+03 1.091194258908473468e-07 1.090824749494181830e-07
5.117327155581750048e+03 1.084160535746149388e-07 1.083766139965249490e-07
5.122727156435749748e+03 1.079466434362648182e-07 1.079055310436012125e-07
5.128864676184099153e+03 1.074234081271182507e-07 1.073804198707305838e-07
5.136612152963800327e+03 1.067629965632056135e-07 1.067176479079137908e-07
5.142012156435700490e+03 1.063053136106787482e-07 1.062583596608937542e-07
5.148429708802000278e+03 1.057671774039863723e-07 1.057183980171278485e-07
5.155934485581699846e+03 1.051378189096266569e-07 1.050869109555391625e-07
5.161334486435699546e+03 1.046863144254936100e-07 1.046339376500673787e-07
5.168032071184099550e+03 1.041299338314202922e-07 1.040758440351088820e-07
5.175294157963799989e+03 1.035296670436008731e-07 1.034737249471981091e-07
5.180694161435699243e+03 1.030827622412782028e-07 1.030255216989766256e-07
5.187671781184100837e+03 1.025035035717088975e-07 1.024447011653094009e-07
5.194691167963800581e+03 1.019223932433206835e-07 1.018620234698789211e-07
5.200091171435699835e+03 1.014827101201735436e-07 1.014212562607214206e-07
5.207348826184099380e+03 1.009018761471367427e-07 1.008391165013258113e-07
5.214125512963850269e+03 1.003598007407236643e-07 1.002958240630317289e-07
5.219525516435750433e+03 9.993521993757694594e-08 9.987040541234137638e-08
5.227063206184100636e+03 9.935067602527019897e-08 9.928483016454512068e-08
5.233597197963849794e+03 9.884410729682032865e-08 9.877736796886703587e-08
5.238997201435749957e+03 9.841905647360839478e-08 9.835174407392659111e-08
5.246814926184099932e+03 9.780046432539422282e-08 9.773246902897650598e-08
5.253106222963799155e+03 9.730483765109460032e-08 9.723629231650824549e-08
5.258506226435699318e+03 9.689176362555301442e-08 9.682291357236002298e-08
5.266603982544700557e+03 9.628223854840607320e-08 9.621305373082431139e-08
5.272652584324400777e+03 9.582805220162162767e-08 9.575861511271411552e-08
5.278052586435700505e+03 9.542505582660568580e-08 9.535558532749295454e-08
5.286430376184100169e+03 9.480206644255016953e-08 9.473265862189943369e-08
5.292236282963850499e+03 9.437118832286215769e-08 9.430182071333058506e-08
5.297636286435749753e+03 9.397282918540989284e-08 9.390368754395198009e-08
5.306294111184100075e+03 9.333591648767040079e-08 9.326722532077772282e-08
5.311857317963799687e+03 9.292658164463884265e-08 9.285817595874442644e-08
5.317257321435699851e+03 9.252324478979547579e-08 9.245529733773202911e-08
5.326195181184099965e+03 9.185626360390365400e-08 9.178913707142308492e-08
5.331515692963799665e+03 9.146057586634194446e-08 9.139393316579767272e-08
5.336915696435699829e+03 9.107020068984514401e-08 9.100425354665358731e-08
5.346133588801999394e+03 9.040809634992381807e-08 9.034338533291990485e-08
5.351211405581700092e+03 9.004425789704176058e-08 8.998022283194909075e-08
5.356611406435700701e+03 8.966465813559751359e-08 8.960149897645646083e-08
5.366109331184099574e+03 8.899907087695853282e-08 8.893747055793011554e-08
5.370944457963849345e+03 8.866105044151560447e-08 8.860023795259821221e-08
5.376344461435749508e+03 8.828910215477636185e-08 8.822931225099119719e-08
5.386098971435750173e+03 8.761872618317882632e-08 8.756078516796152476e-08
5.396114846435750223e+03 8.694322047765098824e-08 8.688727613849033460e-08
5.405888026435750362e+03 8.629545272407496254e-08 8.624153734084801698e-08
5.410522570581750188e+03 8.598901865314893439e-08 8.593606504132379297e-08
5.416207383801999640e+03 8.560649751810964100e-08 8.555482864729838174e-08
5.425714421435699478e+03 8.496685818872175653e-08 8.491732810823927378e-08
5.430367634324399660e+03 8.465569828286347984e-08 8.460721294474132042e-08
5.436313812544700340e+03 8.427344690148807954e-08 8.422633058799355161e-08
5.445578156435699384e+03 8.367958015050596641e-08 8.363458734558690619e-08
5.450250037963800423e+03 8.338104011586235146e-08 8.333711545829373465e-08
5.456457581184100491e+03 8.298579602895028969e-08 8.294330873811318824e-08
5.465479226435700184e+03 8.241279721811557940e-08 8.237239033978114228e-08
5.470169775581699469e+03 8.211532816227581919e-08 8.207599571835009546e-08
5.476638683802000742e+03 8.170524714289083057e-08 8.166738728544871383e-08
5.485417631435750991e+03 8.114897814716741568e-08 8.111310926977578977e-08
5.490126852963850070e+03 8.085063893517122287e-08 8.081582362090598135e-08
5.496857131184100581e+03 8.042360375328751813e-08 8.039025828184443292e-08
5.505393381435750598e+03 7.988319426548830639e-08 7.985170644822087596e-08
5.510121267963850187e+03 7.958791152396438282e-08 7.955742800155100309e-08
5.517112911184100085e+03 7.916220349249069698e-08 7.913314473121949972e-08
5.525406466435750190e+03 7.865896991209144011e-08 7.863159555864320184e-08
5.530153020581749843e+03 7.837638148148287445e-08 7.834993739959547562e-08
5.537406023801999254e+03 7.795344004906974816e-08 7.792834437423679675e-08
5.545456886435748856e+03 7.748382847333282941e-08 7.746022517818972789e-08
5.550222112963850122e+03 7.720584183654366402e-08 7.718307575187678066e-08
5.557736481184099830e+03 7.676649350642558280e-08 7.674496086231085784e-08
5.565544646435750110e+03 7.631047766383256812e-08 7.629022328735291493e-08
5.570328540581749621e+03 7.603156204139909412e-08 7.601203360868520132e-08
5.578104273802000534e+03 7.557933192836417831e-08 7.556089094212102021e-08
5.585669741435700416e+03 7.514031073084199290e-08 7.512292513046064618e-08
5.590472305581700311e+03 7.486795620104516758e-08 7.485117574292433871e-08
5.598509403801999724e+03 7.442276618191669926e-08 7.440690970813513455e-08
5.605832176435699694e+03 7.401839875289916747e-08 7.400338248025566414e-08
5.610653410581699973e+03 7.375320831691232036e-08 7.373866232774980450e-08
5.618951873801999682e+03 7.329815489741622893e-08 7.328432279756937275e-08
5.626031951435749761e+03 7.291049697264087419e-08 7.289727301794716426e-08
5.630871852963849960e+03 7.264659512911132820e-08 7.263370277555908102e-08
5.639431681184099943e+03 7.218138905665003786e-08 7.216900224495844415e-08
5.646269066435749664e+03 7.181077573688028097e-08 7.179879238788929488e-08
5.651127637963850248e+03 7.155108031737463170e-08 7.153930638851916451e-08
5.659948831184100527e+03 7.108183450412114221e-08 7.107037941891671300e-08
5.666543516435700440e+03 7.073119406672011243e-08 7.071997725812173323e-08
5.671420752963800624e+03 7.048161903237712277e-08 7.047046878955817381e-08
5.680503311184100312e+03 7.002116156970431885e-08 7.001006733647718884e-08
5.686855301435699403e+03 6.969862967234196920e-08 6.968757518415628046e-08
5.691751207963799970e+03 6.945078263174840076e-08 6.943966512938941205e-08
5.701095131184099955e+03 6.898237709181542635e-08 6.897117370926129953e-08
5.707204426435700043e+03 6.867842056839169471e-08 6.866719946166077198e-08
5.712119002963800085e+03 6.842866789551817846e-08 6.841733113099142788e-08
5.721724291184099457e+03 6.793909647852345620e-08 6.792821980362559063e-08
5.727590891435749654e+03 6.764029463993976749e-08 6.763004220472923738e-08
5.732524135581749761e+03 6.739732303766585943e-08 6.738749800187746153e-08
5.742390783801999532e+03 6.691472351573285963e-08 6.690557993191072927e-08
5.748014686435750264e+03 6.664043111936210440e-08 6.663160436305780645e-08
5.752966602963850164e+03 6.640485091140287516e-08 6.639622103320372006e-08
5.763075822963799510e+03 6.592459597328294631e-08 6.591673687523984829e-08
5.773446407963800084e+03 6.543943611083116539e-08 6.543262634708732188e-08
5.783574297963800745e+03 6.497451985734035885e-08 6.496862784079858740e-08
5.788974301435699999e+03 6.472713132982182482e-08 6.472171411519107796e-08
5.794225046184099483e+03 6.448588257938150232e-08 6.448086509322568377e-08
5.804110112963800020e+03 6.403346313653879982e-08 6.402839706922001568e-08
5.809510116435699274e+03 6.378723234920245675e-08 6.378168880578751313e-08
5.815022226184099054e+03 6.353581601092414574e-08 6.352974556725328150e-08
5.824683267963800063e+03 6.309717245171962778e-08 6.308928519317440495e-08
5.830083271435699316e+03 6.285471793623030280e-08 6.284527323847618609e-08
5.835856743801999983e+03 6.260563372954261225e-08 6.259450672744560019e-08
5.845293755581699770e+03 6.219812462330600121e-08 6.218498542244288169e-08
5.850693756435700379e+03 6.196465338870038661e-08 6.195084048359921912e-08
5.856728596184099843e+03 6.170517289034553783e-08 6.169060353551244922e-08
5.865941582963851033e+03 6.131058938989376903e-08 6.129473214798569652e-08
5.871341586435750287e+03 6.107976240268155282e-08 6.106305621370855688e-08
5.877637791184100024e+03 6.080859288596230464e-08 6.079090945205345597e-08
5.886626747963799971e+03 6.041923445016307969e-08 6.040193243636569079e-08
5.892026751435700135e+03 6.018503635653296671e-08 6.016934648454727413e-08
5.898584321184101100e+03 5.990601220463468748e-08 5.989230553518660989e-08
5.907349252963800609e+03 5.953572155532340119e-08 5.952342740419269095e-08
5.912749256435699863e+03 5.931100563229256464e-08 5.929854062515526018e-08
5.919568188801999895e+03 5.903077803250611659e-08 5.901813327386739637e-08
5.928109090581700002e+03 5.868050391668303538e-08 5.866699747083036512e-08
5.933509091435699702e+03 5.846086746793364108e-08 5.844624490258069733e-08
5.940589391184100350e+03 5.817674710110192621e-08 5.816072788779851497e-08
5.948906272963850824e+03 5.784502675163498261e-08 5.782672553120479546e-08
5.954306276435750078e+03 5.763314699258903861e-08 5.761272788124089904e-08
5.961647937544700653e+03 5.734974751039365470e-08 5.732652033725822520e-08
5.969740789324449906e+03 5.703911685421113724e-08 5.701232506822300707e-08
5.975140791435749634e+03 5.683482795009543642e-08 5.680515482183224227e-08
5.982743817544700505e+03 5.655000690151539226e-08 5.651636106533200913e-08
5.990612639324400334e+03 5.625381502846358193e-08 5.621723042709446679e-08
5.996012641435700061e+03 5.604950416983092948e-08 5.601247518766295668e-08
6.003877036184100689e+03 5.575399458881348643e-08 5.571638712752121556e-08
6.011521832963850102e+03 5.546698824056581324e-08 5.542891114196995580e-08
6.016921836435750265e+03 5.526266248000695514e-08 5.522445333655002021e-08
6.025047596184100257e+03 5.495325944116302433e-08 5.491493057233084832e-08
6.032468367963800119e+03 5.467211660304786500e-08 5.463367780213257543e-08
6.037868371435699373e+03 5.446856933176755338e-08 5.443010973920944158e-08
6.046255491184099810e+03 5.415227512014370820e-08 5.411384587179639644e-08
6.053452232963850292e+03 5.388115748981354218e-08 5.384275304531549353e-08
6.058852236435750456e+03 5.368478726323893618e-08 5.364647234739654193e-08
6.067500723801999811e+03 5.337707187668121295e-08 5.333896346464625958e-08
6.074473440581749855e+03 5.312953520857898529e-08 5.309159135592973800e-08
6.079873441435750465e+03 5.293835016703696815e-08 5.290060273043827034e-08
6.088783293802000117e+03 5.262353921704375272e-08 5.258616665501840505e-08
6.095531985581699701e+03 5.238563936981292787e-08 5.234854861490185674e-08
6.100102252963799401e+03 5.222348329406277621e-08 5.218664161752034145e-08
6.104004181184099252e+03 5.208439909458713345e-08 5.204779434074861389e-08
6.109404184656000325e+03 5.189115428942186126e-08 5.185487353642016134e-08
6.114616873801999645e+03 5.170470182621059381e-08 5.166873299756349176e-08
6.116571265581699663e+03 5.163509220866665425e-08 5.159923931058947640e-08
6.121971266435699363e+03 5.145211037228607975e-08 5.141664086347238189e-08
6.129385217544700026e+03 5.120512291295770031e-08 5.117020500352179436e-08
6.135742449324400695e+03 5.099446560926815782e-08 5.096001734035552979e-08
6.141142451435701332e+03 5.081312260848392418e-08 5.077911239193562799e-08
6.150712336184100423e+03 5.048550326404228843e-08 5.045235113830552167e-08
6.158807577963850235e+03 5.020842978604885453e-08 5.017600077703224407e-08
6.164207581435749489e+03 5.002281558987315014e-08 4.999091672728013770e-08
6.174690176435699868e+03 4.966354930077259743e-08 4.963268863719271558e-08
6.187487677963799797e+03 4.924106841640010565e-08 4.921152973043182404e-08
6.197988947963799546e+03 4.890651125676250889e-08 4.887810119675285469e-08
6.203388951435699710e+03 4.873330111428097422e-08 4.870548176033651403e-08
6.213908891435749865e+03 4.838769573087517829e-08 4.836105778172444423e-08
6.233247843215499415e+03 4.776209042340579359e-08 4.773764864162219073e-08
6.245326689324449944e+03 4.737858019783817882e-08 4.735552779832599392e-08
6.252266932544699557e+03 4.716731047461519299e-08 4.714505855269975301e-08
6.261283966435750699e+03 4.689340073453641394e-08 4.687217828562830599e-08
6.275476943215450774e+03 4.644458512231053192e-08 4.642493543745531027e-08
6.296647498215450469e+03 4.578516639220618794e-08 4.576779544065691400e-08
6.315004565581749375e+03 4.522851060916344765e-08 4.521300849464489922e-08
6.325617850581700623e+03 4.490499570169699515e-08 4.489052501471268988e-08
6.331017851435700322e+03 4.474476204542513111e-08 4.473078955932653443e-08
6.341649801435750305e+03 4.444057633913545959e-08 4.442751730858641849e-08
6.360383198215449738e+03 4.389478246059017297e-08 4.388318512570500915e-08
6.375604083215399442e+03 4.345857816199064731e-08 4.344804012787218912e-08
6.386216773215400281e+03 4.316031969422467296e-08 4.315040774167704371e-08
6.400985123215449676e+03 4.273887651965042166e-08 4.272970525709966041e-08
6.421043070581750726e+03 4.218668885033435641e-08 4.217825944558884403e-08
6.433644260581750132e+03 4.184437989794768650e-08 4.183632637612886093e-08
6.439044261435748922e+03 4.169691520960852224e-08 4.168892435795077583e-08
6.457241766435749923e+03 4.120421617493301516e-08 4.119636995652202969e-08
6.497587638215449260e+03 4.012814023344367524e-08 4.011975804434675427e-08
6.557264007963800395e+03 3.860536580818020222e-08 3.859418964732311757e-08
6.595214052963850008e+03 3.766701177615875837e-08 3.765340639379368727e-08
6.600614056435750172e+03 3.753518646348521019e-08 3.752121604521985807e-08
6.655418091435700262e+03 3.626795395467268897e-08 3.624954192274625079e-08
6.764309337963799408e+03 3.386683402564575697e-08 3.384224831126030145e-08
6.824643681184099478e+03 3.260246373335939368e-08 3.257593856137764377e-08
6.848852386435749395e+03 3.211120663997310456e-08 3.208403243107260465e-08
6.981952333215449471e+03 2.970143739812250800e-08 2.968290788215102785e-08
7.122792737963800391e+03 2.727290318097447634e-08 2.726385542327305613e-08
7.154741901184099333e+03 2.679365914039943206e-08 2.678492401289701321e-08
7.293241856435699447e+03 2.483053985377756398e-08 2.482147850567591455e-08
7.526190897963799216e+03 2.178608712506619337e-08 2.177663565260006776e-08
7.631439991184100109e+03 2.056313850857389551e-08 2.055363423237117641e-08
7.769939941435701257e+03 1.905118761117797608e-08 1.904220269539402953e-08
8.108742132963799122e+03 1.598583943544297874e-08 1.597745516756657003e-08
8.319844381184098893e+03 1.433065081301983999e-08 1.432236634455532113e-08
8.458344331435700951e+03 1.334929183690308609e-08 1.334100362262684370e-08
8.950010097963800945e+03 1.067527829285080437e-08 1.066791145200960125e-08
9.313975921184099207e+03 8.918612268445141630e-09 8.912176148367519090e-09
9.452475871435701265e+03 8.326905630654097945e-09 8.320721712238009271e-09
1.016489341558170054e+04 6.310820285018674695e-09 6.305768670592464703e-09
1.074961101380199943e+04 4.850274977757045069e-09 4.846115152111306048e-09
1.088811096643570090e+04 4.554791495080212413e-09 4.550771589865335661e-09
1.191931834796380099e+04 3.285484087061289843e-09 3.282338610582184471e-09
1.282282579618409909e+04 2.294562854529998442e-09 2.292157215749947766e-09
1.296132576643570064e+04 2.169935719922257860e-09 2.167593969010208564e-09
1.445290064796380102e+04 1.488286681757992204e-09 1.486499326078395548e-09
1.581677559618410123e+04 9.243514778279901755e-10 9.230568577598715346e-10
1.595527556643574826e+04 8.788268976793894574e-10 8.775599226530904863e-10
1.811167171558174960e+04 5.793387183573390095e-10 5.784056011832145697e-10
2.014036791380199793e+04 3.229795115550952030e-10 3.223536024194970758e-10
2.027886786643575033e+04 3.095522509817009235e-10 3.089366544481820324e-10
2.339533894796384993e+04 1.971549945505552208e-10 1.967131900483927071e-10
2.638411009618410026e+04 9.750120642216472886e-11 9.722328201468755713e-11
2.652261001643574855e+04 9.406987262449364714e-11 9.379539273961280853e-11
3.102553464796385379e+04 5.863382211641401779e-11 5.844067265132809617e-11
3.540075939618410484e+04 2.646068235774441350e-11 2.634556374814792445e-11
3.553925936643575551e+04 2.573624187609556122e-11 2.562217492823331864e-11
4.204437524796384969e+04 1.609426779887320329e-11 1.601524149514124406e-11
4.842179119618410186e+04 7.141345199706594952e-12 7.096354462000160262e-12
4.856029116643570160e+04 6.992872560660829475e-12 6.948181620147814784e-12
5.795679109796379635e+04 4.248459558860315240e-12 4.217860751163393576e-12
6.722559109618410002e+04 1.645644543832347124e-12 1.628851676404424270e-12
6.736409106643569248e+04 1.623105288888608091e-12 1.606392177457937734e-12
8.093606709796383802e+04 1.146061267398222686e-12 1.134700847859187597e-12
9.438034319618415611e+04 6.905784074655156171e-13 6.844946301954987977e-13
9.451884316643574857e+04 6.881536500070501574e-13 6.820904332895336780e-13
1.141206650655817502e+05 7.178903760891520022e-13 7.137974254996100982e-13
1.335947870138020371e+05 7.498169329100491777e-13 7.476746494001263804e-13
1.337332869164358126e+05 7.469817265599399516e-13 7.448445852913433576e-13
1.620428689155817265e+05 3.952105845658617010e-13 3.937806858031882206e-13
1.902247510138019570e+05 4.615751566534916942e-14 4.542993728709924375e-14
1.903632509164357616e+05 4.615034292430879523e-14 4.542399135928118808e-14
2.312477944155817386e+05 5.586266799602017837e-14 5.537559403884772453e-14
2.720046380138020613e+05 6.557938680394298539e-14 6.533042209417919801e-14
2.721431379164357204e+05 6.547232966219224871e-14 6.522365441604844457e-14
3.311873066479638801e+05 3.371958138261693886e-14 3.355308058097481475e-14
3.901037757461841102e+05 2.073846587166993992e-15 1.989244306534598305e-15
3.902422759164356976e+05 2.070726312979454570e-15 1.986209608957427283e-15
4.755109381479638978e+05 1.803279942700496097e-15 1.754201007309399573e-15
5.606519007461841684e+05 8.430287117301979242e-16 8.354131994454816812e-16
5.607904009164357558e+05 1.443049455226190629e-16 1.427924077091227458e-16
