1.500001740000000139e-01 -0.000000000000000000e+00 0.000000000000000000e+00
2.999992800999999876e-01 -0.000000000000000000e+00 0.000000000000000000e+00
4.499982122000000251e-01 -0.000000000000000000e+00 0.000000000000000000e+00
5.499982122000000029e-01 -0.000000000000000000e+00 0.000000000000000000e+00
6.499988728000000160e-01 -0.000000000000000000e+00 0.000000000000000000e+00
7.499996907000000546e-01 -0.000000000000000000e+00 0.000000000000000000e+00
8.499999240000000178e-01 -0.000000000000000000e+00 0.000000000000000000e+00
9.500001739999999195e-01 -0.000000000000000000e+00 0.000000000000000000e+00
1.050000347999999972e+00 -0.000000000000000000e+00 0.000000000000000000e+00
1.150000348000000061e+00 -0.000000000000000000e+00 0.000000000000000000e+00
1.299999280100000210e+00 -0.000000000000000000e+00 0.000000000000000000e+00
1.449998872800000171e+00 -0.000000000000000000e+00 0.000000000000000000e+00
1.549999690699999988e+00 -0.000000000000000000e+00 0.000000000000000000e+00
1.649999848000000213e+00 -0.000000000000000000e+00 0.000000000000000000e+00
1.749999924000000151e+00 -0.000000000000000000e+00 0.000000000000000000e+00
1.850000000000000311e+00 -0.000000000000000000e+00 0.000000000000000000e+00
1.950000174000000142e+00 -0.000000000000000000e+00 0.000000000000000000e+00
2.050000347999999750e+00 -0.000000000000000000e+00 0.000000000000000000e+00
2.150000348000000283e+00 -0.000000000000000000e+00 0.000000000000000000e+00
2.250000347999999928e+00 -0.000000000000000000e+00 0.000000000000000000e+00
2.399999280099999854e+00 -0.000000000000000000e+00 0.000000000000000000e+00
2.549998212200000225e+00 -0.000000000000000000e+00 0.000000000000000000e+00
2.649998212200000314e+00 -0.000000000000000000e+00 0.000000000000000000e+00
2.749998872799999994e+00 -0.000000000000000000e+00 0.000000000000000000e+00
2.849999533400000118e+00 -0.000000000000000000e+00 0.000000000000000000e+00
2.949999533400000207e+00 -0.000000000000000000e+00 0.000000000000000000e+00
3.049999533399999851e+00 -0.000000000000000000e+00 0.000000000000000000e+00
3.149999533400000384e+00 -0.000000000000000000e+00 0.000000000000000000e+00
3.249999690700000610e+00 -0.000000000000000000e+00 0.000000000000000000e+00
3.349999847999999947e+00 -0.000000000000000000e+00 0.000000000000000000e+00
3.449999924000000551e+00 -0.000000000000000000e+00 0.000000000000000000e+00
3.549999999999999822e+00 -0.000000000000000000e+00 0.000000000000000000e+00
3.650000000000000355e+00 -0.000000000000000000e+00 0.000000000000000000e+00
3.750000000000000444e+00 -0.000000000000000000e+00 0.000000000000000000e+00
3.850000000000000089e+00 -0.000000000000000000e+00 0.000000000000000000e+00
3.950000174000000364e+00 -0.000000000000000000e+00 0.000000000000000000e+00
4.099999280100000476e+00 -0.000000000000000000e+00 0.000000000000000000e+00
4.249998212200000403e+00 -0.000000000000000000e+00 0.000000000000000000e+00
4.349998872799999639e+00 -0.000000000000000000e+00 0.000000000000000000e+00
4.449999690699999455e+00 -0.000000000000000000e+00 0.000000000000000000e+00
4.549999847999999680e+00 -0.000000000000000000e+00 0.000000000000000000e+00
4.649999924000000284e+00 -0.000000000000000000e+00 0.000000000000000000e+00
4.750000000000000000e+00 -0.000000000000000000e+00 0.000000000000000000e+00
4.850000174000000719e+00 -0.000000000000000000e+00 0.000000000000000000e+00
4.950000347999999661e+00 -0.000000000000000000e+00 0.000000000000000000e+00
5.056825680100001108e+00 -0.000000000000000000e+00 0.000000000000000000e+00
5.206824612200000146e+00 -0.000000000000000000e+00 0.000000000000000000e+00
5.349998872799999639e+00 -0.000000000000000000e+00 0.000000000000000000e+00
5.449999690700000343e+00 -0.000000000000000000e+00 0.000000000000000000e+00
5.549999848000000569e+00 -0.000000000000000000e+00 0.000000000000000000e+00
5.649999924000000284e+00 -0.000000000000000000e+00 0.000000000000000000e+00
5.750000000000000000e+00 -0.000000000000000000e+00 0.000000000000000000e+00
5.850000174000000719e+00 -0.000000000000000000e+00 0.000000000000000000e+00
5.950000347999999661e+00 -0.000000000000000000e+00 0.000000000000000000e+00
6.064887030100000409e+00 -0.000000000000000000e+00 0.000000000000000000e+00
6.214885962200000336e+00 -0.000000000000000000e+00 0.000000000000000000e+00
6.349998872800000527e+00 -0.000000000000000000e+00 0.000000000000000000e+00
6.449999690699999455e+00 -0.000000000000000000e+00 0.000000000000000000e+00
6.549999847999999680e+00 -0.000000000000000000e+00 0.000000000000000000e+00
6.649999924000000284e+00 -0.000000000000000000e+00 0.000000000000000000e+00
6.750000000000000000e+00 -0.000000000000000000e+00 0.000000000000000000e+00
6.850000174000000719e+00 -0.000000000000000000e+00 0.000000000000000000e+00
6.950000348000000550e+00 -0.000000000000000000e+00 0.000000000000000000e+00
7.076948880099999784e+00 -0.000000000000000000e+00 0.000000000000000000e+00
7.214285662200000893e+00 5.892532169386652946e-03 1.690108976378992128e-02
7.337336062200000342e+00 1.529111323355798052e-02 4.608579473556037587e-02
7.449998212200000580e+00 2.071433600562904917e-02 5.926758449963845377e-02
7.549998872800000704e+00 2.450275788675600544e-02 6.842801456614865108e-02
7.649999690699999633e+00 2.772862455691939981e-02 7.624452628205380389e-02
7.749999923999999929e+00 3.063271062929317015e-02 8.333328678919042776e-02
7.850000173999999831e+00 3.332159927679106265e-02 8.987317262144754737e-02
7.950000347999999661e+00 3.585644205374870913e-02 9.604239195457214828e-02
8.050000951999999543e+00 3.827617224243529820e-02 1.019057502528581544e-01
8.150001806000000570e+00 4.060784245927707981e-02 1.075363147808869324e-01
8.297405634100000427e+00 4.388612376675464499e-02 1.155082191257448682e-01
8.447403712199999859e+00 4.719420971766728062e-02 1.233191983019725352e-01
8.549998872799999816e+00 4.939145603510930460e-02 1.285142864485592784e-01
8.649999690700001409e+00 5.150707575232810198e-02 1.334962851257112948e-01
8.749999847999999858e+00 5.360574001045782799e-02 1.383846500392931500e-01
8.849999924000000462e+00 5.569402239558068901e-02 1.432171842487373337e-01
8.950000173999999475e+00 5.777776047595744452e-02 1.480094613411399862e-01
9.050000952000001320e+00 5.986132643613162330e-02 1.527515989053759293e-01
9.150001806000002347e+00 6.194954105573886177e-02 1.574368327286848335e-01
9.256429505999999918e+00 6.417440106192021099e-02 1.624012626912812174e-01
9.385897374099998913e+00 6.688005506447494697e-02 1.684222248741289729e-01
9.529468027200000080e+00 6.992942714857565412e-02 1.750211381839457403e-01
9.649998907799998804e+00 7.254945069394821977e-02 1.805537162503325910e-01
9.749999705699998742e+00 7.473385430481352398e-02 1.851472881763962797e-01
9.849999928999999099e+00 7.694404925475754886e-02 1.897392394475262700e-01
9.950000183999998526e+00 7.918230392097559689e-02 1.942860307310055878e-01
1.005000096200000037e+01 8.145252073447399599e-02 1.988361762067430150e-01
1.015000180600000057e+01 8.376102476165502020e-02 2.034117272352460037e-01
1.027752404410000153e+01 8.672632523322318376e-02 2.092669618037624468e-01
1.042752214719999948e+01 9.031143292544875634e-02 2.161205376468418593e-01
1.054999890779999916e+01 9.334506128058998875e-02 2.217343811697254918e-01
1.064999970569999910e+01 9.586375395342686123e-02 2.263485524504158519e-01
1.074999992899999945e+01 9.843009904921273812e-02 2.309930674594913025e-01
1.085000018400000066e+01 1.010469613957141327e-01 2.356355382098444806e-01
1.095000096200000073e+01 1.037193036280217723e-01 2.402529479738265972e-01
1.105000180600000093e+01 1.064511554441870539e-01 2.448911407437706078e-01
1.115000205599999994e+01 1.092476968119155539e-01 2.495728074121101314e-01
1.130000015909999966e+01 1.134936762927274412e-01 2.566485321371004824e-01
1.144999890779999951e+01 1.179511880413686015e-01 2.637775558079790139e-01
1.154999970569999945e+01 1.210115689825643909e-01 2.684957027035939081e-01
1.164999992899999981e+01 1.241397312927414454e-01 2.732672363420268202e-01
1.175000018399999924e+01 1.273414376713298823e-01 2.780872510686549504e-01
1.185000036799999990e+01 1.306204653396842164e-01 2.829528236389621809e-01
1.195000096200000073e+01 1.339812285684716109e-01 2.878432024541099921e-01
1.205000180599999915e+01 1.374245775244610779e-01 2.926994581864011402e-01
1.215000205599999816e+01 1.409590697704263818e-01 2.975669703600382077e-01
1.230000015909999966e+01 1.463658205121953493e-01 3.049515008941153793e-01
1.244999890779999951e+01 1.520319609958274976e-01 3.125093082650887699e-01
1.254999970569999945e+01 1.559343633923969130e-01 3.175836597496184965e-01
1.264999992900000159e+01 1.599279563462845666e-01 3.226166727371269083e-01
1.275000018399999924e+01 1.640210621502108390e-01 3.276491980380420443e-01
1.285000036799999990e+01 1.682138845039465591e-01 3.327443106610246115e-01
1.295000096199999895e+01 1.725143794511479478e-01 3.378981618093768735e-01
1.305000180599999915e+01 1.769203415081996855e-01 3.431089060030168003e-01
1.315000205599999994e+01 1.814408364733002266e-01 3.483731355733667989e-01
1.330000015909999966e+01 1.883667302399101573e-01 3.562123187232515975e-01
1.344999890779999951e+01 1.955976299339776125e-01 3.641704494417452032e-01
1.354999970570000123e+01 2.005688289122220802e-01 3.695075693025661190e-01
1.364999992899999981e+01 2.056448171460388552e-01 3.749078124999868922e-01
1.375000018399999924e+01 2.108378053658917783e-01 3.803689629744168021e-01
1.385000036800000167e+01 2.161481203621355707e-01 3.858880592396782827e-01
1.395000096200000073e+01 2.215761317284806464e-01 3.913996058044403870e-01
1.405000180600000270e+01 2.271158696554173018e-01 3.968830141692643032e-01
1.415000205600000172e+01 2.327791769471786731e-01 4.024018980110121713e-01
1.430000015910000144e+01 2.414268736242568547e-01 4.107788231357001885e-01
1.444999890780000129e+01 2.503834811973804086e-01 4.193564460215041256e-01
1.454999970569999945e+01 2.565004939825744068e-01 4.251300157801078949e-01
1.464999992900000159e+01 2.627154520028945894e-01 4.309246088444622647e-01
1.475000018400000101e+01 2.690357944217007802e-01 4.366729183883063525e-01
1.485000036799999990e+01 2.754476853229491651e-01 4.424295011967903091e-01
1.495000096200000250e+01 2.819582036130834912e-01 4.482545157522127566e-01
1.505000180599999737e+01 2.885584967418842739e-01 4.541444338941090231e-01
1.515000205599999994e+01 2.952475031817337614e-01 4.600969873484110351e-01
1.530000015910000322e+01 3.053609801600156715e-01 4.691127231821641819e-01
1.544999890780000307e+01 3.156900104650471328e-01 4.782293881068526709e-01
1.554999970570000123e+01 3.226455634433776365e-01 4.842287309421515196e-01
1.564999992900000159e+01 3.296465467721736986e-01 4.902628054073838171e-01
1.575000018400000279e+01 3.366732878124334971e-01 4.963594572840482888e-01
1.585000036799999812e+01 3.437284265832716845e-01 5.025145612188511857e-01
1.595000096200000073e+01 3.507981805571817602e-01 5.087248018250450921e-01
1.605000180600000093e+01 3.578810305688995830e-01 5.149860266294659095e-01
1.616787921909999781e+01 3.661975464170252881e-01 5.224151441655058292e-01
1.631787732219999754e+01 3.767085137221791724e-01 5.317355640507301917e-01
1.644999890779999774e+01 3.859533169088972260e-01 5.399333296283328476e-01
1.654999955339999929e+01 3.928709693095913114e-01 5.461707453341182461e-01
1.664999955340000071e+01 3.997251398365994079e-01 5.524375535915069246e-01
1.674999970570000229e+01 4.064982058390789743e-01 5.587230268131017086e-01
1.684999985800000033e+01 4.131797276777768313e-01 5.650136862058191545e-01
1.694999992900000052e+01 4.197706050149224155e-01 5.712904737785774456e-01
1.705000000000000071e+01 4.262594767653686278e-01 5.774910331310424416e-01
1.715000018400000315e+01 4.326413485195456654e-01 5.834884198757246399e-01
1.725000096200000144e+01 4.387604646684057363e-01 5.893265993839318373e-01
1.735000180600000164e+01 4.443488372694674449e-01 5.950309039817169854e-01
1.750000102800000334e+01 4.524958151589501543e-01 6.031009701985091676e-01
1.765000077799999900e+01 4.606556747656090356e-01 6.100992400352694967e-01
1.775000155600000085e+01 4.662960949998757321e-01 6.133255179335694862e-01
1.785000180600000164e+01 4.725263454860527124e-01 6.133735940919677887e-01
1.798733965599999962e+01 4.748602334176739159e-01 5.710831113074237297e-01
1.813733862799999841e+01 4.688644485910449244e-01 5.563880203044975215e-01
1.825000000000000000e+01 4.682914008745602263e-01 5.639203051166423730e-01
1.835000000000000142e+01 4.695880083036831354e-01 5.738926131313550894e-01
1.845000077799999971e+01 4.715372406497064239e-01 5.844624622826875004e-01
1.855000180600000093e+01 4.738127363245416834e-01 5.951738578810613634e-01
1.870000102800000263e+01 4.775191433943299368e-01 6.115212770435122236e-01
1.885000000000000142e+01 4.814082186168908151e-01 6.279108862640232491e-01
1.895000077800000327e+01 4.840796551131404390e-01 6.387616977504630977e-01
1.905000180600000093e+01 4.865078871412733541e-01 6.496000019628049849e-01
1.920000102799999908e+01 4.891028122302373826e-01 6.658714416199547070e-01
1.935000000000000142e+01 4.914099441470750618e-01 6.823879394005388788e-01
1.945000077800000327e+01 4.928097412841482283e-01 6.934605105052146223e-01
1.955000180600000093e+01 4.941135446715922419e-01 7.044573110814110750e-01
1.970000102799999908e+01 4.958906171921761974e-01 7.208883164536323829e-01
1.985000000000000142e+01 4.975175305205088438e-01 7.374801992161695852e-01
1.995000077800000327e+01 4.984713294155564411e-01 7.481825986069421397e-01
2.005000180600000093e+01 4.992040768613493218e-01 7.588538133618294435e-01
2.017947155600000286e+01 4.998449528164917721e-01 7.728689493737717076e-01
2.032947052800000520e+01 5.003860381232702048e-01 7.888870471129048045e-01
2.045000078300000368e+01 5.006756979136998131e-01 8.016135396597997564e-01
2.055000182100000217e+01 5.008154103922074496e-01 8.122923877456428299e-01
2.065000207599999982e+01 5.008649092657495583e-01 8.230086899429448488e-01
2.075482214410000026e+01 5.008137831047239086e-01 8.338946749794953206e-01
2.088247351720000111e+01 5.005860088992952761e-01 8.467007213602730786e-01
2.102765241110000005e+01 5.004013334752245301e-01 8.612929274023187753e-01
2.115000000000000213e+01 5.005506381055984111e-01 8.735048327441264915e-01
2.125000078300000084e+01 5.006075370950426873e-01 8.831467121684356547e-01
2.135000156599999954e+01 5.005863852776981648e-01 8.927114561380503632e-01
2.145000156600000452e+01 5.004723488343527649e-01 9.023294704331028537e-01
2.155000182099999861e+01 5.002500383689887364e-01 9.119586658444666094e-01
2.165000207599999982e+01 4.998998861713072062e-01 9.214009153108004835e-01
2.176821749409999640e+01 4.992794709757184535e-01 9.321008740146787819e-01
2.191195449219999603e+01 4.980911505667987571e-01 9.446303245247643643e-01
2.204373803610000238e+01 4.971740836435748490e-01 9.559833045591601408e-01
2.215000000000000213e+01 4.978331024991121123e-01 9.650850906740143786e-01
2.225000078300000084e+01 4.985018164716032985e-01 9.732078639974611756e-01
2.235000156599999954e+01 4.991249200658680052e-01 9.811295250224915110e-01
2.245000156600000096e+01 4.996528181912134325e-01 9.890535417961889841e-01
2.255000182100000217e+01 5.000429662411635112e-01 9.969357224591294253e-01
2.265000207599999626e+01 5.002491268865518759e-01 1.004730774067180921e+00
2.280000103800000133e+01 5.000573519928569466e-01 1.015841449933595930e+00
2.295000078300000368e+01 4.989011253755543662e-01 1.026281526624859053e+00
2.305000182099999861e+01 4.976682225190491859e-01 1.032858242584107522e+00
2.315000207599999982e+01 4.977905058834925511e-01 1.039413693153990348e+00
2.329766101600000283e+01 5.008893608166493649e-01 1.048926520395636830e+00
2.344765997800000079e+01 5.046447628296165666e-01 1.058048618492249959e+00
2.355000000000000071e+01 5.073160807838473785e-01 1.063953700682275239e+00
2.365000000000000213e+01 5.099366248461866258e-01 1.069663574076674672e+00
2.375000078300000084e+01 5.125087592735027009e-01 1.075270247916344069e+00
2.385000156599999599e+01 5.149623120561945822e-01 1.080735576129694619e+00
2.395000156600000096e+01 5.171909198056553469e-01 1.085997292594854446e+00
2.405000182099999861e+01 5.189783188247288903e-01 1.090657005732017515e+00
2.415000207599999982e+01 5.201777248071942639e-01 1.094998703270826157e+00
2.430000103800000488e+01 5.238227195672084946e-01 1.101399604733549031e+00
2.445000078300000368e+01 5.304274060783836786e-01 1.107675354041767424e+00
2.455000182100000217e+01 5.354401462253451927e-01 1.111688700139907171e+00
2.465000207599999982e+01 5.408566762174541465e-01 1.115545083739879484e+00
2.480000103800000488e+01 5.496664404085839228e-01 1.120794015047270165e+00
2.495000078300000368e+01 5.594238320036840628e-01 1.125727889838213702e+00
2.505000182100000217e+01 5.664966806215421258e-01 1.128768834079037386e+00
2.515000207599999982e+01 5.741088461062312520e-01 1.131460407882963537e+00
2.525400947910000227e+01 5.827897853953941665e-01 1.133980576116944583e+00
2.538779357409999804e+01 5.951160528495570423e-01 1.137060433343459520e+00
2.553378513299999852e+01 6.080683976397363022e-01 1.140041187816848378e+00
2.565000000000000213e+01 6.188359053971720369e-01 1.142234987417044545e+00
2.575000078300000084e+01 6.285702124893912668e-01 1.144008179460939134e+00
2.585000156599999954e+01 6.388327356499291509e-01 1.145656213132342227e+00
2.595000156600000452e+01 6.497223382660576307e-01 1.147160753898678776e+00
2.605000182099999861e+01 6.613575033904024458e-01 1.148501970584173471e+00
2.615000207599999982e+01 6.738942231104577685e-01 1.149649882121013045e+00
2.625848810409999956e+01 6.887732371407859766e-01 1.150574777333320808e+00
2.640325681719999906e+01 7.116250344583676668e-01 1.151094371298470476e+00
2.654476975109999870e+01 7.400548058380046479e-01 1.151525253070601273e+00
2.665000000000000213e+01 7.587945965903176715e-01 1.151745862918313046e+00
2.675000078300000084e+01 7.761979204455506931e-01 1.151852356454108772e+00
2.685000156599999954e+01 7.938038897248008707e-01 1.151842983737229931e+00
2.695000156600000096e+01 8.118902813535965324e-01 1.151702209865757220e+00
2.705000182100000217e+01 8.306565801440523034e-01 1.151398165392453654e+00
2.715000207599999626e+01 8.502912378657362380e-01 1.150946354742518718e+00
2.730000103800000133e+01 8.817501134748341185e-01 1.150005862153459457e+00
2.745000078300000013e+01 9.164725378110696319e-01 1.148686883336714093e+00
2.755000182099999861e+01 9.421140100245192217e-01 1.147384896026652168e+00
2.765000207599999982e+01 9.708340337435245049e-01 1.145953590769401176e+00
2.778793162599999533e+01 1.015630527318848619e+00 1.143937003872078861e+00
2.793793058800000040e+01 1.060058586530678415e+00 1.141595650715318655e+00
2.805000000000000071e+01 1.093266388510933051e+00 1.139706456337432394e+00
2.815000000000000568e+01 1.123496986354141081e+00 1.137909478768954985e+00
2.830000000000000071e+01 1.170504613585955367e+00 1.135008983445314534e+00
2.850000000000000000e+01 1.237546573147435547e+00 1.130722079708754935e+00
2.865000000000000568e+01 1.292178165362709352e+00 1.127119274031535667e+00
2.879141072299999848e+01 1.348228488491438171e+00 1.123270630837704731e+00
2.894141072300000062e+01 1.414649104966113180e+00 1.118953899641941474e+00
2.905000000000000426e+01 1.465177425865093142e+00 1.115771784839440173e+00
2.914999999999999858e+01 1.508437120726572989e+00 1.112790394128030380e+00
2.929999999999999716e+01 1.573052784219075573e+00 1.108197571437638418e+00
2.950000000000000355e+01 1.661265215658444427e+00 1.101808971780142921e+00
2.965000000000000213e+01 1.729879867934843718e+00 1.096804769382968781e+00
2.975148958200000138e+01 1.777786224314850783e+00 1.093296297146040263e+00
2.990148958199999996e+01 1.850600426800464771e+00 1.087859845722607632e+00
3.004999999999999716e+01 1.925016043500330509e+00 1.082087196978455346e+00
3.015000000000000213e+01 1.977156936668406750e+00 1.077962988990001314e+00
3.030000000000000071e+01 2.054589588944564671e+00 1.071899558022957999e+00
3.050000000000000355e+01 2.150604832232306141e+00 1.063766670953701698e+00
3.065000000000000213e+01 2.218646420764652571e+00 1.057592541305588885e+00
3.080000000000000071e+01 2.283936124903414466e+00 1.051256261538422665e+00
3.100000000000000355e+01 2.365859222562206376e+00 1.042526764039492848e+00
3.115000000000000213e+01 2.423676667815463759e+00 1.035757256818415684e+00
3.129746040610000080e+01 2.477479191108145518e+00 1.028885392128176646e+00
3.144746040609999937e+01 2.529003789670590585e+00 1.021520269339363018e+00
3.155000000000000071e+01 2.561767394754232985e+00 1.016579462442006809e+00
3.165000000000000213e+01 2.588674737476482690e+00 1.011821591146452315e+00
3.180000000000000071e+01 2.617336421276217795e+00 1.004609167273892600e+00
3.200000000000000711e+01 2.644207419905029610e+00 9.948510261147092137e-01
3.215000000000000568e+01 2.657606313635379358e+00 9.874210697004859316e-01
3.225000000000000000e+01 2.663767745960766042e+00 9.824095155761413123e-01
3.240000000000000568e+01 2.669018724638846152e+00 9.748204192522313960e-01
3.255000000000000426e+01 2.669710978376658606e+00 9.671199212414227642e-01
3.265000000000000568e+01 2.667596967669157770e+00 9.619169106034042294e-01
3.275000000000000000e+01 2.663223903199389397e+00 9.565728740906039862e-01
3.287861015610000237e+01 2.652833468694562935e+00 9.496580029527444955e-01
3.302861015610000095e+01 2.633351323310079817e+00 9.417251543527949131e-01
3.314999999999999858e+01 2.614530574528661777e+00 9.353122993908598026e-01
3.325000000000000000e+01 2.598404783302887822e+00 9.300214870799682343e-01
3.340000000000000568e+01 2.573264141201246247e+00 9.220774650815987128e-01
3.354999999999999716e+01 2.547335968155172825e+00 9.141010187320274261e-01
3.364999999999999858e+01 2.529823397831680420e+00 9.087722617280487025e-01
3.375000000000000000e+01 2.512445355924578294e+00 9.034452109654630414e-01
3.390000000000000568e+01 2.489134558891676008e+00 8.953208940099679491e-01
3.404999999999999716e+01 2.465669969392630279e+00 8.870553731914005979e-01
3.414999999999999858e+01 2.449474696803880747e+00 8.814409891966392685e-01
3.425000000000000000e+01 2.432494565103410444e+00 8.758368455535170405e-01
3.439999999999999858e+01 2.404785741577128988e+00 8.676274937767666229e-01
3.454999999999999716e+01 2.376822185528156606e+00 8.594763624073776809e-01
3.464999999999999858e+01 2.358526475243730935e+00 8.540628908605741865e-01
3.475000000000000711e+01 2.340899156394427916e+00 8.486689996238342415e-01
3.488191770299999916e+01 2.319236188537450172e+00 8.415743006712317342e-01
3.503191770300000485e+01 2.302206840699402068e+00 8.334230945457981043e-01
3.514999999999999858e+01 2.287625164753984031e+00 8.269774437590994287e-01
3.525000000000000711e+01 2.273682213232960159e+00 8.215014371982896080e-01
3.540000000000000568e+01 2.250989831895760407e+00 8.132622368060202778e-01
3.554999999999999716e+01 2.226686350451997587e+00 8.049369655446982907e-01
3.565000000000000568e+01 2.209696368420264623e+00 7.993349045919632134e-01
3.575000000000000711e+01 2.192099345722182679e+00 7.938976756932187850e-01
3.587041768800000341e+01 2.169694900252673531e+00 7.874326892971729164e-01
3.602041768800000199e+01 2.142592671235530766e+00 7.794532146029546915e-01
3.615000000000000568e+01 2.121743548867522922e+00 7.725314959278436477e-01
3.625000000000000711e+01 2.104767341376895029e+00 7.671952910430257511e-01
3.640000000000000568e+01 2.077213865184101671e+00 7.592136662314561413e-01
3.655000000000000426e+01 2.047986997365388806e+00 7.512361002049237069e-01
3.665000000000000568e+01 2.027733798878254667e+00 7.459244503057659292e-01
3.675000000000000711e+01 2.006953862299998281e+00 7.406162345914154566e-01
3.689999999999999858e+01 1.974901644196461303e+00 7.326625480338083696e-01
3.705000000000000426e+01 1.941864329183755622e+00 7.246766162374157494e-01
3.715000000000000568e+01 1.919276470680906233e+00 7.193934342215979605e-01
3.725000000000000711e+01 1.896163258948294184e+00 7.142000030161272939e-01
3.739999999999999858e+01 1.860700380384783692e+00 7.064756573175747789e-01
3.755000000000000426e+01 1.825555618397965540e+00 6.987976687918097118e-01
3.765000000000000568e+01 1.802100637580953180e+00 6.937073548940138057e-01
3.775000000000000000e+01 1.778611886413872245e+00 6.886377172676140246e-01
3.789999999999999858e+01 1.743329133505351569e+00 6.810792724519896257e-01
3.805000000000000426e+01 1.707969704976695313e+00 6.735537485160023596e-01
3.814999999999999858e+01 1.684349338121939654e+00 6.685617792900372391e-01
3.825000000000000000e+01 1.660692554707330126e+00 6.635913195180034307e-01
3.835000000000000142e+01 1.636975150712344451e+00 6.586379352527989006e-01
3.845420163800000779e+01 1.612115572401869867e+00 6.534566701438948577e-01
3.860420163799999926e+01 1.576123145682476911e+00 6.460123364214420683e-01
3.875000000000000000e+01 1.542188173256694883e+00 6.388466744310444811e-01
3.885000000000000853e+01 1.519136991481131238e+00 6.339899370085112507e-01
3.900000000000000000e+01 1.485363759023884622e+00 6.267659470424576940e-01
3.914999999999999858e+01 1.452226218326529317e+00 6.195859225616159316e-01
3.925000000000000711e+01 1.430438625956410137e+00 6.148287825290926767e-01
3.935000000000000853e+01 1.408877851552137628e+00 6.100940651370355683e-01
3.949063755800001019e+01 1.378919941213202716e+00 6.034804076261709449e-01
3.964063755800000166e+01 1.347337498374002518e+00 5.964647416694399684e-01
3.975000000000000711e+01 1.324457504228570226e+00 5.913379762060686495e-01
3.985000000000000853e+01 1.303840466209307047e+00 5.866579190223083495e-01
4.001598810610000356e+01 1.270861052287366233e+00 5.789159039269540230e-01
4.024516166220000457e+01 1.226767721111775789e+00 5.683028006902391960e-01
4.061388893409999667e+01 1.159175861594300194e+00 5.518370171838734572e-01
4.096378425599999673e+01 1.098725212069199264e+00 5.364660588178965517e-01
4.138848618409999602e+01 1.030267271792343786e+00 5.181220541044525563e-01
4.183471031220000214e+01 9.637368232077070385e-01 4.990380736363770886e-01
4.207275508409999532e+01 9.301256624389739880e-01 4.893483522750960990e-01
4.229196795600000058e+01 9.007178097955402807e-01 4.805706737747892920e-01
4.286602128410000034e+01 8.298020691742636901e-01 4.581859974736517405e-01
4.345039313409999693e+01 7.641250883940963190e-01 4.357834500217580009e-01
4.365748950599999745e+01 7.422269856104271035e-01 4.283590988724915727e-01
4.435757405599999714e+01 6.772732092366677836e-01 4.043681193220032277e-01
4.506034890600000153e+01 6.195372036792275994e-01 3.809679529503010031e-01
4.577910240599999980e+01 5.684116705257550306e-01 3.596683747354360028e-01
4.650054615599999863e+01 5.228455155661586584e-01 3.392716186594831318e-01
4.677849528410000346e+01 5.066585983775001578e-01 3.317854104269241100e-01
4.741080308410000299e+01 4.728638677582049921e-01 3.160139213403639902e-01
4.797808125600000295e+01 4.452818559649494023e-01 3.025298451230483687e-01
4.826276628409999603e+01 4.322892621599872531e-01 2.959584448819799207e-01
4.856628326219999536e+01 4.189746841655117571e-01 2.891518781210238864e-01
4.903768958410000067e+01 3.996893339401949019e-01 2.793286187521350494e-01
4.949295420600000028e+01 3.822850048848152604e-01 2.701491078498859943e-01
4.990832168409999525e+01 3.673312752315240903e-01 2.620426902978360006e-01
5.034252111220000359e+01 3.524521743522720518e-01 2.538159656273132891e-01
5.070191388410000144e+01 3.409108336306360676e-01 2.474476136906384738e-01
5.104516500599999773e+01 3.304316834943527015e-01 2.415169774985496676e-01
5.159121493410000170e+01 3.146879395621776654e-01 2.324074764671777149e-01
5.215609676220000068e+01 2.993163401821830050e-01 2.232882754469377729e-01
5.240347598409999819e+01 2.929764580895309889e-01 2.195354680642702394e-01
5.263471360599999826e+01 2.872664413018163332e-01 2.160909187650964514e-01
5.331144598409999702e+01 2.714536949518074338e-01 2.063818062061895942e-01
5.400701026219999790e+01 2.562198803227057620e-01 1.967594070758454106e-01
5.426094198410000757e+01 2.510062156647109299e-01 1.934598767294700428e-01
5.506901488409999956e+01 2.355142876912152405e-01 1.834201595399322371e-01
5.589526166220000647e+01 2.207421246919752944e-01 1.735498718945917007e-01
5.676804978410000047e+01 2.067625318238298926e-01 1.640984793525812613e-01
5.759210133410000054e+01 1.944424117448861344e-01 1.554955915514408538e-01
5.782085091220000805e+01 1.912128708435233415e-01 1.532339051481774739e-01
5.860029443410000027e+01 1.808699590938676327e-01 1.459354271010815662e-01
5.936628655600000570e+01 1.712793341476227804e-01 1.389975395322345930e-01
5.956696138409999719e+01 1.688788985526041841e-01 1.372373061395430471e-01
5.978377791220000148e+01 1.663550923806247084e-01 1.353978091208289103e-01
6.046987683409999192e+01 1.587583326908304504e-01 1.298546593068269361e-01
6.114252435600000979e+01 1.516585447001224385e-01 1.245773158586713919e-01
6.145521278409999866e+01 1.485119246527031589e-01 1.222019692294522702e-01
6.178404286220001040e+01 1.453002826151023608e-01 1.197761357478565603e-01
6.237679713410000204e+01 1.397803663209603031e-01 1.156401244610880258e-01
6.295610005600001102e+01 1.345916666865030198e-01 1.116996685749966078e-01
6.338080198410000321e+01 1.309701484539355365e-01 1.089025236565058785e-01
6.382164556219998985e+01 1.273335378895686931e-01 1.060813321508590062e-01
6.432105528409999806e+01 1.233974216290932430e-01 1.030689665604202776e-01
6.480701360599999816e+01 1.196862007340299683e-01 1.002011545563483014e-01
6.534372908409999070e+01 1.157854419013103348e-01 9.713375100916403493e-02
6.589658621220000612e+01 1.119094482725476458e-01 9.406531710083138043e-02
6.630265128410000841e+01 1.091882969851828283e-01 9.194629831930460628e-02
6.669526500599999963e+01 1.066237838199874943e-01 8.993499106716949798e-02
6.734399398409999549e+01 1.025864562813391112e-01 8.671542585377739476e-02
6.800886461219998580e+01 9.860317619580848125e-02 8.351342856017789085e-02
6.832158508409999342e+01 9.681400827688482758e-02 8.209896567227865927e-02
6.862085415600000715e+01 9.513816787367689043e-02 8.076581954564250598e-02
6.938159668410000336e+01 9.106874431446398965e-02 7.748192598277046927e-02
7.015848091220001947e+01 8.707501214114514443e-02 7.423018305619659418e-02
7.037785678410000401e+01 8.600033650241907524e-02 7.336820168181934498e-02
7.058378125600000885e+01 8.501016206572713230e-02 7.256933736440532301e-02
7.145653733410000541e+01 8.098725242752118081e-02 6.928959409119850310e-02
7.231254613410000331e+01 7.719341435772289484e-02 6.616577001116603907e-02
7.258404615599999943e+01 7.605985452007106573e-02 6.524307862467718100e-02
7.356881573409999930e+01 7.213650866955487184e-02 6.202058038459139222e-02
7.456972696219999364e+01 6.831508727299467898e-02 5.885032209889194676e-02
7.563853878410000675e+01 6.460619928491682928e-02 5.578974323021765325e-02
7.660639813410000443e+01 6.136466119784361739e-02 5.308458398334926082e-02
7.675724748409999165e+01 6.088564165358044400e-02 5.268636359088793575e-02
7.692154818410000416e+01 6.037502862268146614e-02 5.226446172939330087e-02
7.782549293409999791e+01 5.766409792596837586e-02 5.001768129806943852e-02
7.880886795600000028e+01 5.480364826757852525e-02 4.762594497482282307e-02
7.912986148410000453e+01 5.391860964779391502e-02 4.688797918515728164e-02
8.004978488410000637e+01 5.151459745449573496e-02 4.488930486704859057e-02
8.095848420600000850e+01 4.921005505204161662e-02 4.295937446685577782e-02
8.120583138410000856e+01 4.860133178356472461e-02 4.244866651000913510e-02
8.146662996220000252e+01 4.798227622051075975e-02 4.193167244513326675e-02
8.231141468410000073e+01 4.606440710785911913e-02 4.033096656659058282e-02
8.314543830599998842e+01 4.422037230275571718e-02 3.878309515123066348e-02
8.348613008409999736e+01 4.348863091396092118e-02 3.816861366301119163e-02
8.384027326220000020e+01 4.275263211192459334e-02 3.755126279988531962e-02
8.461038233409999521e+01 4.123267472937141437e-02 3.627738989331460995e-02
8.536973030600000811e+01 3.976844562214922746e-02 3.504491072149761716e-02
8.580376668410001173e+01 3.895451835261280055e-02 3.436024335603651836e-02
8.625125441219999800e+01 3.814132381909222241e-02 3.367560767854652776e-02
8.694668778409999277e+01 3.694692403245120049e-02 3.267007580974524983e-02
8.763136005599999123e+01 3.579483216305660853e-02 3.169717251996970186e-02
8.815874108410000076e+01 3.493106203369300555e-02 3.096877903505452015e-02
8.869957351219998998e+01 3.407202260063293964e-02 3.024279402232591882e-02
8.932033118410001293e+01 3.314363521938991364e-02 2.945729971952608037e-02
8.993032775600001116e+01 3.224756254249397380e-02 2.869768888292722336e-02
9.055105338410000115e+01 3.135936063428185205e-02 2.794621440949423413e-02
9.118523036220000222e+01 3.047895885002464486e-02 2.719902811417806640e-02
9.173131233409998231e+01 2.976728730804009682e-02 2.659357422463210288e-02
9.226663320599999452e+01 2.908045486062140611e-02 2.600878696357155143e-02
9.298070343410000760e+01 2.818740275774844761e-02 2.525012674936728124e-02
9.370822506220000037e+01 2.730432192529207505e-02 2.449712908085763252e-02
9.417963138410000568e+01 2.676831117128004173e-02 2.403843281380080299e-02
9.464027660600000047e+01 2.625161708945404279e-02 2.359642249000982323e-02
9.544769143409999401e+01 2.536851867767572766e-02 2.284270328302496003e-02
9.626855761219999863e+01 2.449691617452434342e-02 2.209565281508095447e-02
9.666528823410001792e+01 2.410302064169739591e-02 2.175644836314322844e-02
9.705125775599999827e+01 2.372429090352895856e-02 2.143082171719634665e-02
9.736850188569999887e+01 2.341617674200997118e-02 2.116666891987586605e-02
9.809419951380000668e+01 2.272597938026850797e-02 2.057392216146364944e-02
9.886622801219999701e+01 2.201228637694157067e-02 1.995856001664605972e-02
9.918828298409999888e+01 2.173272746333632099e-02 1.971626984552505082e-02
9.949957680599999321e+01 2.146521501161443440e-02 1.948512749387660420e-02
1.004936808341000045e+02 2.063181451497804811e-02 1.876601971142418876e-02
1.015012362622000097e+02 1.981118357524995835e-02 1.805457183153330245e-02
1.017486154840999859e+02 1.962305458975819109e-02 1.789046501758019547e-02
1.019852336560000055e+02 1.944463865913701600e-02 1.773561092742832052e-02
1.030726823340999800e+02 1.864470822673830117e-02 1.704133679373296198e-02
1.041523921840999805e+02 1.787175753056382752e-02 1.636728871535035254e-02
1.045082284060000006e+02 1.763510746895366813e-02 1.616031512658711380e-02
1.056890216341000013e+02 1.687204164832155351e-02 1.549409951013779561e-02
1.067847101340999956e+02 1.617933776397630780e-02 1.488665304076040689e-02
1.070685609559999989e+02 1.601320202630200640e-02 1.474064389550891474e-02
1.083426987841000084e+02 1.528853166625948438e-02 1.410421556270206357e-02
1.096428791341000135e+02 1.456963117791887537e-02 1.347033559014322590e-02
1.109823903560000105e+02 1.389671244008938537e-02 1.287592425122362216e-02
1.121613596340999948e+02 1.331426901958833800e-02 1.235966945590037148e-02
1.123525630840999980e+02 1.322576381046548788e-02 1.228131452514287167e-02
1.136360675059999892e+02 1.265602585187914492e-02 1.177534153899510196e-02
1.149056911341000102e+02 1.210149357591826583e-02 1.128137499590715041e-02
1.162591879340999981e+02 1.156511168382991922e-02 1.080293160762622016e-02
1.176873604340999862e+02 1.101186896246317791e-02 1.030776023911455369e-02
1.190595261840999939e+02 1.052778924874569685e-02 9.873845736158751163e-03
1.205063673840999883e+02 1.003111585503939189e-02 9.427213551106429848e-03
1.218972020840999875e+02 9.593617023134699481e-03 9.033316813825891661e-03
1.233627125840999952e+02 9.146959409668562607e-03 8.629999815843005309e-03
1.247722161341000060e+02 8.751100603316741555e-03 8.272103705894196662e-03
1.262563956341000164e+02 8.348899554312691138e-03 7.907475297822328178e-03
1.276845681840999873e+02 7.990120427895182689e-03 7.581789718203305224e-03
1.291874161840999875e+02 7.627288811362363877e-03 7.251587368314024555e-03
1.306342576840999925e+02 7.301969788773090414e-03 6.955139263761631399e-03
1.321557746841000096e+02 6.974494701184747771e-03 6.656008448405860770e-03
1.336212851841000031e+02 6.679193654092799824e-03 6.385885214025804890e-03
1.351614711840999803e+02 6.383269348674482958e-03 6.114576589009576395e-03
1.366456501840999920e+02 6.115062884317130909e-03 5.868296157765306303e-03
1.382045051840999861e+02 5.847431127952280004e-03 5.621994153601152580e-03
1.397073536841000134e+02 5.603695282174650516e-03 5.397296107542377125e-03
1.412848776840999676e+02 5.361589839273964500e-03 5.173599083495445013e-03
1.428063946840999847e+02 5.140065757660308710e-03 4.968517425131632574e-03
1.444025876841000127e+02 4.920978394111256982e-03 4.765210367223106716e-03
1.459427736841000183e+02 4.719606276147229537e-03 4.577939940684840406e-03
1.468253404357000136e+02 4.609344880667574050e-03 4.475327242293601279e-03
1.477727719638000110e+02 4.495181902793288047e-03 4.368626848941333483e-03
1.491164901841000017e+02 4.338211717842268937e-03 4.221953093541411239e-03
1.507500211841000066e+02 4.158548326384326442e-03 4.053581716747443192e-03
1.523275451840999892e+02 3.991889434683566253e-03 3.897003168778536298e-03
1.539797446841000124e+02 3.829073011387125729e-03 3.743565378105206346e-03
1.555759371840999847e+02 3.677434273321074365e-03 3.600288189714200178e-03
1.572468056840999679e+02 3.529765942915973845e-03 3.460287923896296532e-03
1.588616676841000128e+02 3.391603485489433790e-03 3.328950551842600487e-03
1.605512051841000130e+02 3.257595330300935323e-03 3.201095840421594452e-03
1.621847356840999907e+02 3.131717755438543759e-03 3.080682750984489824e-03
1.638929416841000091e+02 3.009947699038179568e-03 2.963746104117823479e-03
1.655451411840999754e+02 2.895079061465440431e-03 2.853157379649958001e-03
1.672720166841000093e+02 2.784266692996790245e-03 2.746042192557027369e-03
1.689428851840999926e+02 2.679311451631209186e-03 2.644345436872586486e-03
1.706884291840999879e+02 2.578379354420611783e-03 2.546150141813343683e-03
1.723779666840999880e+02 2.482421205816926716e-03 2.452590170053095889e-03
1.741421796841000003e+02 2.390255552415798852e-03 2.362381469234353833e-03
1.758503861840999889e+02 2.302289695669996767e-03 2.276113341641699487e-03
1.776332681840999896e+02 2.218062351488384217e-03 2.193215481472932365e-03
1.793601431840999965e+02 2.137390246167525463e-03 2.113677989156800309e-03
1.811616941841000141e+02 2.060292965225185829e-03 2.037427267679364860e-03
1.829072381841000094e+02 1.986191432684089944e-03 1.964026910568124167e-03
1.847228071559999876e+02 1.915646936255608430e-03 1.893967042134257327e-03
1.877186609357000009e+02 1.803644858569611971e-03 1.782509135331574552e-03
1.895015429356999732e+02 1.740797561672004570e-03 1.719845162798501036e-03
1.901134426840999936e+02 1.719616325803035358e-03 1.698708632537210923e-03
1.919149936841000113e+02 1.661577950911955967e-03 1.640751947703145098e-03
1.937725511841000241e+02 1.602180770275529699e-03 1.581375803660872324e-03
1.955927706841000031e+02 1.548583950375431425e-03 1.527781350647776414e-03
1.974689971841000045e+02 1.493876929837972562e-03 1.473028867262941074e-03
1.993078861840999707e+02 1.444362896713306289e-03 1.423494016552910709e-03
2.012027816840999890e+02 1.393949207475391914e-03 1.373025521977231777e-03
2.030603391841000018e+02 1.348157621079755768e-03 1.327232912745233799e-03
2.049739036841000370e+02 1.301649720101406881e-03 1.280703674598333798e-03
2.068501306841000371e+02 1.259273168558176087e-03 1.238377543298301671e-03
2.087823641840999755e+02 1.216334873407810173e-03 1.195481798578289408e-03
2.106772596840999938e+02 1.177070211800329558e-03 1.156338985408907494e-03
2.126281621841000060e+02 1.137376196339636878e-03 1.116769668919159958e-03
2.145417266841000128e+02 1.100960185252431237e-03 1.080557741732708892e-03
2.165112976841000147e+02 1.064224727190355140e-03 1.044037803236640225e-03
2.184435311840999816e+02 1.030413560992961709e-03 1.010515909934965942e-03
2.204317716840999708e+02 9.963795101524299935e-04 9.767886448077581045e-04
2.220903205138000089e+02 9.695518706563318895e-04 9.502810037038693283e-04
2.235325104857000156e+02 9.466397653991901959e-04 9.276156584377826106e-04
2.243895826840999916e+02 9.334158667294648309e-04 9.145876075061793852e-04
2.263591541841000208e+02 9.042419766114207121e-04 8.858570751070238844e-04
2.283847321841000166e+02 8.749887282846249273e-04 8.570699814089595414e-04
2.303729721840999787e+02 8.478064834214349291e-04 8.303927686311515658e-04
2.324172191841000199e+02 8.205936822812157864e-04 8.037071589045667727e-04
2.344241281840999989e+02 7.952289210190157569e-04 7.788962731846370800e-04
2.364870436840999730e+02 7.698802068428128647e-04 7.541219149726800450e-04
2.385126216840999689e+02 7.461937322500222574e-04 7.310239842837233442e-04
2.405942066841000155e+02 7.225595357480293869e-04 7.079955639090446768e-04
2.426384536840999999e+02 7.004145385034071282e-04 6.864600790568666953e-04
2.447387071841000079e+02 6.783538803285106382e-04 6.650217142043762103e-04
2.468016231841000092e+02 6.576367110870214765e-04 6.449209308837802138e-04
2.489205461841000044e+02 6.370304605402906002e-04 6.249395884243211241e-04
2.510021306840999671e+02 6.178741759204739621e-04 6.063926395721273323e-04
2.531397221841000089e+02 5.990502767340697473e-04 5.881801486646421164e-04
2.552399761841000156e+02 5.813190148575207673e-04 5.710422063194842959e-04
2.573962366840999607e+02 5.637469684380262301e-04 5.540633216017223960e-04
2.595151591841000140e+02 5.471521452449155639e-04 5.380393787271823495e-04
2.616900881841000341e+02 5.307373980189490550e-04 5.221910076411234941e-04
2.638276796841000191e+02 5.152098124524685623e-04 5.072045351857143534e-04
2.660212781840999696e+02 4.998723308406244825e-04 4.923992146007040958e-04
2.680530152137999949e+02 4.861447514813209501e-04 4.791477122421868582e-04
2.690844891857000221e+02 4.793674425576174175e-04 4.726016258135691626e-04
2.696085524856999882e+02 4.761994570948811095e-04 4.695474745373422643e-04
2.705134867154000062e+02 4.708393125518253730e-04 4.643809795263262297e-04
2.712947399138000719e+02 4.663087319509400387e-04 4.600143586111841141e-04
2.717814653638000095e+02 4.635708397161025958e-04 4.573757082327956970e-04
2.724603885653999669e+02 4.599006398204319446e-04 4.538392200706134689e-04
2.732436583856999732e+02 4.557851947128223097e-04 4.498744538940389545e-04
2.736930459856999960e+02 4.535062132953469384e-04 4.476793787923475667e-04
2.740135610653999834e+02 4.521525975266420879e-04 4.461960061749170180e-04
2.742499018153999941e+02 4.512191483092425903e-04 4.451284445256023471e-04
2.743499018154000169e+02 4.507283698178337033e-04 4.446770885214564257e-04
2.744499020654000105e+02 4.502404967122272564e-04 4.442258023356571921e-04
2.745499023154000042e+02 4.497556186074218310e-04 4.437745780988698509e-04
2.746999020654000105e+02 4.490353864220153978e-04 4.431165455489283699e-04
2.748499018154000169e+02 4.483198205076205345e-04 4.424750871044454094e-04
2.749499020654000105e+02 4.478477940159326714e-04 4.420574309097789821e-04
2.750499023154000042e+02 4.473792135336681513e-04 4.416397787452137316e-04
2.751999020654000105e+02 4.466845067220947120e-04 4.410133932763467377e-04
2.753499018154000169e+02 4.459951899829896010e-04 4.403867487854015435e-04
2.754499020654000105e+02 4.455414518890173981e-04 4.399690069817388245e-04
2.755499023154000042e+02 4.450917137126869302e-04 4.395697411728386578e-04
2.756999020654000105e+02 4.444266117436477528e-04 4.390040939948217460e-04
2.758499018154000169e+02 4.437678034586018099e-04 4.384407761212218255e-04
2.759499020654000105e+02 4.433353935774255296e-04 4.380651443288997035e-04
2.760499023154000042e+02 4.429118537908312086e-04 4.376934485894612707e-04
2.761997106153999653e+02 4.422988072553026831e-04 4.371464497730181108e-04
2.763497103654000284e+02 4.416944441779360937e-04 4.366276059321879755e-04
2.764499020654000105e+02 4.412988100581747967e-04 4.363173580180926877e-04
2.765499023154000042e+02 4.409095320449157905e-04 4.360074622606586537e-04
2.766999020654000674e+02 4.403389825497585394e-04 4.355421995323537185e-04
2.768499018154000169e+02 4.397773522274573527e-04 4.350761400526494973e-04
2.769499020654000105e+02 4.394126128493642744e-04 4.347650868984995068e-04
2.770499023154000042e+02 4.390546215683919454e-04 4.344718562147389419e-04
2.771999020654000105e+02 4.385338551324241378e-04 4.340935980802782066e-04
2.773499018154000169e+02 4.380239630466858046e-04 4.337317754454873072e-04
2.774499020654000105e+02 4.376958686442884868e-04 4.334900194543352494e-04
2.775499023154000042e+02 4.373760639287405647e-04 4.332477724826707603e-04
2.776804655653999703e+02 4.369741219379881026e-04 4.329307293253130775e-04
2.778304653154000334e+02 4.365280817394186653e-04 4.326305853279119903e-04
2.779499020654000105e+02 4.361909024873406471e-04 4.324542653124325360e-04
2.780499023154000042e+02 4.359284358767733457e-04 4.323124700489109989e-04
2.781999020654000105e+02 4.355643642510898406e-04 4.321026107741393445e-04
2.783499018154000169e+02 4.352173627105248676e-04 4.318909201526261723e-04
2.784499020654000105e+02 4.350047154634982993e-04 4.317891617325644296e-04
2.785499023154000042e+02 4.348053191105579330e-04 4.317495508740836971e-04
2.786999020654000105e+02 4.345385911114161550e-04 4.317221892719237068e-04
2.788499018154000169e+02 4.342939778819262424e-04 4.316924126777732604e-04
2.789499020654000105e+02 4.341552028952136845e-04 4.316711091016580543e-04
2.790499023154000042e+02 4.340337900631231695e-04 4.316715060857986559e-04
2.791999020654000105e+02 4.338943848529157473e-04 4.318298037830413209e-04
2.793499018153999600e+02 4.337844110749925061e-04 4.320478780758116788e-04
2.794499020654000105e+02 4.337435795915335645e-04 4.321912466846549719e-04
2.795499023154000042e+02 4.337261656043270731e-04 4.323329295467390676e-04
2.796999020654000105e+02 4.337581555701671711e-04 4.326928254183556649e-04
2.798499018154000169e+02 4.338305829918844892e-04 4.331675758646170949e-04
2.799499020654000105e+02 4.339237507377393483e-04 4.335395392106473618e-04
2.800499023154000042e+02 4.340496241126057166e-04 4.339091801486285541e-04
2.801679483654000364e+02 4.342503289735391223e-04 4.343423106753218905e-04
2.803179481154000428e+02 4.345797328722654659e-04 4.351636243399592020e-04
2.804499020654000105e+02 4.349326967494477041e-04 4.360827830354773501e-04
2.805499023153999474e+02 4.352678997691823704e-04 4.367793097502517476e-04
2.806806467654000130e+02 4.358087071515397300e-04 4.376924460843986914e-04
2.808306465153999625e+02 4.365312522154523385e-04 4.390727721903516867e-04
2.809499020654000105e+02 4.372022680532387643e-04 4.404774618296238508e-04
2.810499023154000042e+02 4.378547247840815465e-04 4.416499900269392942e-04
2.811746762653999667e+02 4.388038529603433403e-04 4.431055563400950392e-04
2.813246760154000299e+02 4.401121721580310395e-04 4.453918555551456687e-04
2.814499020654000105e+02 4.413602336709888788e-04 4.477448026395116319e-04
2.815499023154000042e+02 4.425115487458847023e-04 4.496153002027083925e-04
2.816500368154000284e+02 4.438009265168767290e-04 4.514802445134038079e-04
2.818000365654000348e+02 4.460950115490070617e-04 4.553759799057267074e-04
2.819499020654000105e+02 4.486594418328034321e-04 4.598082916205101017e-04
2.820499023154000042e+02 4.506902828738493000e-04 4.627501897444064385e-04
2.821999020654000105e+02 4.543499661888055537e-04 4.688046107671792564e-04
2.823499018154000169e+02 4.584852877562395844e-04 4.757216409931967478e-04
2.824499020654000105e+02 4.618203605306490564e-04 4.805492564169728696e-04
2.825499023154000042e+02 4.656354141356755646e-04 4.868541056608978890e-04
2.826999020654000105e+02 4.727474078089878920e-04 4.982714475845666322e-04
2.828499018154000169e+02 4.809958466603060580e-04 5.115068395154573734e-04
2.829499020654000105e+02 4.879445980337383912e-04 5.235485511494423648e-04
2.830499023154000611e+02 4.962064460452815604e-04 5.362846404173063613e-04
2.831999020654000105e+02 5.128988900016675460e-04 5.637638833055435119e-04
2.833499018154000169e+02 5.335276167002108664e-04 5.966692184173044006e-04
2.834499020654000105e+02 5.529489788955768400e-04 6.299692936874179980e-04
2.835499023154000042e+02 5.785709581334568365e-04 6.727581795687658612e-04
2.836999020654000105e+02 6.447991679387157131e-04 7.795255283970169927e-04
2.838499018154000169e+02 7.473477138475814003e-04 9.684719577399224623e-04
2.839499020654000105e+02 8.991989319171981741e-04 1.268830015303782852e-03
2.840499023154000042e+02 1.280765274191150369e-03 2.033595203415785972e-03
2.841872399154000277e+02 4.472299571226898141e-03 7.871361802017544720e-03
2.843372396653999772e+02 8.141753639901969791e-03 1.392299207076106403e-02
2.844499020654000105e+02 9.016414917406597243e-03 1.476353878888599785e-02
2.845499023154000042e+02 9.227447778427624175e-03 1.491745392915663944e-02
2.846999020654000674e+02 9.417414558771800351e-03 1.487529784401879149e-02
2.848499018154000169e+02 9.569327352469248968e-03 1.477436746768596119e-02
2.849499020654000105e+02 9.652559698737359431e-03 1.466978454364570132e-02
2.850499023154000042e+02 9.728889179174513013e-03 1.455236968051362538e-02
2.851999020653999537e+02 9.831883461546961703e-03 1.436592180294374820e-02
2.853499018154000169e+02 9.927352497452274216e-03 1.417202075878794959e-02
2.854499020654000105e+02 9.983463030199571722e-03 1.404184122273264765e-02
2.855499023154000042e+02 1.003405365093884387e-02 1.391164166132305771e-02
2.856559934154000189e+02 1.008049728560091868e-02 1.377237695677529725e-02
2.858059931654000252e+02 1.013075129475110928e-02 1.357989155232316829e-02
2.859499018354000555e+02 1.016708767699170748e-02 1.339726984009081620e-02
2.860499020703999804e+02 1.017988032421907052e-02 1.327097817395084950e-02
2.861499022854000032e+02 1.018307371042821881e-02 1.314830935073798071e-02
2.862999020703999804e+02 1.016500472970013544e-02 1.296780251473913549e-02
2.864499018554000145e+02 1.013116981302275392e-02 1.278819119287371957e-02
2.865499020703999804e+02 1.009290775992389456e-02 1.267334317757807562e-02
2.866499022854000032e+02 1.004415657822842721e-02 1.256104439229990474e-02
2.867661884707000013e+02 9.973297288417939596e-03 1.243013162996430172e-02
2.869161882556999785e+02 9.863311902170643353e-03 1.226602233464946928e-02
2.870499020704000372e+02 9.751829399914145255e-03 1.212471222424527095e-02
2.871499022854000032e+02 9.657379649909220848e-03 1.202085893507531811e-02
2.872774259554000196e+02 9.525668466700769332e-03 1.188818421736721580e-02
2.874274257403999968e+02 9.360884151591935057e-03 1.173846656600846181e-02
2.875499020704000372e+02 9.219458104068942519e-03 1.162207487769163945e-02
2.876499022854000032e+02 9.099813925860246108e-03 1.152694891273337192e-02
2.877794564003999653e+02 8.941859369459986828e-03 1.140355211834006254e-02
2.879294561853999994e+02 8.757715006563733182e-03 1.126667617484198095e-02
2.880499020704000372e+02 8.610197084332762985e-03 1.116250156177890120e-02
2.881499022854000032e+02 8.489036336213603984e-03 1.107596695056147287e-02
2.882999020703999804e+02 8.312229606566773343e-03 1.094606253401700022e-02
2.884499018553999576e+02 8.139577944284919625e-03 1.082005868460396425e-02
2.885499020703999804e+02 8.029678696162846283e-03 1.074170085279220303e-02
2.886499022854000032e+02 7.923645042413142436e-03 1.066335800485884895e-02
2.887999020703999804e+02 7.774411223129064005e-03 1.054580910051770674e-02
2.889499018554000145e+02 7.632005882842565411e-03 1.042890404049152779e-02
2.890499020704000372e+02 7.544233958509081149e-03 1.035504405924885483e-02
2.891499022854000032e+02 7.461525223540149167e-03 1.028431177377032296e-02
2.892999020704000372e+02 7.348719453227477334e-03 1.017824061607886139e-02
2.894499018554000145e+02 7.243365394550561366e-03 1.007209866850246674e-02
2.895499020703999804e+02 7.180924290329854763e-03 1.000147193225518066e-02
2.896499022854000032e+02 7.123497160302556287e-03 9.934322586953869827e-03
2.897999020703999804e+02 7.048233472156103380e-03 9.838799904457837253e-03
2.899499018554000145e+02 6.980198720969050911e-03 9.743273790204308449e-03
2.900499020703999804e+02 6.942095221485538800e-03 9.679596830201203303e-03
2.901499022854000032e+02 6.908758056583910387e-03 9.615902915086632294e-03
2.902999020703999804e+02 6.868985101597747771e-03 9.525195492743304682e-03
2.904499018554000145e+02 6.835984631903444311e-03 9.437732366258264061e-03
2.905499020703999804e+02 6.820724214171406535e-03 9.380505142782250352e-03
2.906499022853999463e+02 6.809850448216446701e-03 9.323289473268638050e-03
2.907999020703999804e+02 6.803154596968966940e-03 9.237484527790554983e-03
2.909499018554000713e+02 6.802834754688275205e-03 9.153379761189562452e-03
2.910499020704000372e+02 6.808847655250231494e-03 9.100852356701100501e-03
2.911499022854000032e+02 6.818906787219501837e-03 9.049525224767767870e-03
2.912657934707000322e+02 6.836405128768341735e-03 8.990073204572830365e-03
2.914157932556999526e+02 6.867083916777403513e-03 8.913158214673311264e-03
2.915499020704000372e+02 6.900477409729501542e-03 8.844394000505084036e-03
2.916499022854000032e+02 6.931067644642489520e-03 8.793957412220351419e-03
2.917999020704000372e+02 6.986569257635592313e-03 8.723129112059097717e-03
2.919499018554000145e+02 7.048333886501068242e-03 8.654127623205346009e-03
2.920499020704000372e+02 7.096041568352224639e-03 8.608159547410636561e-03
2.921499022854000032e+02 7.148099397339577679e-03 8.562205734904345528e-03
2.922999020703999804e+02 7.236210253900152503e-03 8.493303791760650756e-03
2.924499018554000145e+02 7.331364514905615477e-03 8.425904839292470278e-03
2.925499020703999804e+02 7.401804430996090055e-03 8.383817833938624758e-03
2.926499022854000032e+02 7.477125998045311590e-03 8.342527781794357306e-03
2.927999020704000372e+02 7.601899876353165018e-03 8.280646946908113565e-03
2.929499018554000145e+02 7.734508895828866998e-03 8.218782169191921755e-03
2.930499020704000372e+02 7.831085607636598805e-03 8.177560574427478191e-03
2.931499022854000600e+02 7.933668557970886132e-03 8.136343371615624431e-03
2.932999020704000372e+02 8.101401558560681476e-03 8.077952697059203116e-03
2.934499018554000145e+02 8.278413542598768091e-03 8.021698879079287511e-03
2.935499020703999804e+02 8.406462757180786782e-03 7.984730718706888053e-03
2.936499022854000032e+02 8.541682274374054820e-03 7.947782346727327862e-03
2.937999020703999804e+02 8.761484096563834992e-03 7.892399324088727672e-03
2.939499018554000145e+02 8.993473971413940699e-03 7.837023453098524231e-03
2.940499020703999804e+02 9.161505264929923828e-03 7.800553434582987652e-03
2.941499022854000032e+02 9.341450828430948247e-03 7.765899954285500166e-03
2.945765515319000087e+02 1.030568606439081700e-02 7.624440314355610676e-03
2.950179612519000329e+02 1.132772560989217872e-02 7.480135000827664929e-03
2.954753498345500020e+02 1.278233856701675546e-02 7.343994214231769867e-03
2.959354286938499854e+02 1.432353239065969203e-02 7.208941033570869135e-03
2.964114861986999472e+02 1.608561474814715689e-02 7.081385045734476039e-03
2.968902339794000227e+02 1.791516835490850057e-02 6.954921460201991291e-03
2.973849604053999656e+02 1.885882716886942354e-02 6.835845816065340419e-03
2.978823771104000571e+02 1.965718995038201466e-02 6.717769735961235701e-03
2.983957724603999964e+02 1.871531548022241712e-02 6.606362540798545006e-03
2.989118580854000129e+02 1.742012479145839052e-02 6.495889790191861947e-03
2.994439223553999909e+02 1.551273427428307740e-02 6.391600109422846537e-03
2.999786769003999893e+02 1.346812603087649968e-02 6.288177404416965890e-03
3.002495037056999649e+02 1.262647256169015415e-02 6.240006227159894392e-03
3.007220250406999753e+02 1.130381126196732845e-02 6.156181915415503102e-03
3.010828335553999864e+02 1.029163240217679902e-02 6.093545542407177024e-03
3.016522356704000458e+02 9.238123303883849502e-03 6.002240403682565506e-03
3.022243280604000120e+02 8.273870709610012253e-03 5.911697801873666037e-03
3.028123990953999964e+02 7.632992304044260157e-03 5.826048910714443432e-03
3.034031604104000053e+02 7.050197627393470744e-03 5.741122200461209676e-03
3.040099003653999716e+02 6.653749170613757966e-03 5.660831754450652842e-03
3.046193305953999584e+02 6.290820044424248920e-03 5.581214066979026632e-03
3.048808231057000171e+02 6.172100750999063960e-03 5.549614289920121353e-03
3.054172590256999911e+02 5.968975158582560774e-03 5.485016026046443324e-03
3.058728386553999599e+02 5.797140110892688367e-03 5.431114671354181356e-03
3.065169164653999587e+02 5.621806546623556340e-03 5.360303588826012544e-03
3.071636845154000071e+02 5.457666556938281857e-03 5.290073821843386918e-03
3.077845373637999842e+02 5.337673220878062612e-03 5.227678355944282221e-03
3.084499743637999813e+02 5.216715849985820684e-03 5.161633843516600859e-03
3.091454078356999844e+02 5.113745254434209214e-03 5.097291626091425554e-03
3.098295137356999476e+02 5.018461254069388026e-03 5.035097626386143138e-03
3.105574743153999293e+02 4.932049903251535181e-03 4.973484670712785029e-03
3.112602491654000119e+02 4.851860317757875941e-03 4.914882031010000749e-03
3.119790026654000030e+02 4.778720295238259377e-03 4.859099219365111549e-03
3.127004464654000344e+02 4.706917170151734414e-03 4.803740187660437456e-03
3.129385864138000102e+02 4.684303537831247324e-03 4.786648930617644696e-03
3.135708941638000624e+02 4.626603464167395457e-03 4.741475697754564400e-03
3.141779815154000062e+02 4.571362143962530086e-03 4.698692378125446725e-03
3.143367950356999927e+02 4.557159665899779624e-03 4.688175711867838269e-03
3.149850814857000501e+02 4.501202634238333014e-03 4.645485459917583597e-03
3.156928544653999893e+02 4.440238390929382613e-03 4.599612898147684148e-03
3.164676147154000319e+02 4.376729507215421783e-03 4.553912727815026366e-03
3.172450652654000010e+02 4.313600010635959027e-03 4.508762803556912342e-03
3.176138877138000112e+02 4.284378866457203873e-03 4.489265918480526106e-03
3.182941314138000166e+02 4.231159851163223198e-03 4.453460998906128183e-03
3.188346138654000015e+02 4.188956177577288567e-03 4.425445203241449785e-03
3.190307651357000509e+02 4.173501421594247827e-03 4.415785596816829660e-03
3.197269874857000218e+02 4.118338129006159955e-03 4.381708097207138823e-03
3.204615003154000306e+02 4.060069625152472675e-03 4.345373903601298417e-03
3.212922673654000505e+02 3.987555949879754980e-03 4.301942827502604205e-03
3.221257246654000141e+02 3.913766961149328476e-03 4.257822577487401297e-03
3.224758783138000240e+02 3.882204518920275883e-03 4.237847854218633643e-03
3.232040580137999655e+02 3.816337031676160334e-03 4.196473307828258587e-03
3.237874779856999794e+02 3.763744098504996551e-03 4.163478078667494364e-03
3.246555828356999882e+02 3.690898306445864092e-03 4.115622504969526467e-03
3.255661868154000445e+02 3.615491938780250776e-03 4.065941749603483452e-03
3.264529605654000193e+02 3.551379978585659028e-03 4.020814399200265017e-03
3.273424246654000171e+02 3.488830363263244194e-03 3.976042179953217202e-03
3.275245582638000315e+02 3.477281815824618399e-03 3.967434813488853254e-03
3.281234466841000312e+02 3.442939960985609994e-03 3.939272553040062269e-03
3.288467558357000371e+02 3.401551470839816408e-03 3.905319604742380282e-03
3.291560003654000184e+02 3.384720204297001975e-03 3.891209014797445895e-03
3.300801119654000217e+02 3.343897715505356107e-03 3.850649592636827892e-03
3.310069138654000653e+02 3.304891360278596792e-03 3.810331789794127802e-03
3.318144561138000199e+02 3.279967152889965397e-03 3.777016826122575957e-03
3.326225290137999764e+02 3.256007912190781676e-03 3.743741744600148982e-03
3.328951652654000100e+02 3.248749552587286687e-03 3.732845939279800466e-03
3.332686709356999586e+02 3.241127797527411196e-03 3.718320670264113528e-03
3.340927224356999545e+02 3.226042020892837953e-03 3.686445906270227699e-03
3.348207544653999435e+02 3.213409318327171017e-03 3.658601672700664744e-03
3.358008728653999810e+02 3.203133412022713192e-03 3.622813623755980796e-03
3.367836815154000192e+02 3.193804557240872543e-03 3.587181775039981462e-03
3.371805073638000181e+02 3.191540586700486893e-03 3.573341700644298499e-03
3.379059611841000219e+02 3.187916140270830381e-03 3.548150855027058619e-03
3.385079226857000094e+02 3.184940366272058510e-03 3.527309643966801932e-03
3.387839464653999926e+02 3.183813254954176008e-03 3.517957062270956128e-03
3.398014026654000190e+02 3.180880150139888014e-03 3.484222759943639194e-03
3.408215491653999720e+02 3.178078301564754484e-03 3.450603846544810817e-03
3.416944324638000126e+02 3.175719740511185815e-03 3.422825623299991914e-03
3.425823985637999840e+02 3.173316594688842685e-03 3.394627772831005242e-03
3.428964897654000197e+02 3.172371071849574252e-03 3.384843842384408115e-03
3.431673163856999622e+02 3.171407220491008049e-03 3.376545372420474561e-03
3.440712611357000128e+02 3.168056004468769362e-03 3.349032740255376579e-03
3.450087682154000390e+02 3.164406451075591625e-03 3.320662482582858056e-03
3.460822312153999860e+02 3.159065907219570264e-03 3.289148204432004730e-03
3.471583844653999336e+02 3.153510015435364786e-03 3.257709772545291319e-03
3.473778555137999433e+02 3.152116143518627484e-03 3.251448153055476378e-03
3.478378276840999774e+02 3.149217043896055356e-03 3.238380282519866347e-03
3.487104885356999944e+02 3.143764638636630838e-03 3.213689256662584891e-03
3.493453385654000272e+02 3.139556382264515558e-03 3.195877589815800980e-03
3.504561394153999458e+02 3.130818393425616793e-03 3.165395219468095708e-03
3.515696305653999616e+02 3.121777580758247541e-03 3.134971209507874442e-03
3.521158078638000006e+02 3.116474066112408670e-03 3.120371138479834626e-03
3.528597676841000066e+02 3.109284527898816160e-03 3.100555913245066006e-03
3.534430601857000056e+02 3.103688832597718480e-03 3.085091885292367934e-03
3.538312604154000383e+02 3.099656095278534307e-03 3.074896355418924032e-03
3.549793990654000027e+02 3.086470715643422139e-03 3.045180673346738805e-03
3.561302280154000073e+02 3.072950950008231878e-03 3.015510088828894653e-03
3.569471048638000639e+02 3.062021971981835136e-03 2.994874434583777618e-03
3.579190456841000127e+02 3.049067524335557101e-03 2.970401274416825319e-03
3.584386577357000192e+02 3.041848499584524131e-03 2.957438002865615898e-03
3.596520100654000203e+02 3.023526382533107959e-03 2.927609328565049154e-03
3.608401768653999966e+02 3.005227686089277910e-03 2.898497408501806913e-03
3.618717460637999466e+02 2.987733002437288447e-03 2.873622703507982493e-03
3.629035199638000222e+02 2.970277182929839145e-03 2.848798267157112880e-03
3.631882374356999890e+02 2.965288419573935009e-03 2.842010229086484874e-03
3.633632992356999694e+02 2.962030295683131670e-03 2.837861675385589585e-03
3.644739724153999987e+02 2.941510643310221544e-03 2.811732750025216360e-03
3.656994770654000035e+02 2.918603766423886678e-03 2.782966469829077118e-03
3.668897324138000045e+02 2.894875698216122818e-03 2.755471249059985965e-03
3.679534636637999938e+02 2.873701634753462238e-03 2.730933556921417028e-03
3.681851339653999844e+02 2.868873352593967994e-03 2.725670772452175490e-03
3.694452861654000344e+02 2.842405304106681348e-03 2.697316497824109142e-03
3.707081286653999541e+02 2.815717934830977518e-03 2.669003814247575702e-03
3.719869498154000098e+02 2.787665276590675645e-03 2.640891944353092498e-03
3.732684612154000092e+02 2.759431962221525671e-03 2.612829974165724756e-03
3.745659512654000309e+02 2.730129954704532853e-03 2.585083757325208793e-03
3.758661316154000360e+02 2.700669883169791799e-03 2.557380361192647562e-03
3.771822906153999497e+02 2.670213792318808059e-03 2.529882886721702365e-03
3.785011398653999777e+02 2.639621237546557492e-03 2.502420085786644707e-03
3.798359677653999711e+02 2.608224214715839859e-03 2.475180393852431573e-03
3.823098644637999541e+02 2.549656907120934329e-03 2.425240143260384840e-03
3.837755021840999916e+02 2.514703636693901238e-03 2.395933591944955556e-03
3.851708924856999943e+02 2.481298548170819771e-03 2.368576933940498130e-03
3.876958480138000027e+02 2.420772507694084110e-03 2.319501503875505410e-03
3.890588066840999772e+02 2.388060830606237878e-03 2.293230307625098406e-03
3.905942142856999340e+02 2.351417289567888508e-03 2.264176388106257324e-03
3.931751768138000216e+02 2.290034634214127649e-03 2.215726844336374148e-03
3.943794496840999955e+02 2.261530707389729136e-03 2.193332742609437145e-03
3.946640392856999711e+02 2.254849606092345325e-03 2.188086076571740379e-03
3.963347805654000240e+02 2.215940890469082596e-03 2.157621214412798038e-03
3.987478499637999789e+02 2.160220238969445816e-03 2.113972178798494226e-03
4.002133599637999737e+02 2.126847129996726777e-03 2.087796722729455112e-03
4.021968217154000058e+02 2.082655796027042122e-03 2.052979485965933642e-03
4.043998819357000230e+02 2.034293470653712570e-03 2.014678981388536190e-03
4.059027299356999947e+02 2.002079952242684802e-03 1.988985430150089131e-03
4.082082142154000053e+02 1.953933621646385121e-03 1.950207929437498995e-03
4.101219064356999979e+02 1.914721837051295119e-03 1.918336507062997146e-03
4.105654051840999728e+02 1.905899762415604135e-03 1.911055934946549262e-03
4.117134164638000016e+02 1.883255961416575169e-03 1.892375383570182520e-03
4.143689587154000264e+02 1.832237807805015819e-03 1.849728650820035803e-03
4.160259369638000067e+02 1.801080412775252389e-03 1.823393056884502293e-03
4.176034609637999893e+02 1.772870001975599980e-03 1.798967422509928794e-03
4.202497964356999773e+02 1.726634130182144473e-03 1.758434365199447198e-03
4.215427306840999790e+02 1.704716609550445926e-03 1.738903882813000196e-03
4.219719884637999598e+02 1.697498729315119990e-03 1.732473766435228433e-03
4.238901087154000038e+02 1.666645871434572958e-03 1.704272631724934465e-03
4.262145169356999759e+02 1.630196723843258108e-03 1.670465414130426667e-03
4.270874006840999755e+02 1.617050386896823257e-03 1.657993539828318515e-03
4.280113849637999692e+02 1.603247638053609432e-03 1.644900545974501858e-03
4.304242317153999693e+02 1.568623848475570511e-03 1.611323325516494410e-03
4.322725824357000306e+02 1.542747672639045069e-03 1.585875200364972055e-03
4.326694081840999502e+02 1.537474135726004266e-03 1.580536741197384075e-03
4.341441254637999805e+02 1.518032568787424600e-03 1.560854738709144176e-03
4.367344544357000018e+02 1.484898266878379326e-03 1.526786214142830016e-03
4.382887536841000156e+02 1.465610356923627592e-03 1.506640762630904887e-03
4.386620049638000296e+02 1.461014260285167180e-03 1.501840383111175542e-03
4.405054492153999490e+02 1.439469159631159931e-03 1.478728720166160330e-03
4.429418709356999670e+02 1.411558803413912912e-03 1.448496022609749865e-03
4.439454371840999443e+02 1.400506465200028602e-03 1.436304454531640851e-03
4.449440969637999501e+02 1.389596974057889572e-03 1.424268559985468821e-03
4.474129502153999738e+02 1.363616560050529176e-03 1.395172972822295888e-03
4.492426319356999898e+02 1.344696291429738457e-03 1.373828301677658664e-03
4.496394581841000218e+02 1.340770011907631157e-03 1.369326488373506703e-03
4.513195334637999281e+02 1.324272485687091709e-03 1.350406719140266176e-03
4.538538554356999271e+02 1.299897181981541977e-03 1.322303763114106127e-03
4.553708171841000194e+02 1.285663105897371207e-03 1.305787064031248713e-03
4.559867639638000583e+02 1.279928284580048167e-03 1.299130938598353239e-03
4.580542352153999559e+02 1.261314420965337166e-03 1.277408531278530776e-03
4.603039679356999159e+02 1.241282027733609699e-03 1.254005935286562918e-03
4.611395136840999953e+02 1.234039763266477291e-03 1.245540282693181205e-03
4.625115519638000023e+02 1.222238593786973424e-03 1.231741824837857043e-03
4.650085364356999662e+02 1.201161388788192464e-03 1.207160261173699078e-03
4.668474254357000177e+02 1.185838680466672198e-03 1.189319242514262891e-03
4.672721274638000182e+02 1.182338915375546638e-03 1.185251537957762551e-03
4.691296849638000594e+02 1.167327194354998579e-03 1.167923892227808310e-03
4.716080004356999211e+02 1.147431212592376617e-03 1.145040148552768557e-03
4.727889211840999337e+02 1.138112425830889148e-03 1.134419167792681668e-03
4.739462664638000433e+02 1.129047249106273146e-03 1.124084489790531070e-03
4.764059129356999165e+02 1.110034633678699117e-03 1.102658338957063656e-03
4.783008089356999335e+02 1.095463160514746322e-03 1.086312393184438001e-03
4.788001864638000598e+02 1.091676417888011929e-03 1.082120192255569321e-03
4.807137504638000678e+02 1.077296211629173543e-03 1.066276608306674246e-03
4.831547279357000662e+02 1.059073621022148205e-03 1.046341801859251635e-03
4.845876791841000113e+02 1.048494215238661388e-03 1.034912908027636400e-03
4.856236769637999942e+02 1.040899643710785707e-03 1.026706744294719883e-03
4.880459859357000028e+02 1.023362234356917002e-03 1.008060796973997073e-03
4.905430656840999859e+02 1.005393069478868013e-03 9.891187657511321934e-04
4.925405124637999847e+02 9.912679904138794844e-04 9.744587975429918128e-04
4.949441524357000048e+02 9.744180159031590053e-04 9.571126121376517457e-04
4.965357896840999388e+02 9.633921796545028438e-04 9.458938628083946682e-04
4.975437839637999673e+02 9.564558629720535613e-04 9.388351360127733698e-04
4.999287549357000557e+02 9.402590432979310341e-04 9.226051438421445285e-04
5.025658511841000404e+02 9.224734387379487921e-04 9.049078877326753893e-04
5.046099704637999821e+02 9.089647329267009452e-04 8.916360909834457251e-04
5.069762724356999684e+02 8.934831925263292266e-04 8.765212136902868255e-04
5.086332506841000054e+02 8.827896389268402892e-04 8.661743960759369591e-04
5.097065864638000221e+02 8.759065076590422712e-04 8.595138399184842730e-04
5.120542194357000199e+02 8.611272665316555214e-04 8.453653114731957000e-04
5.141171354356999927e+02 8.481891278408236002e-04 8.330056271860774306e-04
5.148405399637999835e+02 8.437532770417320409e-04 8.288068141102421845e-04
5.169221244637999462e+02 8.310942398907694619e-04 8.168433125135867714e-04
5.192510884357001260e+02 8.170897860470754210e-04 8.036496762209316023e-04
5.208800631840999813e+02 8.074720043897133616e-04 7.946375473673168927e-04
5.221120844637999880e+02 8.002417783876591625e-04 7.878623151226055946e-04
5.244223799356999507e+02 7.869854822718736148e-04 7.755026647317080080e-04
5.265413029357000596e+02 7.749050582984850664e-04 7.642537375531021455e-04
5.273393829637999488e+02 7.704562485651035965e-04 7.601223751431942979e-04
5.294769744637999338e+02 7.587104358531530533e-04 7.492317557506537320e-04
5.317686009356999648e+02 7.462463066224441204e-04 7.376816686904214080e-04
5.332762276840999220e+02 7.382364416771535886e-04 7.302698144464486209e-04
5.347602794637999750e+02 7.303974283721920277e-04 7.230159712745961535e-04
5.370332369356999607e+02 7.186925868191816223e-04 7.121873193742802536e-04
5.392081659356999808e+02 7.076196704080790290e-04 7.019437853016116191e-04
5.400809219637999377e+02 7.032474351463985666e-04 6.978964984196166016e-04
5.422745204638000587e+02 6.925105533723606519e-04 6.879473766667835435e-04
5.445288084356999434e+02 6.815561468722597339e-04 6.777912479391683988e-04
5.458217426841000588e+02 6.754777055001849216e-04 6.721413365846481882e-04
5.476511699637999300e+02 6.669244458595290385e-04 6.641911106332985945e-04
5.498867894357000523e+02 6.567032996422109093e-04 6.546641048341090641e-04
5.521177254356999811e+02 6.466770851014108515e-04 6.452997859604273859e-04
5.552819802153999262e+02 6.329322050950252770e-04 6.324095622020401396e-04
5.585164824638000027e+02 6.192127402177734219e-04 6.194931042576244922e-04
5.607847564638000222e+02 6.098999788087518335e-04 6.106814350369953225e-04
5.629830379357000538e+02 6.010402357073102832e-04 6.022707596686264174e-04
5.649200501840999777e+02 5.934274235935626737e-04 5.950093887325968610e-04
5.662920884637999279e+02 5.880636510412366518e-04 5.898932457461077876e-04
5.684717009356999142e+02 5.798321110888014209e-04 5.819840320097758148e-04
5.707773124356999688e+02 5.711938802839153185e-04 5.736717467255718827e-04
5.718367574638000406e+02 5.673207230248095752e-04 5.699258236356380880e-04
5.741610384638000824e+02 5.589991556114686086e-04 5.618430586446718222e-04
5.763219824356999652e+02 5.513356274483473133e-04 5.543856741337466676e-04
5.778389436841000588e+02 5.461403705654330198e-04 5.492908921380626648e-04
5.797617149638000456e+02 5.395883771777965077e-04 5.428655236318268235e-04
5.819039899356999967e+02 5.324775052946926482e-04 5.358497336137688256e-04
5.842656089356999018e+02 5.247803457764582203e-04 5.282256932162507921e-04
5.853997299637999276e+02 5.211119806811704853e-04 5.245894990201918151e-04
5.876121241840999119e+02 5.142101454870956490e-04 5.176859085468792651e-04
5.899036229357000138e+02 5.070697066512590669e-04 5.105433423886184549e-04
5.910750819638000166e+02 5.035430399020817066e-04 5.069872112428814529e-04
5.934740379638000149e+02 4.963898471803512282e-04 4.997639050045869693e-04
5.955789749357001028e+02 4.902099597980022743e-04 4.935046700623061744e-04
5.974973181840999814e+02 4.847356825924396297e-04 4.879267902876131997e-04
5.992053969638000126e+02 4.798843687051105255e-04 4.829835891071066639e-04
6.012916649356999415e+02 4.741208099359763809e-04 4.770744791186345437e-04
6.037279594356999723e+02 4.674622199637104179e-04 4.702340632050126053e-04
6.049740939637999873e+02 4.641099419187864417e-04 4.667825294421045824e-04
6.074290569638000079e+02 4.576913519552437367e-04 4.601405678746153284e-04
6.107801284637999970e+02 4.490488371190898276e-04 4.511773153633908719e-04
6.132537604637999493e+02 4.428190847436504142e-04 4.446929098604860027e-04
6.153026909356999568e+02 4.377497575353091392e-04 4.394057662414160999e-04
6.174917336840999269e+02 4.324586617532431712e-04 4.338722667089794688e-04
6.191158024637999233e+02 4.285503686914425917e-04 4.297848769170675557e-04
6.211460639356999991e+02 4.237829127692889063e-04 4.247866667435548117e-04
6.236570339357000421e+02 4.179249032647238868e-04 4.186423520351608362e-04
6.250151819637999324e+02 4.148083582907626356e-04 4.153716031943530725e-04
6.275448204637999652e+02 4.091222256182988821e-04 4.093987681454145711e-04
6.295564124356999400e+02 4.046123079488879015e-04 4.046612776212770487e-04
6.310080326841000442e+02 4.014386469389886547e-04 4.013291590687732553e-04
6.335002064638000547e+02 3.960113968341980300e-04 3.956306699024408706e-04
6.354931299356999261e+02 3.917365181692083380e-04 3.911456511473845703e-04
6.378221891841000115e+02 3.868302266985739293e-04 3.860036708596740161e-04
6.394929299638000657e+02 3.833251130169111577e-04 3.823301512015554065e-04
6.414671844357000055e+02 3.792733359344312724e-04 3.780967679362843528e-04
6.440528304357000025e+02 3.739956359395400277e-04 3.725848751176309443e-04
6.455229919637999956e+02 3.710309648549129833e-04 3.694953122666594283e-04
6.480994306840999570e+02 3.659109482896744309e-04 3.641751516362376939e-04
6.515625156841000489e+02 3.591101085419709797e-04 3.571268264871980524e-04
6.542133749637999927e+02 3.539902535638139790e-04 3.518393591055442413e-04
6.561502919357000110e+02 3.502927661994535333e-04 3.480320879687937258e-04
6.584886856841000053e+02 3.458951660546856076e-04 3.435235215730382151e-04
6.603367814637999800e+02 3.424329614508698095e-04 3.399739207584911321e-04
6.622550294356998393e+02 3.389046230023866650e-04 3.363801378787003205e-04
6.649153504356999065e+02 3.340411233658321802e-04 3.314326636473589579e-04
6.664975254638000024e+02 3.311760284956409344e-04 3.285262942242326428e-04
6.689339476841000760e+02 3.268252857406717267e-04 3.241371722631995853e-04
6.710760949356999845e+02 3.230102296438429354e-04 3.202883563232893495e-04
6.726956074638000018e+02 3.201800402370266968e-04 3.174534854595604475e-04
6.753932664638001597e+02 3.154961377613204341e-04 3.127677153868955919e-04
6.772741764357001557e+02 3.122599984816482803e-04 3.095380058629211952e-04
6.794912226840999665e+02 3.085088250018161384e-04 3.058160611960130879e-04
6.816473559638000097e+02 3.048738128833060703e-04 3.022093241710926991e-04
6.835095969357000740e+02 3.017821686765015366e-04 2.991588494239217689e-04
6.862445939357000952e+02 2.972789409834978224e-04 2.947248535146308854e-04
6.879387824637999529e+02 2.945109026350166957e-04 2.920029302209853372e-04
6.901045046840999930e+02 2.910407186989821685e-04 2.886100099210391046e-04
6.925360204357000384e+02 2.871565023081179514e-04 2.848122021486519943e-04
6.942675469637999868e+02 2.844399471818500344e-04 2.821666475996133477e-04
6.970398814637999294e+02 2.801390135306113601e-04 2.779868610879657198e-04
6.988647844356999030e+02 2.773231176488016175e-04 2.752516548635444791e-04
7.008298001841000087e+02 2.743543147103680454e-04 2.723805281481522377e-04
7.034246529638000993e+02 2.704466056743069107e-04 2.686013257975441472e-04
7.052308869357001413e+02 2.677717830941732011e-04 2.660197031273115170e-04
7.080173346841000921e+02 2.637089842669519354e-04 2.621052233288526426e-04
7.116111021841001048e+02 2.585572719797960234e-04 2.571474463221407546e-04
7.144626689357000942e+02 2.545409539376501033e-04 2.532871025030047170e-04
7.163062089638000316e+02 2.519837224992737363e-04 2.508302704145314878e-04
7.188546441841000387e+02 2.485120990555799770e-04 2.474970891407449755e-04
7.209221159357001625e+02 2.457050031063492501e-04 2.448018769928750793e-04
7.228029934637999077e+02 2.432183846212611789e-04 2.424139085019343250e-04
7.256686729637999633e+02 2.394588388944842708e-04 2.388033771151609817e-04
7.274189004357000385e+02 2.371887112098759786e-04 2.366224302412406094e-04
7.298039666841000326e+02 2.341722731410855079e-04 2.337213629106933254e-04
7.322214649638000310e+02 2.311239352054452194e-04 2.307895287701262790e-04
7.339530234357000609e+02 2.289938902028670767e-04 2.287372874103287608e-04
7.368560404357000380e+02 2.254694087901447526e-04 2.253388399903072132e-04
7.388115939637999645e+02 2.231141885779584842e-04 2.230665965849756838e-04
7.408092961840999351e+02 2.207779136049832145e-04 2.208059058046436373e-04
7.434461699357000271e+02 2.177055801657056824e-04 2.178328281754125502e-04
7.454390614638000443e+02 2.154329752065311631e-04 2.156285175210695263e-04
7.482021891840998933e+02 2.123408417166768709e-04 2.126232674173860599e-04
7.500736369356999376e+02 2.102540141711171841e-04 2.105950353687063349e-04
7.521038664638000455e+02 2.080647168433756935e-04 2.084573617826835095e-04
7.550628904638000449e+02 2.048922681028757047e-04 2.053582962771546600e-04
7.567384419356999388e+02 2.031231895644633153e-04 2.036270314711355464e-04
7.593755386840999790e+02 2.004117892354477504e-04 2.009638188149404591e-04
7.617837019638000129e+02 1.979425375873335050e-04 1.985383517626642736e-04
7.634405849357000307e+02 1.962940836467885937e-04 1.969119382132458078e-04
7.664369469356998934e+02 1.933470348382523363e-04 1.940006437395330871e-04
7.685418519638000134e+02 1.912981842203695740e-04 1.919742581885791339e-04
7.706048951841000871e+02 1.893499068259755364e-04 1.900385424513043465e-04
7.731950964357000657e+02 1.869137228949626446e-04 1.876179459940196127e-04
7.753373394638000491e+02 1.849443715642598118e-04 1.856550906581176609e-04
7.781471396841000114e+02 1.824098333357282984e-04 1.831225435388361179e-04
7.799905844357000433e+02 1.807535650986988687e-04 1.814675380016629298e-04
7.821701649638000617e+02 1.788606752740135508e-04 1.795669995289415021e-04
7.852225334638000049e+02 1.762266248051115418e-04 1.769207845458779771e-04
7.868234094357000004e+02 1.748653268640434954e-04 1.755511437260519477e-04
7.895445161840999617e+02 1.726138190650032219e-04 1.732781027208297705e-04
7.921113654637999844e+02 1.704952457804383462e-04 1.711391928748379567e-04
7.936935724357000481e+02 1.692265891983804019e-04 1.698541022746130581e-04
7.967832789356999683e+02 1.667785736225774651e-04 1.673718550351580806e-04
7.990375354638000545e+02 1.650084325947753392e-04 1.655757642420344837e-04
8.009978996841000480e+02 1.635144491670404148e-04 1.640552819475904651e-04
8.037094489357000384e+02 1.614571677939993127e-04 1.619614381905573153e-04
8.060010434637999879e+02 1.597517761027283305e-04 1.602231755516619937e-04
8.086894956841000521e+02 1.577890996585607311e-04 1.582196523195510747e-04
8.106729569357000855e+02 1.563474725865557574e-04 1.567479857745863580e-04
8.130018889637999564e+02 1.547023382948774597e-04 1.550655703175382789e-04
8.161476024638000126e+02 1.525000250210164750e-04 1.528123482077146965e-04
8.176738029356999959e+02 1.514417887528236775e-04 1.517293609927742443e-04
8.203108991840999806e+02 1.496649806330413316e-04 1.499088633647788953e-04
8.232044544637999479e+02 1.477196916081178753e-04 1.479156956406195802e-04
8.247119859356999996e+02 1.467294430424831637e-04 1.469006226629268272e-04
8.278950374357000328e+02 1.446704298649778510e-04 1.447895023266157813e-04
8.302986454638000851e+02 1.431233122475310997e-04 1.432032249388265756e-04
8.319883101840999871e+02 1.420661344401901458e-04 1.421193708374472698e-04
8.349892279357000007e+02 1.401973712382234842e-04 1.402034558771745644e-04
8.374301734638000880e+02 1.386985159583745554e-04 1.386672500927198411e-04
8.398292571841000154e+02 1.372546725840632432e-04 1.371881405067549957e-04
8.421207559356998900e+02 1.358820499397317503e-04 1.357819886268738267e-04
8.445990394638000680e+02 1.344286310806108861e-04 1.342945601595288679e-04
8.477075421841000207e+02 1.326275963148355799e-04 1.324522589962117097e-04
8.492896219356999836e+02 1.317150645699246788e-04 1.315188029943349082e-04
8.518052429637999694e+02 1.303047439445481951e-04 1.300789920061101474e-04
8.550629694637999592e+02 1.284847727866785601e-04 1.282211239812287710e-04
8.564958254356999987e+02 1.276955691951895875e-04 1.274162720363506546e-04
8.596089796841000634e+02 1.260147896186937847e-04 1.257049864602823844e-04
8.623251804637999385e+02 1.245511718202914819e-04 1.242147969029481038e-04
8.637393674357000464e+02 1.238073199082433443e-04 1.234594596972502347e-04
8.670344319357000131e+02 1.220875143872071167e-04 1.217137985907672097e-04
8.696247284638000110e+02 1.207468246657984165e-04 1.203539280493709854e-04
8.715664236841000729e+02 1.197640573382267100e-04 1.193597609877903676e-04
8.743339799356999720e+02 1.183701133177727881e-04 1.179496881495507079e-04
8.769616149637998888e+02 1.170652419098653811e-04 1.166320594197704861e-04
8.795940606840998726e+02 1.157772672182610002e-04 1.153340008976097629e-04
8.816708664356999634e+02 1.147661563671495806e-04 1.143149848467733777e-04
8.843358389638000290e+02 1.134950964910822515e-04 1.130376775410539238e-04
8.876590346841001065e+02 1.119245903261568211e-04 1.114610540661932768e-04
8.917195251841000072e+02 1.100465738703311887e-04 1.095806273824824500e-04
8.951171414638000670e+02 1.084913572848163313e-04 1.080255091345724432e-04
8.964566524357001072e+02 1.078877130177593021e-04 1.074230340292644913e-04
8.998405061841000361e+02 1.063882836948194387e-04 1.059296680023100916e-04
9.039009966841000505e+02 1.046062660149258067e-04 1.041569803735045696e-04
9.073126304357001572e+02 1.031415292768603025e-04 1.027036894717738588e-04
9.100896164638000982e+02 1.019598561722609133e-04 1.015322808473310035e-04
9.120779841840999325e+02 1.011306947872977655e-04 1.007125115517332724e-04
9.148175369356999909e+02 9.999435082880123648e-05 9.958906677787822837e-05
9.176318609638000225e+02 9.884306624676708023e-05 9.845262101017340512e-05
9.202923101840999607e+02 9.776994514657968538e-05 9.739505454411808121e-05
9.223597814356999152e+02 9.694039091423486455e-05 9.657753352667037378e-05
9.252114429637999820e+02 9.581873812464728336e-05 9.547435870092404000e-05
9.285439731841000821e+02 9.452003351520880654e-05 9.419801140137979453e-05
9.299393634357001019e+02 9.397901599505649180e-05 9.366630521669346585e-05
9.328283629637999184e+02 9.288659726579846906e-05 9.259497160762061375e-05
9.363101169638000556e+02 9.157362401113701878e-05 9.130745420083910156e-05
9.375562834357000384e+02 9.111062826214040501e-05 9.085373108499449654e-05
9.410054781841000704e+02 8.985339156679940625e-05 8.962284568500538523e-05
9.439830439638001280e+02 8.876963735597844982e-05 8.856179750296039321e-05
9.452105419356998937e+02 8.833392986218965728e-05 8.813558699010839808e-05
9.487296334357000660e+02 8.709283488708386377e-05 8.692159820750518196e-05
9.516933084638000082e+02 8.605594230007683628e-05 8.590738890394321802e-05
9.535229906840997955e+02 8.543002028051857068e-05 8.529525851339615761e-05
9.564398984356998881e+02 8.443779156784911441e-05 8.432489226277285039e-05
9.594409114637999210e+02 8.343079161174862400e-05 8.333986219556155145e-05
9.619240051840999968e+02 8.261160768342725900e-05 8.253831445307805272e-05
9.641875004357000307e+02 8.186908572525229385e-05 8.181177428216333467e-05
9.672258514637998132e+02 8.089191723178245177e-05 8.085488571718244032e-05
9.703623576841000613e+02 7.989503537508914940e-05 7.987825998812075033e-05
9.719724409356999786e+02 7.938607617647016300e-05 7.937963833662722271e-05
9.750481299638000792e+02 7.843776214390204703e-05 7.844906668906172383e-05
9.786418974637999781e+02 7.733607077125152275e-05 7.736767846687295387e-05
9.797947194356999034e+02 7.698603066505908571e-05 7.702394858623688744e-05
9.831038971840998784e+02 7.600762472115065740e-05 7.606118652118918906e-05
9.865201824637999835e+02 7.499871885133220864e-05 7.506839760879115424e-05
9.876543354356998634e+02 7.467152265537548505e-05 7.474573047598872849e-05
9.912854404357001386e+02 7.363713341094705732e-05 7.372479018665016289e-05
9.944358049637999102e+02 7.274408684124206289e-05 7.284301185989741645e-05
9.959014426841000613e+02 7.233940081682039397e-05 7.244223187548534692e-05
9.992010634357000072e+02 7.143362923464075659e-05 7.154516357821485040e-05
1.002388765963799983e+03 7.056855759853458481e-05 7.068742177081176691e-05
1.004489146684100092e+03 7.001086858872843728e-05 7.013307554895165769e-05
1.007154023935700138e+03 6.930746795380011852e-05 6.943386122698340271e-05
1.010379064463799978e+03 6.847008923308336547e-05 6.859985843436125876e-05
1.013114188684099986e+03 6.777074382859021677e-05 6.790204685040639545e-05
1.015144322435700019e+03 6.725458916492851739e-05 6.738700479277047982e-05
1.018406698963799954e+03 6.644363592167488411e-05 6.657564619217030770e-05
1.021776566684100089e+03 6.561468331091370996e-05 6.574535515508236037e-05
1.023171958935699990e+03 6.527334954814496923e-05 6.540346297690573848e-05
1.026471674963800069e+03 6.448803227624505475e-05 6.461431665781096334e-05
1.030196124963800230e+03 6.360549862657439524e-05 6.372714378787304175e-05
1.031236933435699939e+03 6.336176003520189407e-05 6.348191474763686091e-05
1.034854146184099818e+03 6.253430186940602627e-05 6.264735662166119579e-05
1.038317103463800095e+03 6.174284982111546212e-05 6.184909816351579208e-05
1.039339246935699975e+03 6.151530569883301082e-05 6.161903650311511334e-05
1.043101034935700000e+03 6.068549565276585265e-05 6.077968974415556461e-05
1.046475422824400084e+03 5.994561787852143499e-05 6.003103428940072050e-05
1.047987732544700066e+03 5.962222785947197203e-05 5.970317409901016581e-05
1.051259351435699955e+03 5.892688675775721444e-05 5.899817623226274424e-05
1.054671079324399898e+03 5.820955566092907792e-05 5.827045994373396737e-05
1.056799462544699963e+03 5.777052688631520780e-05 5.782457829692305110e-05
1.059455006935700112e+03 5.722608572397773859e-05 5.727160862334968345e-05
1.062904073463799932e+03 5.652929167020925253e-05 5.656351906719723799e-05
1.065648531184099966e+03 5.598243803070091770e-05 5.600752843882437012e-05
1.067688001435700016e+03 5.557850680912437358e-05 5.559683075480866210e-05
1.071174407963800149e+03 5.490175656017642008e-05 5.490855086327042789e-05
1.074534941184100035e+03 5.425587846639135344e-05 5.425158993081807590e-05
1.075958334935700123e+03 5.398391507325570981e-05 5.397495258166096666e-05
1.079482076463800013e+03 5.332520876044998225e-05 5.330509472309166697e-05
1.083337208963799867e+03 5.260792142111097360e-05 5.257568980148161127e-05
1.084266007435699976e+03 5.243657153232305246e-05 5.240146472493509728e-05
1.087948561184099844e+03 5.177353624095185080e-05 5.172782835096623102e-05
1.091700884963799808e+03 5.109838564406814996e-05 5.104187383562956237e-05
1.092611013435699988e+03 5.093817637037699496e-05 5.087929012935607162e-05
1.096503483935700160e+03 5.026029350698660840e-05 5.019155813326494801e-05
1.100101900463799893e+03 4.963617263808719961e-05 4.955850475860043163e-05
1.101418186184100023e+03 4.941260987235492926e-05 4.933213990056848719e-05
1.104904497935699965e+03 4.882415419780851900e-05 4.873629903496132573e-05
1.108540254463800238e+03 4.821535676071414945e-05 4.812026470395440735e-05
1.110453946184100005e+03 4.790035219871615377e-05 4.780205534595585997e-05
1.113342850935699971e+03 4.742780302398472218e-05 4.732469631236385020e-05
1.117015943824399983e+03 4.683450875924049844e-05 4.672605590091968917e-05
1.119527042544699952e+03 4.643488803997016212e-05 4.632341550027057291e-05
1.121818542935699952e+03 4.607251812984657194e-05 4.595830892293716069e-05
1.125528972081699976e+03 4.549460185433531231e-05 4.537701784336968823e-05
1.128637473801999931e+03 4.501526470756003865e-05 4.489540717116901052e-05
1.130331568435699864e+03 4.475560864728845396e-05 4.463452228015214371e-05
1.134079339963800066e+03 4.419189267069639261e-05 4.406938566935533270e-05
1.137785246184099833e+03 4.363813203276402624e-05 4.351459362775653335e-05
1.138881933435699921e+03 4.347522742418569804e-05 4.335138618733455141e-05
1.142667042581699889e+03 4.292563055329311878e-05 4.280221839972536203e-05
1.146671526081699994e+03 4.234568624374605508e-05 4.222284402053787781e-05
1.147469641935699883e+03 4.223156836602771371e-05 4.210895008013041736e-05
1.151492794935699976e+03 4.166676069419879746e-05 4.154623504208342370e-05
1.155315236463800147e+03 4.113078309607506048e-05 4.101227381474320408e-05
1.156192801184099835e+03 4.101066076568508288e-05 4.089289055458880022e-05
1.160136501435699984e+03 4.047424922482489255e-05 4.035980993112060896e-05
1.163996285581700022e+03 3.995218353909874096e-05 3.984119011218681687e-05
1.165452588802000037e+03 3.975911234337103917e-05 3.964973707943040155e-05
1.168817551935699839e+03 3.931581463011549259e-05 3.921017981851237415e-05
1.172714673463799954e+03 3.880732395995976588e-05 3.870629410806001409e-05
1.174749711184100306e+03 3.854648109640704273e-05 3.844813822279456722e-05
1.177535936435700023e+03 3.819157306290788494e-05 3.809690520403593715e-05
1.181470397963799769e+03 3.769685631482476657e-05 3.760766878542197455e-05
1.184084176184100215e+03 3.737270336040454715e-05 3.728735751577131154e-05
1.186291664435699886e+03 3.710064163585156765e-05 3.701853315751378099e-05
1.190263458581699979e+03 3.661935143857347671e-05 3.654331102524400402e-05
1.193455973801999789e+03 3.623654918580694145e-05 3.616549231401839954e-05
1.195084726935699791e+03 3.604245984928012610e-05 3.597393693019642729e-05
1.199093858463799961e+03 3.557466424783481163e-05 3.551251746005786367e-05
1.202865106184099886e+03 3.513773549438190945e-05 3.508161301496392993e-05
1.203915122935700083e+03 3.501681066375290739e-05 3.496235741915504499e-05
1.207961595824400092e+03 3.456194689688634977e-05 3.451391127089656449e-05
1.212115430824400164e+03 3.409645720681995709e-05 3.405499720393183213e-05
1.212782862935699995e+03 3.402256484312457123e-05 3.398214678578881983e-05
1.216955366935699885e+03 3.357036626248828683e-05 3.353633033524956372e-05
1.221039176081699907e+03 3.312827235933928359e-05 3.310046862125445687e-05
1.221795393801999808e+03 3.304867430555717098e-05 3.302195845413687228e-05
1.225879109935699944e+03 3.262164340016396211e-05 3.260078212709983356e-05
1.230000257824400251e+03 3.219313339477251093e-05 3.217809159905306575e-05
1.231316542544700269e+03 3.205946064770683410e-05 3.204614411005991554e-05
1.234840191935699977e+03 3.170392923487288416e-05 3.169521092897915150e-05
1.238998678463799934e+03 3.128809874929093288e-05 3.128461814235925317e-05
1.240875031184099953e+03 3.110404208490323574e-05 3.110273316662222256e-05
1.243838612435700043e+03 3.081528134865716974e-05 3.081738451570249500e-05
1.248034436581700220e+03 3.041193293884448168e-05 3.041855771105536635e-05
1.250470858802000066e+03 3.018163948337301486e-05 3.019066161855355715e-05
1.252874372435700025e+03 2.995593543453085438e-05 2.996730765182704817e-05
1.257107533963800051e+03 2.956496891088156387e-05 2.958004648742451712e-05
1.260104021184100020e+03 2.929170669263214533e-05 2.930917697148969188e-05
1.261947465935699938e+03 2.912471736226163163e-05 2.914364859907409903e-05
1.266217967463799823e+03 2.874574829669008090e-05 2.876750228267435668e-05
1.269774526184099841e+03 2.843303639558023824e-05 2.845694169868240498e-05
1.271057903435699927e+03 2.832093764633001140e-05 2.834561255028736961e-05
1.275365739963800024e+03 2.795382906116205624e-05 2.798041302368320675e-05
1.279482366184099874e+03 2.760501220096786746e-05 2.763328708398080913e-05
1.280205674935700017e+03 2.754410643361539929e-05 2.757267592324796158e-05
1.284550847824399852e+03 2.718798229666169762e-05 2.721754583640774696e-05
1.288872703324399936e+03 2.683428234163464122e-05 2.686479754138544078e-05
1.289390785435700082e+03 2.679281185894746053e-05 2.682337836414657692e-05
1.293731311435700036e+03 2.645036218709445285e-05 2.648110024212128777e-05
1.298113822963799976e+03 2.610562000454254378e-05 2.613646257694929455e-05
1.299010056184099994e+03 2.603679965998786407e-05 2.606753136367514649e-05
1.302972421435700198e+03 2.573459746418490493e-05 2.576482517562803909e-05
1.307392272963799996e+03 2.539993571514961542e-05 2.542945623279033664e-05
1.308829911184099956e+03 2.529366798958586601e-05 2.532279316672251659e-05
1.312250881435699966e+03 2.504254352288228186e-05 2.507071901192787290e-05
1.316708067963799976e+03 2.471849010914235677e-05 2.474523258266973845e-05
1.318687101184100129e+03 2.457715588387427870e-05 2.460309740022460250e-05
1.321566671435700073e+03 2.437289820820486201e-05 2.439766939245001265e-05
1.326061195581700076e+03 2.405842101429888586e-05 2.408114734946563884e-05
1.328581628802000068e+03 2.388483320574568425e-05 2.390627319536712736e-05
1.330919801435700037e+03 2.372485516066052098e-05 2.374510001061482450e-05
1.335451662963799890e+03 2.341966808276992293e-05 2.343738435756074530e-05
1.338513491184100076e+03 2.321586033596646008e-05 2.323176736446773652e-05
1.340310266435699987e+03 2.309709534724803037e-05 2.311194104681456595e-05
1.344879469324400134e+03 2.280075876453642279e-05 2.281273039079068625e-05
1.348482697544699931e+03 2.256904984150455052e-05 2.257869729329867626e-05
1.349738071435699794e+03 2.248886167114342251e-05 2.249770090299026099e-05
1.354344610581699953e+03 2.220100437242450062e-05 2.220677561272771372e-05
1.358489238802000045e+03 2.194341605879076906e-05 2.194640717784361659e-05
1.359203216435700142e+03 2.189933555278886795e-05 2.190184954235228400e-05
1.363847094324399905e+03 2.161912562889970276e-05 2.161852823784630919e-05
1.368336969324399888e+03 2.134873791624258870e-05 2.134513120713790057e-05
1.368705696435700020e+03 2.132689960433182573e-05 2.132305122005159585e-05
1.373214241435699932e+03 2.106418071815040213e-05 2.105742484607384338e-05
1.377895457963800027e+03 2.079199054031552669e-05 2.078223151545971180e-05
1.378614336184100011e+03 2.075110628359481477e-05 2.074091719470299100e-05
1.382772726435699951e+03 2.051625454364919098e-05 2.050358429363732471e-05
1.387491280581699812e+03 2.025110538987309777e-05 2.023567894922507343e-05
1.388732893801999808e+03 2.018267186198561961e-05 2.016658664704895567e-05
1.392368556435699929e+03 1.998375968554313211e-05 1.996575188577105766e-05
1.397124447963800094e+03 1.972553000194852629e-05 1.970512555111685122e-05
1.398888786184100127e+03 1.963130501429667261e-05 1.961011214537922596e-05
1.402001716435700018e+03 1.946613677282839043e-05 1.944355866357428764e-05
1.406794947963800041e+03 1.921435951410923728e-05 1.918983679802676405e-05
1.409082021184100086e+03 1.909590343545300027e-05 1.907057944072227681e-05
1.411672221435700067e+03 1.896275228122034203e-05 1.893652535543436321e-05
1.416502785581699982e+03 1.871722493880705274e-05 1.868957309727328829e-05
1.419312588801999937e+03 1.857586612555433493e-05 1.854752181320930789e-05
1.421380061435699872e+03 1.847254894004877706e-05 1.844369838738088476e-05
1.426247962963800092e+03 1.823255346967202092e-05 1.820283644715782023e-05
1.429580491184100083e+03 1.806957427369507431e-05 1.803939332391927983e-05
1.431125236435700117e+03 1.799457087637614051e-05 1.796417685126111980e-05
1.436030480581699976e+03 1.776060157036746007e-05 1.772990992743157554e-05
1.439885738802000105e+03 1.757792449192077975e-05 1.754710399097283890e-05
1.440907751435699993e+03 1.752984694566263113e-05 1.749899318232907370e-05
1.445850332963799929e+03 1.730154569370429679e-05 1.727094729361771278e-05
1.450228321184100196e+03 1.710007094470964296e-05 1.706976680260629357e-05
1.450727601435700080e+03 1.707724180939902123e-05 1.704697131922835272e-05
1.455684073215400076e+03 1.685527336567511835e-05 1.682576572439094687e-05
1.460584796435700127e+03 1.663626806271402913e-05 1.660755644503929249e-05
1.465280031435700039e+03 1.643178942226066668e-05 1.640419847361208831e-05
1.470297284324399925e+03 1.621389586158400806e-05 1.618753718748026167e-05
1.471025497544700102e+03 1.618290255347430874e-05 1.615676534470354610e-05
1.475193226435700126e+03 1.600671427696613521e-05 1.598184353777329098e-05
1.480247822963799990e+03 1.579412196810441393e-05 1.577083948249950943e-05
1.481480096184100148e+03 1.574323929260428105e-05 1.572039227991041041e-05
1.485143761435700071e+03 1.559303196104695256e-05 1.557147783532024883e-05
1.490235692963800147e+03 1.538584289640540934e-05 1.536613747907532605e-05
1.491972031184099933e+03 1.531634662990953959e-05 1.529731079669946863e-05
1.495131636435700102e+03 1.519080212788353253e-05 1.517298262191184684e-05
1.500260902963800163e+03 1.498881477065695321e-05 1.497300265903881534e-05
1.502501301184100157e+03 1.490170795932327918e-05 1.488679309712013402e-05
1.505156846435699890e+03 1.479919065257776211e-05 1.478533724039567208e-05
1.510323452963799809e+03 1.460197564624984855e-05 1.459018826998292942e-05
1.513067911184100012e+03 1.449835451754915776e-05 1.448766478197520623e-05
1.515219396435699991e+03 1.441769554097383501e-05 1.440786444121423053e-05
1.520423342963799996e+03 1.422527404979855066e-05 1.421747339856864466e-05
1.523671861184100180e+03 1.410623824517889703e-05 1.409968585235587391e-05
1.525319281435700077e+03 1.404631783437967891e-05 1.404039701447778401e-05
1.530560562963800066e+03 1.385918539203376333e-05 1.385517183532656543e-05
1.534313146184100106e+03 1.372627180124794165e-05 1.372359217253840736e-05
1.535456506435700021e+03 1.368605123868036277e-05 1.368377706338763582e-05
1.540735124324400203e+03 1.350339244441012518e-05 1.350282973517421657e-05
1.544991767544699997e+03 1.335672865716102058e-05 1.335751223867582741e-05
1.545631066435700177e+03 1.333485482279841053e-05 1.333584007363625670e-05
1.550947024324400218e+03 1.315738126810673445e-05 1.315982215749646506e-05
1.555810279324399971e+03 1.299555840306849163e-05 1.299930479651151666e-05
1.560827443215399853e+03 1.283324719880575080e-05 1.283808226245264105e-05
1.566078187963800019e+03 1.266377583404511043e-05 1.266972135207736837e-05
1.570978777963799985e+03 1.251021385886300054e-05 1.251693929693026642e-05
1.576378781435699921e+03 1.234177914594736674e-05 1.234931417161042057e-05
1.581298041435700043e+03 1.219248204434548465e-05 1.220052122356462785e-05
1.586702696435699863e+03 1.202970833883974991e-05 1.203822697659286443e-05
1.591640626435699915e+03 1.188459512266004321e-05 1.189335001907054046e-05
1.597063946435700018e+03 1.172672478116168832e-05 1.173564380689337646e-05
1.602020546435699998e+03 1.158525377820614548e-05 1.159415393101235541e-05
1.607462536435700258e+03 1.143208430992532667e-05 1.144085647566584476e-05
1.609847601184100085e+03 1.136596908796876036e-05 1.137462219417377320e-05
1.612498462963800193e+03 1.129300461402295812e-05 1.130152541511750687e-05
1.617898466435699902e+03 1.114619134390313760e-05 1.115433140388158487e-05
1.620787591184099938e+03 1.106854444007051236e-05 1.107642589042699021e-05
1.622971727963800049e+03 1.101024703548816171e-05 1.101793307737470157e-05
1.628371731435699985e+03 1.086825172599604033e-05 1.087534734193245662e-05
1.631764917544699983e+03 1.077989239528752148e-05 1.078657374230719008e-05
1.633482329324399871e+03 1.073549486966137929e-05 1.074196656742449837e-05
1.638882331435700053e+03 1.059831245230554055e-05 1.060403123898370389e-05
1.642779578802000060e+03 1.050006404117418635e-05 1.050521014859939078e-05
1.644030270581700279e+03 1.046873614557338325e-05 1.047369847318587635e-05
1.649430271435700206e+03 1.033593882918725330e-05 1.034003394814246333e-05
1.653831581184099832e+03 1.022825394769050199e-05 1.023162583999220659e-05
1.654615552963800155e+03 1.020920699347867428e-05 1.021245001271838854e-05
1.660015556435699864e+03 1.008076860239998541e-05 1.008307743168365898e-05
1.664920923802000061e+03 9.964459872990228285e-06 9.965913803138718525e-06
1.665238165581699832e+03 9.956988066678049276e-06 9.958386673096823131e-06
1.670488688215400089e+03 9.836102921862891575e-06 9.836573214160049001e-06
1.675725446435700178e+03 9.715702507001704112e-06 9.715246558035602780e-06
1.676047596184100030e+03 9.708463257349599619e-06 9.707951320246476076e-06
1.681004067963800026e+03 9.597819117076214786e-06 9.596448112373965226e-06
1.686404071435700189e+03 9.477626551965786088e-06 9.475325073786948181e-06
1.687211613802000102e+03 9.460036713904746106e-06 9.457602542757095830e-06
1.691720030581699802e+03 9.362482543152582428e-06 9.359307747000435959e-06
1.697120031435699957e+03 9.246165826893867096e-06 9.242119096846263649e-06
1.698412966184100014e+03 9.218804081966588707e-06 9.214563014154518848e-06
1.702473332963800203e+03 9.133413240167298581e-06 9.128561455635116932e-06
1.707873336435699912e+03 9.020604492735493390e-06 9.014968390387019499e-06
1.709651661184099794e+03 8.984063872941801016e-06 8.978192180317022279e-06
1.713263967963799814e+03 8.910342246893332815e-06 8.903991353140429675e-06
1.718663971435699978e+03 8.801067435498997307e-06 8.794042891860172806e-06
1.720927688802000148e+03 8.755909410772469838e-06 8.748632330128037227e-06
1.724091940581699873e+03 8.693201366546173754e-06 8.685570587506576985e-06
1.729491941435699800e+03 8.587319893422800716e-06 8.579142704162594387e-06
1.732241051184099888e+03 8.534095700845777035e-06 8.525674330247327070e-06
1.734957252963800101e+03 8.481844891925697898e-06 8.473181618846249079e-06
1.740357256435699810e+03 8.379171177780983981e-06 8.370099250168460612e-06
1.743591757544700158e+03 8.318279923062470965e-06 8.308998940741283798e-06
1.745859904324400077e+03 8.275870270563449470e-06 8.266442189995152544e-06
1.751259906435700259e+03 8.176387544711370350e-06 8.166694508080764666e-06
1.754979798802000005e+03 8.108464442128986106e-06 8.098622734359868240e-06
1.756799890581699856e+03 8.075426215749642499e-06 8.065511394330395940e-06
1.762199891435699783e+03 7.978908408094962523e-06 7.968871741321568365e-06
1.766405178801999909e+03 7.904226596338963083e-06 7.894123703356561539e-06
1.767777220581699794e+03 7.880012184734679201e-06 7.869887465959053458e-06
1.773177221435699948e+03 7.786399946237586089e-06 7.776292018128788859e-06
1.777867896184099891e+03 7.705469634108982568e-06 7.695397552529501108e-06
1.778791882963799935e+03 7.689630445298742845e-06 7.679565319709461460e-06
1.784191886435700098e+03 7.598824062674889836e-06 7.588904858981343501e-06
1.789367953801999647e+03 7.512023268758038953e-06 7.502255855408119743e-06
1.789843885581700079e+03 7.504090360121604754e-06 7.494336872119804659e-06
1.795243886435700006e+03 7.416007897836776199e-06 7.406517644534195934e-06
1.800905346184099926e+03 7.323842044662127902e-06 7.314636065385212887e-06
1.806263202963800268e+03 7.239012948874882989e-06 7.230162092117731608e-06
1.811663206435699976e+03 7.153701420654052872e-06 7.145214573375501598e-06
1.812480081184100072e+03 7.141053643365451296e-06 7.132632858169813677e-06
1.817408547963799947e+03 7.065186782359441228e-06 7.057163208613485961e-06
1.822808551435700110e+03 6.982395883277481902e-06 6.974816893897748928e-06
1.824092151184099976e+03 6.963097751145905954e-06 6.955636808322207582e-06
1.828591232963800167e+03 6.895837012005540562e-06 6.888788969809606074e-06
1.833991236435699875e+03 6.815567956056189446e-06 6.809025172124766036e-06
1.835741557544699845e+03 6.789996767001146907e-06 6.783628127403504273e-06
1.839811254324399897e+03 6.730892965697586693e-06 6.724928701104216829e-06
1.845211256435699852e+03 6.653052920229882398e-06 6.647632134601183740e-06
1.847428301184100064e+03 6.621578733010299167e-06 6.616387493361302043e-06
1.851068612963799978e+03 6.570202990548846271e-06 6.565388339822253010e-06
1.856468616435700142e+03 6.494714069137057499e-06 6.490458802105533742e-06
1.859152386184100124e+03 6.457709144609772400e-06 6.453732894561410721e-06
1.862363312963799899e+03 6.413712447022724245e-06 6.410069848770143256e-06
1.867763316435700062e+03 6.340576830475427660e-06 6.337488260570575866e-06
1.870913806184099940e+03 6.298423796256718792e-06 6.295654565486261246e-06
1.873695347963800259e+03 6.261405241921677459e-06 6.258917871360368094e-06
1.879095351435699968e+03 6.190511269247475466e-06 6.188552366761214670e-06
1.882712563802000204e+03 6.143519556071969770e-06 6.141905664547718416e-06
1.885064720581700158e+03 6.113154746156004974e-06 6.111765168179652660e-06
1.890464721435700085e+03 6.044501811497687132e-06 6.043595322011405945e-06
1.894548656184100309e+03 5.993011293806478955e-06 5.992457811831611197e-06
1.896471427963800124e+03 5.968905309893126178e-06 5.968518012824862092e-06
1.901871431435699833e+03 5.902333320200036114e-06 5.902368669174918419e-06
1.906422093802000063e+03 5.846591993744163470e-06 5.846970618747869130e-06
1.907915480581699967e+03 5.828413251939256906e-06 5.828904519877836343e-06
1.913315481435699894e+03 5.763968512968817140e-06 5.764808196953952153e-06
1.918332863802000020e+03 5.704375355658085766e-06 5.705527079813358646e-06
1.919396865581700013e+03 5.691813174624974800e-06 5.693031068016243552e-06
1.924796866435700167e+03 5.629420055433201720e-06 5.630902860688045236e-06
1.930280973801999608e+03 5.566235810743452941e-06 5.567980188669451233e-06
1.930915590581699917e+03 5.558967374701118893e-06 5.560742025657273271e-06
1.936315591435699844e+03 5.498482421164959276e-06 5.500433157764575763e-06
1.941869596435699805e+03 5.436301053844011848e-06 5.438431916209405646e-06
1.942471652963800125e+03 5.429682646468981624e-06 5.431827045476115508e-06
1.948044327963800015e+03 5.369175235794620494e-06 5.371415550107532331e-06
1.953444331435699723e+03 5.310624237670513995e-06 5.312953889241399007e-06
1.954289208802000076e+03 5.301671883394958084e-06 5.304003311893393814e-06
1.959656395581700053e+03 5.245106425259688327e-06 5.247449058286288472e-06
1.965056396435699980e+03 5.188380635339717290e-06 5.190725255720020297e-06
1.966349331184100265e+03 5.175069512691571227e-06 5.177398761738143293e-06
1.971305802963800033e+03 5.124285057171999898e-06 5.126555582504438815e-06
1.976705806435699969e+03 5.069237080089302192e-06 5.071429948465211730e-06
1.978446796184100322e+03 5.051825970443395953e-06 5.053976308669965207e-06
1.982992547963800234e+03 5.006625581561513384e-06 5.008665119825558331e-06
1.988392551435700170e+03 4.953296501583365551e-06 4.955188330195379399e-06
1.990581593802000043e+03 4.932039086967407417e-06 4.933854238164408790e-06
1.994716630581700429e+03 4.892096518739511009e-06 4.893767074675639477e-06
2.000116631435700356e+03 4.840376782169727737e-06 4.841842326789957721e-06
2.002753726184099833e+03 4.815497355769217441e-06 4.816848585252817039e-06
2.006478052963799882e+03 4.780573340051120005e-06 4.781763296023591935e-06
2.011878056435700046e+03 4.730444656848672645e-06 4.731386482572433350e-06
2.014963203802000180e+03 4.702171738987284057e-06 4.702961194891387997e-06
2.018276810581700374e+03 4.671989022037504608e-06 4.672614937613264803e-06
2.023676811435700074e+03 4.623358443738996210e-06 4.623708257036581737e-06
2.027210016184099914e+03 4.591880108599489556e-06 4.592043238753638006e-06
2.030112907963799898e+03 4.566159772433780587e-06 4.566169569840800951e-06
2.035512911435700062e+03 4.518970843488053250e-06 4.518692617539315449e-06
2.039494171184099969e+03 4.484517560940935199e-06 4.484025388944436605e-06
2.041986342963800098e+03 4.463063311872716776e-06 4.462437224160894090e-06
2.047386346435700034e+03 4.417237444401633926e-06 4.416326608784986439e-06
2.051815657544699661e+03 4.379929227500385158e-06 4.378786727683746312e-06
2.053897114324400263e+03 4.362503816267453644e-06 4.361252405818791283e-06
2.059297116435699991e+03 4.317997928758006497e-06 4.316478506075396782e-06
2.064174481184099932e+03 4.278023875074057629e-06 4.276266379906641352e-06
2.065845222963799642e+03 4.264401720830070777e-06 4.262562598935201158e-06
2.071245226435700260e+03 4.221133495632638928e-06 4.219054980593264136e-06
2.076570646184100042e+03 4.178643255601483175e-06 4.176333150999544949e-06
2.077830667963800352e+03 4.168649442671610501e-06 4.166284455266722492e-06
2.083230671435700060e+03 4.126626907886203877e-06 4.124061292335889029e-06
2.089004147544700118e+03 4.081809460242085875e-06 4.079032530851842702e-06
2.095230232544700357e+03 4.034535109563797267e-06 4.031572909507556071e-06
2.101068826435700430e+03 3.990341286946154214e-06 3.987211395864543300e-06
2.101913577963799980e+03 3.984028256826225054e-06 3.980877545325992108e-06
2.107719741184099803e+03 3.941200960820365540e-06 3.937933772902418026e-06
2.113983166184099900e+03 3.895151645937530186e-06 3.891766084559010355e-06
2.119863747963800051e+03 3.852932123334877596e-06 3.849480209391220637e-06
2.125263751435700215e+03 3.814253248726952344e-06 3.810744007489540858e-06
2.126528681184100151e+03 3.805360440688833541e-06 3.801848056586782083e-06
2.132017212963800375e+03 3.766958503249165355e-06 3.763432184845629102e-06
2.137417216435700084e+03 3.729294064514293507e-06 3.725760667416639958e-06
2.139111533801999940e+03 3.717646047108304651e-06 3.714122468603707825e-06
2.144208020581700112e+03 3.682799069494420788e-06 3.679304483486122724e-06
2.149608021435699811e+03 3.646085146381832528e-06 3.642630433988018018e-06
2.151731723802000033e+03 3.631900567422628309e-06 3.628474070918376235e-06
2.156436165581700152e+03 3.600640084366996103e-06 3.597275466338316393e-06
2.161836166435699852e+03 3.564992255505742756e-06 3.561709302377737517e-06
2.164389251184100431e+03 3.548385887364160568e-06 3.545153342064975372e-06
2.168701647963800042e+03 3.520490263105136636e-06 3.517342231085873645e-06
2.174101651435700205e+03 3.485822366615935011e-06 3.482791170495081311e-06
2.177084121184099786e+03 3.466904463782088805e-06 3.463947958648161572e-06
2.181004467963799925e+03 3.442160531392172364e-06 3.439301658530118666e-06
2.186404471435700088e+03 3.408399154238802678e-06 3.405684792712994807e-06
2.189816326184100035e+03 3.387312477000260463e-06 3.384697171646589775e-06
2.193344622963799793e+03 3.365618012642208654e-06 3.363104691705076798e-06
2.198744626435699956e+03 3.332765191037468638e-06 3.330415731329873076e-06
2.202585867544700250e+03 3.309625092631528715e-06 3.307397197890508799e-06
2.205722119324399955e+03 3.290832473807073174e-06 3.288703484041279191e-06
2.211122121435699682e+03 3.258909375584194031e-06 3.256955540967769854e-06
2.215392746184099906e+03 3.233903256342624853e-06 3.232090518674320870e-06
2.218136952963800013e+03 3.217926510806863636e-06 3.216204206794558433e-06
2.223536956435700176e+03 3.186947669391263525e-06 3.185403694783972279e-06
2.228236966184099856e+03 3.160180420738300129e-06 3.158791850901940606e-06
2.230589122963800037e+03 3.146836364390708637e-06 3.145525425250118669e-06
2.235989126435699745e+03 3.116576204772377177e-06 3.115439688761159724e-06
2.241118523802000254e+03 3.087972838233927902e-06 3.087000873543258913e-06
2.243078630581700054e+03 3.077104273449116226e-06 3.076195135812334360e-06
2.248478631435700208e+03 3.047796202207057894e-06 3.047051257292410297e-06
2.254037416184099584e+03 3.017784426812265821e-06 3.017206674802761879e-06
2.255605477963800240e+03 3.009362036349523774e-06 3.008831448752566792e-06
2.261005481435699949e+03 2.980888464684111870e-06 2.980506272943511669e-06
2.266993651184100145e+03 2.949404297396407082e-06 2.949185102779127613e-06
2.268169662963799965e+03 2.943251886062006630e-06 2.943064740847442309e-06
2.273569666435700128e+03 2.915535897113176267e-06 2.915477383755857567e-06
2.279665071435699701e+03 2.884284368852422730e-06 2.884370706324758897e-06
2.280771185581700138e+03 2.878670795312489201e-06 2.878782185107909389e-06
2.286493333802000507e+03 2.850122462460098547e-06 2.850346460817433407e-06
2.292285256435700376e+03 2.821244850008451741e-06 2.821582776948822593e-06
2.293410042963800151e+03 2.815727393573346167e-06 2.816084448678405989e-06
2.299542782963800164e+03 2.785978646773292299e-06 2.786430411337983940e-06
2.306086242963800032e+03 2.754378129997225032e-06 2.754925840237722983e-06
2.312237652963849996e+03 2.725334689758891892e-06 2.725950133695231601e-06
2.317637656435750159e+03 2.699906650846316316e-06 2.700579652867605592e-06
2.319191956184099581e+03 2.692741735686660762e-06 2.693424937323991005e-06
2.324969857963799768e+03 2.666207779340844721e-06 2.666928895194732168e-06
2.330369861435700386e+03 2.641500411798116733e-06 2.642253408088919891e-06
2.332334876184100267e+03 2.632671810764101887e-06 2.633429159363286989e-06
2.337739397963800002e+03 2.608545733483471452e-06 2.609315245160409701e-06
2.343139401435700165e+03 2.584592196815294897e-06 2.585368917350930049e-06
2.345515133801999582e+03 2.574249505956844592e-06 2.575021836944400154e-06
2.350546280581700103e+03 2.552385859952166214e-06 2.553149188841284010e-06
2.355946281435700257e+03 2.529047860810776361e-06 2.529795623005636805e-06
2.358732726184100102e+03 2.517182118484768336e-06 2.517914567878117437e-06
2.363390497963800044e+03 2.497493340492682006e-06 2.498200490160514802e-06
2.368790501435699753e+03 2.474872535432318644e-06 2.475543774078259944e-06
2.371987663802000043e+03 2.461663503730859344e-06 2.462306750817588646e-06
2.376272055581699988e+03 2.444002290582388372e-06 2.444608304943449344e-06
2.381672056435700142e+03 2.421952534226164824e-06 2.422505046593920002e-06
2.385279933801999960e+03 2.407419830948074831e-06 2.407930959681719248e-06
2.389190945581699907e+03 2.391762793491194133e-06 2.392229286794119942e-06
2.394590946435700062e+03 2.370427796969253690e-06 2.370826469540341810e-06
2.398609543801999735e+03 2.354747320705966603e-06 2.355091080463104624e-06
2.402147180581700013e+03 2.341008230797430388e-06 2.341303823013637580e-06
2.407547181435700168e+03 2.320219992214919289e-06 2.320437158447164527e-06
2.411976491184100269e+03 2.303288118330524037e-06 2.303438028455704286e-06
2.415140747963800095e+03 2.291245155633295810e-06 2.291347115410295458e-06
2.420540751435699804e+03 2.271046636898835494e-06 2.271063321209444128e-06
2.425380781184099760e+03 2.253128123849067229e-06 2.253066689081618663e-06
2.428171657963800499e+03 2.242840220245929388e-06 2.242733790128890148e-06
2.433571661435700207e+03 2.223180299946185730e-06 2.222985381514926525e-06
2.438822406184099691e+03 2.204170448659399857e-06 2.203888890920910652e-06
2.441239902963799977e+03 2.195456409175071695e-06 2.195134961112218352e-06
2.446639906435700141e+03 2.176344155658121733e-06 2.175934644072977488e-06
2.452301366184100061e+03 2.156418968817648525e-06 2.155917314722233967e-06
2.454345482963799441e+03 2.149257392759906641e-06 2.148722435772344578e-06
2.459745486435700059e+03 2.130645453392143227e-06 2.130026466974426293e-06
2.465817666184100290e+03 2.109795036257795217e-06 2.109082116234253509e-06
2.467488407963800000e+03 2.104089734842810625e-06 2.103350917497038711e-06
2.472888411435700164e+03 2.086056772042267496e-06 2.085241052430053246e-06
2.479282516435700018e+03 2.064752498985618091e-06 2.063846094360174675e-06
2.480668665581699770e+03 2.060155686246740447e-06 2.059229718937459782e-06
2.486157453801999964e+03 2.042175741997890887e-06 2.041181746332532957e-06
2.492481441435700162e+03 2.021479917139709121e-06 2.020407459298772467e-06
2.493886262963800164e+03 2.016934250352796482e-06 2.015845293508204218e-06
2.499767101184099829e+03 1.998213397951392897e-06 1.997063750027688145e-06
2.505717706435700165e+03 1.979289327038644797e-06 1.978078224259057355e-06
2.507141192963800222e+03 1.974830447111083861e-06 1.973606676398398255e-06
2.513414081184099814e+03 1.955399130494161530e-06 1.954125666016854040e-06
2.518991311435700027e+03 1.938139461248844747e-06 1.936821807287257928e-06
2.520433467963799558e+03 1.933753596470793442e-06 1.932427752837809392e-06
2.526902247963799709e+03 1.914176831274783150e-06 1.912816494076403681e-06
2.532302251435699873e+03 1.897857323019778596e-06 1.896468748275945228e-06
2.533959231184099735e+03 1.892941713998991851e-06 1.891548804465347219e-06
2.540250527963800323e+03 1.874354527080467821e-06 1.872945138121601471e-06
2.545650531435700032e+03 1.858451782704659918e-06 1.857029841221057499e-06
2.547699556184099947e+03 1.852531457024074076e-06 1.851109760315967628e-06
2.553636142963800012e+03 1.835446629739682627e-06 1.834025485669090753e-06
2.559036146435699720e+03 1.819966619001764451e-06 1.818548431963447741e-06
2.561477218801999697e+03 1.813074416548310261e-06 1.811662742052990492e-06
2.567059100581700022e+03 1.797375437859806505e-06 1.795978438766777387e-06
2.572459101435699722e+03 1.782269344624202759e-06 1.780889760524612910e-06
2.575292221184100072e+03 1.774463171409735285e-06 1.773097930046852910e-06
2.580519392963799874e+03 1.760121254882790983e-06 1.758782248841098613e-06
2.585919396435700037e+03 1.745415312473168390e-06 1.744107101949189975e-06
2.589144563801999993e+03 1.736767487991400763e-06 1.735482503611527189e-06
2.594017020581699853e+03 1.723756132181399751e-06 1.722506013379677569e-06
2.599417021435700008e+03 1.709422798886486262e-06 1.708214934213922802e-06
2.603034236184100337e+03 1.699916634051563141e-06 1.698741001763623609e-06
2.607551987963800002e+03 1.688100039247207218e-06 1.686964472037204846e-06
2.612951991435699711e+03 1.674123770102682021e-06 1.673039606982636998e-06
2.616961256184099966e+03 1.663877939321643168e-06 1.662835145199081009e-06
2.621124297963800018e+03 1.653281110810196326e-06 1.652281119934878157e-06
2.626524301435699726e+03 1.639662483382828095e-06 1.638720575529698479e-06
2.630925611184100035e+03 1.628660978951988457e-06 1.627768374462500055e-06
2.634733942963800018e+03 1.619180319077629686e-06 1.618330260191761592e-06
2.640133946435700182e+03 1.605920917244992330e-06 1.605132620367911568e-06
2.644927301184099633e+03 1.594275130622239848e-06 1.593542589393376377e-06
2.648380922963800003e+03 1.585925754823230862e-06 1.585233310758127314e-06
2.653780926435699712e+03 1.573026946986107641e-06 1.572397170339607142e-06
2.658966331184100000e+03 1.560726776851284078e-06 1.560157210476137872e-06
2.662065242963799847e+03 1.553403712805156213e-06 1.552870090067193976e-06
2.667465246435700010e+03 1.540822595096396207e-06 1.540349838749060504e-06
2.673042697544699877e+03 1.527908716744293650e-06 1.527498191815214461e-06
2.675786899324399656e+03 1.521576626064412501e-06 1.521196710090733606e-06
2.681186901435699838e+03 1.509313658221851364e-06 1.508990371474577933e-06
2.687156401184100105e+03 1.495835440206451107e-06 1.495573784687783030e-06
2.689545897963800144e+03 1.490474862791846037e-06 1.490237887659551145e-06
2.694945901435699852e+03 1.478598763512901933e-06 1.478411987661417188e-06
2.701307446184100172e+03 1.464657165944168224e-06 1.464528555473311474e-06
2.703342227963799814e+03 1.460205985329030813e-06 1.460096006237294926e-06
2.708742231435699523e+03 1.448541077331397632e-06 1.448473023318708700e-06
2.715472376435699516e+03 1.434043283015100420e-06 1.434026870931162177e-06
2.722575901435699961e+03 1.419066607559874578e-06 1.419095748870062003e-06
2.729324721435700212e+03 1.404924777930542641e-06 1.404994553288500833e-06
2.731046910581700104e+03 1.401344353047951688e-06 1.401423832626799605e-06
2.736843733801999861e+03 1.389494844634328924e-06 1.389598840247813494e-06
2.743214391435699781e+03 1.376486181357144907e-06 1.376617133118800901e-06
2.744955252963799921e+03 1.372978239410638364e-06 1.373115188553528902e-06
2.751125461184100004e+03 1.360732099202229566e-06 1.360883848187930806e-06
2.757141411435699865e+03 1.348805038838758248e-06 1.348971219751326711e-06
2.758900939324400497e+03 1.345362406158678564e-06 1.345530849217623796e-06
2.765444522544700249e+03 1.332661862485376668e-06 1.332834606382441659e-06
2.771105761435700515e+03 1.321684361960428958e-06 1.321860818703192521e-06
2.772883960581700194e+03 1.318293611538273931e-06 1.318468707332276885e-06
2.779707455581699833e+03 1.305370083160396943e-06 1.305538230445416313e-06
2.785107456435699987e+03 1.295160279699223281e-06 1.295322776218833655e-06
2.786997792544700133e+03 1.291664483289147478e-06 1.291822265811907385e-06
2.793746484324400171e+03 1.279242168127277541e-06 1.279383163731094463e-06
2.799146486435700353e+03 1.269332320102412844e-06 1.269459292944286530e-06
2.801410201184100515e+03 1.265248181046059901e-06 1.265366602995998901e-06
2.807822847963800086e+03 1.253715287068673443e-06 1.253809590207448768e-06
2.813222851435699795e+03 1.244040712702397998e-06 1.244113895428073070e-06
2.815859947544699935e+03 1.239397100190313701e-06 1.239457720247171729e-06
2.821936554324400277e+03 1.228708657995408497e-06 1.228740450810641415e-06
2.827336556435699549e+03 1.219250237913449358e-06 1.219255544511317589e-06
2.830347028801999841e+03 1.214064142447819646e-06 1.214052906082685876e-06
2.836087595581699588e+03 1.204264194650459872e-06 1.204221527955337862e-06
2.841487596435699743e+03 1.195122116504197815e-06 1.195049194907674933e-06
2.844871448802000486e+03 1.189469303293853235e-06 1.189376299159458500e-06
2.850275975581700095e+03 1.180444564649799247e-06 1.180319590688234458e-06
2.855675976435699795e+03 1.171489313987792048e-06 1.171332102911793376e-06
2.859433208801999626e+03 1.165354938165803426e-06 1.165174882934926616e-06
2.864501695581700005e+03 1.157124173107788567e-06 1.156913381716729882e-06
2.869901696435700160e+03 1.148423985135533913e-06 1.148180660962471693e-06
2.874032306184099980e+03 1.141827067296133362e-06 1.141559056418981594e-06
2.878764752963800220e+03 1.134296045606852135e-06 1.133999802271005213e-06
2.884164756435700383e+03 1.125795462588086861e-06 1.125467959410478929e-06
2.888668742544700308e+03 1.118796426851252169e-06 1.118443679236474982e-06
2.893065144324400080e+03 1.112001484950879598e-06 1.111624118283498440e-06
2.898465146435700262e+03 1.103713347076524073e-06 1.103307291277233213e-06
2.903342513802000212e+03 1.096269517276615394e-06 1.095838678746459928e-06
2.907402875581700300e+03 1.090092446376465773e-06 1.089640975543386033e-06
2.912802876435700000e+03 1.082000926023485840e-06 1.081524557740486340e-06
2.918053623801999947e+03 1.074212422114933245e-06 1.073713374876213028e-06
2.921777945581700351e+03 1.068708241442576797e-06 1.068193080350696086e-06
2.927177946435700051e+03 1.060823588711572564e-06 1.060288161474151441e-06
2.932802071184099987e+03 1.052669393706965604e-06 1.052114351359334798e-06
2.936190352963800251e+03 1.047775154256741642e-06 1.047208249236736040e-06
2.941590356435699960e+03 1.040076014222875571e-06 1.039493956716280762e-06
2.947587858802000028e+03 1.031574331166864385e-06 1.030976837827984975e-06
2.950640100581700153e+03 1.027269559195906334e-06 1.026664153625182247e-06
2.956040101435699853e+03 1.019784120266120341e-06 1.019169207108143577e-06
2.962410981184099910e+03 1.010996263006656233e-06 1.010371331375845643e-06
2.965127182963800351e+03 1.007262961269761652e-06 1.006633694191435866e-06
2.970527186435700060e+03 9.999648290934793596e-07 9.993316723531053968e-07
2.977271446184100114e+03 9.908851588425335737e-07 9.902479313897268226e-07
2.979651602963800087e+03 9.876913685738119994e-07 9.870526404475717680e-07
2.985051606435700251e+03 9.805487004174163787e-07 9.799114404645996100e-07
2.992155131435699786e+03 9.711757325812168240e-07 9.705407492442279457e-07
2.999613366435700300e+03 9.614943206876854726e-07 9.608665303541839811e-07
3.006735561435699765e+03 9.523040792165085538e-07 9.516848831118119893e-07
3.008812460581700179e+03 9.496386602475078266e-07 9.490222092400915186e-07
3.014581283802000144e+03 9.423108677575469807e-07 9.417059577719196850e-07
3.021353326435700183e+03 9.337185895997014866e-07 9.331271615440510257e-07
3.023448897963799936e+03 9.310917138923644316e-07 9.305049165572971414e-07
3.029572431184099969e+03 9.235794237678970284e-07 9.230090136929730836e-07
3.036008431435699549e+03 9.156997826358025482e-07 9.151465422577868427e-07
3.038122667963799813e+03 9.131409005857749704e-07 9.125939149801763670e-07
3.044600911184099914e+03 9.053468085936454817e-07 9.048209113350017897e-07
3.050700871435700265e+03 8.980117013614441079e-07 8.975056175659135418e-07
3.052833777963800003e+03 8.954789053093285647e-07 8.949803564743749841e-07
3.059666731184099717e+03 8.874358746450235031e-07 8.869624142656670842e-07
3.065430651435699929e+03 8.806593585000933869e-07 8.802070247475672672e-07
3.067582227963800051e+03 8.781728602281608510e-07 8.777289609970436450e-07
3.074769891184099833e+03 8.699565022337942284e-07 8.695410775408214630e-07
3.082340137544699701e+03 8.613683281447709666e-07 8.609832264319137733e-07
3.089602219324399812e+03 8.532181139732700760e-07 8.528629089437721986e-07
3.095002221435700449e+03 8.471592578622918504e-07 8.468262648256671435e-07
3.097499301184100204e+03 8.444038436632119563e-07 8.440812157246490068e-07
3.104444012963800105e+03 8.367780924190848170e-07 8.364841843429637134e-07
3.109844016435699814e+03 8.308746546357775528e-07 8.306029912225210445e-07
3.112695806184100093e+03 8.278171239794761868e-07 8.275570225236782028e-07
3.119323142963799910e+03 8.207456764879246724e-07 8.205123570098375004e-07
3.124723146435700073e+03 8.150121874141564247e-07 8.148004594606631973e-07
3.127929646184099965e+03 8.116555317702360085e-07 8.114561212997104844e-07
3.134239612963800028e+03 8.050627457187190912e-07 8.048875098199174304e-07
3.139639616435699736e+03 7.994522790379083611e-07 7.992972475047524222e-07
3.143200823801999832e+03 7.958138311575526320e-07 7.956712347866555984e-07
3.149193420581699684e+03 7.897250103201786880e-07 7.896033033152753447e-07
3.154593421435700293e+03 7.842719761270206791e-07 7.841683933774877047e-07
3.158509336184100448e+03 7.803599477789748565e-07 7.802684484887262247e-07
3.164184562963800090e+03 7.747009786021474862e-07 7.746269796996126813e-07
3.169584566435700253e+03 7.693484131618389364e-07 7.692900523780383269e-07
3.173855191184100022e+03 7.651625908869536388e-07 7.651153073991345585e-07
3.179213042963800035e+03 7.599305833568238522e-07 7.598972091682550040e-07
3.184613046435700198e+03 7.547123606897821252e-07 7.546916545627999853e-07
3.189238381184100035e+03 7.503021622760952028e-07 7.502908579809669771e-07
3.194278862963799838e+03 7.455137028494395189e-07 7.455126740371881564e-07
3.199678866435700002e+03 7.404412190807643331e-07 7.404496425107124950e-07
3.204658911184099907e+03 7.358190014663879971e-07 7.358347421867836174e-07
3.209382022963799955e+03 7.314376085926808602e-07 7.314603334255380271e-07
3.214782026435699663e+03 7.264619407871823977e-07 7.264907362178700150e-07
3.220116781184100091e+03 7.215880640409895222e-07 7.216214117789844997e-07
3.224522517963800055e+03 7.175895234013965512e-07 7.176266814926364055e-07
3.229922521435700219e+03 7.127609511056209784e-07 7.128006973046199055e-07
3.235611986184100260e+03 7.077152190152991703e-07 7.077564006593862940e-07
3.239700347963800141e+03 7.041001743021442302e-07 7.041424432830801831e-07
3.245100351435700304e+03 6.993889872781728156e-07 6.994304602738265725e-07
3.251144526184099959e+03 6.941542731110826478e-07 6.941937393724485480e-07
3.254915522963799958e+03 6.908946356827884344e-07 6.909329050452686798e-07
3.260315526435700122e+03 6.862849421382593967e-07 6.863193685536328618e-07
3.266714406184099971e+03 6.808562184415913251e-07 6.808852680255234764e-07
3.270168027963799886e+03 6.779409268836100717e-07 6.779671239217215280e-07
3.275568031435700050e+03 6.734595439605771645e-07 6.734790708783678533e-07
3.282321626184099841e+03 6.678888970655800994e-07 6.678994553859604358e-07
3.285457877963800001e+03 6.653141977182585789e-07 6.653206328576904159e-07
3.290857881435700165e+03 6.609481723082191285e-07 6.609455564429394407e-07
3.297966183802000160e+03 6.552196784175805826e-07 6.552047936037501689e-07
3.300785060581700236e+03 6.529495882316954019e-07 6.529298733551288070e-07
3.306185061435699936e+03 6.486307704953105025e-07 6.486002286313318822e-07
3.313648076184099864e+03 6.426811821850474048e-07 6.426355419239809810e-07
3.316149587963800059e+03 6.406986802615606400e-07 6.406480040319843033e-07
3.321549591435699767e+03 6.365546607383791960e-07 6.364918182421684478e-07
3.329082501435700124e+03 6.307809699536687396e-07 6.307011611335433525e-07
3.331551447963800001e+03 6.288967591146213678e-07 6.288113759948723727e-07
3.337236261184100385e+03 6.246243026957258428e-07 6.245255219229881382e-07
3.344503026435700122e+03 6.191697327881862188e-07 6.190538386170957691e-07
3.346990642963800383e+03 6.173106845661192413e-07 6.171889310106983137e-07
3.353011501184099870e+03 6.128286128523690530e-07 6.126926191831573093e-07
3.359960896435700306e+03 6.076618974540719983e-07 6.075094744682813868e-07
3.362467180581699722e+03 6.058176287567483202e-07 6.056593616574731641e-07
3.368824073801999475e+03 6.012067852074800909e-07 6.010340464301514832e-07
3.375456096435700147e+03 5.964053756592619784e-07 5.962175414169296293e-07
3.377981052963799812e+03 5.946064140548477826e-07 5.944130627573457407e-07
3.384673991184100032e+03 5.898976375369835905e-07 5.896902933191512007e-07
3.390988641435700629e+03 5.854594071567062526e-07 5.852388623610398191e-07
3.393532262963799894e+03 5.836855908610805102e-07 5.834601276904528674e-07
3.400561241184099799e+03 5.788129650890498327e-07 5.785745856129958193e-07
3.406558521435700186e+03 5.746607114787172638e-07 5.744113131313070655e-07
3.409120812963800290e+03 5.729205436457439669e-07 5.726670750274440092e-07
3.416485831184100334e+03 5.679614860771900617e-07 5.676969239876158953e-07
3.422165741435700056e+03 5.641434316372570054e-07 5.638703174346288225e-07
3.424746702963800089e+03 5.624405290536684963e-07 5.621644024557833794e-07
3.432410292963800202e+03 5.574140621297674899e-07 5.571293396098591139e-07
3.440409925581700008e+03 5.521858633255579055e-07 5.518932469954920113e-07
3.448092190581699924e+03 5.471693681943994405e-07 5.468712748996917036e-07
3.453492191435700079e+03 5.436442764511189111e-07 5.433424947840742996e-07
3.456465326184099922e+03 5.417497186550894315e-07 5.414471031096868433e-07
3.463811422963799941e+03 5.371013377021906222e-07 5.367966476973837213e-07
3.469211426435700105e+03 5.337032468406081927e-07 5.333973367084564741e-07
3.472520601184100087e+03 5.316531338594677703e-07 5.313477469497303778e-07
3.479567992963799952e+03 5.273028054641262251e-07 5.269985014688749384e-07
3.484967996435700115e+03 5.239807099621351843e-07 5.236776397891196635e-07
3.488613211184100237e+03 5.217580817128842186e-07 5.214570224178410972e-07
3.495361897963800402e+03 5.176476192715113010e-07 5.173502369304621120e-07
3.500761901435700111e+03 5.143786779450105678e-07 5.140847375247008982e-07
3.504743161184100245e+03 5.120179908646725832e-07 5.117277165610473771e-07
3.511193147963800584e+03 5.082094327266159643e-07 5.079250488495985628e-07
3.516593151435700292e+03 5.050365988712547234e-07 5.047577104126947073e-07
3.520910447544699764e+03 5.025199641708450146e-07 5.022464936995667590e-07
3.527061729324399948e+03 4.989334422361016199e-07 4.986676377340161029e-07
3.532461731435700585e+03 4.958059351869977849e-07 4.955473479589634527e-07
3.537115068801999769e+03 4.931548801951817086e-07 4.929032435164816066e-07
3.542967650581699672e+03 4.898346489184544068e-07 4.895917027149282183e-07
3.548367651435700282e+03 4.867869254849789272e-07 4.865524481791399629e-07
3.553357031184099924e+03 4.839864977532257224e-07 4.837604116061382534e-07
3.558910907963799673e+03 4.808874210463603650e-07 4.806706282627228102e-07
3.564310911435700291e+03 4.779132316753758345e-07 4.777057813031241894e-07
3.569636333802000536e+03 4.750143995042029123e-07 4.748164829022171533e-07
3.574891505581699676e+03 4.721662029312962207e-07 4.719776513424738145e-07
3.580291506435699830e+03 4.692726896259368930e-07 4.690938713217261820e-07
3.585952966184100205e+03 4.662687942293870819e-07 4.661002756792239311e-07
3.590909437963800428e+03 4.636376305037433780e-07 4.634780974155322325e-07
3.596309441435699682e+03 4.607974805203135601e-07 4.606476871914021419e-07
3.602306946184100070e+03 4.576719914741890194e-07 4.575329758479970165e-07
3.606964712963800139e+03 4.552532209305188283e-07 4.551225509566858098e-07
3.612364716435699847e+03 4.524838597615489613e-07 4.523624952227365316e-07
3.618698261184099920e+03 4.492570004862990428e-07 4.491463216464587386e-07
3.623057322963800289e+03 4.470466215985876433e-07 4.469432808581186404e-07
3.628457326435699997e+03 4.443307880338891616e-07 4.442359862435336294e-07
3.635126911184100209e+03 4.409915510618945453e-07 4.409070267204748499e-07
3.639187272963800297e+03 4.389687504281542284e-07 4.388904752034585419e-07
3.644587276435700005e+03 4.363395221536683084e-07 4.362686643036285942e-07
3.651592901184099446e+03 4.329523328818220309e-07 4.328907647658811285e-07
3.655354557963799380e+03 4.311339047688140044e-07 4.310773255126583835e-07
3.660754561435699998e+03 4.285386048772236528e-07 4.284881131554671053e-07
3.668096226184100487e+03 4.250250394885157091e-07 4.249825409359139542e-07
3.671559182963799685e+03 4.233757893139926727e-07 4.233370685567038112e-07
3.676959186435699849e+03 4.208523026877753469e-07 4.208181803273977104e-07
3.684636888802000158e+03 4.172751189090015738e-07 4.172473232760506690e-07
3.687801145581699984e+03 4.158035705708857382e-07 4.157783938400774588e-07
3.693201146435700139e+03 4.133323587551059305e-07 4.133101875499933983e-07
3.701182111435699426e+03 4.096883745940642173e-07 4.096705480281239995e-07
3.709480451435700616e+03 4.059382083398430173e-07 4.059233852745293818e-07
3.717480081435700413e+03 4.023459133571863795e-07 4.023332204578046428e-07
3.720397082963800131e+03 4.010486264559298305e-07 4.010366381453771417e-07
3.726147241184100494e+03 3.985877709188371295e-07 3.985758190115374228e-07
3.733815391435700349e+03 3.953085819384771933e-07 3.952967032646048380e-07
3.736751059324400103e+03 3.940513113524197598e-07 3.940392961590791276e-07
3.742818582544699893e+03 3.914339477132837211e-07 3.914203249071755731e-07
3.750188031435699941e+03 3.882625142698174463e-07 3.882469621656807464e-07
3.753142372963799971e+03 3.870132652902612051e-07 3.869967384312389626e-07
3.759527271184100300e+03 3.843914683344388834e-07 3.843718507921134296e-07
3.766598016435749742e+03 3.814920109322611334e-07 3.814689914644715025e-07
3.769571022963849828e+03 3.802760298705389148e-07 3.802513484913493600e-07
3.776273291184099435e+03 3.775443771512004899e-07 3.775152035572392833e-07
3.783045331435750086e+03 3.747877799981058524e-07 3.747540858693568571e-07
3.786037007963850101e+03 3.735812379442225942e-07 3.735453033553465885e-07
3.793056651184100247e+03 3.707735159458018821e-07 3.707317909675173157e-07
3.799529991435700140e+03 3.681882134034796375e-07 3.681411641989564986e-07
3.802540337963799630e+03 3.670025890176857424e-07 3.669528339049461715e-07
3.809877351184099098e+03 3.641397814042136283e-07 3.640830932979557622e-07
3.816051986435700201e+03 3.617345721540243773e-07 3.616720607492328194e-07
3.819081002963799619e+03 3.605694110728497961e-07 3.605038939343472928e-07
3.826735391184099626e+03 3.576421809408872005e-07 3.575689325562730943e-07
3.832611321435750142e+03 3.553979998402448915e-07 3.553188259161773658e-07
3.835659002963850526e+03 3.542597175972683715e-07 3.541773840707301618e-07
3.843630761184099811e+03 3.513126165738268647e-07 3.512219818046805361e-07
3.849207991435700023e+03 3.492573117940938431e-07 3.491608759531095654e-07
3.852274344324399863e+03 3.481288592631890431e-07 3.480292451144558443e-07
3.860441999324450080e+03 3.451266045903367375e-07 3.450185424443645553e-07
3.865842001435750262e+03 3.431445791912663671e-07 3.430309422841417527e-07
3.869048497544700695e+03 3.420108996644526218e-07 3.418940703308439686e-07
3.877113344324400259e+03 3.391668012835312312e-07 3.390419601891763516e-07
3.882513346435700441e+03 3.372659566589772829e-07 3.371357893475526376e-07
3.886037216184100089e+03 3.360315332235412867e-07 3.358981420963765405e-07
3.893822027963799883e+03 3.333194437821037035e-07 3.331789459931755196e-07
3.899222031435700501e+03 3.314495673389866463e-07 3.313042234480574284e-07
3.903063276184099777e+03 3.301412598964542273e-07 3.299928302867496645e-07
3.910568052963800255e+03 3.275829776668571530e-07 3.274285315135916308e-07
3.915968056435700419e+03 3.257463092454605329e-07 3.255876764317616837e-07
3.920126671184100815e+03 3.243546239430699173e-07 3.241932148196653181e-07
3.927351412963799703e+03 3.219497380830510480e-07 3.217835095927197590e-07
3.932751416435700321e+03 3.201564248397505561e-07 3.199867904208321181e-07
3.937227401184099563e+03 3.186686090792267146e-07 3.184966329380977886e-07
3.944172112963799918e+03 3.163660740709956208e-07 3.161904614684750294e-07
3.949572116435700082e+03 3.145937396516973267e-07 3.144155870291508095e-07
3.954365471184099988e+03 3.130553335239706471e-07 3.128755003299223122e-07
3.961030147963799664e+03 3.109182901423848339e-07 3.107361105507622224e-07
3.966430151435699827e+03 3.091916217879573045e-07 3.090078917874282562e-07
3.971540881184100272e+03 3.075691585219745348e-07 3.073845381959147908e-07
3.977925522963800177e+03 3.055546119117890699e-07 3.053688612158217037e-07
3.983325526435700340e+03 3.038722814504673644e-07 3.036860013736262734e-07
3.988753626184100540e+03 3.022002749040639742e-07 3.020140530601018852e-07
3.994858232963800219e+03 3.003168967115203763e-07 3.001307178628155882e-07
4.000258236435699928e+03 2.986599488936984529e-07 2.984742515599882652e-07
4.006003708801999892e+03 2.969206786956927357e-07 2.967360055150263226e-07
4.011828285581700129e+03 2.951710771257158405e-07 2.949874143868519239e-07
4.017228286435699374e+03 2.935654124374180124e-07 2.933832125148704085e-07
4.023291128802000003e+03 2.917725008787795710e-07 2.915924566105118556e-07
4.028835670581750037e+03 2.901315246766857152e-07 2.899534218034060861e-07
4.034235671435750191e+03 2.885479673609571184e-07 2.883722695743988291e-07
4.040615887544699945e+03 2.866952349007004940e-07 2.865227936184573686e-07
4.045880399324399605e+03 2.851738624196567948e-07 2.850040762370101815e-07
4.051280401435699787e+03 2.836229377830358041e-07 2.834563883646253418e-07
4.057977986184100246e+03 2.817053607566885745e-07 2.815431642268145200e-07
4.062962462963800135e+03 2.802834961498283180e-07 2.801245062747183381e-07
4.068362466435699389e+03 2.787817686414053430e-07 2.786267307082037152e-07
4.075377422544700039e+03 2.768542064556582554e-07 2.767045552023567954e-07
4.080081864324399703e+03 2.755620538760538278e-07 2.754159857732015929e-07
4.085481866435699885e+03 2.740775711403936528e-07 2.739360386294238875e-07
4.092814193801999409e+03 2.720673171428431949e-07 2.719321125334026521e-07
4.097238600581700666e+03 2.708608686312588249e-07 2.707294547668177833e-07
4.102638601435700366e+03 2.694193050189702623e-07 2.692928204416340950e-07
4.110288303801999064e+03 2.673889252747576148e-07 2.672695028517451806e-07
4.114432680581749082e+03 2.662899109895442574e-07 2.661742897852414185e-07
4.119832681435750601e+03 2.648368425676730774e-07 2.647264265162074158e-07
4.127799751184099478e+03 2.626927569375938687e-07 2.625900591147045927e-07
4.131664092963800613e+03 2.616551081770080922e-07 2.615561342780817365e-07
4.137064096435700776e+03 2.602746118488478590e-07 2.601808827772924508e-07
4.145348541184100213e+03 2.581726841585473990e-07 2.580869857093299262e-07
4.148932847963849781e+03 2.572675326515631748e-07 2.571852934252262234e-07
4.154332851435749944e+03 2.559000436469410067e-07 2.558229407799886959e-07
4.162836546435749369e+03 2.537487461063963475e-07 2.536797066096562235e-07
4.166238937963849821e+03 2.528901087313584269e-07 2.528242782465213331e-07
4.171737061184100639e+03 2.515327146592081835e-07 2.514718317728079125e-07
4.180161301435699897e+03 2.494570271224245574e-07 2.494037136410148068e-07
4.183582362963799824e+03 2.486175283498928380e-07 2.485672522018168155e-07
4.189379191184099909e+03 2.471943198000426056e-07 2.471488016018172047e-07
4.197523401435750202e+03 2.451976045796104473e-07 2.451587627929172981e-07
4.200963132963849603e+03 2.443611679670369196e-07 2.443250691285086338e-07
4.207058661184099037e+03 2.429254006218828630e-07 2.428936458582198309e-07
4.214922836435700447e+03 2.410780384011737715e-07 2.410518852595322846e-07
4.218381237963800231e+03 2.402665768912351901e-07 2.402427676406357055e-07
4.224775471184099843e+03 2.387623626825388251e-07 2.387423265784612983e-07
4.232359611435699662e+03 2.369810187212018706e-07 2.369654574230392448e-07
4.235836677963799957e+03 2.361796463794013840e-07 2.361659747062614814e-07
4.242529611184099849e+03 2.346737308356440607e-07 2.346631492677094741e-07
4.249833716435699898e+03 2.330308220175932781e-07 2.330236148089985594e-07
4.253329455581700131e+03 2.322437109845733153e-07 2.322378890174016690e-07
4.260321093801999268e+03 2.306716926165195583e-07 2.306680653929398371e-07
4.267345166435699866e+03 2.290959428315964900e-07 2.290945248915041835e-07
4.270859575581700483e+03 2.283186991366118440e-07 2.283181021057812790e-07
4.278149913801999901e+03 2.267289554983730240e-07 2.267295261414406259e-07
4.284893951435750751e+03 2.252630003027751532e-07 2.252646555900949706e-07
4.288427029324450814e+03 2.245048191367789493e-07 2.245067212371502268e-07
4.296016072544700364e+03 2.228779797178153933e-07 2.228799661194831594e-07
4.302480076435699630e+03 2.214910947190477824e-07 2.214931579027600098e-07
4.306031822963799641e+03 2.207383310333136576e-07 2.207400955536584840e-07
4.313919571184099368e+03 2.190718179170353656e-07 2.190725782318044330e-07
4.320103541435700208e+03 2.177640697951716105e-07 2.177640476580279762e-07
4.323673954324399347e+03 2.170148612023718810e-07 2.170140066037136098e-07
4.331860402544700264e+03 2.153124431989522450e-07 2.153094234751041799e-07
4.337764336435750010e+03 2.140900118193393045e-07 2.140854347622356190e-07
4.341353420581749560e+03 2.133627643645050319e-07 2.133568807638469639e-07
4.349838573802000610e+03 2.116610115926998091e-07 2.116518962259647676e-07
4.355462476435700410e+03 2.105383770673031668e-07 2.105271227357130540e-07
4.359070230581700343e+03 2.098310555609576368e-07 2.098181108419511815e-07
4.367797950581700206e+03 2.081129290002053387e-07 2.080958482797319597e-07
4.373197951435699906e+03 2.070465390971535505e-07 2.070268975411766971e-07
4.376880506184099431e+03 2.063278778805860632e-07 2.063062005660308047e-07
4.385570762963800917e+03 2.046419427945151460e-07 2.046154708015698505e-07
4.390970766435699261e+03 2.036004260425567420e-07 2.035709589438479364e-07
4.394952026184099850e+03 2.028527127577741084e-07 2.028208437467444048e-07
4.403380917963850152e+03 2.012665537726497875e-07 2.012296131264557540e-07
4.408780921435750315e+03 2.002502509745078226e-07 2.002100404859392850e-07
4.413060881184100253e+03 1.994595523132076411e-07 1.994166167607007833e-07
4.421228402963800363e+03 1.979564723454415236e-07 1.979083518726601446e-07
4.426628406435700526e+03 1.969636963295343549e-07 1.969121446457023241e-07
4.431207071184099732e+03 1.961153185574613885e-07 1.960608419078975354e-07
4.439113232963800328e+03 1.946550524740783535e-07 1.945955407064977702e-07
4.444513236435700492e+03 1.936666706338031797e-07 1.936037398674457503e-07
4.449390601184099978e+03 1.927960449227144168e-07 1.927300909601763144e-07
4.457035397963800278e+03 1.914371767340907640e-07 1.913664987529866419e-07
4.462435401435699532e+03 1.904855116294209473e-07 1.904115490476745908e-07
4.467611468801999763e+03 1.895881494258246925e-07 1.895111741247833102e-07
4.474994900581700676e+03 1.883054107104552333e-07 1.882241503307232400e-07
4.480394901435699467e+03 1.873685777337848169e-07 1.872842808734772973e-07
4.485869671184099388e+03 1.864276229167907547e-07 1.863404569020604950e-07
4.492991737963850028e+03 1.852096831008302101e-07 1.851187953296330646e-07
4.498391741435750191e+03 1.842946806130467932e-07 1.842011196402751473e-07
4.504165216184100245e+03 1.833252025208281453e-07 1.832290487953777757e-07
4.511025917963799657e+03 1.821752377346358189e-07 1.820760100075904262e-07
4.516425921435699820e+03 1.812746236809926215e-07 1.811731592876850243e-07
4.522498096184100177e+03 1.802720586195157549e-07 1.801683533759497361e-07
4.529097432963800202e+03 1.791873473795100579e-07 1.790812098193028400e-07
4.534497436435699456e+03 1.783103683019539030e-07 1.782025005188025819e-07
4.540868316184099967e+03 1.772859451313614188e-07 1.771763676182067904e-07
4.547206287963800605e+03 1.762668338622158564e-07 1.761555557474236789e-07
4.552606291435699859e+03 1.754041734196566428e-07 1.752917272973330966e-07
4.559275873802000206e+03 1.743477517442508102e-07 1.742341651724045170e-07
4.565352480581699638e+03 1.733897010155032640e-07 1.732750726236586772e-07
4.570752481435699337e+03 1.725429434157741329e-07 1.724277097489662954e-07
4.577720766184100285e+03 1.714554511388638425e-07 1.713397246777478300e-07
4.583536007963849443e+03 1.705495359038914194e-07 1.704333916716350990e-07
4.588936011435750515e+03 1.697224377302730153e-07 1.696062464864764682e-07
4.596203001184100685e+03 1.686219006532982421e-07 1.685059005265706261e-07
4.601756877963800434e+03 1.677811625141003913e-07 1.676652998710568784e-07
4.607156881435700598e+03 1.669646629777788400e-07 1.668493031409290254e-07
4.614722571184100161e+03 1.658241892659099668e-07 1.657097577042790021e-07
4.620015082963800523e+03 1.650308420062707171e-07 1.649170489594975441e-07
4.625415086435699777e+03 1.642417331562682152e-07 1.641289572400619781e-07
4.633279481184099495e+03 1.631013391353964279e-07 1.629902183610943035e-07
4.638310627963849583e+03 1.623718655670178372e-07 1.622617912392390398e-07
4.643710631435750656e+03 1.615967673928699377e-07 1.614881643426285950e-07
4.651873726184099723e+03 1.604327211003964446e-07 1.603264641011072969e-07
4.656643507963849515e+03 1.597561958679745504e-07 1.596512959438169065e-07
4.662043511435749679e+03 1.589922853955519721e-07 1.588892589953148233e-07
4.670505308801999490e+03 1.577939298464153516e-07 1.576939191721199071e-07
4.675013725581749895e+03 1.571560149555276296e-07 1.570575971932544015e-07
4.680413726435750505e+03 1.564266182995288421e-07 1.563304073384054566e-07
4.689174228801999561e+03 1.552536439821906566e-07 1.551610509552858142e-07
4.693421285581749544e+03 1.546872700285487036e-07 1.545964178232760494e-07
4.698821286435751063e+03 1.539568652047563383e-07 1.538684669760547344e-07
4.707880488802000400e+03 1.527277032815740515e-07 1.526434226387006357e-07
4.717242953801999647e+03 1.514724921032109442e-07 1.513926324565133829e-07
4.726367276435749773e+03 1.502707002076301487e-07 1.501952688686903839e-07
4.730348407963850150e+03 1.497512592808230950e-07 1.496777525450590831e-07
4.736005221184100265e+03 1.490046245259854530e-07 1.489339621778007884e-07
4.744868181435699626e+03 1.478343273556370471e-07 1.477681021240532984e-07
4.748867980581700067e+03 1.473075125265564844e-07 1.472432801986673164e-07
4.754804823802001010e+03 1.465542246881833747e-07 1.464929759689686362e-07
4.763406421435750417e+03 1.454651115738635428e-07 1.454081690219426847e-07
4.767424892963849743e+03 1.449594583004765884e-07 1.449045180291060486e-07
4.773641771184099525e+03 1.441913725246862709e-07 1.441395372660698110e-07
4.781982001435699203e+03 1.431622860321111781e-07 1.431146020364614665e-07
4.786019137963799949e+03 1.426675659717133394e-07 1.426218555903988470e-07
4.792516051184099524e+03 1.418835657320226404e-07 1.418409159622371990e-07
4.800594916435699815e+03 1.409124849469467768e-07 1.408736293899172166e-07
4.804650720581700625e+03 1.404287545209291543e-07 1.403917598485354812e-07
4.811427663802000097e+03 1.396207815719197459e-07 1.395867763663893945e-07
4.819245166435699502e+03 1.386876991483438951e-07 1.386571333865431164e-07
4.823319642963800106e+03 1.382022224653034613e-07 1.381733715060117636e-07
4.830376621184101168e+03 1.373695597742357663e-07 1.373434931883150145e-07
4.837932756435750889e+03 1.364812140053389265e-07 1.364581219349078036e-07
4.842025899324449711e+03 1.360063316237140772e-07 1.359847501417536399e-07
4.849362912544700521e+03 1.351705334100281223e-07 1.351514622082343667e-07
4.856657686435750293e+03 1.343412743681471604e-07 1.343246940807973960e-07
4.860769500581750435e+03 1.338743424038591895e-07 1.338590451706759863e-07
4.868386543801999323e+03 1.330147979553892219e-07 1.330016853720323926e-07
4.875419951435750590e+03 1.322238195261684877e-07 1.322127214107565455e-07
4.879550435581750207e+03 1.317683079288669652e-07 1.317582335302501217e-07
4.887447513801999776e+03 1.309026253585603034e-07 1.308943041364805907e-07
4.894219556435699815e+03 1.301594370402412297e-07 1.301526177107113865e-07
4.898368707963800261e+03 1.297132484588449121e-07 1.297071571461235845e-07
4.906545821184099623e+03 1.288397282637377638e-07 1.288348787846299482e-07
4.913056496435749068e+03 1.281444022349627193e-07 1.281405411568097918e-07
4.917224315581750488e+03 1.276961823226506314e-07 1.276927634685932290e-07
4.925681463801999598e+03 1.267904203377045193e-07 1.267877515400258623e-07
4.931930776435699954e+03 1.261239214284697929e-07 1.261218068966597941e-07
4.936117267963799350e+03 1.256894700950735644e-07 1.256874980094673260e-07
4.944854451184099162e+03 1.247931935343497916e-07 1.247913917472940876e-07
4.950842396435749833e+03 1.241808371142467548e-07 1.241791526604991781e-07
4.955047552963849739e+03 1.237484711166850009e-07 1.237466310129344986e-07
4.964064771184100209e+03 1.228175138574133247e-07 1.228152532314328761e-07
4.969791351435700562e+03 1.222256165029353238e-07 1.222230894851060397e-07
4.974015177963800852e+03 1.218054099353048174e-07 1.218024398152259059e-07
4.983312431184100205e+03 1.208930834764155929e-07 1.208890906622870414e-07
4.988777646435701172e+03 1.203606393279380590e-07 1.203560455876559743e-07
4.993020139324400589e+03 1.199488962452539736e-07 1.199436070915095310e-07
5.002401274324400219e+03 1.190352715036265441e-07 1.190284385801176317e-07
5.007801276435699947e+03 1.185081538958205666e-07 1.185004232796449975e-07
5.012258591184099714e+03 1.180788289537007256e-07 1.180701504418146610e-07
5.021462242963799326e+03 1.171919173358194979e-07 1.171812858355650182e-07
5.026862246435700399e+03 1.166727767467242318e-07 1.166609789126784783e-07
5.031599596184100847e+03 1.162320842123815390e-07 1.162190696927986523e-07
5.040560547963799763e+03 1.154035005986535504e-07 1.153881904965198363e-07
5.045960551435699927e+03 1.149049593989658381e-07 1.148882456437519401e-07
5.050977936184099235e+03 1.144324715393860841e-07 1.144143347006870170e-07
5.059696192963800058e+03 1.136131053868125475e-07 1.135925030140487037e-07
5.065096196435699312e+03 1.131094717104203618e-07 1.130873191992903928e-07
5.070393616184100210e+03 1.126285725251751625e-07 1.126048032971777458e-07
5.078869177963800212e+03 1.118583530732023126e-07 1.118320059235984094e-07
5.084269181435699466e+03 1.113680821180515920e-07 1.113400748452827590e-07
5.089846631184100261e+03 1.108672491708256469e-07 1.108374699414177582e-07
5.098079497963850372e+03 1.101299889399554298e-07 1.100976023417356111e-07
5.103479501435749626e+03 1.096481210269226965e-07 1.096140264520608682e-07
5.109336983801999850e+03 1.091290734178127630e-07 1.090931379177393304e-07
5.117327155581750048e+03 1.084245943326850703e-07 1.083861563091989337e-07
5.122727156435749748e+03 1.079549791521952699e-07 1.079148591384501973e-07
5.128864676184099153e+03 1.074330310681428873e-07 1.073910254430781403e-07
5.136612152963800327e+03 1.067745280652153000e-07 1.067301500540895834e-07
5.142012156435700490e+03 1.063177315166702089e-07 1.062717399655740632e-07
5.148429708802000278e+03 1.057794262095194300e-07 1.057315998126599644e-07
5.155934485581699846e+03 1.051491301238618851e-07 1.050991644458286380e-07
5.161334486435699546e+03 1.046968692845015478e-07 1.046454271471939400e-07
5.168032071184099550e+03 1.041397444262233553e-07 1.040865801304736425e-07
5.175294157963799989e+03 1.035390883440654580e-07 1.034840621038320667e-07
5.180694161435699243e+03 1.030922499067707772e-07 1.030359180642188921e-07
5.187671781184100837e+03 1.025125556373128834e-07 1.024546533261659696e-07
5.194691167963800581e+03 1.019307136980269404e-07 1.018712356413450564e-07
5.200091171435699835e+03 1.014904790216799751e-07 1.014299105096750174e-07
5.207348826184099380e+03 1.009107565418975579e-07 1.008488743383385607e-07
5.214125512963850269e+03 1.003705443589123769e-07 1.003074382021227607e-07
5.219525516435750433e+03 9.994704046694869787e-08 9.988309110574996674e-08
5.227063206184100636e+03 9.936173748185140655e-08 9.929674955988296315e-08
5.233597197963849794e+03 9.885336587206623082e-08 9.878747815863633716e-08
5.238997201435749957e+03 9.842718811471187762e-08 9.836072199987354114e-08
5.246814926184099932e+03 9.780837747255100164e-08 9.774122137381385993e-08
5.253106222963799155e+03 9.731327387560428535e-08 9.724556247905787525e-08
5.258506226435699318e+03 9.690033913666086449e-08 9.683231865793700275e-08
5.266603982544700557e+03 9.629024746399670092e-08 9.622188613641442754e-08
5.272652584324400777e+03 9.583533097315092881e-08 9.576671297945000564e-08
5.278052586435700505e+03 9.543208658197893231e-08 9.536343128197747337e-08
5.286430376184100169e+03 9.480971004873296213e-08 9.474111148574886449e-08
5.292236282963850499e+03 9.437979883738242018e-08 9.431123652637917441e-08
5.297636286435749753e+03 9.398218414408285189e-08 9.391384409809258901e-08
5.306294111184100075e+03 9.334535615440063389e-08 9.327746117197741396e-08
5.311857317963799687e+03 9.293540657835145777e-08 9.286779389533403330e-08
5.317257321435699851e+03 9.253137229730428564e-08 9.246421479064122128e-08
5.326195181184099965e+03 9.186392977631112423e-08 9.179758781909335031e-08
5.331515692963799665e+03 9.146830929326043995e-08 9.140244788968036168e-08
5.336915696435699829e+03 9.107767515188546377e-08 9.101250610725703302e-08
5.346133588801999394e+03 9.041485187422292468e-08 9.035091420014144985e-08
5.351211405581700092e+03 9.005050846795972872e-08 8.998724437056416466e-08
5.356611406435700701e+03 8.967081547082903413e-08 8.960842489638876987e-08
5.366109331184099574e+03 8.900545328914266137e-08 8.894461708287963979e-08
5.370944457963849345e+03 8.866776977779084213e-08 8.860771901035620350e-08
5.376344461435749508e+03 8.829643972977899988e-08 8.823740889165233570e-08
5.386098971435750173e+03 8.762630947596240041e-08 8.756912299724295176e-08
5.396114846435750223e+03 8.694949155862160453e-08 8.689429756599987183e-08
5.405888026435750362e+03 8.630124935231406646e-08 8.624808013509638649e-08
5.410522570581750188e+03 8.599533996038103904e-08 8.594313044625012237e-08
5.416207383801999640e+03 8.561420238339622180e-08 8.556327497511356478e-08
5.425714421435699478e+03 8.497570108242666209e-08 8.492690829080132703e-08
5.430367634324399660e+03 8.466429957680535850e-08 8.461654959042778452e-08
5.436313812544700340e+03 8.428030493107332149e-08 8.423392150878234684e-08
5.445578156435699384e+03 8.368422213742260691e-08 8.363995836408856896e-08
5.450250037963800423e+03 8.338507657981369260e-08 8.334187890764720755e-08
5.456457581184100491e+03 8.299061148999827338e-08 8.294884855253237806e-08
5.465479226435700184e+03 8.241907506256872153e-08 8.237938857199251230e-08
5.470169775581699469e+03 8.212235543837179347e-08 8.208374119749091560e-08
5.476638683802000742e+03 8.171249051911057529e-08 8.167534596551999483e-08
5.485417631435750991e+03 8.115609181794669757e-08 8.112093419104541034e-08
5.490126852963850070e+03 8.085750846665433680e-08 8.082340211966416697e-08
5.496857131184100581e+03 8.043009277204362732e-08 8.039745298500090337e-08
5.505393381435750598e+03 7.988906176993850100e-08 7.985827531970730964e-08
5.510121267963850187e+03 7.959331206019484335e-08 7.956352744469612390e-08
5.517112911184100085e+03 7.916748975682633105e-08 7.913912634649174292e-08
5.525406466435750190e+03 7.866453605880442291e-08 7.863785276640953059e-08
5.530153020581749843e+03 7.838233639361034217e-08 7.835658076833376939e-08
5.537406023801999254e+03 7.795945954456942053e-08 7.793504852549074845e-08
5.545456886435748856e+03 7.748968738780670660e-08 7.746676431339702125e-08
5.550222112963850122e+03 7.721156846538926752e-08 7.718947976191739334e-08
5.557736481184099830e+03 7.677205459637493890e-08 7.675119490486611935e-08
5.565544646435750110e+03 7.631583199358231521e-08 7.629624593841945014e-08
5.570328540581749621e+03 7.603671816878771671e-08 7.601785515910880254e-08
5.578104273802000534e+03 7.558409912391569125e-08 7.556631882513982425e-08
5.585669741435700416e+03 7.514484627355296905e-08 7.512811654405707728e-08
5.590472305581700311e+03 7.487262222103824056e-08 7.485649434135792799e-08
5.598509403801999724e+03 7.442805793717294094e-08 7.441284859359972051e-08
5.605832176435699694e+03 7.402427921399380284e-08 7.400990506289321391e-08
5.610653410581699973e+03 7.375917530878296756e-08 7.374526803259279118e-08
5.618951873801999682e+03 7.330389759878767046e-08 7.329069846617759968e-08
5.626031951435749761e+03 7.291585323529811493e-08 7.290325727673967326e-08
5.630871852963849960e+03 7.265163443134277033e-08 7.263936638407442119e-08
5.639431681184099943e+03 7.218610529521623996e-08 7.217433639142113416e-08
5.646269066435749664e+03 7.181543123810673181e-08 7.180406063082681293e-08
5.651127637963850248e+03 7.155592286099775836e-08 7.154475800673168056e-08
5.659948831184100527e+03 7.108713970038722615e-08 7.107628701878691563e-08
5.666543516435700440e+03 7.073688582587774333e-08 7.072626620732811512e-08
5.671420752963800624e+03 7.048753677893609074e-08 7.047697950569645022e-08
5.680503311184100312e+03 7.002662005601878233e-08 7.001611112042437023e-08
5.686855301435699403e+03 6.970329458122805927e-08 6.969282016596607030e-08
5.691751207963799970e+03 6.945460652996614386e-08 6.944406529452518166e-08
5.701095131184099955e+03 6.898568000361541160e-08 6.897496566707374274e-08
5.707204426435700043e+03 6.868200394839095135e-08 6.867117660737325637e-08
5.712119002963800085e+03 6.843311055339169470e-08 6.842209064033138902e-08
5.721724291184099457e+03 6.794462546643419725e-08 6.793408598854724005e-08
5.727590891435749654e+03 6.764612677730629635e-08 6.763630515544243628e-08
5.732524135581749761e+03 6.740264767393758367e-08 6.739333217627009740e-08
5.742390783801999532e+03 6.691934555433127520e-08 6.691071412420407161e-08
5.748014686435750264e+03 6.664483222655099053e-08 6.663644618665831313e-08
5.752966602963850164e+03 6.640974477022318718e-08 6.640149276500669832e-08
5.763075822963799510e+03 6.593023597309913808e-08 6.592272109952505559e-08
5.773446407963800084e+03 6.544483222992851043e-08 6.543841729757921531e-08
5.783574297963800745e+03 6.497891736235553891e-08 6.497351866389993268e-08
5.788974301435699999e+03 6.473102551898478662e-08 6.472617958912204989e-08
5.794225046184099483e+03 6.448986494503589019e-08 6.448549451551964722e-08
5.804110112963800020e+03 6.403760596097366591e-08 6.403330070659825095e-08
5.809510116435699274e+03 6.379142801839714141e-08 6.378669136261578886e-08
5.815022226184099054e+03 6.354022854804072455e-08 6.353501164974538791e-08
5.824683267963800063e+03 6.310234924158234655e-08 6.309518222040302394e-08
5.830083271435699316e+03 6.286053553828107705e-08 6.285160724762583676e-08
5.835856743801999983e+03 6.261118552253392374e-08 6.260035802629106196e-08
5.845293755581699770e+03 6.220255952842581169e-08 6.218964468204659463e-08
5.850693756435700379e+03 6.196815493204426307e-08 6.195470541198778926e-08
5.856728596184099843e+03 6.170895888004558659e-08 6.169490794154887153e-08
5.865941582963851033e+03 6.131578287410326785e-08 6.130032054608221629e-08
5.871341586435750287e+03 6.108618919820768750e-08 6.106955012777985578e-08
5.877637791184100024e+03 6.081513903884436873e-08 6.079714178646563832e-08
5.886626747963799971e+03 6.042470290196379264e-08 6.040709133799454018e-08
5.892026751435700135e+03 6.018924517629327090e-08 6.017367274884035642e-08
5.898584321184101100e+03 5.991007758141676885e-08 5.989700567866151334e-08
5.907349252963800609e+03 5.954063805902205714e-08 5.952931645054354601e-08
5.912749256435699863e+03 5.931687612779779781e-08 5.930529127828975399e-08
5.919568188801999895e+03 5.903642642878953514e-08 5.902454561497181842e-08
5.928109090581700002e+03 5.868515868840916975e-08 5.867234807647748908e-08
5.933509091435699702e+03 5.846478711474734427e-08 5.845088993203808294e-08
5.940589391184100350e+03 5.818067676454771346e-08 5.816542205161140549e-08
5.948906272963850824e+03 5.784928848427958305e-08 5.783179496844381614e-08
5.954306276435750078e+03 5.763750227825131886e-08 5.761791593075622110e-08
5.961647937544700653e+03 5.735357290910730795e-08 5.733121248218278990e-08
5.969740789324449906e+03 5.704258097804863702e-08 5.701649496700191391e-08
5.975140791435749634e+03 5.683866979807867210e-08 5.680936492028194074e-08
5.982743817544700505e+03 5.655503129073064473e-08 5.652128018087953518e-08
5.990612639324400334e+03 5.625978230519366584e-08 5.622287237585990407e-08
5.996012641435700061e+03 5.605533459928174134e-08 5.601818079973968673e-08
6.003877036184100689e+03 5.575927299061463759e-08 5.572183206459028595e-08
6.011521832963850102e+03 5.547168247750163534e-08 5.543396261664257938e-08
6.016921836435750265e+03 5.526713766926179015e-08 5.522928383531201500e-08
6.025047596184100257e+03 5.495737454764603571e-08 5.491939836454333143e-08
6.032468367963800119e+03 5.467605995545392715e-08 5.463797162576658361e-08
6.037868371435699373e+03 5.447268132130380519e-08 5.443457054042905575e-08
6.046255491184099810e+03 5.415693170528930341e-08 5.411884894299256300e-08
6.053452232963850292e+03 5.388627035823988314e-08 5.384821056231822176e-08
6.058852236435750456e+03 5.368992927189367198e-08 5.365195770285746335e-08
6.067500723801999811e+03 5.338189981223407966e-08 5.334413283182935450e-08
6.074473440581749855e+03 5.313400770462443792e-08 5.309640380370783457e-08
6.079873441435750465e+03 5.294275160037836555e-08 5.290534288448397905e-08
6.088783293802000117e+03 5.262790349657341474e-08 5.259086768470746541e-08
6.095531985581699701e+03 5.239014696274500794e-08 5.235339153501564364e-08
6.100102252963799401e+03 5.222839417710686282e-08 5.219188699534046726e-08
6.104004181184099252e+03 5.208948228214900959e-08 5.205321125338988043e-08
6.109404184656000325e+03 5.189580252415259048e-08 5.185985459163922147e-08
6.114616873801999645e+03 5.170895397683153981e-08 5.167331711534204544e-08
6.116571265581699663e+03 5.163929047486197953e-08 5.160376933994276272e-08
6.121971266435699363e+03 5.145633336722371407e-08 5.142119506362440367e-08
6.129385217544700026e+03 5.120931523479432020e-08 5.117472792296042708e-08
6.135742449324400695e+03 5.099871675199864419e-08 5.096459870204464775e-08
6.141142451435701332e+03 5.081756627304252585e-08 5.078388599705944907e-08
6.150712336184100423e+03 5.049029864216083006e-08 5.045747597914161446e-08
6.158807577963850235e+03 5.021345997503874184e-08 5.018136009673613237e-08
6.164207581435749489e+03 5.002765015282362058e-08 4.999608013129611432e-08
6.174690176435699868e+03 4.966804634375095075e-08 4.963751407095211331e-08
6.187487677963799797e+03 4.924519289594351838e-08 4.921598219728271142e-08
6.197988947963799546e+03 4.891047715852450149e-08 4.888239486332436911e-08
6.203388951435699710e+03 4.873732527036722176e-08 4.870983356596491649e-08
6.213908891435749865e+03 4.839175085942759413e-08 4.836543999806244318e-08
6.233247843215499415e+03 4.776617252512812848e-08 4.774205686129702470e-08
6.245326689324449944e+03 4.738267898168521052e-08 4.735995215844794170e-08
6.252266932544699557e+03 4.717135874341201965e-08 4.714943216750981097e-08
6.261283966435750699e+03 4.689737641090949373e-08 4.687647852406716172e-08
6.275476943215450774e+03 4.644848280367301457e-08 4.642915523067470415e-08
6.296647498215450469e+03 4.578894804712353046e-08 4.577189570150752940e-08
6.315004565581749375e+03 4.523219199674598989e-08 4.521700561562577493e-08
6.325617850581700623e+03 4.490862504528130096e-08 4.489446841272140448e-08
6.331017851435700322e+03 4.474837273568856469e-08 4.473471350856537208e-08
6.341649801435750305e+03 4.444413189041779237e-08 4.443138259904883046e-08
6.360383198215449738e+03 4.389823106951699777e-08 4.388693615636726562e-08
6.375604083215399442e+03 4.346194007462964743e-08 4.345169863603177982e-08
6.386216773215400281e+03 4.316362142049272834e-08 4.315400205105336685e-08
6.400985123215449676e+03 4.274209486758802486e-08 4.273321061525628813e-08
6.421043070581750726e+03 4.218979431669239379e-08 4.218164454296746774e-08
6.433644260581750132e+03 4.184741107979414928e-08 4.183963258791571987e-08
6.439044261435748922e+03 4.169990115037937838e-08 4.169218338023468067e-08
6.457241766435749923e+03 4.120711863978455628e-08 4.119953726400116401e-08
6.497587638215449260e+03 4.013090335458718497e-08 4.012276697264850859e-08
6.557264007963800395e+03 3.860792486953173014e-08 3.859696730381896976e-08
6.595214052963850008e+03 3.766943532059635336e-08 3.765603142463088753e-08
6.600614056435750172e+03 3.753758426935162807e-08 3.752381257756771100e-08
6.655418091435700262e+03 3.627018541722063252e-08 3.625196163151715659e-08
6.764309337963799408e+03 3.386874106651452998e-08 3.384432489535681802e-08
6.824643681184099478e+03 3.260420300715342536e-08 3.257783888653052067e-08
6.848852386435749395e+03 3.211293118491183090e-08 3.208591763433369349e-08
6.981952333215449471e+03 2.970309766548633998e-08 2.968472615790904310e-08
7.122792737963800391e+03 2.727449331386832155e-08 2.726560255269021863e-08
7.154741901184099333e+03 2.679524045957224400e-08 2.678666153866591903e-08
7.293241856435699447e+03 2.483204119691512603e-08 2.482311280258433679e-08
7.526190897963799216e+03 2.178744008056248461e-08 2.177808605855721652e-08
7.631439991184100109e+03 2.056441631055007667e-08 2.055499549561443197e-08
7.769939941435701257e+03 1.905232696637935235e-08 1.904341738518030285e-08
8.108742132963799122e+03 1.598666678348608931e-08 1.597834269099695390e-08
8.319844381184098893e+03 1.433129067240203482e-08 1.432305911530544125e-08
8.458344331435700951e+03 1.334989824107058223e-08 1.334165772569203431e-08
8.950010097963800945e+03 1.067576914459846012e-08 1.066843643095691525e-08
9.313975921184099207e+03 8.919016271385958703e-09 8.912606523509565319e-09
9.452475871435701265e+03 8.327285049784406716e-09 8.321125048499644773e-09
1.016489341558170054e+04 6.311086164373137869e-09 6.306050251075709335e-09
1.074961101380199943e+04 4.850447558046354720e-09 4.846298532137743625e-09
1.088811096643570090e+04 4.554955710093205753e-09 4.550945695159521614e-09
1.191931834796380099e+04 3.285594318185855435e-09 3.282454856516650738e-09
1.282282579618409909e+04 2.294625325833315940e-09 2.292223380495967499e-09
1.296132576643570064e+04 2.169996014562749313e-09 2.167657686029898866e-09
1.445290064796380102e+04 1.488327148459975908e-09 1.486541691347211071e-09
1.581677559618410123e+04 9.243734226407690579e-10 9.230797830524480756e-10
1.595527556643574826e+04 8.788482013093077594e-10 8.775821436043119295e-10
1.811167171558174960e+04 5.793520864621938852e-10 5.784194495369451044e-10
2.014036791380199793e+04 3.229852878335471253e-10 3.223596038779023155e-10
2.027886786643575033e+04 3.095578993719462317e-10 3.089425159711774084e-10
2.339533894796384993e+04 1.971584370064295877e-10 1.967167393620581997e-10
2.638411009618410026e+04 9.750249691825781768e-11 9.722461668058675026e-11
2.652261001643574855e+04 9.407113668273087753e-11 9.379669930292464526e-11
3.102553464796385379e+04 5.863445945284083169e-11 5.844133119598239672e-11
3.540075939618410484e+04 2.646070450239956160e-11 2.634559407273272556e-11
3.553925936643575551e+04 2.573626514820701875e-11 2.562220621463115933e-11
4.204437524796384969e+04 1.609433872351535856e-11 1.601531652240628802e-11
4.842179119618410186e+04 7.141460083566705090e-12 7.096470963381821085e-12
4.856029116643570160e+04 6.992985849803175948e-12 6.948296501171128398e-12
5.795679109796379635e+04 4.248498396692491469e-12 4.217900452706319170e-12
6.722559109618410002e+04 1.645610079200762359e-12 1.628817558809396904e-12
6.736409106643569248e+04 1.623070932913855831e-12 1.606358156535673145e-12
8.093606709796383802e+04 1.146031882356065273e-12 1.134671663744490204e-12
9.438034319618415611e+04 6.905539033206496742e-13 6.844702102741526266e-13
9.451884316643574857e+04 6.881294524859360355e-13 6.820663192467120989e-13
1.141206650655817502e+05 7.178973950816937500e-13 7.138045043884071346e-13
1.335947870138020371e+05 7.498548763985104526e-13 7.477126179966410655e-13
1.337332869164358126e+05 7.470194811410636708e-13 7.448823673107262389e-13
1.620428689155817265e+05 3.952215023543375383e-13 3.937916190067516384e-13
1.902247510138019570e+05 4.614177310026510676e-14 4.541419966555680279e-14
1.903632509164357616e+05 4.613464398382315586e-14 4.540829708971190290e-14
2.312477944155817386e+05 5.585621674594506805e-14 5.536914597586272823e-14
2.720046380138020613e+05 6.558214156062782843e-14 6.533317791873305776e-14
2.721431379164357204e+05 6.547508019397789709e-14 6.522640612579513658e-14
3.311873066479638801e+05 3.372090866256167527e-14 3.355440885381867949e-14
3.901037757461841102e+05 2.073841519026553051e-15 1.989238856470615567e-15
3.902422759164356976e+05 2.073231871534635436e-15 1.988695824741701808e-15
4.755109381479638978e+05 2.887428035922785054e-15 2.830218265297137065e-15
5.606519007461841684e+05 2.062789299314034824e-15 2.047255624904627564e-15
5.607904009164357558e+05 2.823825064850457981e-16 2.810639737006403815e-16
