1.500001740000000139e-01 7.692168070326100837e-01 5.921070118574228713e-01
2.999992800999999876e-01 7.677244178316003920e-01 5.877978671510096786e-01
4.499982122000000251e-01 7.629671537032027828e-01 5.758643787571300354e-01
5.499982122000000029e-01 7.514943916200630403e-01 5.573063214357618644e-01
6.499988728000000160e-01 7.409748152317057190e-01 5.406609317804107473e-01
7.499996907000000546e-01 7.311629638801849795e-01 5.254603853795088986e-01
8.499999240000000178e-01 7.219515123537338930e-01 5.114833126625453197e-01
9.500001739999999195e-01 7.132661709511268766e-01 4.985755497206334486e-01
1.050000347999999972e+00 7.050431256607884167e-01 4.866071379038797162e-01
1.150000348000000061e+00 6.972157714749379620e-01 4.754685934675643710e-01
1.299999280100000210e+00 6.867657182621444978e-01 4.606926945402203266e-01
1.449998872800000171e+00 6.761242334817531008e-01 4.463379164210973249e-01
1.549999690699999988e+00 6.696188984590732973e-01 4.377902358563517948e-01
1.649999848000000213e+00 6.634047640536470114e-01 4.297567637767280568e-01
1.749999924000000151e+00 6.574494363495748672e-01 4.221921779908399119e-01
1.850000000000000311e+00 6.517327416413729591e-01 4.150576984909435385e-01
1.950000174000000142e+00 6.462396154407492599e-01 4.083184372784644522e-01
2.050000347999999750e+00 6.409567246590456291e-01 4.019439394719997449e-01
2.150000348000000283e+00 6.358701531637024340e-01 3.959069698546510141e-01
2.250000347999999928e+00 6.309599849364631030e-01 3.901798816808079162e-01
2.399999280099999854e+00 6.241882522796007304e-01 3.823256973639984624e-01
2.549998212200000225e+00 6.174367635255509912e-01 3.747062795779722011e-01
2.649998212200000314e+00 6.131923955421392236e-01 3.700230270814565681e-01
2.749998872799999994e+00 6.091068878020435839e-01 3.655600640843149618e-01
2.849999533400000118e+00 6.051635334620037998e-01 3.612998898882139320e-01
2.949999533400000207e+00 6.013534174101655694e-01 3.572294586384899273e-01
3.049999533399999851e+00 5.976676040381986299e-01 3.533366290218500905e-01
3.149999533400000384e+00 5.941004668053412319e-01 3.496097109446844597e-01
3.249999690700000610e+00 5.906452603368509413e-01 3.460376691834488039e-01
3.349999847999999947e+00 5.872968878720754571e-01 3.426119034302689270e-01
3.449999924000000551e+00 5.840506511639100840e-01 3.393252308772115589e-01
3.549999999999999822e+00 5.809018710030929844e-01 3.361706685781106763e-01
3.650000000000000355e+00 5.778470908752205704e-01 3.331412475454484934e-01
3.750000000000000444e+00 5.748830872586317975e-01 3.302308169001634264e-01
3.850000000000000089e+00 5.720065032944815497e-01 3.274342390768351096e-01
3.950000174000000364e+00 5.692105129548711284e-01 3.247468051528183408e-01
4.099999280100000476e+00 5.652859964748548904e-01 3.209846175106653154e-01
4.249998212200000403e+00 5.614322872766140948e-01 3.173400348937539528e-01
4.349998872799999639e+00 5.589848883815100589e-01 3.150628026419949879e-01
4.449999690699999455e+00 5.566330960192548138e-01 3.128834098393394325e-01
4.549999847999999680e+00 5.543737945581307391e-01 3.107994923685877819e-01
4.649999924000000284e+00 5.522069597517630379e-01 3.088079462747145287e-01
4.750000000000000000e+00 5.501331493687502405e-01 3.069058786565679320e-01
4.850000174000000719e+00 5.481517865853290372e-01 3.050897829366699954e-01
4.950000347999999661e+00 5.462550258596137187e-01 3.033523829939610561e-01
5.056825680100001108e+00 5.443631489723544936e-01 3.016782137449898205e-01
5.206824612200000146e+00 5.421841699310980811e-01 2.995210511396154129e-01
5.349998872799999639e+00 5.399470009926170544e-01 2.973401216824153037e-01
5.449999690700000343e+00 5.385738318790723733e-01 2.960011377089720730e-01
5.549999848000000569e+00 5.373187335597492398e-01 2.947372644792048968e-01
5.649999924000000284e+00 5.361741198657055119e-01 2.935419621964869830e-01
5.750000000000000000e+00 5.351317827974481078e-01 2.924085669649958974e-01
5.850000174000000719e+00 5.341829034232487006e-01 2.913305280884751491e-01
5.950000347999999661e+00 5.333103729892286760e-01 2.902939999796251280e-01
6.064887030100000409e+00 5.324487658979780713e-01 2.893064095922641688e-01
6.214885962200000336e+00 5.320082783637789525e-01 2.881931275292933248e-01
6.349998872800000527e+00 5.311451533624873544e-01 2.868055406010769359e-01
6.449999690699999455e+00 5.306940726445724676e-01 2.859649979185904800e-01
6.549999847999999680e+00 5.303246604445228662e-01 2.851577342074147481e-01
6.649999924000000284e+00 5.300164767774908636e-01 2.843714836444616867e-01
6.750000000000000000e+00 5.297507838656698720e-01 2.835954031711256929e-01
6.850000174000000719e+00 5.295060356866938545e-01 2.828189927987794228e-01
6.950000348000000550e+00 5.292474756598813945e-01 2.820227212009036588e-01
7.076948880099999784e+00 5.289109175606204749e-01 2.811583534655791583e-01
7.214285662200000893e+00 5.292460887733139163e-01 2.806237268015656094e-01
7.337336062200000342e+00 5.297386129476794325e-01 2.798510082056367976e-01
7.449998212200000580e+00 5.291475623114469951e-01 2.785131874547411845e-01
7.549998872800000704e+00 5.288499176297412063e-01 2.776413974588857192e-01
7.649999690699999633e+00 5.285868763918009083e-01 2.767819577641481010e-01
7.749999923999999929e+00 5.283057558096119211e-01 2.759090856494317290e-01
7.850000173999999831e+00 5.279863498572813230e-01 2.750138457915748402e-01
7.950000347999999661e+00 5.276150187779524714e-01 2.740913074120425730e-01
8.050000951999999543e+00 5.271803362377839308e-01 2.731367376674176950e-01
8.150001806000000570e+00 5.266655154750745638e-01 2.721443957576750727e-01
8.297405634100000427e+00 5.257728943187057746e-01 2.706429884423871557e-01
8.447403712199999859e+00 5.248191826214997358e-01 2.690780113600610424e-01
8.549998872799999816e+00 5.238691749440663736e-01 2.678429120212856285e-01
8.649999690700001409e+00 5.228551828819444358e-01 2.666375580486536889e-01
8.749999847999999858e+00 5.217189242688513584e-01 2.653882038550353650e-01
8.849999924000000462e+00 5.204450183398393603e-01 2.640895482686367868e-01
8.950000173999999475e+00 5.190131292550596021e-01 2.627373278863516792e-01
9.050000952000001320e+00 5.174131859557331570e-01 2.613300105011749364e-01
9.150001806000002347e+00 5.156224661858573866e-01 2.598619783909292269e-01
9.256429505999999918e+00 5.134719692018924198e-01 2.582271616923566548e-01
9.385897374099998913e+00 5.104795587900642362e-01 2.562081301228676389e-01
9.529468027200000080e+00 5.072785459833270005e-01 2.540275787523176287e-01
9.649998907799998804e+00 5.036917393144354493e-01 2.517844811237904268e-01
9.749999705699998742e+00 5.004141193833194778e-01 2.499456147944650319e-01
9.849999928999999099e+00 4.968592894532964377e-01 2.480625915458761765e-01
9.950000183999998526e+00 4.929580585975416596e-01 2.461229256107066443e-01
1.005000096200000037e+01 4.887041197864286368e-01 2.441344057274734136e-01
1.015000180600000057e+01 4.840435557982903925e-01 2.420881242400259870e-01
1.027752404410000153e+01 4.774969945665397120e-01 2.395404380686775025e-01
1.042752214719999948e+01 4.700635225839284170e-01 2.368041367650797202e-01
1.054999890779999916e+01 4.628781506176410931e-01 2.342343586231296071e-01
1.064999970569999910e+01 4.569090136274502889e-01 2.323655436133746921e-01
1.074999992899999945e+01 4.509223372053990930e-01 2.306911436542061489e-01
1.085000018400000066e+01 4.457528900749013756e-01 2.294611986256769598e-01
1.095000096200000073e+01 4.424249678876865377e-01 2.288503986448480187e-01
1.105000180600000093e+01 4.411249545559914886e-01 2.287843431052382082e-01
1.115000205599999994e+01 4.415873897679385984e-01 2.291010077596481176e-01
1.130000015909999966e+01 4.438765896482739226e-01 2.297389105257015285e-01
1.144999890779999951e+01 4.471742378091628223e-01 2.305000257697358279e-01
1.154999970569999945e+01 4.496217210730023561e-01 2.309256079021358432e-01
1.164999992899999981e+01 4.519542808759489660e-01 2.312430277060860684e-01
1.175000018399999924e+01 4.539583186393459924e-01 2.314270983746678778e-01
1.185000036799999990e+01 4.557619696005896226e-01 2.315478587684676459e-01
1.195000096200000073e+01 4.574136967959549493e-01 2.316343660622788292e-01
1.205000180599999915e+01 4.590399318818722540e-01 2.317283702152906077e-01
1.215000205599999816e+01 4.607306801241534688e-01 2.318507879671524718e-01
1.230000015909999966e+01 4.635269444929721594e-01 2.320571156407499336e-01
1.244999890779999951e+01 4.664420316074731621e-01 2.322443257189840959e-01
1.254999970569999945e+01 4.683688467435197511e-01 2.322861018246805687e-01
1.264999992900000159e+01 4.701552285034729661e-01 2.322359661282772658e-01
1.275000018399999924e+01 4.717199103924021863e-01 2.320785086870099656e-01
1.285000036799999990e+01 4.730737448642142184e-01 2.318268180404249590e-01
1.295000096199999895e+01 4.741824640908768318e-01 2.314770012587184511e-01
1.305000180599999915e+01 4.750519189442387602e-01 2.310389839435335602e-01
1.315000205599999994e+01 4.756887112337507828e-01 2.305194193316251750e-01
1.330000015909999966e+01 4.762355512432157600e-01 2.296104011755671359e-01
1.344999890779999951e+01 4.763502528389085278e-01 2.285442245856848797e-01
1.354999970570000123e+01 4.761551791037738623e-01 2.277580582045108104e-01
1.364999992899999981e+01 4.757872564085062206e-01 2.269192664939770621e-01
1.375000018399999924e+01 4.752467634148084263e-01 2.260266564735472494e-01
1.385000036800000167e+01 4.745474878500705040e-01 2.250880850136004752e-01
1.395000096200000073e+01 4.736943027762345326e-01 2.241036522703786782e-01
1.405000180600000270e+01 4.726934800202888254e-01 2.230768789985553280e-01
1.415000205600000172e+01 4.715490454289670841e-01 2.220132749220760926e-01
1.430000015910000144e+01 4.696022275926804990e-01 2.203973587339028151e-01
1.444999890780000129e+01 4.674417025340846799e-01 2.187314772531899765e-01
1.454999970569999945e+01 4.658149956479871734e-01 2.176327729799367172e-01
1.464999992900000159e+01 4.641047622243963944e-01 2.165981507325166200e-01
1.475000018400000101e+01 4.623215328501285026e-01 2.156579483892458460e-01
1.485000036799999990e+01 4.604835642959104747e-01 2.148390281576816885e-01
1.495000096200000250e+01 4.586140218283014103e-01 2.141765559227890026e-01
1.505000180599999737e+01 4.567362646096031487e-01 2.136839047685873683e-01
1.515000205599999994e+01 4.548500056884628440e-01 2.133216642695071885e-01
1.530000015910000322e+01 4.520426092996813749e-01 2.129919945373059953e-01
1.544999890780000307e+01 4.493233219426879810e-01 2.128991775077463122e-01
1.554999970570000123e+01 4.475326059900681663e-01 2.129635110578667612e-01
1.564999992900000159e+01 4.457976951852966052e-01 2.130920212053301344e-01
1.575000018400000279e+01 4.441270965465666798e-01 2.132756033997012801e-01
1.585000036799999812e+01 4.425126401610015581e-01 2.134673227234497039e-01
1.595000096200000073e+01 4.409446291783218896e-01 2.136212471661199652e-01
1.605000180600000093e+01 4.394100220710845384e-01 2.137038742505992517e-01
1.616787921909999781e+01 4.376276585124178053e-01 2.136935607224075551e-01
1.631787732219999754e+01 4.354328930017233867e-01 2.134991185353101451e-01
1.644999890779999774e+01 4.334893983831485387e-01 2.131440271286350607e-01
1.654999955339999929e+01 4.320107297303134586e-01 2.127717245868803453e-01
1.664999955340000071e+01 4.305414449128610044e-01 2.123198759586682471e-01
1.674999970570000229e+01 4.290808038831301907e-01 2.117909560572891481e-01
1.684999985800000033e+01 4.276326194331684372e-01 2.111925075267757079e-01
1.694999992900000052e+01 4.262012430990440581e-01 2.105305788908389264e-01
1.705000000000000071e+01 4.247923610405095474e-01 2.098087584143341344e-01
1.715000018400000315e+01 4.234151820784812781e-01 2.090338761478763852e-01
1.725000096200000144e+01 4.220732316785789084e-01 2.082092085209842625e-01
1.735000180600000164e+01 4.207637400371542213e-01 2.073380079423444711e-01
1.750000102800000334e+01 4.188659010132415039e-01 2.059718908923295622e-01
1.765000077799999900e+01 4.170592019196416311e-01 2.045172325720294448e-01
1.775000155600000085e+01 4.158862346092345730e-01 2.035009840796798974e-01
1.785000180600000164e+01 4.147488524030752410e-01 2.024560574407957836e-01
1.798733965599999962e+01 4.132420457575428641e-01 2.009893514419427429e-01
1.813733862799999841e+01 4.117135144054211993e-01 1.993551316527220896e-01
1.825000000000000000e+01 4.105952277042580478e-01 1.980737602612706594e-01
1.835000000000000142e+01 4.096376159719371524e-01 1.969204677059593345e-01
1.845000077799999971e+01 4.087168693239925377e-01 1.957522533740020110e-01
1.855000180600000093e+01 4.078319531099456330e-01 1.945680174061025225e-01
1.870000102800000263e+01 4.065751518146697441e-01 1.927825380148012469e-01
1.885000000000000142e+01 4.054086027589919872e-01 1.909670795012924360e-01
1.895000077800000327e+01 4.046702025853160523e-01 1.897380545139675800e-01
1.905000180600000093e+01 4.039678247191758609e-01 1.885006410453772818e-01
1.920000102799999908e+01 4.029805637923457029e-01 1.866447531904890655e-01
1.935000000000000142e+01 4.020714387076307350e-01 1.847711808773090658e-01
1.945000077800000327e+01 4.014956009472051002e-01 1.835098595535530064e-01
1.955000180600000093e+01 4.009424258274194575e-01 1.822448477672806710e-01
1.970000102799999908e+01 4.001621387880568981e-01 1.803540976209433988e-01
1.985000000000000142e+01 3.994498454680140420e-01 1.784551442845194458e-01
1.995000077800000327e+01 3.990052202920101876e-01 1.771818731315709938e-01
2.005000180600000093e+01 3.985890220182509713e-01 1.759085202778330193e-01
2.017947155600000286e+01 3.980919358502190697e-01 1.742644985616182418e-01
2.032947052800000520e+01 3.975726978025590497e-01 1.723663812260868566e-01
2.045000078300000368e+01 3.971982875344324815e-01 1.708353903515078265e-01
2.055000182100000217e+01 3.969130352716686017e-01 1.695661247678525718e-01
2.065000207599999982e+01 3.966475598560120219e-01 1.682990538151365179e-01
2.075482214410000026e+01 3.963847663248903919e-01 1.669729305170844502e-01
2.088247351720000111e+01 3.960875603515664478e-01 1.653642166383631762e-01
2.102765241110000005e+01 3.958189607039669933e-01 1.635456365100135812e-01
2.115000000000000213e+01 3.956101973010381356e-01 1.620122788106429235e-01
2.125000078300000084e+01 3.954602971671194456e-01 1.607625860333465884e-01
2.135000156599999954e+01 3.953322732705660814e-01 1.595174147916077478e-01
2.145000156600000452e+01 3.952242046807988851e-01 1.582762442147234994e-01
2.155000182099999861e+01 3.951342741082436438e-01 1.570388973231588992e-01
2.165000207599999982e+01 3.950600010053388900e-01 1.558050991871607893e-01
2.176821749409999640e+01 3.949864161874330204e-01 1.543531170077964421e-01
2.191195449219999603e+01 3.949329349699943204e-01 1.525995747667246161e-01
2.204373803610000238e+01 3.949039032067374611e-01 1.510001534754618902e-01
2.215000000000000213e+01 3.948840851271197550e-01 1.497131347705544513e-01
2.225000078300000084e+01 3.948752705814951858e-01 1.485078801780259639e-01
2.235000156599999954e+01 3.948763766529636565e-01 1.473080482780756706e-01
2.245000156600000096e+01 3.948858810152307552e-01 1.461134089639759548e-01
2.255000182100000217e+01 3.949019219298797734e-01 1.449238369696733697e-01
2.265000207599999626e+01 3.949222205691320653e-01 1.437388377715389243e-01
2.280000103800000133e+01 3.949589095063477107e-01 1.419777167681930130e-01
2.295000078300000368e+01 3.950097879474578355e-01 1.402270419795926537e-01
2.305000182099999861e+01 3.950394860257945839e-01 1.390638308688310898e-01
2.315000207599999982e+01 3.950687765889841496e-01 1.379063096326789972e-01
2.329766101600000283e+01 3.951064704777790815e-01 1.362131003802814211e-01
2.344765997800000079e+01 3.951464173593011719e-01 1.345047324748677997e-01
2.355000000000000071e+01 3.951601781446518746e-01 1.333438598170945122e-01
2.365000000000000213e+01 3.951675362460470020e-01 1.322161979797346898e-01
2.375000078300000084e+01 3.951678553968635543e-01 1.310947631255849344e-01
2.385000156599999599e+01 3.951603742974017508e-01 1.299794802123474813e-01
2.395000156600000096e+01 3.951445735697347583e-01 1.288703219533811895e-01
2.405000182099999861e+01 3.951200259303293549e-01 1.277671436727904897e-01
2.415000207599999982e+01 3.950856769025610782e-01 1.266694411824075273e-01
2.430000103800000488e+01 3.950158578741493898e-01 1.250386587319544385e-01
2.445000078300000368e+01 3.949427768570057951e-01 1.234190229403957922e-01
2.455000182100000217e+01 3.948708157714930778e-01 1.223444322845545773e-01
2.465000207599999982e+01 3.947878830708969056e-01 1.212759874603956817e-01
2.480000103800000488e+01 3.946416578780113094e-01 1.196896966474079171e-01
2.495000078300000368e+01 3.944920270334204560e-01 1.181161129253836956e-01
2.505000182100000217e+01 3.943675296965692412e-01 1.170731646476037419e-01
2.515000207599999982e+01 3.942350169108189140e-01 1.160369936329935237e-01
2.525400947910000227e+01 3.940885429286319908e-01 1.149659203047617428e-01
2.538779357409999804e+01 3.938885885543260690e-01 1.135995392714000407e-01
2.553378513299999852e+01 3.936781633484030540e-01 1.121222512415491063e-01
2.565000000000000213e+01 3.935086440188491075e-01 1.109531952343161126e-01
2.575000078300000084e+01 3.933616570496764053e-01 1.099540466915327891e-01
2.585000156599999954e+01 3.932158779430662277e-01 1.089614572883110394e-01
2.595000156600000452e+01 3.930690449893859961e-01 1.079753642359978366e-01
2.605000182099999861e+01 3.929201821478494616e-01 1.069957226843601950e-01
2.615000207599999982e+01 3.927697550942096383e-01 1.060224246237884138e-01
2.625848810409999956e+01 3.926050493437802658e-01 1.049738282133857864e-01
2.640325681719999906e+01 3.923928888114529556e-01 1.035878955159071774e-01
2.654476975109999870e+01 3.922178001768381606e-01 1.022457341677306814e-01
2.665000000000000213e+01 3.921005087036569803e-01 1.012543411727358927e-01
2.675000078300000084e+01 3.920093850822822801e-01 1.003192090573064577e-01
2.685000156599999954e+01 3.919368551972449710e-01 9.939078376130097703e-02
2.695000156600000096e+01 3.918769596654540499e-01 9.846900952959959652e-02
2.705000182100000217e+01 3.918225961824163828e-01 9.755378612400017468e-02
2.715000207599999626e+01 3.917675466848177801e-01 9.664482658724585229e-02
2.730000103800000133e+01 3.916740906616386630e-01 9.529689721887869835e-02
2.745000078300000013e+01 3.915815660723748759e-01 9.396284785489585067e-02
2.755000182099999861e+01 3.915046557666949645e-01 9.308118290967301589e-02
2.765000207599999982e+01 3.914307511928019068e-01 9.220744806822703254e-02
2.778793162599999533e+01 3.913711443776993759e-01 9.101770160784071473e-02
2.793793058800000040e+01 3.913088387838472015e-01 8.973189086984670326e-02
2.805000000000000071e+01 3.912396481365176260e-01 8.877653357360311415e-02
2.815000000000000568e+01 3.911450119310229123e-01 8.792902114245738920e-02
2.830000000000000071e+01 3.909252404915581347e-01 8.667048553788656018e-02
2.850000000000000000e+01 3.904804621156956479e-01 8.501172223882215440e-02
2.865000000000000568e+01 3.900148872582442361e-01 8.378090599795402771e-02
2.879141072299999848e+01 3.894202568482335036e-01 8.263334469341543365e-02
2.894141072300000062e+01 3.886831257550821817e-01 8.142883037819861891e-02
2.905000000000000426e+01 3.880430997715926256e-01 8.056450956287972143e-02
2.914999999999999858e+01 3.873789369361908541e-01 7.977497673786740351e-02
2.929999999999999716e+01 3.862452240026909567e-01 7.860475442311271044e-02
2.950000000000000355e+01 3.845218669536139555e-01 7.706599862802959722e-02
2.965000000000000213e+01 3.830591595767810498e-01 7.592700233874881410e-02
2.975148958200000138e+01 3.819463819280518035e-01 7.516336802914734549e-02
2.990148958199999996e+01 3.801522613180823851e-01 7.404854746579750402e-02
3.004999999999999716e+01 3.782458273625197154e-01 7.295694559262806689e-02
3.015000000000000213e+01 3.768282328605791487e-01 7.222868278788702190e-02
3.030000000000000071e+01 3.745418769384351032e-01 7.115025774647990020e-02
3.050000000000000355e+01 3.712958001714898870e-01 6.973399602680233067e-02
3.065000000000000213e+01 3.687264770767547661e-01 6.868692583713656430e-02
3.080000000000000071e+01 3.659997223543908218e-01 6.765477503079100896e-02
3.100000000000000355e+01 3.622456259778527032e-01 6.629983910977699235e-02
3.115000000000000213e+01 3.593264064790497869e-01 6.529831125216796484e-02
3.129746040610000080e+01 3.563166162801367221e-01 6.432799314740110519e-02
3.144746040609999937e+01 3.531893830223065689e-01 6.335363455542622479e-02
3.155000000000000071e+01 3.509796200864637172e-01 6.269506524819089266e-02
3.165000000000000213e+01 3.487909594413666214e-01 6.205885870922079467e-02
3.180000000000000071e+01 3.454546175021314114e-01 6.111735371624620050e-02
3.200000000000000711e+01 3.409568520871821273e-01 5.988239235245479408e-02
3.215000000000000568e+01 3.375395007222510846e-01 5.897063146389752708e-02
3.225000000000000000e+01 3.352215091986873174e-01 5.836951340158805929e-02
3.240000000000000568e+01 3.316967116355486467e-01 5.748027490543586304e-02
3.255000000000000426e+01 3.281267154289351784e-01 5.660293998338421922e-02
3.265000000000000568e+01 3.256931676924672558e-01 5.602484966978877462e-02
3.275000000000000000e+01 3.232263016966156477e-01 5.545257134217704276e-02
3.287861015610000237e+01 3.200062768659300838e-01 5.472551645444925783e-02
3.302861015610000095e+01 3.161901158500606823e-01 5.388864023099498163e-02
3.314999999999999858e+01 3.130589750238064184e-01 5.322049869818906015e-02
3.325000000000000000e+01 3.104446828763438582e-01 5.267588009868551940e-02
3.340000000000000568e+01 3.064678729064908569e-01 5.187034666806526056e-02
3.354999999999999716e+01 3.024398251295287721e-01 5.107586050247544390e-02
3.364999999999999858e+01 2.997030477364774348e-01 5.055242885878019621e-02
3.375000000000000000e+01 2.969303347908495150e-01 5.003419606428070876e-02
3.390000000000000568e+01 2.926979553143722601e-01 4.926783309847223430e-02
3.404999999999999716e+01 2.883998125223148912e-01 4.851232353443928752e-02
3.414999999999999858e+01 2.854780499927788151e-01 4.801482140602456733e-02
3.425000000000000000e+01 2.825240836044955461e-01 4.752242491201763563e-02
3.439999999999999858e+01 2.780371683509483272e-01 4.679437416384963494e-02
3.454999999999999716e+01 2.735075675242596427e-01 4.607668838901483876e-02
3.464999999999999858e+01 2.704464454159594133e-01 4.560406370826069339e-02
3.475000000000000711e+01 2.673624989095095272e-01 4.513625466065344233e-02
3.488191770299999916e+01 2.632583685684003472e-01 4.452694764557285634e-02
3.503191770300000485e+01 2.585582563206880735e-01 4.384397402809299404e-02
3.514999999999999858e+01 2.548229015423014721e-01 4.331333311048530393e-02
3.525000000000000711e+01 2.516359678751193263e-01 4.286898942014213953e-02
3.540000000000000568e+01 2.468293861935379752e-01 4.221218974497535636e-02
3.554999999999999716e+01 2.420150851767128852e-01 4.156503064770489253e-02
3.565000000000000568e+01 2.387897184411018614e-01 4.113905821068229024e-02
3.575000000000000711e+01 2.355632066960098303e-01 4.071758401369989649e-02
3.587041768800000341e+01 2.316782303389448017e-01 4.021610733225806228e-02
3.602041768800000199e+01 2.268527762007150061e-01 3.960038815433879200e-02
3.615000000000000568e+01 2.226965151552295075e-01 3.907566900017683809e-02
3.625000000000000711e+01 2.194946421158380234e-01 3.867538935869455075e-02
3.640000000000000568e+01 2.147147837688293537e-01 3.808358458624019893e-02
3.655000000000000426e+01 2.099736100735937194e-01 3.750043033579528867e-02
3.665000000000000568e+01 2.068263698250036586e-01 3.711665642155813349e-02
3.675000000000000711e+01 2.036981632850316803e-01 3.673697732752280454e-02
3.689999999999999858e+01 1.990488664723717993e-01 3.617582106286231641e-02
3.705000000000000426e+01 1.944624753298565545e-01 3.562302664978118233e-02
3.715000000000000568e+01 1.914338863221876075e-01 3.525922992567894626e-02
3.725000000000000711e+01 1.884348730939379435e-01 3.489927090026054973e-02
3.739999999999999858e+01 1.839963531969892874e-01 3.436712823190860022e-02
3.755000000000000426e+01 1.796357051664124183e-01 3.384277921602583949e-02
3.765000000000000568e+01 1.767666802200112408e-01 3.349763668166434727e-02
3.775000000000000000e+01 1.739324692660617067e-01 3.315609035072455968e-02
3.789999999999999858e+01 1.697496665059507193e-01 3.265115057275091298e-02
3.805000000000000426e+01 1.656526697642847212e-01 3.215361740426733728e-02
3.814999999999999858e+01 1.629650177104428610e-01 3.182623788279190929e-02
3.825000000000000000e+01 1.603163804922781432e-01 3.150243981824934342e-02
3.835000000000000142e+01 1.577069518600167086e-01 3.118212248870391723e-02
3.845420163800000779e+01 1.550298266579102358e-01 3.085198238995803810e-02
3.860420163799999926e+01 1.512541511500206382e-01 3.038368082898636191e-02
3.875000000000000000e+01 1.476726185714989648e-01 2.993519980442530676e-02
3.885000000000000853e+01 1.452631422854804288e-01 2.963146830057130851e-02
3.900000000000000000e+01 1.417261192499360001e-01 2.918255035634500713e-02
3.914999999999999858e+01 1.382801715748758209e-01 2.874029014767908938e-02
3.925000000000000711e+01 1.360300352570590066e-01 2.844924910611116783e-02
3.935000000000000853e+01 1.338189815741787358e-01 2.816131393127425248e-02
3.949063755800001019e+01 1.307759339871430726e-01 2.776199176514090178e-02
3.964063755800000166e+01 1.276151686631941395e-01 2.734241665391027101e-02
3.975000000000000711e+01 1.253629489156744548e-01 2.704055090732040978e-02
3.985000000000000853e+01 1.233419916634627550e-01 2.676760526739540083e-02
4.001598810610000356e+01 1.200695599184584683e-01 2.632158960602870579e-02
4.024516166220000457e+01 1.157207898081328012e-01 2.571656225370727231e-02
4.061388893409999667e+01 1.091106847130252216e-01 2.477874868066476735e-02
4.096378425599999673e+01 1.032950976280321703e-01 2.393237782298302321e-02
4.138848618409999602e+01 9.674933107406166743e-02 2.294781088067335967e-02
4.183471031220000214e+01 9.038167896042220706e-02 2.194239598531897914e-02
4.207275508409999532e+01 8.718366723658843576e-02 2.142531441948943710e-02
4.229196795600000058e+01 8.438369255694007365e-02 2.096858169427466556e-02
4.286602128410000034e+01 7.762738799150581404e-02 1.983408765623722106e-02
4.345039313409999693e+01 7.142201647012451360e-02 1.872925296691088648e-02
4.365748950599999745e+01 6.935941012405434647e-02 1.835151362335501676e-02
4.435757405599999714e+01 6.302869985769073147e-02 1.717097650745635570e-02
4.506034890600000153e+01 5.740135444095023631e-02 1.605689238359826396e-02
4.577910240599999980e+01 5.231605942531686315e-02 1.501394141490830850e-02
4.650054615599999863e+01 4.781736376943027111e-02 1.404752798638835357e-02
4.677849528410000346e+01 4.620556819623830580e-02 1.368882815416484419e-02
4.741080308410000299e+01 4.281639448957162697e-02 1.292252757259402390e-02
4.797808125600000295e+01 4.007360111680529496e-02 1.228517913060917822e-02
4.826276628409999603e+01 3.878152680136962710e-02 1.197725752770130783e-02
4.856628326219999536e+01 3.745636732885383041e-02 1.165476929454749982e-02
4.903768958410000067e+01 3.552604424923058030e-02 1.118125637849081734e-02
4.949295420600000028e+01 3.379752371322132520e-02 1.075104574081753479e-02
4.990832168409999525e+01 3.231817360726558369e-02 1.037571148927635654e-02
5.034252111220000359e+01 3.085575466096148259e-02 9.994934316925227838e-03
5.070191388410000144e+01 2.971240662141239747e-02 9.694393425074061821e-03
5.104516500599999773e+01 2.867824157644328215e-02 9.421110515133824387e-03
5.159121493410000170e+01 2.713421528108417302e-02 9.007451359970313626e-03
5.215609676220000068e+01 2.564533329281913632e-02 8.597418454390413217e-03
5.240347598409999819e+01 2.502572520837120437e-02 8.424640400090563711e-03
5.263471360599999826e+01 2.446676505384843062e-02 8.268810637802208319e-03
5.331144598409999702e+01 2.293144706841080543e-02 7.836926772734478103e-03
5.400701026219999790e+01 2.147917577722249782e-02 7.416818488108824561e-03
5.426094198410000757e+01 2.097681824967981279e-02 7.269439556293734103e-03
5.506901488409999956e+01 1.949298163111151325e-02 6.833247831298680693e-03
5.589526166220000647e+01 1.811250215378312073e-02 6.416043734817018611e-03
5.676804978410000047e+01 1.679451445264694420e-02 6.012455735294039948e-03
5.759210133410000054e+01 1.566525754944385340e-02 5.659452172329691895e-03
5.782085091220000805e+01 1.536723694756989174e-02 5.564510877126379283e-03
5.860029443410000027e+01 1.441415895339752569e-02 5.260841963967048153e-03
5.936628655600000570e+01 1.355275439743907663e-02 4.982428875201018979e-03
5.956696138409999719e+01 1.333724702391555529e-02 4.911770595262745544e-03
5.978377791220000148e+01 1.310939614118853888e-02 4.836463521327035407e-03
6.046987683409999192e+01 1.242502229758936198e-02 4.610409987809900058e-03
6.114252435600000979e+01 1.179924575435595258e-02 4.401946060837083965e-03
6.145521278409999866e+01 1.152170802990234826e-02 4.308432492354546950e-03
6.178404286220001040e+01 1.123883617927957587e-02 4.211942488619157057e-03
6.237679713410000204e+01 1.075298196669403558e-02 4.046158258717056679e-03
6.295610005600001102e+01 1.030451864369141129e-02 3.892567350120026276e-03
6.338080198410000321e+01 9.990945824953401805e-03 3.784185703346681917e-03
6.382164556219998985e+01 9.678180089623254767e-03 3.674512922979547395e-03
6.432105528409999806e+01 9.339493232961558825e-03 3.555549742815472623e-03
6.480701360599999816e+01 9.024774696267463120e-03 3.445030542442348385e-03
6.534372908409999070e+01 8.693304583093308668e-03 3.327813110652414526e-03
6.589658621220000612e+01 8.367706321485266288e-03 3.210918944618151600e-03
6.630265128410000841e+01 8.138434293269609932e-03 3.128331451536734472e-03
6.669526500599999963e+01 7.924647533227715396e-03 3.051549946662094823e-03
6.734399398409999549e+01 7.587772490057654619e-03 2.929991928027452907e-03
6.800886461219998580e+01 7.260756281212285383e-03 2.810243866185124523e-03
6.832158508409999342e+01 7.112870208900329630e-03 2.755808910168249578e-03
6.862085415600000715e+01 6.975176988484236770e-03 2.705355336751399768e-03
6.938159668410000336e+01 6.641401934143832501e-03 2.582788177687826616e-03
7.015848091220001947e+01 6.320527872740438341e-03 2.463347034284810080e-03
7.037785678410000401e+01 6.233156939723141429e-03 2.430595128547941193e-03
7.058378125600000885e+01 6.152708686403215305e-03 2.400582006896161656e-03
7.145653733410000541e+01 5.827699061976151194e-03 2.279431148283838499e-03
7.231254613410000331e+01 5.528991301079452629e-03 2.166755815504565596e-03
7.258404615599999943e+01 5.437877759313882418e-03 2.132173559142076184e-03
7.356881573409999930e+01 5.125233021947653636e-03 2.014112942838581707e-03
7.456972696219999364e+01 4.829509968669558687e-03 1.901321517628678289e-03
7.563853878410000675e+01 4.537470932754568941e-03 1.789787388337152514e-03
7.660639813410000443e+01 4.291962233579979871e-03 1.695536062977124692e-03
7.675724748409999165e+01 4.254846867950134136e-03 1.681136127009536961e-03
7.692154818410000416e+01 4.214963415499614272e-03 1.665696880597368826e-03
7.782549293409999791e+01 4.005231275039361667e-03 1.584954304702285719e-03
7.880886795600000028e+01 3.791683847897977210e-03 1.502408911997462357e-03
7.912986148410000453e+01 3.724563711605430576e-03 1.476251626765036178e-03
8.004978488410000637e+01 3.541325395682367195e-03 1.405192017570578442e-03
8.095848420600000850e+01 3.371509820214954514e-03 1.339201356059948819e-03
8.120583138410000856e+01 3.326831826239560422e-03 1.321743827260515088e-03
8.146662996220000252e+01 3.280364059508473259e-03 1.303550696910181364e-03
8.231141468410000073e+01 3.136066133678451842e-03 1.247281518663665876e-03
8.314543830599998842e+01 3.001603860065122243e-03 1.194788542635991926e-03
8.348613008409999736e+01 2.948558926618802516e-03 1.174002761311311463e-03
8.384027326220000020e+01 2.894406537722383523e-03 1.152728331239707537e-03
8.461038233409999521e+01 2.781309676644139629e-03 1.108422942633397086e-03
8.536973030600000811e+01 2.675455759811812620e-03 1.066933422462709074e-03
8.580376668410001173e+01 2.617057932944347100e-03 1.043987584347669337e-03
8.625125441219999800e+01 2.558200547520491242e-03 1.020799408947938849e-03
8.694668778409999277e+01 2.470188705050634526e-03 9.861866951208829533e-04
8.763136005599999123e+01 2.387494241315470632e-03 9.536610285353241305e-04
8.815874108410000076e+01 2.326045993961271038e-03 9.294554339434067452e-04
8.869957351219998998e+01 2.264728681007830129e-03 9.052383711543333369e-04
8.932033118410001293e+01 2.196886951177491262e-03 8.784678993887850900e-04
8.993032775600001116e+01 2.132933434071544385e-03 8.532349567957886721e-04
9.055105338410000115e+01 2.070180123808159495e-03 8.284571178437591648e-04
9.118523036220000222e+01 2.008080935762011042e-03 8.038762655618819728e-04
9.173131233409998231e+01 1.956444080828200361e-03 7.834389514305598956e-04
9.226663320599999452e+01 1.907638554340456696e-03 7.641280041502102180e-04
9.298070343410000760e+01 1.844890207063080729e-03 7.392978205869062385e-04
9.370822506220000037e+01 1.783248552665440837e-03 7.148474120326582179e-04
9.417963138410000568e+01 1.744611850450273434e-03 6.995135005324580602e-04
9.464027660600000047e+01 1.708030266803366648e-03 6.850014350670622070e-04
9.544769143409999401e+01 1.646257757756162867e-03 6.605072020972965361e-04
9.626855761219999863e+01 1.585975203500132429e-03 6.365494452457820095e-04
9.666528823410001792e+01 1.557746815105633641e-03 6.253181521672931216e-04
9.705125775599999827e+01 1.531011227234010128e-03 6.146872346133855141e-04
9.736850188569999887e+01 1.509483312985332578e-03 6.061274976396462122e-04
9.809419951380000668e+01 1.461660615183271771e-03 5.871261091819356169e-04
9.886622801219999701e+01 1.412587356760001403e-03 5.675802138167758458e-04
9.918828298409999888e+01 1.392660051495465652e-03 5.596323492682926844e-04
9.949957680599999321e+01 1.373811189008338884e-03 5.521191359863703886e-04
1.004936808341000045e+02 1.315883933705701411e-03 5.290611232582828616e-04
1.015012362622000097e+02 1.260005293578853091e-03 5.067702813149403381e-04
1.017486154840999859e+02 1.246671282901915196e-03 5.014388576651666353e-04
1.019852336560000055e+02 1.234124850431068086e-03 4.964259979849126913e-04
1.030726823340999800e+02 1.178685187086310482e-03 4.743164839082071962e-04
1.041523921840999805e+02 1.126440936878967021e-03 4.534339429803993255e-04
1.045082284060000006e+02 1.109855441499440392e-03 4.467980662657789837e-04
1.056890216341000013e+02 1.057172123524402398e-03 4.257549945950371648e-04
1.067847101340999956e+02 1.010827306682429618e-03 4.071984787331838461e-04
1.070685609559999989e+02 9.992053436325822133e-04 4.025377232709694410e-04
1.083426987841000084e+02 9.493321032780227412e-04 3.825829017782211784e-04
1.096428791341000135e+02 9.013874980128236012e-04 3.633508974405126601e-04
1.109823903560000105e+02 8.552312000125321693e-04 3.448512313533361965e-04
1.121613596340999948e+02 8.169514959395941930e-04 3.294817236015971647e-04
1.123525630840999980e+02 8.108800053994250903e-04 3.270348833765022913e-04
1.136360675059999892e+02 7.719806902241452187e-04 3.114202764484911841e-04
1.149056911341000102e+02 7.357189137889275608e-04 2.968398521639289077e-04
1.162591879340999981e+02 6.993214160608952987e-04 2.822048703776147455e-04
1.176873604340999862e+02 6.633430977192044135e-04 2.677223263095799654e-04
1.190595261840999939e+02 6.308531898158368893e-04 2.546383089379619744e-04
1.205063673840999883e+02 5.987501804272261094e-04 2.417000577581091339e-04
1.218972020840999875e+02 5.697177294507252670e-04 2.299923631451409548e-04
1.233627125840999952e+02 5.410345871158507526e-04 2.184195908842348759e-04
1.247722161341000060e+02 5.150604937209673400e-04 2.079319246933199737e-04
1.262563956341000164e+02 4.893982944392512389e-04 1.975672806013605617e-04
1.276845681840999873e+02 4.661321018346104754e-04 1.881620232124202319e-04
1.291874161840999875e+02 4.431434781939702704e-04 1.788685242892171527e-04
1.306342576840999925e+02 4.222780656392454476e-04 1.704248272893667520e-04
1.321557746841000096e+02 4.016583408789974963e-04 1.620817947232018879e-04
1.336212851841000031e+02 3.829238152866319537e-04 1.544931013549011832e-04
1.351614711840999803e+02 3.644066904885037836e-04 1.469949743167559193e-04
1.366456501840999920e+02 3.475661061454778230e-04 1.401675572373552864e-04
1.382045051840999861e+02 3.309177237629198931e-04 1.334213900705018816e-04
1.397073536841000134e+02 3.157627052409740483e-04 1.272726265950224745e-04
1.412848776840999676e+02 3.007777258116509718e-04 1.211966387705014689e-04
1.428063946840999847e+02 2.871248982372751795e-04 1.156536415108871621e-04
1.444025876841000127e+02 2.736227512678946860e-04 1.101757926033992220e-04
1.459427736841000183e+02 2.613108640921669090e-04 1.051744048494354222e-04
1.468253404357000136e+02 2.545632220858258803e-04 1.024352384790910121e-04
1.477727719638000110e+02 2.475620134722375390e-04 9.959302181647578390e-05
1.491164901841000017e+02 2.380158592643727390e-04 9.571252076264532161e-05
1.507500211841000066e+02 2.270199240540137972e-04 9.124704264923757819e-05
1.523275451840999892e+02 2.169762791340984758e-04 8.716313934995477148e-05
1.539797446841000124e+02 2.070381512892473437e-04 8.312541955149967642e-05
1.555759371840999847e+02 1.979531844325488300e-04 7.942984238010665640e-05
1.572468056840999679e+02 1.889621381039836639e-04 7.577530326009799470e-05
1.588616676841000128e+02 1.807362992629886294e-04 7.242800195687501552e-05
1.605512051841000130e+02 1.725943724472804629e-04 6.911724708305794825e-05
1.621847356840999907e+02 1.651391148067796622e-04 6.608252796985809494e-05
1.638929416841000091e+02 1.577588548052503222e-04 6.308029164883408350e-05
1.655451411840999754e+02 1.509951519610396042e-04 6.032620857379364431e-05
1.672720166841000093e+02 1.442985032808293444e-04 5.760095634636155628e-05
1.689428851840999926e+02 1.381560832835687451e-04 5.509911941159178898e-05
1.706884291840999879e+02 1.320737868395658546e-04 5.262294344766908777e-05
1.723779666840999880e+02 1.264897641281548496e-04 5.034788427459227495e-05
1.741421796841000003e+02 1.209595931878321520e-04 4.809561866777572038e-05
1.758503861840999889e+02 1.158778998053967255e-04 4.602464234726808017e-05
1.776332681840999896e+02 1.108445246373365424e-04 4.397396727225963100e-05
1.793601431840999965e+02 1.062151549386653441e-04 4.208685150225084014e-05
1.811616941841000141e+02 1.016291427523160839e-04 4.021783114639698471e-05
1.829072381841000094e+02 9.740733389801928428e-05 3.849644407598318534e-05
1.847228071559999876e+02 9.323480983523524379e-05 3.679543259874808593e-05
1.877186609357000009e+02 8.679872334848946899e-05 3.417049763118262584e-05
1.895015429356999732e+02 8.321778340627584460e-05 3.271030964210821531e-05
1.901134426840999936e+02 8.202629308073762049e-05 3.222383369908098235e-05
1.919149936841000113e+02 7.863777761635822679e-05 3.084182640774060476e-05
1.937725511841000241e+02 7.531223195745970949e-05 2.948513589943579154e-05
1.955927706841000031e+02 7.220975474078183422e-05 2.821944176903007790e-05
1.974689971841000045e+02 6.916454425438737076e-05 2.697691007221172024e-05
1.993078861840999707e+02 6.632118095498250202e-05 2.581675353796456830e-05
2.012027816840999890e+02 6.352950880625484050e-05 2.467751798301560844e-05
2.030603391841000018e+02 6.092059545360619467e-05 2.361289349911620014e-05
2.049739036841000370e+02 5.835830735483984772e-05 2.256713552231405970e-05
2.068501306841000371e+02 5.596161164829743518e-05 2.158899588985238631e-05
2.087823641840999755e+02 5.360689283463139027e-05 2.062781710857350897e-05
2.106772596840999938e+02 5.140231535746232549e-05 1.972795014969855670e-05
2.126281621841000060e+02 4.923543313930534568e-05 1.884327283741139131e-05
2.145417266841000128e+02 4.720475024090523919e-05 1.801419977470674361e-05
2.165112976841000147e+02 4.520778003771385367e-05 1.719865110627065885e-05
2.184435311840999816e+02 4.333440343022147587e-05 1.643352873513204230e-05
2.204317716840999708e+02 4.149101366088726753e-05 1.568035702776020943e-05
2.220903205138000089e+02 4.001422964132327769e-05 1.507684276502750424e-05
2.235325104857000156e+02 3.877393477657370879e-05 1.456988564848615252e-05
2.243895826840999916e+02 3.805460254335573718e-05 1.427563029685710751e-05
2.263591541841000208e+02 3.645160629651153852e-05 1.362002897047135339e-05
2.283847321841000166e+02 3.487168785999786866e-05 1.297340471446145180e-05
2.303729721840999787e+02 3.338399588035427865e-05 1.236421449344336593e-05
2.324172191841000199e+02 3.191604536851210607e-05 1.176252909317138527e-05
2.344241281840999989e+02 3.053148467034815628e-05 1.119456724709879350e-05
2.364870436840999730e+02 2.916331767405428666e-05 1.063260665769717203e-05
2.385126216840999689e+02 2.787028309263711348e-05 1.010087374671354096e-05
2.405942066841000155e+02 2.659017638095082100e-05 9.573556884658092082e-06
2.426384536840999999e+02 2.537735391702539736e-05 9.073109387831172957e-06
2.447387071841000079e+02 2.417371348154039981e-05 8.575329582313201264e-06
2.468016231841000092e+02 2.302968166526750889e-05 8.101085753234600726e-06
2.489205461841000044e+02 2.189047974919570782e-05 7.627429666993489028e-06
2.510021306840999671e+02 2.080288173984249820e-05 7.173748520687933329e-06
2.531397221841000089e+02 1.971581946119712781e-05 6.718670278352726236e-06
2.552399761841000156e+02 1.867279000516209778e-05 6.280239875416996374e-06
2.573962366840999607e+02 1.762328080282551485e-05 5.836937948023790596e-06
2.595151591841000140e+02 1.660809454922744348e-05 5.405801223429631915e-06
2.616900881841000341e+02 1.557704027041511207e-05 4.965188439387462101e-06
2.638276796841000191e+02 1.456787863468538189e-05 4.530944338992178613e-06
2.660212781840999696e+02 1.352822479818726023e-05 4.080147767158233659e-06
2.680530152137999949e+02 1.255211948005061022e-05 3.653552802022808210e-06
2.690844891857000221e+02 1.204783930676974473e-05 3.431866562636305293e-06
2.696085524856999882e+02 1.178868142549067110e-05 3.317625965732177255e-06
2.705134867154000062e+02 1.133581803579361338e-05 3.117536681240034082e-06
2.712947399138000719e+02 1.093812934292679324e-05 2.941374294423080721e-06
2.717814653638000095e+02 1.068663390395384989e-05 2.829784793414085815e-06
2.724603885653999669e+02 1.033039019583082532e-05 2.671529287385868614e-06
2.732436583856999732e+02 9.910256698947964601e-06 2.484716399729443590e-06
2.736930459856999960e+02 9.664059317345549690e-06 2.375247658896456491e-06
2.740135610653999834e+02 9.485800664765495609e-06 2.296053106654721595e-06
2.742499018153999941e+02 9.353413514882434469e-06 2.237062043778251961e-06
2.743499018154000169e+02 9.296989182502827585e-06 2.211938305249445577e-06
2.744499020654000105e+02 9.240291213349453248e-06 2.186713321778697401e-06
2.745499023154000042e+02 9.183331827937133709e-06 2.161383524296750496e-06
2.746999020654000105e+02 9.097404787129257257e-06 2.123186463659410891e-06
2.748499018154000169e+02 9.010880457059389009e-06 2.084755042857856866e-06
2.749499020654000105e+02 8.952857133013503090e-06 2.059005478087541563e-06
2.750499023154000042e+02 8.894555758444110555e-06 2.033148667468554592e-06
2.751999020654000105e+02 8.806570855641139079e-06 1.994154732454940138e-06
2.753499018154000169e+02 8.717925269867451599e-06 1.954900499179139341e-06
2.754499020654000105e+02 8.658449003022276929e-06 1.928579124923778924e-06
2.755499023154000042e+02 8.598661697536359697e-06 1.902126557886138822e-06
2.756999020654000105e+02 8.508383063756290102e-06 1.862243996841216023e-06
2.758499018154000169e+02 8.417360659537319364e-06 1.822096062018992807e-06
2.759499020654000105e+02 8.356249754703693367e-06 1.795174653401002382e-06
2.760499023154000042e+02 8.294782473522547360e-06 1.768122762260717846e-06
2.761997106153999653e+02 8.202037343731114827e-06 1.727354047803549064e-06
2.763497103654000284e+02 8.108348833751993678e-06 1.686217988872941860e-06
2.764499020654000105e+02 8.045290617072617856e-06 1.658591859256527632e-06
2.765499023154000042e+02 7.981958759845399006e-06 1.630891892597622556e-06
2.766999020654000674e+02 7.886202095756591492e-06 1.589092142397014757e-06
2.768499018154000169e+02 7.789499174433507536e-06 1.546980392039477868e-06
2.769499020654000105e+02 7.724484786835635256e-06 1.518724528337870852e-06
2.770499023154000042e+02 7.659021157309833902e-06 1.490313185881819130e-06
2.771999020654000105e+02 7.559959453586273664e-06 1.447440698395441924e-06
2.773499018154000169e+02 7.459816168920583698e-06 1.404269173372612684e-06
2.774499020654000105e+02 7.392429177118978490e-06 1.375309262626641877e-06
2.775499023154000042e+02 7.324527196160322057e-06 1.346201564206195434e-06
2.776804655653999703e+02 7.235073653695782103e-06 1.307966992100934483e-06
2.778304653154000334e+02 7.131144862898436522e-06 1.263695530281846353e-06
2.779499020654000105e+02 7.047462561537989485e-06 1.228238807272409401e-06
2.780499023154000042e+02 6.976749025565976309e-06 1.198400367519576778e-06
2.781999020654000105e+02 6.869543293191538148e-06 1.153375828481261279e-06
2.783499018154000169e+02 6.760905951510970956e-06 1.108015290221814853e-06
2.784499020654000105e+02 6.687649393128104477e-06 1.077572066792081007e-06
2.785499023154000042e+02 6.613704593355285350e-06 1.047003715301887328e-06
2.786999020654000105e+02 6.501453420946406368e-06 1.000931852774825875e-06
2.788499018154000169e+02 6.387524765076029874e-06 9.545715398189878202e-07
2.789499020654000105e+02 6.310596589656629678e-06 9.234996473483262267e-07
2.790499023154000042e+02 6.232859394160910797e-06 8.922880170128906350e-07
2.791999020654000105e+02 6.114682416126754074e-06 8.452586084627216776e-07
2.793499018153999600e+02 5.994523280444871564e-06 7.980563320384943878e-07
2.794499020654000105e+02 5.913260521678929130e-06 7.664797947328771116e-07
2.795499023154000042e+02 5.831036134573474921e-06 7.348169141086004108e-07
2.796999020654000105e+02 5.705826869833724813e-06 6.871814643676926150e-07
2.798499018154000169e+02 5.578245517914352646e-06 6.394891755369049520e-07
2.799499020654000105e+02 5.491801491645004675e-06 6.076980687825216491e-07
2.800499023154000042e+02 5.404198480394564315e-06 5.759205477687603899e-07
2.801679483654000364e+02 5.299232383569179314e-06 5.384404206366994042e-07
2.803179481154000428e+02 5.163310737790078938e-06 4.909083900872174766e-07
2.804499020654000105e+02 5.041234924416135600e-06 4.494152737512861053e-07
2.805499023153999474e+02 4.947070505125694269e-06 4.181847522983238749e-07
2.806806467654000130e+02 4.821719519340862266e-06 3.776950707361851442e-07
2.808306465153999625e+02 4.674605526515489883e-06 3.318290669497814063e-07
2.809499020654000105e+02 4.554942574726357714e-06 2.961195143333624867e-07
2.810499023154000042e+02 4.452652792074681639e-06 2.667524320281508330e-07
2.811746762653999667e+02 4.322398776569693303e-06 2.309718679963104927e-07
2.813246760154000299e+02 4.161719919483300320e-06 1.894968931782029224e-07
2.814499020654000105e+02 4.023877303324795698e-06 1.566796195908823143e-07
2.815499023154000042e+02 3.911228241679607762e-06 1.318303300902742991e-07
2.816500368154000284e+02 3.796000402945887337e-06 1.083549327187695121e-07
2.818000365654000348e+02 3.618584109746122336e-06 7.643964166036273739e-08
2.819499020654000105e+02 3.435047503817040979e-06 4.956373651628973070e-08
2.820499023154000042e+02 3.308777233988791833e-06 3.498470906660825079e-08
2.821999020654000105e+02 3.113293924548546048e-06 1.953206765023101006e-08
2.823499018154000169e+02 2.909758627831956210e-06 1.383014591317733022e-08
2.824499020654000105e+02 2.769155745859330568e-06 1.683492544951788780e-08
2.825499023154000042e+02 2.624329471028810008e-06 2.674429872972961441e-08
2.826999020654000105e+02 2.398645467962729676e-06 5.756258477289181300e-08
2.828499018154000169e+02 2.161603967087464487e-06 1.139250963858614786e-07
2.829499020654000105e+02 1.996583121935158408e-06 1.702949341831464989e-07
2.830499023154000611e+02 1.825532214499628842e-06 2.460813832923493236e-07
2.831999020654000105e+02 1.557202571594847102e-06 4.102447588714499962e-07
2.833499018154000169e+02 1.273142757880024165e-06 6.591079581197776930e-07
2.834499020654000105e+02 1.074659494835328944e-06 8.997448292550150740e-07
2.835499023154000042e+02 8.693648325566333152e-07 1.221440110603928442e-06
2.836999020654000105e+02 5.556037686716827629e-07 1.965310961845155399e-06
2.838499018154000169e+02 2.521148855403253191e-07 3.321747524931528210e-06
2.839499020654000105e+02 9.881936430010764099e-08 4.972594368139642218e-06
2.840499023154000042e+02 1.235350050631222905e-07 8.200321178690315365e-06
2.841872399154000277e+02 1.866210528192343490e-06 1.858168779246553956e-05
2.843372396653999772e+02 4.270392770723787584e-06 1.934745117986929624e-05
2.844499020654000105e+02 5.143472751086764032e-06 1.750984736333833166e-05
2.845499023154000042e+02 5.511721152894406402e-06 1.620523511399523330e-05
2.846999020654000674e+02 5.997594796046010135e-06 1.490889658298792860e-05
2.848499018154000169e+02 6.461435039372320351e-06 1.411591602336908870e-05
2.849499020654000105e+02 6.752150129996587791e-06 1.370048036290587640e-05
2.850499023154000042e+02 7.034613782453312312e-06 1.335799655198588338e-05
2.851999020653999537e+02 7.443935973266996585e-06 1.294525448187030678e-05
2.853499018154000169e+02 7.846348727365631083e-06 1.261557948131254115e-05
2.854499020654000105e+02 8.107935000341945323e-06 1.243053399636801624e-05
2.855499023154000042e+02 8.365275130469439606e-06 1.226686969888363854e-05
2.856559934154000189e+02 8.632797813021999317e-06 1.210915365925984998e-05
2.858059931654000252e+02 8.997059172887937365e-06 1.191615905587635867e-05
2.859499018354000555e+02 9.339081658092280254e-06 1.175393945049198043e-05
2.860499020703999804e+02 9.566109911911879079e-06 1.164919344711416378e-05
2.861499022854000032e+02 9.784040605895199117e-06 1.155438393635871849e-05
2.862999020703999804e+02 1.008431686105228419e-05 1.142601544642787602e-05
2.864499018554000145e+02 1.036675887100051583e-05 1.130281099159776658e-05
2.865499020703999804e+02 1.053622471549857968e-05 1.122921743406899541e-05
2.866499022854000032e+02 1.069084206242189747e-05 1.116204733941609129e-05
2.867661884707000013e+02 1.084903832734260918e-05 1.108410385306703313e-05
2.869161882556999785e+02 1.101912161562253474e-05 1.098839136612097063e-05
2.870499020704000372e+02 1.114385903025304344e-05 1.091104653817571556e-05
2.871499022854000032e+02 1.121575870798938072e-05 1.085632430334259380e-05
2.872774259554000196e+02 1.128015159832566975e-05 1.078476012861490003e-05
2.874274257403999968e+02 1.132242156254384288e-05 1.070353744396126008e-05
2.875499020704000372e+02 1.133184851811069588e-05 1.064764229389113999e-05
2.876499022854000032e+02 1.132176579049604066e-05 1.060139855238058089e-05
2.877794564003999653e+02 1.128770128019194776e-05 1.053890874717908445e-05
2.879294561853999994e+02 1.122167168137695225e-05 1.046760227488377548e-05
2.880499020704000372e+02 1.115011806057814578e-05 1.042012610728940948e-05
2.881499022854000032e+02 1.107928581231110477e-05 1.038021579759987442e-05
2.882999020703999804e+02 1.095807481425886393e-05 1.031747874486502973e-05
2.884499018553999576e+02 1.081750562025479835e-05 1.025202054757130207e-05
2.885499020703999804e+02 1.071638334037971865e-05 1.021692757128724383e-05
2.886499022854000032e+02 1.061013770516299216e-05 1.018198650469868301e-05
2.887999020703999804e+02 1.044564268480740010e-05 1.012774922563639934e-05
2.889499018554000145e+02 1.027092420966018789e-05 1.006946972362308535e-05
2.890499020704000372e+02 1.015182897606779484e-05 1.003188095359953615e-05
2.891499022854000032e+02 1.003133918966137832e-05 1.000026350509712573e-05
2.892999020704000372e+02 9.852279830241245559e-06 9.952732577520580020e-06
2.894499018554000145e+02 9.668961215370867982e-06 9.902749546003792184e-06
2.895499020703999804e+02 9.547459376812084033e-06 9.866926514698729937e-06
2.896499022854000032e+02 9.427239200363512692e-06 9.831299219205915431e-06
2.897999020703999804e+02 9.251329094077093260e-06 9.787933325129102640e-06
2.899499018554000145e+02 9.075467442355815699e-06 9.744329522625188426e-06
2.900499020703999804e+02 8.960444819628246728e-06 9.714095910374821898e-06
2.901499022854000032e+02 8.847762190916184374e-06 9.682112798329004603e-06
2.902999020703999804e+02 8.685126719020045153e-06 9.635413526703915976e-06
2.904499018554000145e+02 8.524891487716835129e-06 9.593236870492263390e-06
2.905499020703999804e+02 8.421440489156900336e-06 9.566504097043395773e-06
2.906499022853999463e+02 8.320868281186060800e-06 9.539361171431788130e-06
2.907999020703999804e+02 8.177517136664716265e-06 9.496789602030170088e-06
2.909499018554000713e+02 8.038206787347035033e-06 9.451099077626780624e-06
2.910499020704000372e+02 7.949486086499239106e-06 9.423750483948148711e-06
2.911499022854000032e+02 7.863857853253040613e-06 9.399014237713353365e-06
2.912657934707000322e+02 7.769234107315636911e-06 9.370493922400778807e-06
2.914157932556999526e+02 7.654687328623842668e-06 9.332661859114955340e-06
2.915499020704000372e+02 7.556888783050826304e-06 9.296936208626780594e-06
2.916499022854000032e+02 7.488282078573016462e-06 9.268783490238372144e-06
2.917999020704000372e+02 7.395478400487089855e-06 9.230197490940022077e-06
2.919499018554000145e+02 7.309141932474607061e-06 9.195867727821224538e-06
2.920499020704000372e+02 7.257293570780241147e-06 9.172908419766579246e-06
2.921499022854000032e+02 7.210271074191251697e-06 9.149503049975342948e-06
2.922999020703999804e+02 7.150860917398942361e-06 9.112882617031751423e-06
2.924499018554000145e+02 7.100050538082337472e-06 9.073680153062219173e-06
2.925499020703999804e+02 7.073594545203063797e-06 9.050204193982060632e-06
2.926499022854000032e+02 7.052630048032577501e-06 9.028619677004651439e-06
2.927999020704000372e+02 7.036270246655861568e-06 8.996548160310313449e-06
2.929499018554000145e+02 7.031412438232985457e-06 8.963815569995471752e-06
2.930499020704000372e+02 7.037718043886786631e-06 8.941213839148824490e-06
2.931499022854000600e+02 7.051981879975682436e-06 8.917462646002052344e-06
2.932999020704000372e+02 7.093437184014169086e-06 8.882349333971943818e-06
2.934499018554000145e+02 7.150789619779598892e-06 8.850890943177991380e-06
2.935499020703999804e+02 7.202302739078586382e-06 8.830816907053504354e-06
2.936499022854000032e+02 7.265087845692567138e-06 8.810736684237883978e-06
2.937999020703999804e+02 7.385714982381680456e-06 8.780092922580319596e-06
2.939499018554000145e+02 7.528694269739796756e-06 8.748071474448131896e-06
2.940499020703999804e+02 7.642779571662112548e-06 8.725526589816990736e-06
2.941499022854000032e+02 7.772931140642539322e-06 8.703350253101910168e-06
2.945765515319000087e+02 8.734934815902742922e-06 8.622725154930835023e-06
2.950179612519000329e+02 1.000669685429286256e-05 8.533033457069118740e-06
2.954753498345500020e+02 1.215754748206490235e-05 8.451773891975419812e-06
2.959354286938499854e+02 1.505095529326062686e-05 8.364614018146746929e-06
2.964114861986999472e+02 1.901622708268063748e-05 8.284846131580738933e-06
2.968902339794000227e+02 2.430852381126467952e-05 8.199617983941306795e-06
2.973849604053999656e+02 2.913864454943234904e-05 8.121552769377311218e-06
2.978823771104000571e+02 3.461956609103146774e-05 8.038932433395223494e-06
2.983957724603999964e+02 3.777549378845593514e-05 7.962606837075192733e-06
2.989118580854000129e+02 3.898380462044874240e-05 7.882236773622821617e-06
2.994439223553999909e+02 3.884021510527457637e-05 7.807522696138604614e-06
2.999786769003999893e+02 3.694504063367941765e-05 7.729294063670803517e-06
3.002495037056999649e+02 3.565907557643475744e-05 7.692866571211639268e-06
3.007220250406999753e+02 3.394201252245101363e-05 7.630090194557331390e-06
3.010828335553999864e+02 3.230553821135067325e-05 7.579362827179951044e-06
3.016522356704000458e+02 2.992383793997271336e-05 7.507759697943523713e-06
3.022243280604000120e+02 2.797966110645947060e-05 7.433551892303374852e-06
3.028123990953999964e+02 2.613173495574203886e-05 7.363546214380210248e-06
3.034031604104000053e+02 2.467530036825509620e-05 7.291173015223172653e-06
3.040099003653999716e+02 2.332786961696243334e-05 7.222698412109761984e-06
3.046193305953999584e+02 2.225140209572658886e-05 7.152269263658075250e-06
3.048808231057000171e+02 2.178052690898898622e-05 7.123889003634594242e-06
3.054172590256999911e+02 2.103932231107969779e-05 7.066830868584186338e-06
3.058728386553999599e+02 2.045865755438319969e-05 7.016620494189752207e-06
3.065169164653999587e+02 1.972159092945593477e-05 6.951233322275331449e-06
3.071636845154000071e+02 1.910421678884506645e-05 6.884370534054110736e-06
3.077845373637999842e+02 1.857006325826923175e-05 6.824441271636362870e-06
3.084499743637999813e+02 1.808343724853374930e-05 6.759699934580709508e-06
3.091454078356999844e+02 1.762290716257174111e-05 6.695486723065511123e-06
3.098295137356999476e+02 1.723104100621359688e-05 6.632253180773643473e-06
3.105574743153999293e+02 1.685222151126983080e-05 6.568615391986324678e-06
3.112602491654000119e+02 1.652843977133927012e-05 6.506901014445266571e-06
3.119790026654000030e+02 1.622465617487683020e-05 6.447448962884879054e-06
3.127004464654000344e+02 1.594843293583504001e-05 6.387332640997192039e-06
3.129385864138000102e+02 1.586004176356282350e-05 6.368277389933737474e-06
3.135708941638000624e+02 1.564150308627130937e-05 6.318801362895032643e-06
3.141779815154000062e+02 1.544336931850056693e-05 6.270538718100739733e-06
3.143367950356999927e+02 1.539240216354644691e-05 6.258365483452527692e-06
3.149850814857000501e+02 1.519496373508341967e-05 6.209869155947729558e-06
3.156928544653999893e+02 1.498973390535863321e-05 6.155890125040412231e-06
3.164676147154000319e+02 1.477618284728272881e-05 6.101219404701686121e-06
3.172450652654000010e+02 1.457393704348566258e-05 6.046637117672880131e-06
3.176138877138000112e+02 1.448081632695524358e-05 6.022493411938937150e-06
3.182941314138000166e+02 1.431610071537221103e-05 5.979851218644951201e-06
3.188346138654000015e+02 1.419034396568379406e-05 5.946423084415184028e-06
3.190307651357000509e+02 1.414579640188298793e-05 5.934891784283735259e-06
3.197269874857000218e+02 1.398972204040879375e-05 5.895903978804701190e-06
3.204615003154000306e+02 1.383198482305714125e-05 5.857634699655860386e-06
3.212922673654000505e+02 1.365505596591826944e-05 5.813445059768733410e-06
3.221257246654000141e+02 1.347205102680348545e-05 5.770404795565621899e-06
3.224758783138000240e+02 1.339454841164416834e-05 5.751160868659144120e-06
3.232040580137999655e+02 1.322919592919973064e-05 5.709482563581124413e-06
3.237874779856999794e+02 1.309254498131702327e-05 5.674843772102824119e-06
3.246555828356999882e+02 1.288793162300338721e-05 5.622991704360137837e-06
3.255661868154000445e+02 1.266944662193574082e-05 5.566373899446429618e-06
3.264529605654000193e+02 1.245680535866746795e-05 5.512745176307894086e-06
3.273424246654000171e+02 1.224404826041184451e-05 5.458129370135029668e-06
3.275245582638000315e+02 1.219911801429717996e-05 5.447179747338050458e-06
3.281234466841000312e+02 1.205981483290435394e-05 5.411834548133219617e-06
3.288467558357000371e+02 1.189410582271124374e-05 5.369178469281728153e-06
3.291560003654000184e+02 1.182124603806365022e-05 5.350631565955056867e-06
3.300801119654000217e+02 1.161466527338335321e-05 5.297765667717627902e-06
3.310069138654000653e+02 1.141306111490213436e-05 5.244740925700284554e-06
3.318144561138000199e+02 1.124451026173053070e-05 5.200000194373874247e-06
3.326225290137999764e+02 1.108402851416381954e-05 5.155531706687713300e-06
3.328951652654000100e+02 1.102909054974128630e-05 5.140357377462553490e-06
3.332686709356999586e+02 1.095633553576988887e-05 5.120233477196839350e-06
3.340927224356999545e+02 1.080638555032543163e-05 5.076519740485472323e-06
3.348207544653999435e+02 1.067692287945542324e-05 5.037817212508912258e-06
3.358008728653999810e+02 1.051394930380501085e-05 4.987532765345984429e-06
3.367836815154000192e+02 1.036039117876312578e-05 4.937521039791244321e-06
3.371805073638000181e+02 1.030091842619841964e-05 4.917746559838523189e-06
3.379059611841000219e+02 1.019778230408494489e-05 4.882086731052658831e-06
3.385079226857000094e+02 1.011553627781635104e-05 4.852635537235784728e-06
3.387839464653999926e+02 1.007844596979126020e-05 4.839085762160718349e-06
3.398014026654000190e+02 9.948898170553399317e-06 4.790685218968368819e-06
3.408215491653999720e+02 9.827157794877276799e-06 4.742573626216244084e-06
3.416944324638000126e+02 9.728564556328014442e-06 4.702395730658054433e-06
3.425823985637999840e+02 9.633031632049439942e-06 4.661940479759913258e-06
3.428964897654000197e+02 9.600518573917383436e-06 4.647608242063784354e-06
3.431673163856999622e+02 9.572775513145718112e-06 4.635457118569877420e-06
3.440712611357000128e+02 9.482154170900592550e-06 4.595488746459924414e-06
3.450087682154000390e+02 9.392639393560369614e-06 4.554316247760224695e-06
3.460822312153999860e+02 9.293587221197605551e-06 4.508301045785666233e-06
3.471583844653999336e+02 9.199050430219366829e-06 4.462640660912306956e-06
3.473778555137999433e+02 9.180152431270312488e-06 4.453436311496665080e-06
3.478378276840999774e+02 9.140862156621665810e-06 4.434310217783239667e-06
3.487104885356999944e+02 9.068149316925393032e-06 4.398364592124585405e-06
3.493453385654000272e+02 9.017450158752103736e-06 4.372334221928292195e-06
3.504561394153999458e+02 8.929830322241825492e-06 4.327752492426392493e-06
3.515696305653999616e+02 8.845919907525842907e-06 4.283529623788880044e-06
3.521158078638000006e+02 8.805315255941453578e-06 4.262150257992033882e-06
3.528597676841000066e+02 8.750703118316811930e-06 4.233305788601210448e-06
3.534430601857000056e+02 8.708964936580852669e-06 4.210841329016014728e-06
3.538312604154000383e+02 8.682100977026745812e-06 4.195926799199492612e-06
3.549793990654000027e+02 8.601846498252198412e-06 4.152624886262156399e-06
3.561302280154000073e+02 8.524383767990701755e-06 4.109675223602419388e-06
3.569471048638000639e+02 8.469734976868003172e-06 4.079662380149907463e-06
3.579190456841000127e+02 8.405731317626756777e-06 4.044315388908540978e-06
3.584386577357000192e+02 8.372686029594514996e-06 4.025523254476114370e-06
3.596520100654000203e+02 8.294792590608022473e-06 3.982371833182481367e-06
3.608401768653999966e+02 8.220684717062167409e-06 3.940615061922283687e-06
3.618717460637999466e+02 8.156258314627278221e-06 3.904883603437760607e-06
3.629035199638000222e+02 8.092700311955384980e-06 3.869469599595353532e-06
3.631882374356999890e+02 8.075748187596519588e-06 3.859726782898950594e-06
3.633632992356999694e+02 8.065101180373365051e-06 3.853762470315747492e-06
3.644739724153999987e+02 7.997237299045207153e-06 3.816376637221929682e-06
3.656994770654000035e+02 7.923894796701625161e-06 3.775513808026410282e-06
3.668897324138000045e+02 7.852309492341492660e-06 3.736379767400139534e-06
3.679534636637999938e+02 7.789027567862336326e-06 3.701678783093413622e-06
3.681851339653999844e+02 7.775502943834793862e-06 3.694132387744064428e-06
3.694452861654000344e+02 7.700570140191411776e-06 3.653720836908895196e-06
3.707081286653999541e+02 7.626497041999784664e-06 3.613631000059223929e-06
3.719869498154000098e+02 7.551219151532039526e-06 3.573677524717172183e-06
3.732684612154000092e+02 7.476561062122521743e-06 3.533993820254912014e-06
3.745659512654000309e+02 7.400839868970785023e-06 3.494518278733605264e-06
3.758661316154000360e+02 7.325754256372058689e-06 3.455411431732364643e-06
3.771822906153999497e+02 7.249655523219408572e-06 3.416489182934344005e-06
3.785011398653999777e+02 7.174051819291243261e-06 3.377908260313320649e-06
3.798359677653999711e+02 7.097516153706476152e-06 3.339511100969029399e-06
3.823098644637999541e+02 6.956909203684952211e-06 3.269709770706462199e-06
3.837755021840999916e+02 6.874033122602302511e-06 3.229101630923599127e-06
3.851708924856999943e+02 6.795377688824853115e-06 3.191057821310961490e-06
3.876958480138000027e+02 6.654069110629527936e-06 3.123489147829602229e-06
3.890588066840999772e+02 6.578101068594899851e-06 3.087614062827893248e-06
3.905942142856999340e+02 6.493042564354952706e-06 3.047805905226843888e-06
3.931751768138000216e+02 6.350936541665306194e-06 2.982047160712583797e-06
3.943794496840999955e+02 6.284992110224698714e-06 2.951841745686305876e-06
3.946640392856999711e+02 6.269421358991957144e-06 2.944729142137587363e-06
3.963347805654000240e+02 6.178650821688829250e-06 2.903504045087385406e-06
3.987478499637999789e+02 6.048473655525009259e-06 2.844924161670732720e-06
4.002133599637999737e+02 5.970057425050960739e-06 2.809887075219774346e-06
4.021968217154000058e+02 5.864817459026625703e-06 2.763199873187988305e-06
4.043998819357000230e+02 5.749033509720134534e-06 2.712167137600196280e-06
4.059027299356999947e+02 5.670997425209810777e-06 2.677897276157912441e-06
4.082082142154000053e+02 5.552501425440038881e-06 2.626179153285084211e-06
4.101219064356999979e+02 5.455318043455339935e-06 2.583926646963911040e-06
4.105654051840999728e+02 5.432999527827673999e-06 2.574220091130251212e-06
4.117134164638000016e+02 5.375730097153976465e-06 2.549336545347841065e-06
4.143689587154000264e+02 5.244704219787617084e-06 2.492614273919065972e-06
4.160259369638000067e+02 5.164180719816314111e-06 2.457788921818550555e-06
4.176034609637999893e+02 5.088817100012866508e-06 2.425165879626554172e-06
4.202497964356999773e+02 4.964380169710459703e-06 2.371324574270139616e-06
4.215427306840999790e+02 4.904845239454198890e-06 2.345460345219519885e-06
4.219719884637999598e+02 4.885133559543398221e-06 2.336908824292979646e-06
4.238901087154000038e+02 4.798262903841904245e-06 2.299205880328246962e-06
4.262145169356999759e+02 4.695091158844972601e-06 2.254271141506255061e-06
4.270874006840999755e+02 4.657127150125602570e-06 2.237641729872059849e-06
4.280113849637999692e+02 4.617304064341451003e-06 2.220177969493869293e-06
4.304242317153999693e+02 4.514863425952544831e-06 2.175210950125139019e-06
4.322725824357000306e+02 4.438135704066724004e-06 2.141343836847180253e-06
4.326694081840999502e+02 4.421856806878365734e-06 2.134133596499028542e-06
4.341441254637999805e+02 4.362331758123361817e-06 2.107675608528344623e-06
4.367344544357000018e+02 4.259815791582587212e-06 2.061932156347134722e-06
4.382887536841000156e+02 4.199936173430210622e-06 2.034992429774800899e-06
4.386620049638000296e+02 4.185619041219017452e-06 2.028542715426724803e-06
4.405054492153999490e+02 4.116225443575348552e-06 1.997193865745564114e-06
4.429418709356999670e+02 4.026783082624844737e-06 1.956483798917651480e-06
4.439454371840999443e+02 3.990807448161944117e-06 1.939995046116827109e-06
4.449440969637999501e+02 3.955428920520407880e-06 1.923728894107252893e-06
4.474129502153999738e+02 3.869655536809259562e-06 1.884124869909809940e-06
4.492426319356999898e+02 3.807752629680410761e-06 1.855317238115130736e-06
4.496394581841000218e+02 3.794474479671352925e-06 1.849115338380832108e-06
4.513195334637999281e+02 3.739254592409680995e-06 1.823247767052418975e-06
4.538538554356999271e+02 3.657910095487479786e-06 1.784877944727138913e-06
4.553708171841000194e+02 3.610499429701176346e-06 1.762370256185557337e-06
4.559867639638000583e+02 3.591447052466437369e-06 1.753286823779574358e-06
4.580542352153999559e+02 3.528630773727324439e-06 1.723271682647281255e-06
4.603039679356999159e+02 3.462022537210126817e-06 1.691217099887558270e-06
4.611395136840999953e+02 3.437744557858680799e-06 1.679495122877621912e-06
4.625115519638000023e+02 3.398432973164981699e-06 1.660468352302467203e-06
4.650085364356999662e+02 3.328425136310528093e-06 1.626391925107939356e-06
4.668474254357000177e+02 3.278178997459084821e-06 1.601826822911941244e-06
4.672721274638000182e+02 3.266684023513010330e-06 1.596165405319827822e-06
4.691296849638000594e+02 3.217255563494675231e-06 1.571912883911691605e-06
4.716080004356999211e+02 3.152841447932519127e-06 1.540117796403249571e-06
4.727889211840999337e+02 3.122769482624660147e-06 1.525261947042195750e-06
4.739462664638000433e+02 3.093677749600854031e-06 1.510858472488258306e-06
4.764059129356999165e+02 3.033065188806182403e-06 1.480747266969816941e-06
4.783008089356999335e+02 2.987425410820510264e-06 1.458025144507418264e-06
4.788001864638000598e+02 2.975525074631744953e-06 1.452064647361039763e-06
4.807137504638000678e+02 2.930583342481000657e-06 1.429676112245977950e-06
4.831547279357000662e+02 2.874504144337508710e-06 1.401624424274034780e-06
4.845876791841000113e+02 2.842211465070928056e-06 1.385498084557014739e-06
4.856236769637999942e+02 2.819144957039493082e-06 1.373957579961041102e-06
4.880459859357000028e+02 2.766159558287881008e-06 1.347424544627571049e-06
4.905430656840999859e+02 2.712792282691285453e-06 1.320678736621982711e-06
4.925405124637999847e+02 2.671012025215044116e-06 1.299790196756782054e-06
4.949441524357000048e+02 2.621742240516942668e-06 1.275104700306893780e-06
4.965357896840999388e+02 2.589721932467585796e-06 1.259115424633307250e-06
4.975437839637999673e+02 2.569679740656511443e-06 1.249096992841454735e-06
4.999287549357000557e+02 2.523024770956002560e-06 1.225794118897916151e-06
5.025658511841000404e+02 2.472538924851558007e-06 1.200598397190586648e-06
5.046099704637999821e+02 2.434231133339127945e-06 1.181546230296822604e-06
5.069762724356999684e+02 2.390713423236580882e-06 1.159890533435632188e-06
5.086332506841000054e+02 2.360786560258584621e-06 1.145052579269061588e-06
5.097065864638000221e+02 2.341619244153195316e-06 1.135547985236290928e-06
5.120542194357000199e+02 2.300338195899169076e-06 1.115106035511547020e-06
5.141171354356999927e+02 2.264737813977976138e-06 1.097512144136765838e-06
5.148405399637999835e+02 2.252374257546704209e-06 1.091397029384356620e-06
5.169221244637999462e+02 2.217319885880668161e-06 1.074130501806219315e-06
5.192510884357001260e+02 2.178786796773582235e-06 1.055157296167888883e-06
5.208800631840999813e+02 2.152316029484409395e-06 1.042164530147364493e-06
5.221120844637999880e+02 2.132527765649854415e-06 1.032457448659382197e-06
5.244223799356999507e+02 2.095976280423015729e-06 1.014550584692257465e-06
5.265413029357000596e+02 2.063087531212657756e-06 9.984723159540205142e-07
5.273393829637999488e+02 2.050813055933898237e-06 9.924690200877916673e-07
5.294769744637999338e+02 2.018470260843055636e-06 9.767027765708750228e-07
5.317686009356999648e+02 1.984391336917002871e-06 9.601040145138973014e-07
5.332762276840999220e+02 1.962359021529046138e-06 9.493955802629475333e-07
5.347602794637999750e+02 1.940939559159170570e-06 9.389936457821937993e-07
5.370332369356999607e+02 1.908621395012642422e-06 9.233157328084909510e-07
5.392081659356999808e+02 1.878319530066376032e-06 9.086422792215153392e-07
5.400809219637999377e+02 1.866273702900471122e-06 9.028098887817363814e-07
5.422745204638000587e+02 1.836509402310960115e-06 8.884270239148684503e-07
5.445288084356999434e+02 1.806434525465174573e-06 8.739028457588586774e-07
5.458217426841000588e+02 1.789464190698507086e-06 8.657179428222144565e-07
5.476511699637999300e+02 1.765790640582594373e-06 8.543097666381933507e-07
5.498867894357000523e+02 1.737312157425452394e-06 8.405985415067474642e-07
5.521177254356999811e+02 1.709477583167897811e-06 8.272087367757260355e-07
5.552819802153999262e+02 1.670857212135556789e-06 8.086513657129305388e-07
5.585164824638000027e+02 1.632454357040964167e-06 7.902173883805556433e-07
5.607847564638000222e+02 1.606193632415169127e-06 7.776213042853524460e-07
5.629830379357000538e+02 1.581172548735867226e-06 7.656262152202603717e-07
5.649200501840999777e+02 1.559563318117727828e-06 7.552697780335779227e-07
5.662920884637999279e+02 1.544456732798503628e-06 7.480307406391960425e-07
5.684717009356999142e+02 1.520815483639785645e-06 7.367091857613532805e-07
5.707773124356999688e+02 1.496319348735696248e-06 7.249768615143510885e-07
5.718367574638000406e+02 1.485186983779044883e-06 7.196466681634299766e-07
5.741610384638000824e+02 1.461209959306960190e-06 7.081663199285220256e-07
5.763219824356999652e+02 1.439297266384613692e-06 6.976730790089539574e-07
5.778389436841000588e+02 1.424180361710024598e-06 6.904339339685770356e-07
5.797617149638000456e+02 1.405310529430175941e-06 6.813962425056440207e-07
5.819039899356999967e+02 1.384613672641676256e-06 6.714849125245690450e-07
5.842656089356999018e+02 1.362285237223240389e-06 6.607871795703634659e-07
5.853997299637999276e+02 1.351693447094482885e-06 6.557117771954810964e-07
5.876121241840999119e+02 1.331381215071667472e-06 6.459792257905984896e-07
5.899036229357000138e+02 1.310740186922825968e-06 6.360815759431934326e-07
5.910750819638000166e+02 1.300321934187049241e-06 6.310847704918932105e-07
5.934740379638000149e+02 1.279366744128179003e-06 6.210288374804391651e-07
5.955789749357001028e+02 1.261291447822581960e-06 6.123495500296948670e-07
5.974973181840999814e+02 1.245133297679023249e-06 6.045874759997795519e-07
5.992053969638000126e+02 1.230964024202370245e-06 5.977771116001727110e-07
6.012916649356999415e+02 1.213918924575198655e-06 5.895819517927579339e-07
6.037279594356999723e+02 1.194417838631759805e-06 5.801966461940276967e-07
6.049740939637999873e+02 1.184569387442793327e-06 5.754526364609417387e-07
6.074290569638000079e+02 1.165528714198470277e-06 5.662808642745193779e-07
6.107801284637999970e+02 1.140148471263457807e-06 5.540412412047735025e-07
6.132537604637999493e+02 1.121882009968651704e-06 5.452228762535024141e-07
6.153026909356999568e+02 1.107006146591926112e-06 5.380322623110511520e-07
6.174917336840999269e+02 1.091422921986631253e-06 5.304978288748289702e-07
6.191158024637999233e+02 1.080040266552237093e-06 5.249896794099195747e-07
6.211460639356999991e+02 1.066020981886329794e-06 5.182019456075903213e-07
6.236570339357000421e+02 1.049015590764779745e-06 5.099611508761530774e-07
6.250151819637999324e+02 1.039944488576864597e-06 5.055588451603768752e-07
6.275448204637999652e+02 1.023353219360107632e-06 4.975094546944061772e-07
6.295564124356999400e+02 1.010394884416696342e-06 4.912143585145755285e-07
6.310080326841000442e+02 1.001174027380895848e-06 4.867329613851370525e-07
6.335002064638000547e+02 9.856021116451848561e-07 4.791613404389431150e-07
6.354931299356999261e+02 9.733555350293935569e-07 4.731969675309081130e-07
6.378221891841000115e+02 9.593080306461315348e-07 4.663572620053760345e-07
6.394929299638000657e+02 9.493871686580195605e-07 4.615217226498132029e-07
6.414671844357000055e+02 9.378314259629922956e-07 4.558862866486923627e-07
6.440528304357000025e+02 9.229772301829324159e-07 4.486413654838212499e-07
6.455229919637999956e+02 9.146570294591157680e-07 4.445767306381723815e-07
6.480994306840999570e+02 9.003197617663694548e-07 4.375779580062742731e-07
6.515625156841000489e+02 8.814816805551532109e-07 4.283689528493895257e-07
6.542133749637999927e+02 8.674031936357402480e-07 4.214870828303151644e-07
6.561502919357000110e+02 8.572866087260158145e-07 4.165340837198303827e-07
6.584886856841000053e+02 8.452794641569432645e-07 4.106610301273222637e-07
6.603367814637999800e+02 8.359364130418610741e-07 4.060876949044093757e-07
6.622550294356998393e+02 8.263726228931272522e-07 4.014036574276348658e-07
6.649153504356999065e+02 8.133413245179181775e-07 3.950257935784086736e-07
6.664975254638000024e+02 8.057072703114436150e-07 3.912840353391615936e-07
6.689339476841000760e+02 7.941328793962500521e-07 3.856182684318527586e-07
6.710760949356999845e+02 7.841220468622431907e-07 3.807151397287615047e-07
6.726956074638000018e+02 7.766527570604107653e-07 3.770544907084042926e-07
6.753932664638001597e+02 7.644128305158540723e-07 3.710626017560546213e-07
6.772741764357001557e+02 7.560115876766118681e-07 3.669449614902292373e-07
6.794912226840999665e+02 7.462614618673867446e-07 3.621726107745050213e-07
6.816473559638000097e+02 7.369260352561664655e-07 3.576031956732312315e-07
6.835095969357000740e+02 7.289736029349813167e-07 3.537084763774199739e-07
6.862445939357000952e+02 7.174879164406105633e-07 3.480899581776034815e-07
6.879387824637999529e+02 7.104758465640269172e-07 3.446564776003720255e-07
6.901045046840999930e+02 7.016401986645318688e-07 3.403356780942481195e-07
6.925360204357000384e+02 6.918769844637650873e-07 3.355624995352510060e-07
6.942675469637999868e+02 6.850177906067179004e-07 3.322071423576185184e-07
6.970398814637999294e+02 6.742181175986070877e-07 3.269319735241954320e-07
6.988647844356999030e+02 6.672153175734942658e-07 3.235098498415414718e-07
7.008298001841000087e+02 6.597764475571595568e-07 3.198779628565620102e-07
7.034246529638000993e+02 6.501056674295709009e-07 3.151585603078795773e-07
7.052308869357001413e+02 6.434652758184398579e-07 3.119164422129987304e-07
7.080173346841000921e+02 6.333931696580167413e-07 3.070053822879039291e-07
7.116111021841001048e+02 6.206708948492354700e-07 3.008028760714513026e-07
7.144626689357000942e+02 6.108007016446107524e-07 2.959956907291412997e-07
7.163062089638000316e+02 6.045113381373912200e-07 2.929319292010236553e-07
7.188546441841000387e+02 5.959564784466519939e-07 2.887689396513665103e-07
7.209221159357001625e+02 5.891188078868229923e-07 2.854419843134075282e-07
7.228029934637999077e+02 5.829753562690386662e-07 2.824532788112266650e-07
7.256686729637999633e+02 5.737733962812156459e-07 2.779800210418542555e-07
7.274189004357000385e+02 5.682294561108635222e-07 2.752845281254556130e-07
7.298039666841000326e+02 5.607890356346435925e-07 2.716699078728311127e-07
7.322214649638000310e+02 5.533659192202964388e-07 2.680645128475703783e-07
7.339530234357000609e+02 5.481140094827123108e-07 2.655136410277310373e-07
7.368560404357000380e+02 5.394575795080010688e-07 2.613119111713776341e-07
7.388115939637999645e+02 5.337109262284077315e-07 2.585224232367825708e-07
7.408092961840999351e+02 5.279226710200879483e-07 2.557141013640183963e-07
7.434461699357000271e+02 5.204000778693144559e-07 2.520649515988865540e-07
7.454390614638000443e+02 5.147914035550182062e-07 2.493441042374927315e-07
7.482021891840998933e+02 5.071497293856167864e-07 2.456387874250836054e-07
7.500736369356999376e+02 5.020477514575981348e-07 2.431648145770153154e-07
7.521038664638000455e+02 4.965815343898902943e-07 2.405147462397861717e-07
7.550628904638000449e+02 4.887531040060354431e-07 2.367200804178681838e-07
7.567384419356999388e+02 4.843780956957922749e-07 2.345989634138439860e-07
7.593755386840999790e+02 4.776018896535147826e-07 2.313149215690396010e-07
7.617837019638000129e+02 4.715133959213397051e-07 2.283639278595050765e-07
7.634405849357000307e+02 4.673737695060787826e-07 2.263573211805017083e-07
7.664369469356998934e+02 4.600134024304632095e-07 2.227901803950825202e-07
7.685418519638000134e+02 4.549202529171833829e-07 2.203212251907033009e-07
7.706048951841000871e+02 4.500014995149853026e-07 2.179372539705800273e-07
7.731950964357000657e+02 4.439196817227945236e-07 2.149892437110589881e-07
7.753373394638000491e+02 4.389586441531368988e-07 2.125839015996547295e-07
7.781471396841000114e+02 4.325660754415642752e-07 2.094849587097667377e-07
7.799905844357000433e+02 4.284312571233352888e-07 2.074799024609617530e-07
7.821701649638000617e+02 4.236040632228269220e-07 2.051390800488564837e-07
7.852225334638000049e+02 4.169642852575112795e-07 2.019191503407335990e-07
7.868234094357000004e+02 4.135270983316097783e-07 2.002514580387849551e-07
7.895445161840999617e+02 4.077756756510288850e-07 1.974617602260769064e-07
7.921113654637999844e+02 4.024405244131217820e-07 1.948732161388413692e-07
7.936935724357000481e+02 3.991908668212631159e-07 1.932959180666600168e-07
7.967832789356999683e+02 3.929493903429242456e-07 1.902670673020055182e-07
7.990375354638000545e+02 3.884669716555998560e-07 1.880906935903787197e-07
8.009978996841000480e+02 3.846241012142001925e-07 1.862250848732374222e-07
8.037094489357000384e+02 3.793886262005207598e-07 1.836830468105996771e-07
8.060010434637999879e+02 3.750280280148621829e-07 1.815647054448349299e-07
8.086894956841000521e+02 3.699987327848457575e-07 1.791220469582905286e-07
8.106729569357000855e+02 3.663407313707403271e-07 1.773447130350741209e-07
8.130018889637999564e+02 3.621009958380404776e-07 1.752842185234506051e-07
8.161476024638000126e+02 3.564774807000069706e-07 1.725514863616523739e-07
8.176738029356999959e+02 3.537845609696453139e-07 1.712418655863844773e-07
8.203108991840999806e+02 3.491975847807587611e-07 1.690121446097697257e-07
8.232044544637999479e+02 3.442506126821637267e-07 1.666068580694570643e-07
8.247119859356999996e+02 3.417045043096906796e-07 1.653680301649951146e-07
8.278950374357000328e+02 3.364144282869775168e-07 1.627955257181795374e-07
8.302986454638000851e+02 3.324851423288930877e-07 1.608837163070273696e-07
8.319883101840999871e+02 3.297580849251349908e-07 1.595569384839908846e-07
8.349892279357000007e+02 3.249863135577377575e-07 1.572355721375313385e-07
8.374301734638000880e+02 3.211651724808958283e-07 1.553754642913857286e-07
8.398292571841000154e+02 3.174679798935706026e-07 1.535764444126915456e-07
8.421207559356998900e+02 3.139860629606801815e-07 1.518818189216897277e-07
8.445990394638000680e+02 3.102716279710580103e-07 1.500732041692724360e-07
8.477075421841000207e+02 3.056946091786773351e-07 1.478455144823886216e-07
8.492896219356999836e+02 3.033959537644604307e-07 1.467260951561323791e-07
8.518052429637999694e+02 2.997864323771496657e-07 1.449685767901398384e-07
8.550629694637999592e+02 2.951943010605837366e-07 1.427330642131136009e-07
8.564958254356999987e+02 2.931999419897074443e-07 1.417613369419409203e-07
8.596089796841000634e+02 2.889304785491644086e-07 1.396828365160043533e-07
8.623251804637999385e+02 2.852684838636648782e-07 1.378996940461283414e-07
8.637393674357000464e+02 2.833834063528818742e-07 1.369813571269229097e-07
8.670344319357000131e+02 2.790557835038703744e-07 1.348744927621299962e-07
8.696247284638000110e+02 2.757094379594385548e-07 1.332444786663788575e-07
8.715664236841000729e+02 2.732351811619058672e-07 1.320397879398596632e-07
8.743339799356999720e+02 2.697572851584262363e-07 1.303466761779208175e-07
8.769616149637998888e+02 2.665042739299496904e-07 1.287622809393568999e-07
8.795940606840998726e+02 2.632966866046403653e-07 1.272009798291065854e-07
8.816708664356999634e+02 2.607995637043025048e-07 1.259853130716162618e-07
8.843358389638000290e+02 2.576372068858665481e-07 1.244454318974548354e-07
8.876590346841001065e+02 2.537631562600455510e-07 1.225601053915943337e-07
8.917195251841000072e+02 2.491259767723400161e-07 1.203029353494735032e-07
8.951171414638000670e+02 2.453283304363426345e-07 1.184552269277105824e-07
8.964566524357001072e+02 2.438491931281240968e-07 1.177350392177638701e-07
8.998405061841000361e+02 2.401663551695997911e-07 1.159436732253948063e-07
9.039009966841000505e+02 2.358363768813650809e-07 1.138372420191380939e-07
9.073126304357001572e+02 2.322746473485605929e-07 1.121055000233575928e-07
9.100896164638000982e+02 2.294230345026185181e-07 1.107186355756385747e-07
9.120779841840999325e+02 2.274088343734641338e-07 1.097395492075211469e-07
9.148175369356999909e+02 2.246700328159575812e-07 1.084085698636792885e-07
9.176318609638000225e+02 2.218974003581354167e-07 1.070608449376141724e-07
9.202923101840999607e+02 2.193169306820350736e-07 1.058073176762519154e-07
9.223597814356999152e+02 2.173368245940777073e-07 1.048454506407354670e-07
9.252114429637999820e+02 2.146409270144175820e-07 1.035358064708278091e-07
9.285439731841000821e+02 2.115446021709920679e-07 1.020325499124582251e-07
9.299393634357001019e+02 2.102636525388831461e-07 1.014105109539512460e-07
9.328283629637999184e+02 2.076430887443819013e-07 1.001384488731465399e-07
9.363101169638000556e+02 2.045391232903604315e-07 9.863230800689774492e-08
9.375562834357000384e+02 2.034407233520425128e-07 9.809908175556848980e-08
9.410054781841000704e+02 2.004423492711231609e-07 9.664476871099260853e-08
9.439830439638001280e+02 1.978974833037875661e-07 9.541060212706299422e-08
9.452105419356998937e+02 1.968592190799538517e-07 9.490701493304856262e-08
9.487296334357000660e+02 1.939225618954826275e-07 9.348351794742591275e-08
9.516933084638000082e+02 1.914898898150302132e-07 9.230429514620238850e-08
9.535229906840997955e+02 1.900073491317240101e-07 9.158589203030545149e-08
9.564398984356998881e+02 1.876737319848205318e-07 9.045538628730825094e-08
9.594409114637999210e+02 1.853081257897505815e-07 8.930935196772626022e-08
9.619240051840999968e+02 1.833798919316112185e-07 8.837561262046382860e-08
9.641875004357000307e+02 1.816435651528712015e-07 8.753490184503240849e-08
9.672258514637998132e+02 1.793435293535693993e-07 8.642128709573494487e-08
9.703623576841000613e+02 1.770085689913314833e-07 8.529124156221144168e-08
9.719724409356999786e+02 1.758239757280136102e-07 8.471793081502082147e-08
9.750481299638000792e+02 1.735882885205116638e-07 8.363613137004109398e-08
9.786418974637999781e+02 1.710215433075595071e-07 8.239447880919184628e-08
9.797947194356999034e+02 1.702070239280036994e-07 8.200036477412748803e-08
9.831038971840998784e+02 1.678984923048165557e-07 8.088391346500248004e-08
9.865201824637999835e+02 1.655558513244399223e-07 7.975112727044119029e-08
9.876543354356998634e+02 1.647861309655139827e-07 7.937885205895993001e-08
9.912854404357001386e+02 1.623548079605251862e-07 7.820347521758585468e-08
9.944358049637999102e+02 1.602804705786091203e-07 7.720070159613248900e-08
9.959014426841000613e+02 1.593266239957428327e-07 7.673963058495353402e-08
9.992010634357000072e+02 1.572059878026055571e-07 7.571473226911361101e-08
1.002388765963799983e+03 1.551890947760765979e-07 7.473992252202275374e-08
1.004489146684100092e+03 1.538784789389105946e-07 7.410658418063655511e-08
1.007154023935700138e+03 1.522355613101424204e-07 7.331273032449066179e-08
1.010379064463799978e+03 1.502752261121003238e-07 7.236545903593525091e-08
1.013114188684099986e+03 1.486383760399576921e-07 7.157462901781464627e-08
1.015144322435700019e+03 1.474374926319204169e-07 7.099439933191769389e-08
1.018406698963799954e+03 1.455321550572337670e-07 7.007378919504890877e-08
1.021776566684100089e+03 1.435974448659588740e-07 6.913910767753371252e-08
1.023171958935699990e+03 1.428052289744311168e-07 6.875631508409746918e-08
1.026471674963800069e+03 1.409538321036528566e-07 6.786185518083410208e-08
1.030196124963800230e+03 1.389008062038589318e-07 6.687000528505995936e-08
1.031236933435699939e+03 1.383330132214328547e-07 6.659560160767017612e-08
1.034854146184099818e+03 1.363846556899435991e-07 6.565432166892780578e-08
1.038317103463800095e+03 1.345512344087728329e-07 6.476847921443690423e-08
1.039339246935699975e+03 1.340153843037974086e-07 6.450948504759084845e-08
1.043101034935700000e+03 1.320684754542957362e-07 6.356879422351012959e-08
1.046475422824400084e+03 1.303513678141841707e-07 6.273896581668535381e-08
1.047987732544700066e+03 1.295909312600664581e-07 6.237146525606720770e-08
1.051259351435699955e+03 1.279654638767092562e-07 6.158598960350896934e-08
1.054671079324399898e+03 1.262965950726826490e-07 6.077935018339074960e-08
1.056799462544699963e+03 1.252697355780568682e-07 6.028307610448423609e-08
1.059455006935700112e+03 1.240032856689114511e-07 5.967099281948357406e-08
1.062904073463799932e+03 1.223814647063128009e-07 5.888697773051058766e-08
1.065648531184099966e+03 1.211105617710271728e-07 5.827267460859922465e-08
1.067688001435700016e+03 1.201766191527942078e-07 5.782118367998983203e-08
1.071174407963800149e+03 1.186003394524184045e-07 5.705904342372039556e-08
1.074534941184100035e+03 1.171062520254730509e-07 5.633676036112040012e-08
1.075958334935700123e+03 1.164802560400464310e-07 5.603406345465689969e-08
1.079482076463800013e+03 1.149486745817136816e-07 5.529350022798505025e-08
1.083337208963799867e+03 1.133022079522531940e-07 5.449739965068577978e-08
1.084266007435699976e+03 1.129094862522159299e-07 5.430739717913180684e-08
1.087948561184099844e+03 1.113707973285845049e-07 5.356335749981434865e-08
1.091700884963799808e+03 1.098298232027763040e-07 5.281815966001219974e-08
1.092611013435699988e+03 1.094596867549980013e-07 5.263906110310525291e-08
1.096503483935700160e+03 1.078959975767855547e-07 5.188289683712386156e-08
1.100101900463799893e+03 1.064749344021197904e-07 5.119557446765851091e-08
1.101418186184100023e+03 1.059608914209467279e-07 5.094694783446776853e-08
1.104904497935699965e+03 1.046149026034852886e-07 5.029606412608218736e-08
1.108540254463800238e+03 1.032333878686618240e-07 4.962781401426281031e-08
1.110453946184100005e+03 1.025155233009102873e-07 4.928063972271682377e-08
1.113342850935699971e+03 1.014437017169682777e-07 4.876232438655442498e-08
1.117015943824399983e+03 1.001004383984238541e-07 4.811254915586348613e-08
1.119527042544699952e+03 9.919528990034183796e-08 4.767484038897252156e-08
1.121818542935699952e+03 9.837816052319992381e-08 4.727969203428399431e-08
1.125528972081699976e+03 9.707239620070195989e-08 4.664814216458167884e-08
1.128637473801999931e+03 9.599550383400990024e-08 4.612745666863173461e-08
1.130331568435699864e+03 9.541473280074540746e-08 4.584660885263459547e-08
1.134079339963800066e+03 9.414527059091689234e-08 4.523271381000279426e-08
1.137785246184099833e+03 9.291100876381024613e-08 4.463600435429928185e-08
1.138881933435699921e+03 9.254938784054796180e-08 4.446112977988368408e-08
1.142667042581699889e+03 9.131520025951515047e-08 4.386443055096749592e-08
1.146671526081699994e+03 9.003188364333217178e-08 4.324409120639043603e-08
1.147469641935699883e+03 8.977850948850598153e-08 4.312153599522254055e-08
1.151492794935699976e+03 8.851614024833812386e-08 4.251140557793131712e-08
1.155315236463800147e+03 8.733697517995463626e-08 4.194149119467069623e-08
1.156192801184099835e+03 8.706887009929670815e-08 4.181187815649670051e-08
1.160136501435699984e+03 8.587744051293316585e-08 4.123618510090885037e-08
1.163996285581700022e+03 8.473059988500733420e-08 4.068200138288821100e-08
1.165452588802000037e+03 8.430285384925220669e-08 4.047533110887774053e-08
1.168817551935699839e+03 8.332498672693483451e-08 4.000297409839805319e-08
1.172714673463799954e+03 8.220952460316228860e-08 3.946407500760642465e-08
1.174749711184100306e+03 8.163459706118151736e-08 3.918639710847003515e-08
1.177535936435700023e+03 8.085558098383891079e-08 3.881020402851005065e-08
1.181470397963799769e+03 7.977076390880275278e-08 3.828627799556286303e-08
1.184084176184100215e+03 7.906035325936341204e-08 3.794329395655265474e-08
1.186291664435699886e+03 7.846642093487077759e-08 3.765655638836339703e-08
1.190263458581699979e+03 7.741134605403973779e-08 3.714716518061064963e-08
1.193455973801999789e+03 7.657639230685179633e-08 3.674418192854246732e-08
1.195084726935699791e+03 7.615458468056048894e-08 3.654059400151444103e-08
1.199093858463799961e+03 7.512847052873520452e-08 3.604535596505070971e-08
1.202865106184099886e+03 7.417920779201802682e-08 3.558735209736875936e-08
1.203915122935700083e+03 7.391740521420174106e-08 3.546101743459373674e-08
1.207961595824400092e+03 7.291951810636060935e-08 3.497959177185382818e-08
1.212115430824400164e+03 7.191263342577444735e-08 3.449392503866231293e-08
1.212782862935699995e+03 7.175226261438934331e-08 3.441653591672657703e-08
1.216955366935699885e+03 7.076089264231017880e-08 3.393843745808386130e-08
1.221039176081699907e+03 6.980686270029371388e-08 3.347837334066659968e-08
1.221795393801999808e+03 6.963183183117083271e-08 3.339395257975272549e-08
1.225879109935699944e+03 6.869681951113553521e-08 3.294316876679011466e-08
1.230000257824400251e+03 6.776873926241771143e-08 3.249573970080415854e-08
1.231316542544700269e+03 6.747560436481311429e-08 3.235443006062157678e-08
1.234840191935699977e+03 6.669889423286417352e-08 3.198009640910071732e-08
1.238998678463799934e+03 6.579615285360761484e-08 3.154501297429288398e-08
1.240875031184099953e+03 6.539389647269465372e-08 3.135117669462380482e-08
1.243838612435700043e+03 6.476486015453308095e-08 3.104809388097496798e-08
1.248034436581700220e+03 6.388666905999555405e-08 3.062494600386799640e-08
1.250470858802000066e+03 6.338373131103421453e-08 3.038266773032130767e-08
1.252874372435700025e+03 6.289239939658268847e-08 3.014599455566881581e-08
1.257107533963800051e+03 6.203822458788494550e-08 2.973453356191326093e-08
1.260104021184100020e+03 6.144255803056773930e-08 2.944766467503737726e-08
1.261947465935699938e+03 6.107957851696086331e-08 2.927285102064665866e-08
1.266217967463799823e+03 6.024871746140544006e-08 2.887272173646144526e-08
1.269774526184099841e+03 5.956776464750022017e-08 2.854485141132097331e-08
1.271057903435699927e+03 5.932429492112217480e-08 2.842761543007902472e-08
1.275365739963800024e+03 5.851614948254673957e-08 2.803851689651075729e-08
1.279482366184099874e+03 5.775689584136952805e-08 2.767301842889080982e-08
1.280205674935700017e+03 5.762466365803346990e-08 2.760934916828424566e-08
1.284550847824399852e+03 5.683867384168829039e-08 2.723101198039010662e-08
1.288872703324399936e+03 5.607017548749275105e-08 2.686111814951946288e-08
1.289390785435700082e+03 5.597879931957909220e-08 2.681711923310418448e-08
1.293731311435700036e+03 5.522156064454444889e-08 2.645268520123859140e-08
1.298113822963799976e+03 5.446984785943031163e-08 2.609092934712223036e-08
1.299010056184099994e+03 5.431766143872623220e-08 2.601768323332603820e-08
1.302972421435700198e+03 5.365145879537415700e-08 2.569712152508259682e-08
1.307392272963799996e+03 5.292007097957861751e-08 2.534516161307409403e-08
1.308829911184099956e+03 5.268488755383971748e-08 2.523199293652488119e-08
1.312250881435699966e+03 5.213063909089480727e-08 2.496533687148041596e-08
1.316708067963799976e+03 5.141917356255010035e-08 2.462302347363695059e-08
1.318687101184100129e+03 5.110726435261080340e-08 2.447296342092247654e-08
1.321566671435700073e+03 5.065766269453750378e-08 2.425667716482626510e-08
1.326061195581700076e+03 4.996549766897363237e-08 2.392366746351539044e-08
1.328581628802000068e+03 4.958267235560050770e-08 2.373951431757735824e-08
1.330919801435700037e+03 4.923078648852646792e-08 2.357025076656184826e-08
1.335451662963799890e+03 4.855745263725372463e-08 2.324633965930944307e-08
1.338513491184100076e+03 4.810922174135293966e-08 2.303074629840990054e-08
1.340310266435699987e+03 4.784854817192313958e-08 2.290536096706375074e-08
1.344879469324400134e+03 4.719347998129918536e-08 2.259026454655783338e-08
1.348482697544699931e+03 4.668498581146154982e-08 2.234570460195275060e-08
1.349738071435699794e+03 4.650937664507943826e-08 2.226123646581741390e-08
1.354344610581699953e+03 4.587208687726487964e-08 2.195471589319269480e-08
1.358489238802000045e+03 4.530818170472310648e-08 2.168352185206199063e-08
1.359203216435700142e+03 4.521185971815169577e-08 2.163718983759626021e-08
1.363847094324399905e+03 4.459187099361983196e-08 2.133902458893199710e-08
1.368336969324399888e+03 4.400256388478074226e-08 2.105562281600008075e-08
1.368705696435700020e+03 4.395454322732986098e-08 2.103251599821447940e-08
1.373214241435699932e+03 4.337337679157707295e-08 2.075304309719322013e-08
1.377895457963800027e+03 4.278007910535066113e-08 2.046773089152299381e-08
1.378614336184100011e+03 4.268983145983038693e-08 2.042432834176432121e-08
1.382772726435699951e+03 4.217275607163103342e-08 2.017570309454804047e-08
1.387491280581699812e+03 4.159537763517353034e-08 1.989806139961158605e-08
1.388732893801999808e+03 4.144509362782625152e-08 1.982579671146158797e-08
1.392368556435699929e+03 4.100905050701519109e-08 1.961615657453885669e-08
1.397124447963800094e+03 4.044715507367586336e-08 1.934597688274503648e-08
1.398888786184100127e+03 4.024118410653357898e-08 1.924695140169096690e-08
1.402001716435700018e+03 3.988102349383421303e-08 1.907380982536553139e-08
1.406794947963800041e+03 3.933415548146494213e-08 1.881088379350628297e-08
1.409082021184100086e+03 3.907659426915872422e-08 1.868707220566976429e-08
1.411672221435700067e+03 3.878745465257447923e-08 1.854808732612718597e-08
1.416502785581699982e+03 3.825523771052556767e-08 1.829224325867336416e-08
1.419312588801999937e+03 3.794993721757660749e-08 1.814550835970420545e-08
1.421380061435699872e+03 3.772722328473818449e-08 1.803846539657430288e-08
1.426247962963800092e+03 3.720918026205565905e-08 1.778946737452406279e-08
1.429580491184100083e+03 3.685973564032700926e-08 1.762153570607566456e-08
1.431125236435700117e+03 3.669910237280886876e-08 1.754433859290103362e-08
1.436030480581699976e+03 3.619479068729884548e-08 1.730197002704639270e-08
1.439885738802000105e+03 3.580460032068141317e-08 1.711448820758902845e-08
1.440907751435699993e+03 3.570200873304390551e-08 1.706518952037048077e-08
1.445850332963799929e+03 3.521111847923751830e-08 1.682932218444875781e-08
1.450228321184100196e+03 3.478338079318725789e-08 1.662383683203180963e-08
1.450727601435700080e+03 3.473499168866340899e-08 1.660058264171468869e-08
1.455684073215400076e+03 3.425932582894728865e-08 1.637208858420798829e-08
1.460584796435700127e+03 3.379700389984571534e-08 1.615002439940044645e-08
1.465280031435700039e+03 3.336136718051375692e-08 1.594080670339136758e-08
1.470297284324399925e+03 3.290351087185793181e-08 1.572092366811505550e-08
1.471025497544700102e+03 3.283769187254425290e-08 1.568931262249287996e-08
1.475193226435700126e+03 3.246429145458124369e-08 1.551002595931576968e-08
1.480247822963799990e+03 3.201841483414933345e-08 1.529593725400629127e-08
1.481480096184100148e+03 3.191086749230845391e-08 1.524430269810966029e-08
1.485143761435700071e+03 3.159385868793520466e-08 1.509212748105621702e-08
1.490235692963800147e+03 3.115964423827648401e-08 1.488368705338772627e-08
1.491972031184099933e+03 3.101329664414733712e-08 1.481344615145404535e-08
1.495131636435700102e+03 3.074923619865880152e-08 1.468671890603479623e-08
1.500260902963800163e+03 3.032640679105162004e-08 1.448379986779024863e-08
1.502501301184100157e+03 3.014403241847155738e-08 1.439629034820622186e-08
1.505156846435699890e+03 2.992963301212655659e-08 1.429342340411650433e-08
1.510323452963799809e+03 2.951782802936704400e-08 1.409584426479528342e-08
1.513067911184100012e+03 2.930200977500323691e-08 1.399231185643397274e-08
1.515219396435699991e+03 2.913416985843027414e-08 1.391180285238328763e-08
1.520423342963799996e+03 2.873308526237178455e-08 1.371940701684302781e-08
1.523671861184100180e+03 2.848624353062873219e-08 1.360102236856149967e-08
1.525319281435700077e+03 2.836204920679809975e-08 1.354145822756915303e-08
1.530560562963800066e+03 2.797135167418314788e-08 1.335408505386118792e-08
1.534313146184100106e+03 2.769583550805767966e-08 1.322197629577631646e-08
1.535456506435700021e+03 2.761254365948405067e-08 1.318203664881791535e-08
1.540735124324400203e+03 2.723203656062591533e-08 1.299960281334905202e-08
1.544991767544699997e+03 2.692998833429867172e-08 1.285479795443014038e-08
1.545631066435700177e+03 2.688495709808331673e-08 1.283320782712831122e-08
1.550947024324400218e+03 2.651427637340669634e-08 1.265551012081100591e-08
1.555810279324399971e+03 2.618077830610053489e-08 1.249566125250280062e-08
1.560827443215399853e+03 2.584217761614904156e-08 1.233338391263086459e-08
1.566078187963800019e+03 2.549362482798755943e-08 1.216634212532648637e-08
1.570978777963799985e+03 2.517361560267123174e-08 1.201299467227319677e-08
1.576378781435699921e+03 2.482672554283493731e-08 1.184677270783256377e-08
1.581298041435700043e+03 2.451594360023159520e-08 1.169786909680394904e-08
1.586702696435699863e+03 2.418000808755078924e-08 1.153691861910389990e-08
1.591640626435699915e+03 2.387815043681380760e-08 1.139231517563045175e-08
1.597063946435700018e+03 2.355199508683494227e-08 1.123607002643279269e-08
1.602020546435699998e+03 2.325879198370658000e-08 1.109562783548068918e-08
1.607462536435700258e+03 2.294203042712280328e-08 1.094389758492760693e-08
1.609847601184100085e+03 2.280493661817150803e-08 1.087823408212851145e-08
1.612498462963800193e+03 2.265376176996770147e-08 1.080583121383032591e-08
1.617898466435699902e+03 2.234960940174692887e-08 1.066015596221476277e-08
1.620787591184099938e+03 2.218900380667461525e-08 1.058324285125533760e-08
1.622971727963800049e+03 2.206854005555578215e-08 1.052555252133164536e-08
1.628371731435699985e+03 2.177414671649854653e-08 1.038456442439491793e-08
1.631764917544699983e+03 2.159171513683101010e-08 1.029720383999791149e-08
1.633482329324399871e+03 2.150009500599105192e-08 1.025332851082867075e-08
1.638882331435700053e+03 2.121513134641130312e-08 1.011686767938402014e-08
1.642779578802000060e+03 2.101245428185889424e-08 1.001982025799858456e-08
1.644030270581700279e+03 2.094791634600481261e-08 9.988914131585749474e-09
1.649430271435700206e+03 2.067207509270952178e-08 9.856832757160554131e-09
1.653831581184099832e+03 2.045063244491296009e-08 9.750808805831697132e-09
1.654615552963800155e+03 2.041148950996715792e-08 9.732064189104232722e-09
1.660015556435699864e+03 2.014444303134255221e-08 9.604200942089190256e-09
1.664920923802000061e+03 1.990564967490148291e-08 9.489875182446915586e-09
1.665238165581699832e+03 1.989031725262993554e-08 9.482533295605281788e-09
1.670488688215400089e+03 1.963886537435682675e-08 9.362147363041332392e-09
1.675725446435700178e+03 1.939201888566677674e-08 9.243969115122707865e-09
1.676047596184100030e+03 1.937695249919855312e-08 9.236754314106087694e-09
1.681004067963800026e+03 1.914711750930235610e-08 9.126727619104843467e-09
1.686404071435700189e+03 1.890055118627836819e-08 9.008690802511698037e-09
1.687211613802000102e+03 1.886402255775764632e-08 8.991199686901393208e-09
1.691720030581699802e+03 1.866172145863989488e-08 8.894364927894297727e-09
1.697120031435699957e+03 1.842294665453797170e-08 8.780065132215519184e-09
1.698412966184100014e+03 1.836633874690995939e-08 8.752968952709345615e-09
1.702473332963800203e+03 1.819001763597106902e-08 8.668577062724340437e-09
1.707873336435699912e+03 1.795874150833956300e-08 8.557875331210847560e-09
1.709651661184099794e+03 1.788339277351677858e-08 8.521810090400525143e-09
1.713263967963799814e+03 1.773155964525338517e-08 8.449145107115556538e-09
1.718663971435699978e+03 1.750753683190939699e-08 8.341923473068188694e-09
1.720927688802000148e+03 1.741468730247211067e-08 8.297489213657405602e-09
1.724091940581699873e+03 1.728594220890778047e-08 8.235878314616039240e-09
1.729491941435699800e+03 1.706892481956997961e-08 8.132017543355169891e-09
1.732241051184099888e+03 1.695976729571652587e-08 8.079784295857177690e-09
1.734957252963800101e+03 1.685277702288780017e-08 8.028588319804751715e-09
1.740357256435699810e+03 1.664253237189241804e-08 7.927980545056976619e-09
1.743591757544700158e+03 1.651819015962272075e-08 7.868486803855072972e-09
1.745859904324400077e+03 1.643167520856615358e-08 7.827094709838745894e-09
1.751259906435700259e+03 1.622796270249360327e-08 7.729620849202077896e-09
1.754979798802000005e+03 1.608949212925695049e-08 7.663375458112640298e-09
1.756799890581699856e+03 1.602226975163169839e-08 7.631215829871518455e-09
1.762199891435699783e+03 1.582487497572692850e-08 7.536779829885932177e-09
1.766405178801999909e+03 1.567328032090582446e-08 7.464264313478730811e-09
1.767777220581699794e+03 1.562420029565040059e-08 7.440786813390689393e-09
1.773177221435699948e+03 1.543291114952545038e-08 7.349281754577111088e-09
1.777867896184099891e+03 1.526913502915136279e-08 7.270950116741892441e-09
1.778791882963799935e+03 1.523711502408243344e-08 7.255636033723959545e-09
1.784191886435700098e+03 1.505172364046189961e-08 7.166965755526864757e-09
1.789367953801999647e+03 1.487666390972057347e-08 7.083246814239039638e-09
1.789843885581700079e+03 1.486068904294688817e-08 7.075605150410720648e-09
1.795243886435700006e+03 1.468099724505066326e-08 6.989673832097960629e-09
1.800905346184099926e+03 1.449549714724585475e-08 6.900971268267962871e-09
1.806263202963800268e+03 1.432263672837547331e-08 6.818323291425873321e-09
1.811663206435699976e+03 1.415101513644203776e-08 6.736269050130102741e-09
1.812480081184100072e+03 1.412527281312119386e-08 6.723960532113457730e-09
1.817408547963799947e+03 1.397124486020033898e-08 6.650325728004384516e-09
1.822808551435700110e+03 1.380484264795734581e-08 6.570780033714202518e-09
1.824092151184099976e+03 1.376565221212888542e-08 6.552045664767986546e-09
1.828591232963800167e+03 1.362940776044001618e-08 6.486925572246979439e-09
1.833991236435699875e+03 1.346807269840709357e-08 6.409812138233642486e-09
1.835741557544699845e+03 1.341628965567337342e-08 6.385064129408722888e-09
1.839811254324399897e+03 1.329686371748189094e-08 6.327993794645157129e-09
1.845211256435699852e+03 1.314042179279877999e-08 6.253230918770700720e-09
1.847428301184100064e+03 1.307686079557364954e-08 6.222859479240910326e-09
1.851068612963799978e+03 1.297334281280744738e-08 6.173396111629888718e-09
1.856468616435700142e+03 1.282162081306395838e-08 6.100902965704940449e-09
1.859152386184100124e+03 1.274705183623984298e-08 6.065277229248843317e-09
1.862363312963799899e+03 1.265855526329970013e-08 6.022997515473480849e-09
1.867763316435700062e+03 1.251140518767361966e-08 5.952700723301345479e-09
1.870913806184099940e+03 1.242656471435886571e-08 5.912172592384661642e-09
1.873695347963800259e+03 1.235225404506787053e-08 5.876676254931958173e-09
1.879095351435699968e+03 1.220953703491808733e-08 5.808505796751356235e-09
1.882712563802000204e+03 1.211509834135644604e-08 5.763404117040981721e-09
1.885064720581700158e+03 1.205417258986864921e-08 5.734308413371355710e-09
1.890464721435700085e+03 1.191574658715343270e-08 5.668196793514315606e-09
1.894548656184100309e+03 1.181237829177316932e-08 5.618838984908245749e-09
1.896471427963800124e+03 1.176410229135609148e-08 5.595784941944811189e-09
1.901871431435699833e+03 1.162981315721271028e-08 5.531661520034073691e-09
1.906422093802000063e+03 1.151815113542052515e-08 5.478346620192621875e-09
1.907915480581699967e+03 1.148178657902655563e-08 5.460985323453603151e-09
1.913315481435699894e+03 1.135150560142366806e-08 5.398784431670426240e-09
1.918332863802000020e+03 1.123212374325318885e-08 5.341792713431765455e-09
1.919396865581700013e+03 1.120699598363436666e-08 5.329798569342176738e-09
1.924796866435700167e+03 1.108060067233432588e-08 5.269461035266596050e-09
1.930280973801999608e+03 1.095406090803555796e-08 5.209061011623686010e-09
1.930915590581699917e+03 1.093952374986034900e-08 5.202122927799521567e-09
1.936315591435699844e+03 1.081688697731771058e-08 5.143588846924561574e-09
1.941869596435699805e+03 1.069253358610871798e-08 5.084240827458130627e-09
1.942471652963800125e+03 1.067915465561861078e-08 5.077854256574040983e-09
1.948044327963800015e+03 1.055636831955875702e-08 5.019257940245092602e-09
1.953444331435699723e+03 1.043906154602694793e-08 4.963279260005559336e-09
1.954289208802000076e+03 1.042085664587949666e-08 4.954589611009960303e-09
1.959656395581700053e+03 1.030613216473238090e-08 4.899848288596447199e-09
1.965056396435699980e+03 1.019228932934961795e-08 4.845527752267369084e-09
1.966349331184100265e+03 1.016526280698183261e-08 4.832632064166518014e-09
1.971305802963800033e+03 1.006250899520913318e-08 4.783606153163016446e-09
1.976705806435699969e+03 9.952009690618448523e-09 4.730886918155396661e-09
1.978446796184100322e+03 9.916707612777129532e-09 4.714044962804918335e-09
1.982992547963800234e+03 9.825285480140917475e-09 4.670431187515671492e-09
1.988392551435700170e+03 9.718030373432973237e-09 4.619264205051351835e-09
1.990581593802000043e+03 9.674970055222987292e-09 4.598723481129220868e-09
1.994716630581700429e+03 9.594291951167707054e-09 4.560238731899271507e-09
2.000116631435700356e+03 9.490179558787428602e-09 4.510574159592095309e-09
2.002753726184099833e+03 9.439854441679108563e-09 4.486569358616885142e-09
2.006478052963799882e+03 9.369355931768978537e-09 4.452942061345969066e-09
2.011878056435700046e+03 9.268281075347793570e-09 4.404731912814785586e-09
2.014963203802000180e+03 9.211158585545405744e-09 4.377486463415328139e-09
2.018276810581700374e+03 9.150286758008774732e-09 4.348456676892763642e-09
2.023676811435700074e+03 9.052164947014168559e-09 4.301656668238879190e-09
2.027210016184099914e+03 8.988681269962196290e-09 4.271381047303461216e-09
2.030112907963799898e+03 8.936936660635117096e-09 4.246704505770501304e-09
2.035512911435700062e+03 8.841663166108960293e-09 4.201266195233391095e-09
2.039494171184099969e+03 8.772235876941370794e-09 4.168160580350529268e-09
2.041986342963800098e+03 8.729134151078321441e-09 4.147603927198501351e-09
2.047386346435700034e+03 8.636617699006927067e-09 4.103486620793915234e-09
2.051815657544699661e+03 8.561657679206728404e-09 4.067743871249584869e-09
2.053897114324400263e+03 8.526704974847549648e-09 4.051078977943720855e-09
2.059297116435699991e+03 8.436871506042390703e-09 4.008242160226249109e-09
2.064174481184099932e+03 8.356754005645205913e-09 3.970042547247919292e-09
2.065845222963799642e+03 8.329523155898393512e-09 3.957059272075732651e-09
2.071245226435700260e+03 8.242271697419010412e-09 3.915459017636763415e-09
2.076570646184100042e+03 8.157356917111668082e-09 3.874974001942172870e-09
2.077830667963800352e+03 8.137419138818709265e-09 3.865468653954225947e-09
2.083230671435700060e+03 8.052683601299276845e-09 3.825069497170015104e-09
2.089004147544700118e+03 7.963306863374302104e-09 3.782461423514236201e-09
2.095230232544700357e+03 7.868303227123768858e-09 3.737172032408940584e-09
2.101068826435700430e+03 7.780499970663460306e-09 3.695318471280232834e-09
2.101913577963799980e+03 7.767892467903307029e-09 3.689308140708324621e-09
2.107719741184099803e+03 7.681970274954813377e-09 3.648350937741622155e-09
2.113983166184099900e+03 7.590589849705210097e-09 3.604796877110247383e-09
2.119863747963800051e+03 7.506041225062820895e-09 3.564500118154918597e-09
2.125263751435700215e+03 7.429433472393752752e-09 3.527989100747397033e-09
2.126528681184100151e+03 7.411631717021242570e-09 3.519503499649998350e-09
2.132017212963800375e+03 7.335004188366897993e-09 3.482986341668734332e-09
2.137417216435700084e+03 7.260570108957573505e-09 3.447515501469778265e-09
2.139111533801999940e+03 7.237408622572485989e-09 3.436478534443511653e-09
2.144208020581700112e+03 7.168311190026373164e-09 3.403551016045669588e-09
2.149608021435699811e+03 7.095972709759917990e-09 3.369082224292677443e-09
2.151731723802000033e+03 7.067777928471679440e-09 3.355647093764044174e-09
2.156436165581700152e+03 7.005826124442211016e-09 3.326128010059817563e-09
2.161836166435699852e+03 6.935532728588325603e-09 3.292636456871481187e-09
2.164389251184100431e+03 6.902603236554633192e-09 3.276949605732614160e-09
2.168701647963800042e+03 6.847439401809653940e-09 3.250668831109938102e-09
2.174101651435700205e+03 6.779125204364763319e-09 3.218124517424587971e-09
2.177084121184099786e+03 6.741768222188357085e-09 3.200327594264889542e-09
2.181004467963799925e+03 6.693047192633502625e-09 3.177120405909795617e-09
2.186404471435700088e+03 6.626652777410487146e-09 3.145492613346764803e-09
2.189816326184100035e+03 6.585127074558683721e-09 3.125714435061082285e-09
2.193344622963799793e+03 6.542528726337216203e-09 3.105425126507991817e-09
2.198744626435699956e+03 6.477989697870028317e-09 3.074685540929255779e-09
2.202585867544700250e+03 6.432567971341004221e-09 3.053053437920726785e-09
2.205722119324399955e+03 6.395774907728060647e-09 3.035531621255900818e-09
2.211122121435699682e+03 6.333042484776968209e-09 3.005653126724467698e-09
2.215392746184099906e+03 6.283970828640569547e-09 2.982286588782209767e-09
2.218136952963800013e+03 6.252690180511371968e-09 2.967391079058552120e-09
2.223536956435700176e+03 6.191695751728540219e-09 2.938347378819012116e-09
2.228236966184099856e+03 6.139224264657464195e-09 2.913363103362361922e-09
2.230589122963800037e+03 6.113167350014439552e-09 2.900957711956542518e-09
2.235989126435699745e+03 6.053879866341109068e-09 2.872727691991759628e-09
2.241118523802000254e+03 5.998216542721295058e-09 2.846228787312797271e-09
2.243078630581700054e+03 5.977114521610706897e-09 2.836181842411972587e-09
2.248478631435700208e+03 5.919453757033581911e-09 2.808730662681283334e-09
2.254037416184099584e+03 5.860831741905401247e-09 2.780823930412834936e-09
2.255605477963800240e+03 5.844426843727091209e-09 2.773013598298121831e-09
2.261005481435699949e+03 5.788361485552958611e-09 2.746326512067000616e-09
2.266993651184100145e+03 5.726974129245682540e-09 2.717109253982217152e-09
2.268169662963799965e+03 5.715015131928816028e-09 2.711416007997035438e-09
2.273569666435700128e+03 5.660502066794654409e-09 2.685469165924965908e-09
2.279665071435699701e+03 5.599746801412040357e-09 2.656552914619730340e-09
2.280771185581700138e+03 5.588799832965195006e-09 2.651344158688962145e-09
2.286493333802000507e+03 5.532644909503349788e-09 2.624617446003757692e-09
2.292285256435700376e+03 5.476512288907864554e-09 2.597905171448346897e-09
2.293410042963800151e+03 5.465690259350223462e-09 2.592754911820385803e-09
2.299542782963800164e+03 5.407175368436522957e-09 2.564910070055047307e-09
2.306086242963800032e+03 5.345599396819349140e-09 2.535609326960932854e-09
2.312237652963849996e+03 5.288517442652384851e-09 2.508447650141575305e-09
2.317637656435750159e+03 5.239023478195160727e-09 2.484899408017474749e-09
2.319191956184099581e+03 5.224888479335220572e-09 2.478172740830020468e-09
2.324969857963799768e+03 5.172750745147443558e-09 2.453368627271208992e-09
2.330369861435700386e+03 5.124613786878297168e-09 2.430465484600059241e-09
2.332334876184100267e+03 5.107232492375731044e-09 2.422196810638347921e-09
2.337739397963800002e+03 5.059816607602562167e-09 2.399639512616565307e-09
2.343139401435700165e+03 5.012979776363524235e-09 2.377358824020250252e-09
2.345515133801999582e+03 4.992553534825697970e-09 2.367640126843408746e-09
2.350546280581700103e+03 4.949630360116198971e-09 2.347222876971664992e-09
2.355946281435700257e+03 4.904067823240468687e-09 2.325549827422069665e-09
2.358732726184100102e+03 4.880762871741858087e-09 2.314464701878931391e-09
2.363390497963800044e+03 4.842120267621122431e-09 2.296083590209549522e-09
2.368790501435699753e+03 4.797786194468472702e-09 2.274997280288190122e-09
2.371987663802000043e+03 4.771781651793095488e-09 2.262628721992234890e-09
2.376272055581699988e+03 4.737210372345795105e-09 2.246186295682135540e-09
2.381672056435700142e+03 4.694076990037215289e-09 2.225670602567655489e-09
2.385279933801999960e+03 4.665530990597177028e-09 2.212095095782935145e-09
2.389190945581699907e+03 4.634836714339880548e-09 2.197496542657349775e-09
2.394590946435700062e+03 4.592857044937106323e-09 2.177533028313803985e-09
2.398609543801999735e+03 4.561933194386716763e-09 2.162827007989385924e-09
2.402147180581700013e+03 4.534928973176628258e-09 2.149984606593596737e-09
2.407547181435700168e+03 4.494086303025236691e-09 2.130562829073796898e-09
2.411976491184100269e+03 4.460926916308090009e-09 2.114796177450531041e-09
2.415140747963800095e+03 4.437425635981799429e-09 2.103621318299391425e-09
2.420540751435699804e+03 4.397674653321105765e-09 2.084717831605488773e-09
2.425380781184099760e+03 4.362426931849178362e-09 2.067958248311309355e-09
2.428171657963800499e+03 4.342265123318567465e-09 2.058371052116253213e-09
2.433571661435700207e+03 4.303574987922472567e-09 2.039976048001252263e-09
2.438822406184099691e+03 4.266369818571379721e-09 2.022287767652669711e-09
2.441239902963799977e+03 4.249378569831287520e-09 2.014208148950091542e-09
2.446639906435700141e+03 4.211718610893952515e-09 1.996303293508337879e-09
2.452301366184100061e+03 4.172687491882639269e-09 1.977747616468231881e-09
2.454345482963799441e+03 4.158708929263974271e-09 1.971100808612889702e-09
2.459745486435700059e+03 4.122049667828472455e-09 1.953673953722211379e-09
2.465817666184100290e+03 4.081319106099174317e-09 1.934309960095214217e-09
2.467488407963800000e+03 4.070198133680990132e-09 1.929022911027233789e-09
2.472888411435700164e+03 4.034516015670584955e-09 1.912059962724234499e-09
2.479282516435700018e+03 3.992765269052820170e-09 1.892216235610613340e-09
2.480668665581699770e+03 3.983787229049642907e-09 1.887948021942968004e-09
2.486157453801999964e+03 3.948484587051986171e-09 1.871167380439937016e-09
2.492481441435700162e+03 3.908292534878294617e-09 1.852062791330012264e-09
2.493886262963800164e+03 3.899426465886217233e-09 1.847849641220505648e-09
2.499767101184099829e+03 3.862620529899972904e-09 1.830352620663578846e-09
2.505717706435700165e+03 3.825803331221316778e-09 1.812855913762253030e-09
2.507141192963800222e+03 3.817060725582767222e-09 1.808700326313651600e-09
2.513414081184099814e+03 3.778841005874145427e-09 1.790535577510839683e-09
2.518991311435700027e+03 3.745263508691957038e-09 1.774576818955975010e-09
2.520433467963799558e+03 3.736637715168752174e-09 1.770477775891598321e-09
2.526902247963799709e+03 3.698268364052223015e-09 1.752243276559441784e-09
2.532302251435699873e+03 3.666607952564118643e-09 1.737199070669675241e-09
2.533959231184099735e+03 3.656960633453409439e-09 1.732614689547617283e-09
2.540250527963800323e+03 3.620628009910222121e-09 1.715349538767927810e-09
2.545650531435700032e+03 3.589798715034566549e-09 1.700699783597466161e-09
2.547699556184099947e+03 3.578186768141142678e-09 1.695181790159037926e-09
2.553636142963800012e+03 3.544812546844541989e-09 1.679323283093673357e-09
2.559036146435699720e+03 3.514788322690076945e-09 1.665057332240253185e-09
2.561477218801999697e+03 3.501318764340388645e-09 1.658657971538391323e-09
2.567059100581700022e+03 3.470767624310688545e-09 1.644142277966089323e-09
2.572459101435699722e+03 3.441522260644351424e-09 1.630247895524832927e-09
2.575292221184100072e+03 3.426302880856548890e-09 1.623017350934122481e-09
2.580519392963799874e+03 3.398449619951534193e-09 1.609783499030519793e-09
2.585919396435700037e+03 3.369960815680309550e-09 1.596250048978078282e-09
2.589144563801999993e+03 3.353090485094068673e-09 1.588236010208597060e-09
2.594017020581699853e+03 3.327805545337104860e-09 1.576225011017770622e-09
2.599417021435700008e+03 3.300060691884404547e-09 1.563045169342267631e-09
2.603034236184100337e+03 3.281637902051586595e-09 1.554294073130917238e-09
2.607551987963800002e+03 3.258805500589892327e-09 1.543449677178492205e-09
2.612951991435699711e+03 3.231775480099350913e-09 1.530609871081245406e-09
2.616961256184099966e+03 3.211888826358518216e-09 1.521164415215721123e-09
2.621124297963800018e+03 3.191399835964050622e-09 1.511433621944725833e-09
2.626524301435699726e+03 3.165065336458327808e-09 1.498926163483177291e-09
2.630925611184100035e+03 3.143801845353137971e-09 1.488828165898230579e-09
2.634733942963800018e+03 3.125547553983035816e-09 1.480159103413681855e-09
2.640133946435700182e+03 3.099892711711676993e-09 1.467973763181970926e-09
2.644927301184099633e+03 3.077336627469621549e-09 1.457263042781786571e-09
2.648380922963800003e+03 3.061214023743326596e-09 1.449606773492081721e-09
2.653780926435699712e+03 3.036210553329109115e-09 1.437734733664910078e-09
2.658966331184100000e+03 3.012448969432244772e-09 1.426450948721347997e-09
2.662065242963799847e+03 2.998353924002470744e-09 1.419759289418125389e-09
2.667465246435700010e+03 2.973994028323152229e-09 1.408192331287852915e-09
2.673042697544699877e+03 2.949097070763974974e-09 1.396370340540023904e-09
2.675786899324399656e+03 2.936939678932882224e-09 1.390598443631908135e-09
2.681186901435699838e+03 2.913199019679741318e-09 1.379327120890912216e-09
2.687156401184100105e+03 2.887238439633744823e-09 1.367001492722577464e-09
2.689545897963800144e+03 2.876923383296867494e-09 1.362105225051801867e-09
2.694945901435699852e+03 2.853785193982077871e-09 1.351121589770740931e-09
2.701307446184100172e+03 2.826831611772955127e-09 1.338326292131479918e-09
2.703342227963799814e+03 2.818277228202372104e-09 1.334265388693321319e-09
2.708742231435699523e+03 2.795734174612838434e-09 1.323563369703898340e-09
2.715472376435699516e+03 2.767947242785688135e-09 1.310374273464084848e-09
2.722575901435699961e+03 2.738993083604462617e-09 1.296630419338338547e-09
2.729324721435700212e+03 2.711831844131666719e-09 1.283739550063080603e-09
2.731046910581700104e+03 2.704956551542005562e-09 1.280475345496525660e-09
2.736843733801999861e+03 2.681966386881710079e-09 1.269564728712079255e-09
2.743214391435699781e+03 2.656986852922696875e-09 1.257708628108148904e-09
2.744955252963799921e+03 2.650207759093447315e-09 1.254491624222122845e-09
2.751125461184100004e+03 2.626365244384881317e-09 1.243176338932247631e-09
2.757141411435699865e+03 2.603379111402049761e-09 1.232267201581836575e-09
2.758900939324400497e+03 2.596703315425903220e-09 1.229098714805089146e-09
2.765444522544700249e+03 2.572064682854511032e-09 1.217406228006025087e-09
2.771105761435700515e+03 2.550984057492239955e-09 1.207402202951952282e-09
2.772883960581700194e+03 2.544400580026905829e-09 1.204279726607672894e-09
2.779707455581699833e+03 2.519360700491890902e-09 1.192396832788883979e-09
2.785107456435699987e+03 2.499754687896448044e-09 1.183094873119401981e-09
2.786997792544700133e+03 2.492937510065996759e-09 1.179859945187398141e-09
2.793746484324400171e+03 2.468794071232931983e-09 1.168403244655422508e-09
2.799146486435700353e+03 2.449681072590553254e-09 1.159335177538583967e-09
2.801410201184100515e+03 2.441722264594112172e-09 1.155559663144633209e-09
2.807822847963800086e+03 2.419358228757043652e-09 1.144949418109283663e-09
2.813222851435699795e+03 2.400729727012992159e-09 1.136109172673199733e-09
2.815859947544699935e+03 2.391690635769802893e-09 1.131821970973391831e-09
2.821936554324400277e+03 2.371036566727573342e-09 1.122022481405300972e-09
2.827336556435699549e+03 2.352866117187431283e-09 1.113401624695659369e-09
2.830347028801999841e+03 2.342810521525625389e-09 1.108631355277742501e-09
2.836087595581699588e+03 2.323787898217044914e-09 1.099606485144840201e-09
2.841487596435699743e+03 2.306065520172062644e-09 1.091199815101272776e-09
2.844871448802000486e+03 2.295051835902872039e-09 1.085974027032496880e-09
2.850275975581700095e+03 2.277589831782173097e-09 1.077691482181840864e-09
2.855675976435699795e+03 2.260308562132129808e-09 1.069493655215030607e-09
2.859433208801999626e+03 2.248382818768917635e-09 1.063836357424936333e-09
2.864501695581700005e+03 2.232422352703261350e-09 1.056264504417356868e-09
2.869901696435700160e+03 2.215566650113222620e-09 1.048269989949175228e-09
2.874032306184099980e+03 2.202781978069365669e-09 1.042206247120271930e-09
2.878764752963800220e+03 2.188248829864410752e-09 1.035312928747899228e-09
2.884164756435700383e+03 2.171810330536737431e-09 1.027515879240748115e-09
2.888668742544700308e+03 2.158222547248100801e-09 1.021069993442303049e-09
2.893065144324400080e+03 2.145058036121645401e-09 1.014826391366844770e-09
2.898465146435700262e+03 2.129027257551998924e-09 1.007222730407105959e-09
2.903342513802000212e+03 2.114675415995254953e-09 1.000416159838640018e-09
2.907402875581700300e+03 2.102817082489336984e-09 9.947928360269969966e-10
2.912802876435700000e+03 2.087177145602721248e-09 9.873749307287327951e-10
2.918053623801999947e+03 2.072106662737670666e-09 9.802286650784440022e-10
2.921777945581700351e+03 2.061505237973296389e-09 9.751998965512663457e-10
2.927177946435700051e+03 2.046244292196527287e-09 9.679637344278079719e-10
2.932802071184099987e+03 2.030507698661660587e-09 9.605002588826984665e-10
2.936190352963800251e+03 2.021099383590038831e-09 9.560383274778803461e-10
2.941590356435699960e+03 2.006213011511718696e-09 9.489796127889545006e-10
2.947587858802000028e+03 1.989845409611910156e-09 9.412174035903976950e-10
2.950640100581700153e+03 1.981578609943424886e-09 9.372971400235764444e-10
2.956040101435699853e+03 1.967052789823630169e-09 9.304104531628882690e-10
2.962410981184099910e+03 1.950093004562051583e-09 9.223684313403493265e-10
2.965127182963800351e+03 1.942921516577744008e-09 9.189665805733037322e-10
2.970527186435700060e+03 1.928752185488398140e-09 9.122483523725441652e-10
2.977271446184100114e+03 1.911237522495504878e-09 9.039446020682173678e-10
2.979651602963800087e+03 1.905104793758992844e-09 9.010366518221954372e-10
2.985051606435700251e+03 1.891277534689105808e-09 8.944819370967787067e-10
2.992155131435699786e+03 1.873287181380352375e-09 8.859515428010367933e-10
2.999613366435700300e+03 1.854625085139282077e-09 8.771035175143657544e-10
3.006735561435699765e+03 1.837018238136021848e-09 8.687571092299492943e-10
3.008812460581700179e+03 1.831921204445485321e-09 8.663414050312380434e-10
3.014581283802000144e+03 1.817863399926478135e-09 8.596769500529635811e-10
3.021353326435700183e+03 1.801531515067108863e-09 8.519345008120243488e-10
3.023448897963799936e+03 1.796511322598842583e-09 8.495551889374580562e-10
3.029572431184099969e+03 1.781955362261411836e-09 8.426536483720466256e-10
3.036008431435699549e+03 1.766807791312542590e-09 8.354746328377481000e-10
3.038122667963799813e+03 1.761867139646210421e-09 8.331328979186930075e-10
3.044600911184099914e+03 1.746839900954864943e-09 8.260098815984823906e-10
3.050700871435700265e+03 1.732836307264635193e-09 8.193720957009716285e-10
3.052833777963800003e+03 1.727970755083122069e-09 8.170662282232649615e-10
3.059666731184099717e+03 1.712503210298683401e-09 8.097353356823107224e-10
3.065430651435699929e+03 1.699589594122567003e-09 8.036149928492673339e-10
3.067582227963800051e+03 1.694802409811174273e-09 8.013452569493725910e-10
3.074769891184099833e+03 1.678925531187260661e-09 7.938207199423806218e-10
3.082340137544699701e+03 1.662406528625449679e-09 7.859913717864247400e-10
3.089602219324399812e+03 1.646749953543895802e-09 7.785717839813738331e-10
3.095002221435700449e+03 1.635222132060397761e-09 7.731101666855868195e-10
3.097499301184100204e+03 1.629928629133500260e-09 7.706012088333762272e-10
3.104444012963800105e+03 1.615317836919694021e-09 7.636769604054845528e-10
3.109844016435699814e+03 1.604065636623759800e-09 7.583455358432831677e-10
3.112695806184100093e+03 1.598166189061974971e-09 7.555492563324945285e-10
3.119323142963799910e+03 1.584555972585703102e-09 7.491002535011718154e-10
3.124723146435700073e+03 1.573572860186913141e-09 7.438961380092146544e-10
3.127929646184099965e+03 1.567094221768323340e-09 7.408271212340628014e-10
3.134239612963800028e+03 1.554447630924592020e-09 7.348348570791593651e-10
3.139639616435699736e+03 1.543726939391803688e-09 7.297545121973100869e-10
3.143200823801999832e+03 1.536702530321893590e-09 7.264275032709759987e-10
3.149193420581699684e+03 1.524981395707784485e-09 7.208734092332886733e-10
3.154593421435700293e+03 1.514512575775087434e-09 7.159135675323530830e-10
3.158509336184100448e+03 1.506976361902264586e-09 7.123435073452109372e-10
3.164184562963800090e+03 1.496141483624487215e-09 7.072097167124697876e-10
3.169584566435700253e+03 1.485918816438838663e-09 7.023668161383694780e-10
3.173855191184100022e+03 1.477894023878398916e-09 6.985659608322474996e-10
3.179213042963800035e+03 1.467903757192153264e-09 6.938339079103710811e-10
3.184613046435700198e+03 1.457921587361277423e-09 6.891049555996615619e-10
3.189238381184100035e+03 1.449436916658907120e-09 6.850863630656016364e-10
3.194278862963799838e+03 1.440265144206455461e-09 6.807411599391877143e-10
3.199678866435700002e+03 1.430517179239650606e-09 6.761234012337442120e-10
3.204658911184099907e+03 1.421599214851919626e-09 6.718996518372147915e-10
3.209382022963799955e+03 1.413205886532629288e-09 6.679244903751580987e-10
3.214782026435699663e+03 1.403687598400666551e-09 6.634156105998552056e-10
3.220116781184100091e+03 1.394364705518760016e-09 6.589989043000925827e-10
3.224522517963800055e+03 1.386718668448657311e-09 6.553781503019554530e-10
3.229922521435700219e+03 1.377419244745158095e-09 6.509741177136140851e-10
3.235611986184100260e+03 1.367706919339931332e-09 6.463745081062754972e-10
3.239700347963800141e+03 1.360784622918440267e-09 6.430949486146170499e-10
3.245100351435700304e+03 1.351701576656831270e-09 6.387937782878679732e-10
3.251144526184099959e+03 1.341629680418121674e-09 6.340231975883424493e-10
3.254915522963799958e+03 1.335389739083962154e-09 6.310687827467381312e-10
3.260315526435700122e+03 1.326521403058245458e-09 6.268684343732070806e-10
3.266714406184099971e+03 1.316107359192036389e-09 6.219364373102751938e-10
3.270168027963799886e+03 1.310529780844589326e-09 6.192946810944011042e-10
3.275568031435700050e+03 1.301863916851305543e-09 6.151915675697418987e-10
3.282321626184099841e+03 1.291130922364955725e-09 6.101085990100530356e-10
3.285457877963800001e+03 1.286184130201515871e-09 6.077659452187754075e-10
3.290857881435700165e+03 1.277719527124827914e-09 6.037581397707151276e-10
3.297966183802000160e+03 1.266685958084186309e-09 5.985336312339905598e-10
3.300785060581700236e+03 1.262341632217797397e-09 5.964771525126683476e-10
3.306185061435699936e+03 1.254074467326381086e-09 5.925627299035869614e-10
3.313648076184099864e+03 1.242760227873676554e-09 5.872052609016083187e-10
3.316149587963800059e+03 1.238998243526953974e-09 5.854230760205542214e-10
3.321549591435699767e+03 1.230918334845115033e-09 5.815980127235188063e-10
3.329082501435700124e+03 1.219763556019643776e-09 5.763157511538370499e-10
3.331551447963800001e+03 1.216136060952639019e-09 5.745975583758617301e-10
3.337236261184100385e+03 1.207829485450689601e-09 5.706652009017303431e-10
3.344503026435700122e+03 1.197316690032892110e-09 5.656880250118833065e-10
3.346990642963800383e+03 1.193745005482977854e-09 5.639967978767721550e-10
3.353011501184099870e+03 1.185153118948730192e-09 5.599292615807988754e-10
3.359960896435700306e+03 1.175330693154516841e-09 5.552794734376776186e-10
3.362467180581699722e+03 1.171815940837648687e-09 5.536145739948473681e-10
3.368824073801999475e+03 1.162952413819040759e-09 5.494189087647011446e-10
3.375456096435700147e+03 1.153795835975030712e-09 5.450840944252620747e-10
3.377981052963799812e+03 1.150331771910451093e-09 5.434444887929111326e-10
3.384673991184100032e+03 1.141215872183273456e-09 5.391293501917871790e-10
3.390988641435700629e+03 1.132699511567758016e-09 5.350976975600974354e-10
3.393532262963799894e+03 1.129293176099145929e-09 5.334845519647521732e-10
3.400561241184099799e+03 1.119938838557966695e-09 5.290572696545221953e-10
3.406558521435700186e+03 1.112037746874485570e-09 5.253164619587515415e-10
3.409120812963800290e+03 1.108683576632865121e-09 5.237281637237202897e-10
3.416485831184100334e+03 1.099107149717766454e-09 5.191959095546970418e-10
3.422165741435700056e+03 1.091796255199514370e-09 5.157346938324553111e-10
3.424746702963800089e+03 1.088492725589245906e-09 5.141711275258088637e-10
3.432410292963800202e+03 1.078758897322196292e-09 5.095640709409009699e-10
3.440409925581700008e+03 1.068718143735491184e-09 5.048107196277525313e-10
3.448092190581699924e+03 1.059182406916059786e-09 5.002975425199215919e-10
3.453492191435700079e+03 1.052541922319672765e-09 4.971546792403807572e-10
3.456465326184099922e+03 1.048905427462936932e-09 4.954343750706032393e-10
3.463811422963799941e+03 1.039993941636745399e-09 4.912168381556012372e-10
3.469211426435700105e+03 1.033508292979657299e-09 4.881459168953990865e-10
3.472520601184100087e+03 1.029554844098412837e-09 4.862752906486643945e-10
3.479567992963799952e+03 1.021200312593587675e-09 4.823218035968851890e-10
3.484967996435700115e+03 1.014856757897758720e-09 4.793197150142767520e-10
3.488613211184100237e+03 1.010604836670064975e-09 4.773067725840187241e-10
3.495361897963800402e+03 1.002786166480361080e-09 4.736070882793354347e-10
3.500761901435700111e+03 9.965849281011228681e-10 4.706722913179814617e-10
3.504743161184100245e+03 9.920429898458510678e-10 4.685231176474291578e-10
3.511193147963800584e+03 9.847411942863973877e-10 4.650677083921135679e-10
3.516593151435700292e+03 9.786807595413823753e-10 4.621994107774920019e-10
3.520910447544699764e+03 9.738660869412827808e-10 4.599217221951966839e-10
3.527061729324399948e+03 9.670612544018039450e-10 4.567013363270965591e-10
3.532461731435700585e+03 9.611338635418225663e-10 4.538967498655640241e-10
3.537115068801999769e+03 9.560646923768392915e-10 4.514977101269466084e-10
3.542967650581699672e+03 9.497349184471875862e-10 4.485026808545197573e-10
3.548367651435700282e+03 9.439395074393815966e-10 4.457609827963167255e-10
3.553357031184099924e+03 9.386265169469767595e-10 4.432467703659917270e-10
3.558910907963799673e+03 9.327564922751318102e-10 4.404688381393381024e-10
3.564310911435700291e+03 9.270912001229563869e-10 4.377882982753210514e-10
3.569636333802000536e+03 9.215447207120483824e-10 4.351646551670174125e-10
3.574891505581699676e+03 9.161153149809019010e-10 4.325953977621288380e-10
3.580291506435699830e+03 9.105777670658513651e-10 4.299749199009425489e-10
3.585952966184100205e+03 9.048137206180165465e-10 4.272485297702856003e-10
3.590909437963800428e+03 8.998030115713671987e-10 4.248791357718156133e-10
3.596309441435699682e+03 8.943894948965655873e-10 4.223171141476070424e-10
3.602306946184100070e+03 8.884213648105169096e-10 4.194939110512536677e-10
3.606964712963800139e+03 8.838213097487732519e-10 4.173176661871345141e-10
3.612364716435699847e+03 8.785259917658733283e-10 4.148122908486900006e-10
3.618698261184099920e+03 8.723653069059840150e-10 4.118977917450398896e-10
3.623057322963800289e+03 8.681584015925347841e-10 4.099070324901089869e-10
3.628457326435699997e+03 8.629788623881952711e-10 4.074570704784251196e-10
3.635126911184100209e+03 8.566327274223575903e-10 4.044559598142561919e-10
3.639187272963800297e+03 8.528006984738987203e-10 4.026427943237888024e-10
3.644587276435700005e+03 8.477368313869381310e-10 4.002469113303987564e-10
3.651592901184099446e+03 8.412210675210564673e-10 3.971651798075588278e-10
3.655354557963799380e+03 8.377494452106440618e-10 3.955229180252163804e-10
3.660754561435699998e+03 8.327964781929271650e-10 3.931800759848896832e-10
3.668096226184100487e+03 8.261169160976350127e-10 3.900219166869724214e-10
3.671559182963799685e+03 8.229925990308981176e-10 3.885436640413499109e-10
3.676959186435699849e+03 8.181472383218229233e-10 3.862520490913277941e-10
3.684636888802000158e+03 8.113230583512056278e-10 3.830235765311438727e-10
3.687801145581699984e+03 8.085312786505794385e-10 3.817027861269595352e-10
3.693201146435700139e+03 8.037910657298132456e-10 3.794613444977455432e-10
3.701182111435699426e+03 7.968488971348249822e-10 3.761787833631083673e-10
3.709480451435700616e+03 7.897143060614184160e-10 3.728037946782412121e-10
3.717480081435700413e+03 7.829117198609578135e-10 3.695859010169758068e-10
3.720397082963800131e+03 7.804474596351432312e-10 3.684206407025667455e-10
3.726147241184100494e+03 7.756181619386578543e-10 3.661373430297448069e-10
3.733815391435700349e+03 7.692432072906843156e-10 3.631214544011668367e-10
3.736751059324400103e+03 7.668156413282992016e-10 3.619745355210557299e-10
3.742818582544699893e+03 7.618350306427599871e-10 3.596192365704080789e-10
3.750188031435699941e+03 7.558398526936972260e-10 3.567839234137102515e-10
3.753142372963799971e+03 7.534502893827998767e-10 3.556544827116233745e-10
3.759527271184100300e+03 7.483267858614296004e-10 3.532305175995834042e-10
3.766598016435749742e+03 7.426965125246882956e-10 3.505693668922017843e-10
3.769571022963849828e+03 7.403476274306064339e-10 3.494583519913653519e-10
3.776273291184099435e+03 7.350829463166308225e-10 3.469693546498421562e-10
3.783045331435750086e+03 7.298129807589357556e-10 3.444771717266078426e-10
3.786037007963850101e+03 7.275025284379674551e-10 3.433836956359533360e-10
3.793056651184100247e+03 7.221078318857097379e-10 3.408335675009816778e-10
3.799529991435700140e+03 7.171790876503404046e-10 3.385031424256037979e-10
3.802540337963799630e+03 7.148992718491614708e-10 3.374257750933400834e-10
3.809877351184099098e+03 7.093886585631409484e-10 3.348192976145931675e-10
3.816051986435700201e+03 7.047913566524919426e-10 3.326450928235478616e-10
3.819081002963799619e+03 7.025477998429433623e-10 3.315846152995747182e-10
3.826735391184099626e+03 6.969202958422152193e-10 3.289240506551375773e-10
3.832611321435750142e+03 6.926406813647968583e-10 3.268999823953564339e-10
3.835659002963850526e+03 6.904286540905576905e-10 3.258554095496607729e-10
3.843630761184099811e+03 6.846974191176187382e-10 3.231451003762406254e-10
3.849207991435700023e+03 6.807207963032778844e-10 3.212653913386014735e-10
3.852274344324399863e+03 6.785476759972933889e-10 3.202379057388450091e-10
3.860441999324450080e+03 6.727996068360676710e-10 3.175206894685794474e-10
3.865842001435750262e+03 6.690324843715256662e-10 3.157398139573069816e-10
3.869048497544700695e+03 6.668088710810455764e-10 3.146883199440492842e-10
3.877113344324400259e+03 6.612577266712604714e-10 3.120634167727748374e-10
3.882513346435700441e+03 6.575696371132767507e-10 3.103206726225839450e-10
3.886037216184100089e+03 6.551815341047238312e-10 3.091907183500766468e-10
3.893822027963799883e+03 6.499344531258843298e-10 3.067111181324625375e-10
3.899222031435700501e+03 6.463287370716958993e-10 3.050061260888711104e-10
3.903063276184099777e+03 6.437778409123794071e-10 3.038003610457055759e-10
3.910568052963800255e+03 6.388309022380597074e-10 3.014619620592109263e-10
3.915968056435700419e+03 6.353026274433594675e-10 2.997934804876453553e-10
3.920126671184100815e+03 6.325969136134510881e-10 2.985156510482950147e-10
3.927351412963799703e+03 6.279397248890908170e-10 2.963134055496991053e-10
3.932751416435700321e+03 6.244847441714922188e-10 2.946803683959205551e-10
3.937227401184099563e+03 6.216404976025580185e-10 2.933354874572126364e-10
3.944172112963799918e+03 6.172561634305612458e-10 2.912634374600103617e-10
3.949572116435700082e+03 6.138752466051091004e-10 2.896649153022103188e-10
3.954365471184099988e+03 6.108907805584739966e-10 2.882548434415603303e-10
3.961030147963799664e+03 6.067723750371008049e-10 2.863087771587248213e-10
3.966430151435699827e+03 6.034638732564853490e-10 2.847444465835426651e-10
3.971540881184100272e+03 6.003510098215755406e-10 2.832734234125293564e-10
3.977925522963800177e+03 5.964898259868374525e-10 2.814488868842238516e-10
3.983325526435700340e+03 5.932522859667470110e-10 2.799177301154834311e-10
3.988753626184100540e+03 5.900156244542980380e-10 2.783885216762761150e-10
3.994858232963800219e+03 5.864035991365621705e-10 2.766814590149229232e-10
4.000258236435699928e+03 5.832337073506105446e-10 2.751826002433055886e-10
4.006003708801999892e+03 5.798830961017706631e-10 2.735988062224349280e-10
4.011828285581700129e+03 5.765058815889047248e-10 2.720040511366455166e-10
4.017228286435699374e+03 5.734033565793847051e-10 2.705369186778101163e-10
4.023291128802000003e+03 5.699426271325463837e-10 2.689012272376085494e-10
4.028835670581750037e+03 5.668000126622660054e-10 2.674160757283888633e-10
4.034235671435750191e+03 5.637582324962922252e-10 2.659790961117126970e-10
4.040615887544699945e+03 5.601952127596823033e-10 2.642945087426054958e-10
4.045880399324399605e+03 5.572736758323736657e-10 2.629141154202782203e-10
4.051280401435699787e+03 5.542959619806507171e-10 2.615074473753273512e-10
4.057977986184100246e+03 5.506322555410428175e-10 2.597760872192994129e-10
4.062962462963800135e+03 5.479245778084033078e-10 2.584966968202221542e-10
4.068362466435699389e+03 5.450108553616410336e-10 2.571195627291441799e-10
4.075377422544700039e+03 5.412544863840446911e-10 2.553444745400460124e-10
4.080081864324399703e+03 5.387551012223217906e-10 2.541629358008322465e-10
4.085481866435699885e+03 5.359020840932793159e-10 2.528148443819021627e-10
4.092814193801999409e+03 5.320566961428672506e-10 2.509983485202800249e-10
4.097238600581700666e+03 5.297522246976792811e-10 2.499099716545603059e-10
4.102638601435700366e+03 5.269583318665209684e-10 2.485898826821890741e-10
4.110288303801999064e+03 5.230368463207177105e-10 2.467356205619046665e-10
4.114432680581749082e+03 5.209246880329709162e-10 2.457378887306531248e-10
4.119832681435750601e+03 5.181863377062364105e-10 2.444450533133605476e-10
4.127799751184099478e+03 5.141825965971283470e-10 2.425534635535095039e-10
4.131664092963800613e+03 5.122557724859484594e-10 2.416426149637211210e-10
4.137064096435700776e+03 5.095760460268825604e-10 2.403765518212485197e-10
4.145348541184100213e+03 5.054996244255944566e-10 2.384507119928050136e-10
4.148932847963849781e+03 5.037480955523879408e-10 2.376234683091786720e-10
4.154332851435749944e+03 5.011257196253342965e-10 2.363842609908811218e-10
4.162836546435749369e+03 4.970302629085256551e-10 2.344490172257296761e-10
4.166238937963849821e+03 4.954027104398162134e-10 2.336801011913348773e-10
4.171737061184100639e+03 4.927846320190455899e-10 2.324439674398446536e-10
4.180161301435699897e+03 4.888111230978904652e-10 2.305665049294873800e-10
4.183582362963799824e+03 4.872083925562040691e-10 2.298094222430994850e-10
4.189379191184099909e+03 4.845078422221759537e-10 2.285336961573014208e-10
4.197523401435750202e+03 4.807464121011070527e-10 2.267563962849263568e-10
4.200963132963849603e+03 4.791689803577125149e-10 2.260108753703135587e-10
4.207058661184099037e+03 4.763871579978274327e-10 2.246970091905346522e-10
4.214922836435700447e+03 4.728296360897635531e-10 2.230163911547190800e-10
4.218381237963800231e+03 4.712745867459107015e-10 2.222821417680526264e-10
4.224775471184099843e+03 4.684182801746724329e-10 2.209328334558085775e-10
4.232359611435699662e+03 4.650569434631820012e-10 2.193453360756907934e-10
4.235836677963799957e+03 4.635269272668126296e-10 2.186223286788683080e-10
4.242529611184099849e+03 4.605988579366704233e-10 2.172390868795092148e-10
4.249833716435699898e+03 4.574304764602918711e-10 2.157422400152267635e-10
4.253329455581700131e+03 4.559216778248861876e-10 2.150301361125635461e-10
4.260321093801999268e+03 4.529283993088157519e-10 2.136154902636958240e-10
4.267345166435699866e+03 4.499432630113110510e-10 2.122055313867163150e-10
4.270859575581700483e+03 4.484590996275841005e-10 2.115043966177644579e-10
4.278149913801999901e+03 4.453975447676809541e-10 2.100589659752159180e-10
4.284893951435750751e+03 4.425898477750739619e-10 2.087330345054630010e-10
4.288427029324450814e+03 4.411318100369606050e-10 2.080431950387322950e-10
4.296016072544700364e+03 4.380086948683402963e-10 2.065693311424018813e-10
4.302480076435699630e+03 4.353752957671346717e-10 2.053249942374119985e-10
4.306031822963799641e+03 4.339348318905631958e-10 2.046449261264361502e-10
4.313919571184099368e+03 4.307608739744562954e-10 2.031453202816499101e-10
4.320103541435700208e+03 4.282919914175605090e-10 2.019790868173763888e-10
4.323673954324399347e+03 4.268707924466418974e-10 2.013089436441506601e-10
4.331860402544700264e+03 4.236445764585921389e-10 1.997844290982033975e-10
4.337764336435750010e+03 4.213345700071724012e-10 1.986935566508359927e-10
4.341353420581749560e+03 4.199389864532359056e-10 1.980341722154197434e-10
4.349838573802000610e+03 4.166573682931551531e-10 1.964853914705341370e-10
4.355462476435700410e+03 4.145031596769852779e-10 1.954677142192544157e-10
4.359070230581700343e+03 4.131289218666445627e-10 1.948183787249152263e-10
4.367797950581700206e+03 4.098225094003296775e-10 1.932579549068336675e-10
4.373197951435699906e+03 4.077985765280378092e-10 1.923010956356270019e-10
4.376880506184099431e+03 4.064223956142909447e-10 1.916514603057722455e-10
4.385570762963800917e+03 4.031993573313874474e-10 1.901295099028726675e-10
4.390970766435699261e+03 4.012151689713050349e-10 1.891917369339415979e-10
4.394952026184099850e+03 3.997560304975320458e-10 1.885034160452103345e-10
4.403380917963850152e+03 3.966935376173531400e-10 1.870573231399834493e-10
4.408780921435750315e+03 3.947485055364665550e-10 1.861383679805508168e-10
4.413060881184100253e+03 3.932121298126435462e-10 1.854135443078129180e-10
4.421228402963800363e+03 3.903065584204502808e-10 1.840410307760088726e-10
4.426628406435700526e+03 3.883996890645057082e-10 1.831405140131298118e-10
4.431207071184099732e+03 3.867914223581610592e-10 1.823811779216166909e-10
4.439113232963800328e+03 3.840362384188846878e-10 1.810795294495719030e-10
4.444513236435700492e+03 3.821650225252190723e-10 1.801965155743561347e-10
4.449390601184099978e+03 3.804839026853769928e-10 1.794034875219397726e-10
4.457035397963800278e+03 3.778719470846382858e-10 1.781700027093823691e-10
4.462435401435699532e+03 3.760422292255962336e-10 1.773053327893470512e-10
4.467611468801999763e+03 3.742969622664170716e-10 1.764812103628192865e-10
4.474994900581700676e+03 3.718254604989493355e-10 1.753140205553530954e-10
4.480394901435699467e+03 3.700301489906663681e-10 1.744663532670120674e-10
4.485869671184099388e+03 3.682202602276392426e-10 1.736120807124716456e-10
4.492991737963850028e+03 3.658848186295227647e-10 1.725089339668657029e-10
4.498391741435750191e+03 3.641226747147370512e-10 1.716777696172118454e-10
4.504165216184100245e+03 3.622562739175036805e-10 1.707955932480700987e-10
4.511025917963799657e+03 3.600498460414133547e-10 1.697540163018215329e-10
4.516425921435699820e+03 3.583239947347773278e-10 1.689396097556496399e-10
4.522498096184100177e+03 3.563991872197812240e-10 1.680301969262282761e-10
4.529097432963800202e+03 3.543187133984038884e-10 1.670482772387998711e-10
4.534497436435699456e+03 3.526280763795207036e-10 1.662501727166864113e-10
4.540868316184099967e+03 3.506469784660901406e-10 1.653148297464431946e-10
4.547206287963800605e+03 3.486903158874566636e-10 1.643909132132389588e-10
4.552606291435699859e+03 3.470324955927291815e-10 1.636085560042681076e-10
4.559275873802000206e+03 3.450020894674325861e-10 1.626492561479224977e-10
4.565352480581699638e+03 3.431615398529304580e-10 1.617808196530092789e-10
4.570752481435699337e+03 3.415381993976562663e-10 1.610142538073997653e-10
4.577720766184100285e+03 3.394548938788765076e-10 1.600313287964494114e-10
4.583536007963849443e+03 3.377329461017730076e-10 1.592174752253286422e-10
4.588936011435750515e+03 3.361412705016548090e-10 1.584659026602474186e-10
4.596203001184100685e+03 3.340141778075193496e-10 1.574615885101989310e-10
4.601756877963800434e+03 3.323993378465251447e-10 1.566993201936318476e-10
4.607156881435700598e+03 3.308370536699346023e-10 1.559623632571470563e-10
4.614722571184100161e+03 3.286648054329216017e-10 1.549372585617700621e-10
4.620015082963800523e+03 3.271580174053649484e-10 1.542254858832668619e-10
4.625415086435699777e+03 3.256285907815588274e-10 1.535032729744794964e-10
4.633279481184099495e+03 3.234164403007421068e-10 1.524590018116885742e-10
4.638310627963849583e+03 3.220099341972478172e-10 1.517954104050578172e-10
4.643710631435750656e+03 3.205090700810311875e-10 1.510872070884610877e-10
4.651873726184099723e+03 3.182606751251368169e-10 1.500251231829304045e-10
4.656643507963849515e+03 3.169541627472574267e-10 1.494085445597178528e-10
4.662043511435749679e+03 3.154821945320009967e-10 1.487142029214198830e-10
4.670505308801999490e+03 3.131960396673364986e-10 1.476347390173021503e-10
4.675013725581749895e+03 3.119858088601895492e-10 1.470634506976875251e-10
4.680413726435750505e+03 3.105442817682672880e-10 1.463828331397747988e-10
4.689174228801999561e+03 3.082227110920023534e-10 1.452871074841810083e-10
4.693421285581749544e+03 3.071079626994758550e-10 1.447600935701906356e-10
4.698821286435751063e+03 3.056918629289776030e-10 1.440925423472664969e-10
4.707880488802000400e+03 3.033391145660312681e-10 1.429819171736251801e-10
4.717242953801999647e+03 3.009308527054494717e-10 1.418451824669605721e-10
4.726367276435749773e+03 2.986050084141497168e-10 1.407479790159155576e-10
4.730348407963850150e+03 2.975985069263780653e-10 1.402727865765320041e-10
4.736005221184100265e+03 2.961757477854281662e-10 1.396010632065240069e-10
4.744868181435699626e+03 2.939607064661202228e-10 1.385561496575381774e-10
4.748867980581700067e+03 2.929686902278818261e-10 1.380878639755270792e-10
4.754804823802001010e+03 2.915057192188271420e-10 1.373967306633710352e-10
4.763406421435750417e+03 2.893992352230312689e-10 1.364026021972333636e-10
4.767424892963849743e+03 2.884211348544324587e-10 1.359411427247909536e-10
4.773641771184099525e+03 2.869169910258381280e-10 1.352312560206540367e-10
4.781982001435699203e+03 2.849147441340690201e-10 1.342862370892214084e-10
4.786019137963799949e+03 2.839503246562278598e-10 1.338315246942057641e-10
4.792516051184099524e+03 2.824100630075659639e-10 1.331043056261855027e-10
4.800594916435699815e+03 2.805092475734203487e-10 1.322069353038162493e-10
4.804650720581700625e+03 2.795597359825558641e-10 1.317590695443728778e-10
4.811427663802000097e+03 2.779850866957191838e-10 1.310154668488559857e-10
4.819245166435699502e+03 2.761778267417425699e-10 1.301634434203712969e-10
4.823319642963800106e+03 2.752447348527231002e-10 1.297225827027828039e-10
4.830376621184101168e+03 2.736352092747052515e-10 1.289629926568741620e-10
4.837932756435750889e+03 2.719231966345737650e-10 1.281555594892458755e-10
4.842025899324449711e+03 2.710021509593303749e-10 1.277208944787631544e-10
4.849362912544700521e+03 2.693626857149253339e-10 1.269466920099933646e-10
4.856657686435750293e+03 2.677445419763151784e-10 1.261827166965269322e-10
4.860769500581750435e+03 2.668345481550100920e-10 1.257541114237955762e-10
4.868386543801999323e+03 2.651633183900059988e-10 1.249656121604068218e-10
4.875419951435750590e+03 2.636338857020860743e-10 1.242433265817453937e-10
4.879550435581750207e+03 2.627394141849691653e-10 1.238213411023961554e-10
4.887447513801999776e+03 2.610398710933530132e-10 1.230195930100290445e-10
4.894219556435699815e+03 2.595931073385958330e-10 1.223371677502780322e-10
4.898368707963800261e+03 2.587120899572368130e-10 1.219214586403274453e-10
4.906545821184099623e+03 2.569879129069321901e-10 1.211075705660028726e-10
4.913056496435749068e+03 2.556244370795262693e-10 1.204642890328725235e-10
4.917224315581750488e+03 2.547557100447494109e-10 1.200546526177615508e-10
4.925681463801999598e+03 2.530046318302865173e-10 1.192287543615988022e-10
4.931930776435699954e+03 2.517226456891811722e-10 1.186233325694407084e-10
4.936117267963799350e+03 2.508679891050701659e-10 1.182198241261110596e-10
4.944854451184099162e+03 2.490920792898675393e-10 1.173827197586390944e-10
4.950842396435749833e+03 2.478868443663458051e-10 1.168137639966710730e-10
4.955047552963849739e+03 2.470431554584193075e-10 1.164160165621595160e-10
4.964064771184100209e+03 2.452487340561639729e-10 1.155691783840733986e-10
4.969791351435700562e+03 2.441168760293776933e-10 1.150352014241738235e-10
4.974015177963800852e+03 2.432865717455451873e-10 1.146433537382500189e-10
4.983312431184100205e+03 2.414727639330203555e-10 1.137870046958351020e-10
4.988777646435701172e+03 2.404118648122006723e-10 1.132869791049712471e-10
4.993020139324400589e+03 2.395929167220209860e-10 1.129008213641331077e-10
5.002401274324400219e+03 2.377981355173071341e-10 1.120533580018234840e-10
5.007801276435699947e+03 2.367711643303457705e-10 1.115688916413760546e-10
5.012258591184099714e+03 2.359271409146022392e-10 1.111708993699464972e-10
5.021462242963799326e+03 2.341965020737596822e-10 1.103547276804773850e-10
5.026862246435700399e+03 2.331897296171039209e-10 1.098795357904866052e-10
5.031599596184100847e+03 2.323110883295405148e-10 1.094647788656812766e-10
5.040560547963799763e+03 2.306574940744188765e-10 1.086851855786798991e-10
5.045960551435699927e+03 2.296693412281010973e-10 1.082189778310674047e-10
5.050977936184099235e+03 2.287536249673313585e-10 1.077876664021634590e-10
5.059696192963800058e+03 2.271795600798196097e-10 1.070442385049762930e-10
5.065096196435699312e+03 2.262093626692871818e-10 1.065866398005788933e-10
5.070393616184100210e+03 2.252616802855137637e-10 1.061399570464202151e-10
5.078869177963800212e+03 2.237578169063741517e-10 1.054305197363757755e-10
5.084269181435699466e+03 2.228076790416061915e-10 1.049818215164481928e-10
5.089846631184100261e+03 2.218297723346894466e-10 1.045206052345733887e-10
5.098079497963850372e+03 2.203954300082762471e-10 1.038443340548016279e-10
5.103479501435749626e+03 2.194628284368927482e-10 1.034040165375496328e-10
5.109336983801999850e+03 2.184569300618343222e-10 1.029290483501883017e-10
5.117327155581750048e+03 2.170891750458386196e-10 1.022847657397229862e-10
5.122727156435749748e+03 2.161736094363068807e-10 1.018526130183172994e-10
5.128864676184099153e+03 2.151384740702047356e-10 1.013641490695751665e-10
5.136612152963800327e+03 2.138386143361354883e-10 1.007514507082488793e-10
5.142012156435700490e+03 2.129410442235275163e-10 1.003275233257212257e-10
5.148429708802000278e+03 2.118764620708922825e-10 9.982602491809343406e-11
5.155934485581699846e+03 2.106433442482898936e-10 9.924406969869675579e-11
5.161334486435699546e+03 2.097620715632470228e-10 9.882800705003998354e-11
5.168032071184099550e+03 2.086745978287402868e-10 9.831488260483828472e-11
5.175294157963799989e+03 2.075025632608728293e-10 9.776212393607239825e-11
5.180694161435699243e+03 2.066352347319774734e-10 9.735345809174345266e-11
5.187671781184100837e+03 2.055247936457971709e-10 9.682908480392292180e-11
5.194691167963800581e+03 2.044120793225944028e-10 9.630462853315808993e-11
5.200091171435699835e+03 2.035631170157065077e-10 9.590385375393658129e-11
5.207348826184099380e+03 2.024269576824677041e-10 9.536819058832343943e-11
5.214125512963850269e+03 2.013741478205542186e-10 9.487154609713852554e-11
5.219525516435750433e+03 2.005383233098386005e-10 9.447780080368115086e-11
5.227063206184100636e+03 1.993833207635905515e-10 9.393235578234317251e-11
5.233597197963849794e+03 1.983848763082542461e-10 9.346211549432379882e-11
5.238997201435749957e+03 1.975662647755166541e-10 9.307600902244296742e-11
5.246814926184099932e+03 1.963899171399637196e-10 9.252072786306499393e-11
5.253106222963799155e+03 1.954486491357055160e-10 9.207668422252501888e-11
5.258506226435699318e+03 1.946435148519667811e-10 9.169739135623161571e-11
5.266603982544700557e+03 1.934463713011492872e-10 9.113268046479863682e-11
5.272652584324400777e+03 1.925585403182215668e-10 9.071378463695625504e-11
5.278052586435700505e+03 1.917708882481766431e-10 9.034194841894446063e-11
5.286430376184100169e+03 1.905534361065655717e-10 8.976828622462898286e-11
5.292236282963850499e+03 1.897183144518944954e-10 8.937388191770017143e-11
5.297636286435749753e+03 1.889435746776659630e-10 8.900866428111739822e-11
5.306294111184100075e+03 1.877089629787415290e-10 8.842688062773302746e-11
5.311857317963799687e+03 1.869210160372889442e-10 8.805558230549356819e-11
5.317257321435699851e+03 1.861638056429508424e-10 8.769761089226034775e-11
5.326195181184099965e+03 1.849129049086739106e-10 8.710810834286820260e-11
5.331515692963799665e+03 1.841745425641982539e-10 8.675972726804989073e-11
5.336915696435699829e+03 1.834274429542473066e-10 8.640767086235870519e-11
5.346133588801999394e+03 1.821642711810961356e-10 8.581137743640597565e-11
5.351211405581700092e+03 1.814693041471782109e-10 8.548450570379820493e-11
5.356611406435700701e+03 1.807384361460602079e-10 8.513931597400852030e-11
5.366109331184099574e+03 1.794585380943717332e-10 8.453586864011528637e-11
5.370944457963849345e+03 1.788116451878039786e-10 8.423077218962051447e-11
5.376344461435749508e+03 1.780922204221041575e-10 8.389160002737578805e-11
5.386098971435750173e+03 1.768018369926565685e-10 8.328325486022036471e-11
5.396114846435750223e+03 1.754891095902272062e-10 8.266431166203578945e-11
5.405888026435750362e+03 1.742210441660544679e-10 8.206614183511292172e-11
5.410522570581750188e+03 1.736257498250377697e-10 8.178468492759715007e-11
5.416207383801999640e+03 1.728937797425532899e-10 8.144030823891552186e-11
5.425714421435699478e+03 1.716836452444153526e-10 8.086919653223473650e-11
5.430367634324399660e+03 1.710957218629641236e-10 8.059155830371723435e-11
5.436313812544700340e+03 1.703452488254615586e-10 8.023805832361796391e-11
5.445578156435699384e+03 1.691858002357342913e-10 7.969144405393241327e-11
5.450250037963800423e+03 1.686027566187762887e-10 7.941723479215265587e-11
5.456457581184100491e+03 1.678366082118185101e-10 7.905545433264954177e-11
5.465479226435700184e+03 1.667291900990496179e-10 7.853307331677863434e-11
5.470169775581699469e+03 1.661564349947804789e-10 7.826308823199819161e-11
5.476638683802000742e+03 1.653710824186145602e-10 7.789273333143738664e-11
5.485417631435750991e+03 1.643108441242951785e-10 7.739331993283553945e-11
5.490126852963850070e+03 1.637472558277062619e-10 7.712733232093286281e-11
5.496857131184100581e+03 1.629458845635332510e-10 7.674914628225304177e-11
5.505393381435750598e+03 1.619346622661344210e-10 7.627248933659896594e-11
5.510121267963850187e+03 1.613779448908714695e-10 7.601006214783519379e-11
5.517112911184100085e+03 1.605586827715283026e-10 7.562398822481066343e-11
5.525406466435750190e+03 1.595961689167418176e-10 7.516961501559971000e-11
5.530153020581749843e+03 1.590461620916000460e-10 7.491071646783075181e-11
5.537406023801999254e+03 1.582144158696958201e-10 7.451793303580728580e-11
5.545456886435748856e+03 1.572942732504150349e-10 7.408445616924011094e-11
5.550222112963850122e+03 1.567537298432049127e-10 7.382952906278497120e-11
5.557736481184099830e+03 1.559061265726667354e-10 7.342975754591447349e-11
5.565544646435750110e+03 1.550306852619159953e-10 7.301709770595759896e-11
5.570328540581749621e+03 1.544979658707987165e-10 7.276579055709793282e-11
5.578104273802000534e+03 1.536359913162691901e-10 7.235947122976245072e-11
5.585669741435700416e+03 1.528015990097524115e-10 7.196660366272318207e-11
5.590472305581700311e+03 1.522769405958908393e-10 7.171888905253749509e-11
5.598509403801999724e+03 1.514034037195373976e-10 7.130668399997627908e-11
5.605832176435699694e+03 1.506119685499150569e-10 7.093354088064147233e-11
5.610653410581699973e+03 1.500931763459653639e-10 7.068911540074252725e-11
5.618951873801999682e+03 1.492057743220402544e-10 7.027094011640020296e-11
5.626031951435749761e+03 1.484550152027504419e-10 6.991677549888837822e-11
5.630871852963849960e+03 1.479429098713176783e-10 6.967570827581815634e-11
5.639431681184099943e+03 1.470461783484682663e-10 6.925244113179538521e-11
5.646269066435749664e+03 1.463312451513176375e-10 6.891611173763989153e-11
5.651127637963850248e+03 1.458275941713882259e-10 6.867860199569236300e-11
5.659948831184100527e+03 1.449202190627330990e-10 6.825026680222250094e-11
5.666543516435700440e+03 1.442435718552143427e-10 6.793174966369878162e-11
5.671420752963800624e+03 1.437475197285909882e-10 6.769766231276746233e-11
5.680503311184100312e+03 1.428283702382022078e-10 6.726427873245494861e-11
5.686855301435699403e+03 1.421902183223278170e-10 6.696331683307096123e-11
5.691751207963799970e+03 1.417009332496193289e-10 6.673250846660336704e-11
5.701095131184099955e+03 1.407715297569672921e-10 6.629453527875712508e-11
5.707204426435700043e+03 1.401668108699363887e-10 6.600995907831470320e-11
5.712119002963800085e+03 1.396844637244979273e-10 6.578242659756743276e-11
5.721724291184099457e+03 1.387462726252848556e-10 6.534026887326835392e-11
5.727590891435749654e+03 1.381778137929516775e-10 6.507213934984380207e-11
5.732524135581749761e+03 1.377033477428634819e-10 6.484792444233253651e-11
5.742390783801999532e+03 1.367557016981457567e-10 6.440165635292987369e-11
5.748014686435750264e+03 1.362211434168864819e-10 6.414928715685698150e-11
5.752966602963850164e+03 1.357505781687212515e-10 6.392777664904355963e-11
5.763075822963799510e+03 1.347988193728954362e-10 6.347898065552567126e-11
5.773446407963800084e+03 1.338308260899179609e-10 6.302260831742205465e-11
5.783574297963800745e+03 1.328931218206746865e-10 6.258077360316669233e-11
5.788974301435699999e+03 1.323958452114688289e-10 6.234667588585159939e-11
5.794225046184099483e+03 1.319163467672735486e-10 6.212039352333906781e-11
5.804110112963800020e+03 1.310181082027784645e-10 6.169693572624150621e-11
5.809510116435699274e+03 1.305313399293416491e-10 6.146724389725706662e-11
5.815022226184099054e+03 1.300355617362047692e-10 6.123369367242977401e-11
5.824683267963800063e+03 1.291739494373502971e-10 6.082726314402288666e-11
5.830083271435699316e+03 1.286949988690527796e-10 6.060147336192064378e-11
5.835856743801999983e+03 1.281842562966600725e-10 6.036105729485065704e-11
5.845293755581699770e+03 1.273562015067881880e-10 5.997087286631472125e-11
5.850693756435700379e+03 1.268855703775881774e-10 5.974906087605067646e-11
5.856728596184099843e+03 1.263624713102799474e-10 5.950241709502775671e-11
5.865941582963851033e+03 1.255696980488758592e-10 5.912844714408958502e-11
5.871341586435750287e+03 1.251069334089213645e-10 5.891047403535259653e-11
5.877637791184100024e+03 1.245711858507076664e-10 5.865775946531128595e-11
5.886626747963799971e+03 1.238096273854125099e-10 5.829904921269152464e-11
5.892026751435700135e+03 1.233549793029104167e-10 5.808487790945677747e-11
5.898584321184101100e+03 1.228057432538185537e-10 5.782612101292049549e-11
5.907349252963800609e+03 1.220758446278815883e-10 5.748243197187274412e-11
5.912749256435699863e+03 1.216302571696779150e-10 5.727216630857523256e-11
5.919568188801999895e+03 1.210712308075283014e-10 5.700814982920033862e-11
5.928109090581700002e+03 1.203718767892255763e-10 5.667903270424348725e-11
5.933509091435699702e+03 1.199328766705410121e-10 5.647225377009782353e-11
5.940589391184100350e+03 1.193623686224988401e-10 5.620288237622531731e-11
5.948906272963850824e+03 1.186947467181499802e-10 5.588824753191509670e-11
5.954306276435750078e+03 1.182644316476904000e-10 5.568522001235837288e-11
5.961647937544700653e+03 1.176785648429171543e-10 5.541008277019207660e-11
5.969740789324449906e+03 1.170411225587980423e-10 5.510940289952995975e-11
5.975140791435749634e+03 1.166188182361907058e-10 5.491000171467465446e-11
5.982743817544700505e+03 1.160260699212832361e-10 5.463057643014191827e-11
5.990612639324400334e+03 1.154157719742467553e-10 5.434314193187469172e-11
5.996012641435700061e+03 1.150004230359601736e-10 5.414715459395679352e-11
6.003877036184100689e+03 1.143994057388041055e-10 5.386339371704431469e-11
6.011521832963850102e+03 1.138164335135468536e-10 5.358896130144641318e-11
6.016921836435750265e+03 1.134075315845038529e-10 5.339628010035093057e-11
6.025047596184100257e+03 1.127943866669780659e-10 5.310773055362042883e-11
6.032468367963800119e+03 1.122401416085864927e-10 5.284624818625359864e-11
6.037868371435699373e+03 1.118368221532205898e-10 5.265664442437174967e-11
6.046255491184099810e+03 1.112172183559002502e-10 5.236434427757389066e-11
6.053452232963850292e+03 1.106892424649847403e-10 5.211517735730205295e-11
6.058852236435750456e+03 1.102944698676716360e-10 5.192907141009619394e-11
6.067500723801999811e+03 1.096643486455763679e-10 5.163252154883057047e-11
6.074473440581749855e+03 1.091608799622733570e-10 5.139518690017020076e-11
6.079873441435750465e+03 1.087702772761654027e-10 5.121190409720223027e-11
6.088783293802000117e+03 1.081355261930436017e-10 5.091219628753951259e-11
6.095531985581699701e+03 1.076577204504629502e-10 5.068663573767440764e-11
6.100102252963799401e+03 1.073343771072637210e-10 5.053439817202940276e-11
6.104004181184099252e+03 1.070580674939732031e-10 5.040468307161344322e-11
6.109404184656000325e+03 1.066811004868025003e-10 5.022646988397929362e-11
6.114616873801999645e+03 1.063150976761026470e-10 5.005460902224541581e-11
6.116571265581699663e+03 1.061805344854925287e-10 4.999069796765161166e-11
6.121971266435699363e+03 1.058052670078703091e-10 4.981394492975976739e-11
6.129385217544700026e+03 1.052927251767242122e-10 4.957256817723014036e-11
6.135742449324400695e+03 1.048555995639241653e-10 4.936675771583671438e-11
6.141142451435701332e+03 1.044881213735905404e-10 4.919311923560950928e-11
6.150712336184100423e+03 1.038370968794072754e-10 4.888665450029062765e-11
6.158807577963850235e+03 1.032922709075154417e-10 4.862956538896405891e-11
6.164207581435749489e+03 1.029289532481291972e-10 4.845873284990910412e-11
6.174690176435699868e+03 1.022308899937866736e-10 4.812961917251530149e-11
6.187487677963799797e+03 1.013862224874195510e-10 4.773151346953863212e-11
6.197988947963799546e+03 1.007007618169031957e-10 4.740811348362935981e-11
6.203388951435699710e+03 1.003497389673335058e-10 4.724277502977964822e-11
6.213908891435749865e+03 9.966889875666006653e-11 4.692249889872597001e-11
6.233247843215499415e+03 9.843542953715341140e-11 4.634124979508530897e-11
6.245326689324449944e+03 9.767427004101893659e-11 4.598269372316115403e-11
6.252266932544699557e+03 9.724208779572254731e-11 4.577853893030898565e-11
6.261283966435750699e+03 9.668208065429965243e-11 4.551466851917962029e-11
6.275476943215450774e+03 9.580737586886611455e-11 4.510299599502889219e-11
6.296647498215450469e+03 9.452272551293221934e-11 4.449773685682268786e-11
6.315004565581749375e+03 9.342823058389427686e-11 4.398145372070106915e-11
6.325617850581700623e+03 9.280010684360442760e-11 4.368595738079067453e-11
6.331017851435700322e+03 9.248488298852358767e-11 4.353691964950532301e-11
6.341649801435750305e+03 9.186400773638338732e-11 4.324471171471079972e-11
6.360383198215449738e+03 9.078349143403818629e-11 4.273595735646331796e-11
6.375604083215399442e+03 8.991911916259502861e-11 4.232832555537975844e-11
6.386216773215400281e+03 8.932119542213357613e-11 4.204683193584851127e-11
6.400985123215449676e+03 8.849831259834152212e-11 4.165908475076001556e-11
6.421043070581750726e+03 8.739644453024114412e-11 4.113969137922393313e-11
6.433644260581750132e+03 8.671085213884429921e-11 4.081720987739185761e-11
6.439044261435748922e+03 8.641992592507045794e-11 4.068011521518587665e-11
6.457241766435749923e+03 8.544843045172817730e-11 4.022231431310858901e-11
6.497587638215449260e+03 8.334363511297752160e-11 3.923021077642492155e-11
6.557264007963800395e+03 8.034219820859063222e-11 3.781723593073164250e-11
6.595214052963850008e+03 7.850748471921119956e-11 3.695231699013081006e-11
6.600614056435750172e+03 7.825014511267939697e-11 3.683116053040881836e-11
6.655418091435700262e+03 7.569918925585615101e-11 3.562971919207716404e-11
6.764309337963799408e+03 7.093299138763404632e-11 3.338457525990885632e-11
6.824643681184099478e+03 6.845294350968458187e-11 3.221656317629841872e-11
6.848852386435749395e+03 6.748969385979688844e-11 3.176247053693007616e-11
6.981952333215449471e+03 6.247935144213514004e-11 2.940297984641434279e-11
7.122792737963800391e+03 5.767399692599571772e-11 2.714007073369676765e-11
7.154741901184099333e+03 5.664832021560892967e-11 2.665726603218130995e-11
7.293241856435699447e+03 5.246210182751190824e-11 2.468537646500016668e-11
7.526190897963799216e+03 4.625267968189438096e-11 2.176194650382207868e-11
7.631439991184100109e+03 4.374979134322139210e-11 2.058367219818422399e-11
7.769939941435701257e+03 4.070951702870444668e-11 1.915218369034059537e-11
8.108742132963799122e+03 3.431137660210277270e-11 1.614056468934323984e-11
8.319844381184098893e+03 3.095617953682432673e-11 1.456116561781048472e-11
8.458344331435700951e+03 2.897440746305174449e-11 1.362882669569020515e-11
8.950010097963800945e+03 2.310715791557549656e-11 1.086764573629414395e-11
9.313975921184099207e+03 1.969869332069245519e-11 9.263834807011752430e-12
9.452475871435701265e+03 1.856822396962872540e-11 8.731915709597199234e-12
1.016489341558170054e+04 1.388137128501600589e-11 6.526819160169218466e-12
1.074961101380199943e+04 1.109652879148802421e-11 5.217075183679327339e-12
1.088811096643570090e+04 1.054057542642313202e-11 4.956064179358401091e-12
1.191931834796380099e+04 7.337759804622067071e-12 3.449597813224277115e-12
1.282282579618409909e+04 5.477688703674229970e-12 2.574797766195434451e-12
1.296132576643570064e+04 5.246524126056256835e-12 2.466287056750565543e-12
1.445290064796380102e+04 3.392705241647460637e-12 1.594654519444122733e-12
1.581677559618410123e+04 2.364877260100467336e-12 1.111505793491231582e-12
1.595527556643574826e+04 2.283454524943166993e-12 1.073331638049799011e-12
1.811167171558174960e+04 1.375263296457916111e-12 6.462815167587680740e-13
2.014036791380199793e+04 8.995447590010914853e-13 4.226212409433779806e-13
2.027886786643575033e+04 8.748268721857604379e-13 4.111260228641117307e-13
2.339533894796384993e+04 4.939671493637835387e-13 2.320598623426877505e-13
2.638411009618410026e+04 3.051379451719003749e-13 1.434121841926006323e-13
2.652261001643574855e+04 2.989686979562672751e-13 1.404632567250785942e-13
3.102553464796385379e+04 1.599361069252108854e-13 7.504970464619640367e-14
3.540075939618410484e+04 9.409592661385659344e-14 4.423252704480436867e-14
3.553925936643575551e+04 9.281897674778075007e-14 4.357530760092810560e-14
4.204437524796384969e+04 4.724291580594959021e-14 2.222158794278489695e-14
4.842179119618410186e+04 2.696299392405873987e-14 1.264710174497995547e-14
4.856029116643570160e+04 2.662908451785348737e-14 1.249921673997933125e-14
5.795679109796379635e+04 1.318901492461297223e-14 6.170019865070532100e-15
6.722559109618410002e+04 7.291289825015401947e-15 3.409423141805619306e-15
6.736409106643569248e+04 7.115864716151078582e-15 3.363459327549795812e-15
8.093606709796383802e+04 3.472323006382006050e-15 1.622882760415580160e-15
9.438034319618415611e+04 1.880575773128495988e-15 8.781860482323340902e-16
9.451884316643574857e+04 1.872542959093129953e-15 8.731782878247116492e-16
1.141206650655817502e+05 9.949764985137425559e-16 4.279804551162190034e-16
1.335947870138020371e+05 4.964750619935054807e-16 2.228142062014843125e-16
1.337332869164358126e+05 5.329838535872899749e-16 2.279326115736007138e-16
1.620428689155817265e+05 2.468403569634586400e-16 1.055575370929324597e-16
1.902247510138019570e+05 1.392719190252627998e-16 5.710308215669618287e-17
1.903632509164357616e+05 1.365356495163936442e-16 5.641578795578769081e-17
2.312477944155817386e+05 7.382035048574951664e-17 2.729135550659589600e-17
2.720046380138020613e+05 2.877314149997350883e-17 1.293195068230731647e-17
2.721431379164357204e+05 3.637924473200718656e-17 1.406841457589953521e-17
3.311873066479638801e+05 2.378800741067272398e-17 7.266409148953161728e-18
3.901037757461841102e+05 2.247343774389480575e-17 4.919031319070349299e-18
3.902422759164356976e+05 1.025876583593654471e-17 3.595599410108970718e-18
4.755109381479638978e+05 1.888277183526908351e-17 2.986876811055453286e-18
5.606519007461841684e+05 5.305879766683897276e-17 1.256895058431350921e-18
5.607904009164357558e+05 3.493601563330938764e-18 1.213687732130163068e-21
