1.500001740000000139e-01 2.213457414485588692e-01 1.044643570263707327e-01
2.999992800999999876e-01 2.214740860074070894e-01 1.045327641779682792e-01
4.499982122000000251e-01 2.216883757996100379e-01 1.046470009593983147e-01
5.499982122000000029e-01 2.218792600574155116e-01 1.047487826637745478e-01
6.499988728000000160e-01 2.221088257393433463e-01 1.048712175876345271e-01
7.499996907000000546e-01 2.223773493629752906e-01 1.050144686538688615e-01
8.499999240000000178e-01 2.226851545653907860e-01 1.051787267412483684e-01
9.500001739999999195e-01 2.230326186027482838e-01 1.053642142733800802e-01
1.050000347999999972e+00 2.234201680922310862e-01 1.055711830886366526e-01
1.150000348000000061e+00 2.238482822901410318e-01 1.057999163524799974e-01
1.299999280100000210e+00 2.245676925694490011e-01 1.061845228127399898e-01
1.449998872800000171e+00 2.253816378709964374e-01 1.066200312473480905e-01
1.549999690699999988e+00 2.259779397837812787e-01 1.069393322345068703e-01
1.649999848000000213e+00 2.266180657801361575e-01 1.072823301694039028e-01
1.749999924000000151e+00 2.273028621636722368e-01 1.076495284644392036e-01
1.850000000000000311e+00 2.280332434194920488e-01 1.080414721099808434e-01
1.950000174000000142e+00 2.288101990727549051e-01 1.084587517759258851e-01
2.050000347999999750e+00 2.296347961972237672e-01 1.089020056326926583e-01
2.150000348000000283e+00 2.305081847366284020e-01 1.093719227383424253e-01
2.250000347999999928e+00 2.314316065372624132e-01 1.098692484910359229e-01
2.399999280099999854e+00 2.329134887716153568e-01 1.106683963676645677e-01
2.549998212200000225e+00 2.345159120535571518e-01 1.115340146656483150e-01
2.649998212200000314e+00 2.356538644152370021e-01 1.121496567647577020e-01
2.749998872799999994e+00 2.368496194194101567e-01 1.127974037960021436e-01
2.849999533400000118e+00 2.381050891384295376e-01 1.134784204162252175e-01
2.949999533400000207e+00 2.394223291003441112e-01 1.141939621938974636e-01
3.049999533399999851e+00 2.408035687865636154e-01 1.149453936878117172e-01
3.149999533400000384e+00 2.422511999247953518e-01 1.157341838124583827e-01
3.249999690700000610e+00 2.437678019633736370e-01 1.165619216231976729e-01
3.349999847999999947e+00 2.453561517302737527e-01 1.174303237777820363e-01
3.449999924000000551e+00 2.470192477594438107e-01 1.183412503168519009e-01
3.549999999999999822e+00 2.487603333108990011e-01 1.192967201313297060e-01
3.650000000000000355e+00 2.505829150401074901e-01 1.202989244838990335e-01
3.750000000000000444e+00 2.524907955667747839e-01 1.213502486747314868e-01
3.850000000000000089e+00 2.544881003953268217e-01 1.224532912271345808e-01
3.950000174000000364e+00 2.565793182052075183e-01 1.236108911705292440e-01
4.099999280100000476e+00 2.599030050743192377e-01 1.254564379683734965e-01
4.249998212200000403e+00 2.634675012543507000e-01 1.274435603179105703e-01
4.349998872799999639e+00 2.659879545320708027e-01 1.288536117275141391e-01
4.449999690699999455e+00 2.686317899571524226e-01 1.303371430938990994e-01
4.549999847999999680e+00 2.714067314950234788e-01 1.318991892544352229e-01
4.649999924000000284e+00 2.743213590965392079e-01 1.335453715144111209e-01
4.750000000000000000e+00 2.773851772341933142e-01 1.352819556674957624e-01
4.850000174000000719e+00 2.806087691037389975e-01 1.371159624636626717e-01
4.950000347999999661e+00 2.840039582759519843e-01 1.390552877952323796e-01
5.056825680100001108e+00 2.878354713700370660e-01 1.412534301753702592e-01
5.206824612200000146e+00 2.936072582601750303e-01 1.445841954395593043e-01
5.349998872799999639e+00 2.995935290670532769e-01 1.480639358507534198e-01
5.449999690700000343e+00 3.040849161558297209e-01 1.506918990191732366e-01
5.549999848000000569e+00 3.088603828545587460e-01 1.535025375827973604e-01
5.649999924000000284e+00 3.139498809477334618e-01 1.565170078499215911e-01
5.750000000000000000e+00 3.193885934675924632e-01 1.597604122039465724e-01
5.850000174000000719e+00 3.252183006765780315e-01 1.632628756815759363e-01
5.950000347999999661e+00 3.314891816692452364e-01 1.670609889723328190e-01
6.064887030100000409e+00 3.393179729424589675e-01 1.718483896527445431e-01
6.214885962200000336e+00 3.507360446000369336e-01 1.789248860341191016e-01
6.349998872800000527e+00 3.624566815442809009e-01 1.863103160773436628e-01
6.449999690699999455e+00 3.722340626305961631e-01 1.925699326200149553e-01
6.549999847999999680e+00 3.831911253967014153e-01 1.996967268770575565e-01
6.649999924000000284e+00 3.956452852905537609e-01 2.079484458907656930e-01
6.750000000000000000e+00 4.100775983500615784e-01 2.177244893291876704e-01
6.850000174000000719e+00 4.272802469493859334e-01 2.296993703028596401e-01
6.950000348000000550e+00 4.487362282960470350e-01 2.451732795563631717e-01
7.076948880099999784e+00 4.882973934238603042e-01 2.755097141193780796e-01
7.214285662200000893e+00 5.752479003341010033e-01 3.510244927771692391e-01
7.337336062200000342e+00 5.814598328917253145e-01 3.417400663566346197e-01
7.449998212200000580e+00 5.763212062649067935e-01 3.271724020753234430e-01
7.549998872800000704e+00 5.703647826857344283e-01 3.182150931202943900e-01
7.649999690699999633e+00 5.663594284227797537e-01 3.113437221690432688e-01
7.749999923999999929e+00 5.634226404731139670e-01 3.057628837823161416e-01
7.850000173999999831e+00 5.611549990567503698e-01 3.009972522585341870e-01
7.950000347999999661e+00 5.593393145178667814e-01 2.968253841762881762e-01
8.050000951999999543e+00 5.578377383663984945e-01 2.930828686759933133e-01
8.150001806000000570e+00 5.565551632555263417e-01 2.896903010985556470e-01
8.297405634100000427e+00 5.551770722148311465e-01 2.851977379072100360e-01
8.447403712199999859e+00 5.537495916236159221e-01 2.810100293899967516e-01
8.549998872799999816e+00 5.528873637349615011e-01 2.783839773548758556e-01
8.649999690700001409e+00 5.521107278004733221e-01 2.759408495706150433e-01
8.749999847999999858e+00 5.513702820136837657e-01 2.736134267829771760e-01
8.849999924000000462e+00 5.506498093465205246e-01 2.714063116620573646e-01
8.950000173999999475e+00 5.499319026957180112e-01 2.692712360577680375e-01
9.050000952000001320e+00 5.492077441576366237e-01 2.671973257533021839e-01
9.150001806000002347e+00 5.484649313380461910e-01 2.652055700430994145e-01
9.256429505999999918e+00 5.476563107458922719e-01 2.631756799539543001e-01
9.385897374099998913e+00 5.466996005400259762e-01 2.607612690985022796e-01
9.529468027200000080e+00 5.455890725629003457e-01 2.581584906344286945e-01
9.649998907799998804e+00 5.445106064744745789e-01 2.560813566018034226e-01
9.749999705699998742e+00 5.435742563242879077e-01 2.543854975684317066e-01
9.849999928999999099e+00 5.425981547230463997e-01 2.526983263635153021e-01
9.950000183999998526e+00 5.415775220329192008e-01 2.510460785757053781e-01
1.005000096200000037e+01 5.405076122241068148e-01 2.494719851859154847e-01
1.015000180600000057e+01 5.393692445305756644e-01 2.479122883285518053e-01
1.027752404410000153e+01 5.378760836375439114e-01 2.459389352015059760e-01
1.042752214719999948e+01 5.360711192755887033e-01 2.436290683292037795e-01
1.054999890779999916e+01 5.344265271368310311e-01 2.418371325092428248e-01
1.064999970569999910e+01 5.329939791432993790e-01 2.403871189306241996e-01
1.074999992899999945e+01 5.315045099111672666e-01 2.389317195664902582e-01
1.085000018400000066e+01 5.299549699563769201e-01 2.374697354667856808e-01
1.095000096200000073e+01 5.283378713944572036e-01 2.360439230525908372e-01
1.105000180600000093e+01 5.266456506058195819e-01 2.346728730047105971e-01
1.115000205599999994e+01 5.248680253852719968e-01 2.333071708264780886e-01
1.130000015909999966e+01 5.221406429446902031e-01 2.312736924494822044e-01
1.144999890779999951e+01 5.193160337844131558e-01 2.291724409007659391e-01
1.154999970569999945e+01 5.172552434673712840e-01 2.278605453938553349e-01
1.164999992899999981e+01 5.151351158586873202e-01 2.265615938711383892e-01
1.175000018399999924e+01 5.129450016518790623e-01 2.252616584589955950e-01
1.185000036799999990e+01 5.106821289784917450e-01 2.239504667980120045e-01
1.195000096200000073e+01 5.083399704603713820e-01 2.226192018869994904e-01
1.205000180599999915e+01 5.059224104377226805e-01 2.212942057362178305e-01
1.215000205599999816e+01 5.034171260835357264e-01 2.200350561970295382e-01
1.230000015909999966e+01 4.995547860053475842e-01 2.181822598989766882e-01
1.244999890779999951e+01 4.955979169676957841e-01 2.162856062392752576e-01
1.254999970569999945e+01 4.927841196988480554e-01 2.149974701151085577e-01
1.264999992900000159e+01 4.899088874677336447e-01 2.136964294616864601e-01
1.275000018399999924e+01 4.869583548110027471e-01 2.124723769039756349e-01
1.285000036799999990e+01 4.839379888810304009e-01 2.112596824654126293e-01
1.295000096199999895e+01 4.808362676304686611e-01 2.100458067833086695e-01
1.305000180599999915e+01 4.776604883082494202e-01 2.088223221993464052e-01
1.315000205599999994e+01 4.743998163602645701e-01 2.075768521653500176e-01
1.330000015909999966e+01 4.693987817007239105e-01 2.057205218884282094e-01
1.344999890779999951e+01 4.643065252428091316e-01 2.038977367621612191e-01
1.354999970570000123e+01 4.607521985629118855e-01 2.027027455320558891e-01
1.364999992899999981e+01 4.571458936685913743e-01 2.015062422505291828e-01
1.375000018399999924e+01 4.534722799860502196e-01 2.002988508482189955e-01
1.385000036800000167e+01 4.497303015876611409e-01 1.990693498049283250e-01
1.395000096200000073e+01 4.459180775616951031e-01 1.978115975017284145e-01
1.405000180600000270e+01 4.420487499617428151e-01 1.965863185577180205e-01
1.415000205600000172e+01 4.381092521748261581e-01 1.953957722843671363e-01
1.430000015910000144e+01 4.321054873169303256e-01 1.936304121224917685e-01
1.444999890780000129e+01 4.260370097760307617e-01 1.918288539491837807e-01
1.454999970569999945e+01 4.218659810711835600e-01 1.906044878478887483e-01
1.464999992900000159e+01 4.176558151293650045e-01 1.893505541746395571e-01
1.475000018400000101e+01 4.133931433740605232e-01 1.880963508388990568e-01
1.485000036799999990e+01 4.090946796243851158e-01 1.868920026782810995e-01
1.495000096200000250e+01 4.047518591086662343e-01 1.856933320494420503e-01
1.505000180599999737e+01 4.003695104823231099e-01 1.844895991524456158e-01
1.515000205599999994e+01 3.959483537342370352e-01 1.832735117591903773e-01
1.530000015910000322e+01 3.892685605110011715e-01 1.814266460255683777e-01
1.544999890780000307e+01 3.825759256820340237e-01 1.794909851809321777e-01
1.554999970570000123e+01 3.780498368645868745e-01 1.782182629876500335e-01
1.564999992900000159e+01 3.735045888224385324e-01 1.769691522249919324e-01
1.575000018400000279e+01 3.689562805904695875e-01 1.757160957211003627e-01
1.585000036799999812e+01 3.643986871537190364e-01 1.744499875383704879e-01
1.595000096200000073e+01 3.598396507602630856e-01 1.731641311817395668e-01
1.605000180600000093e+01 3.552717472160308310e-01 1.718512608311734691e-01
1.616787921909999781e+01 3.498874826991230647e-01 1.702573084883918508e-01
1.631787732219999754e+01 3.430926078673360857e-01 1.681495812433029813e-01
1.644999890779999774e+01 3.371237175784995155e-01 1.663218842730716240e-01
1.654999955339999929e+01 3.326148318352323274e-01 1.649128190118169524e-01
1.664999955340000071e+01 3.281236351757058634e-01 1.634686673090094411e-01
1.674999970570000229e+01 3.236517612513418185e-01 1.619782600352110136e-01
1.684999985800000033e+01 3.192037982812057084e-01 1.604291579099344223e-01
1.694999992900000052e+01 3.147663377063811829e-01 1.588046288245596183e-01
1.705000000000000071e+01 3.103313985122732044e-01 1.570816773205438166e-01
1.715000018400000315e+01 3.058655476400696238e-01 1.552602749131539728e-01
1.725000096200000144e+01 3.013205376064235774e-01 1.533759029993307932e-01
1.735000180600000164e+01 2.970729143661260951e-01 1.513529791421038273e-01
1.750000102800000334e+01 2.909178654628813976e-01 1.479262202683293559e-01
1.765000077799999900e+01 2.846988666922942723e-01 1.436605736963291191e-01
1.775000155600000085e+01 2.802535686839000006e-01 1.399128320621849941e-01
1.785000180600000164e+01 2.750157731709250708e-01 1.343776500025612719e-01
1.798733965599999962e+01 2.659136053646970477e-01 1.298650757888737961e-01
1.813733862799999841e+01 2.653217505839935431e-01 1.441438763854483440e-01
1.825000000000000000e+01 2.655252030950261410e-01 1.505410344288587166e-01
1.835000000000000142e+01 2.651119859036719095e-01 1.542946563753603562e-01
1.845000077799999971e+01 2.643064461675235788e-01 1.565619130851706731e-01
1.855000180600000093e+01 2.632592575611903962e-01 1.582094938798120354e-01
1.870000102800000263e+01 2.614103503536725492e-01 1.596154172387981851e-01
1.885000000000000142e+01 2.593309283139725863e-01 1.602258307606856669e-01
1.895000077800000327e+01 2.577960865649825961e-01 1.602970462208579694e-01
1.905000180600000093e+01 2.560198540486144925e-01 1.602190179309598006e-01
1.920000102799999908e+01 2.538922210651489708e-01 1.598237268301744285e-01
1.935000000000000142e+01 2.520837037794105284e-01 1.591328476989742613e-01
1.945000077800000327e+01 2.510033690205656365e-01 1.585293392459617978e-01
1.955000180600000093e+01 2.500146858297294106e-01 1.577759815543135491e-01
1.970000102799999908e+01 2.486944324694810304e-01 1.565875890757880695e-01
1.985000000000000142e+01 2.475365514346532514e-01 1.551422272823523019e-01
1.995000077800000327e+01 2.468161946631417525e-01 1.541009067305124380e-01
2.005000180600000093e+01 2.461822558536256589e-01 1.530996154341356663e-01
2.017947155600000286e+01 2.456181898412764242e-01 1.517408471792871250e-01
2.032947052800000520e+01 2.452360659995240777e-01 1.499780006741165961e-01
2.045000078300000368e+01 2.451217404634140062e-01 1.486075858340476508e-01
2.055000182100000217e+01 2.451586149747280174e-01 1.474331837977776172e-01
2.065000207599999982e+01 2.453189484842323853e-01 1.461850433981229658e-01
2.075482214410000026e+01 2.456287579492656969e-01 1.447765309569511161e-01
2.088247351720000111e+01 2.462379365675352039e-01 1.431126129025743765e-01
2.102765241110000005e+01 2.473501328433006796e-01 1.412709992542824922e-01
2.115000000000000213e+01 2.482497649671566997e-01 1.396472263152950533e-01
2.125000078300000084e+01 2.490477148055665613e-01 1.383079672426869300e-01
2.135000156599999954e+01 2.499332796489807940e-01 1.370219448287763875e-01
2.145000156600000452e+01 2.509256924393716837e-01 1.357360183164327272e-01
2.155000182099999861e+01 2.520438843041145072e-01 1.344241085765657817e-01
2.165000207599999982e+01 2.533108546586386178e-01 1.330557543541069643e-01
2.176821749409999640e+01 2.550478401490730018e-01 1.314206250667555032e-01
2.191195449219999603e+01 2.576747135254328080e-01 1.294685071668115750e-01
2.204373803610000238e+01 2.611289970043518260e-01 1.277433083244580991e-01
2.215000000000000213e+01 2.634308997608672542e-01 1.263387394744518721e-01
2.225000078300000084e+01 2.654505707731003583e-01 1.249697323137147487e-01
2.235000156599999954e+01 2.674534191897101620e-01 1.236775012872392415e-01
2.245000156600000096e+01 2.695001320811380996e-01 1.224072146134662781e-01
2.255000182100000217e+01 2.716379269128287866e-01 1.211395460982615802e-01
2.265000207599999626e+01 2.739141280000585432e-01 1.198585898539576977e-01
2.280000103800000133e+01 2.777303822975653591e-01 1.179027227345898904e-01
2.295000078300000368e+01 2.824107584314099473e-01 1.159242803909943664e-01
2.305000182099999861e+01 2.867369853545587710e-01 1.146732603842264137e-01
2.315000207599999982e+01 2.914962150502738436e-01 1.134493984250504739e-01
2.329766101600000283e+01 2.970180768229288559e-01 1.116596079398256142e-01
2.344765997800000079e+01 3.019414622796127712e-01 1.098078981424665257e-01
2.355000000000000071e+01 3.051320190272607258e-01 1.085937489341852885e-01
2.365000000000000213e+01 3.082048104299157654e-01 1.074267041812679152e-01
2.375000078300000084e+01 3.112888215099060552e-01 1.062669118141418706e-01
2.385000156599999599e+01 3.144427604388946307e-01 1.051057414933846412e-01
2.395000156600000096e+01 3.177482321133067722e-01 1.039297883537324274e-01
2.405000182099999861e+01 3.213649696594556016e-01 1.027178272685581595e-01
2.415000207599999982e+01 3.258450210897695376e-01 1.015622907276510362e-01
2.430000103800000488e+01 3.333643096798267758e-01 9.991079189701532193e-02
2.445000078300000368e+01 3.396192854026035546e-01 9.829841389314018796e-02
2.455000182100000217e+01 3.434351882487156060e-01 9.723454984449006466e-02
2.465000207599999982e+01 3.470725097938934245e-01 9.617305206901555215e-02
2.480000103800000488e+01 3.522696211925053777e-01 9.458613601692554551e-02
2.495000078300000368e+01 3.572183040010672994e-01 9.303071590247212475e-02
2.505000182100000217e+01 3.603515297259433647e-01 9.199994725646920557e-02
2.515000207599999982e+01 3.633428780749825004e-01 9.096165350740718913e-02
2.525400947910000227e+01 3.662248478929964746e-01 8.990522229589122116e-02
2.538779357409999804e+01 3.690168869655054418e-01 8.858936135790267119e-02
2.553378513299999852e+01 3.723114829096200173e-01 8.717084217900601673e-02
2.565000000000000213e+01 3.750092773486540798e-01 8.607669749305403573e-02
2.575000078300000084e+01 3.773235926030851783e-01 8.515003452349045876e-02
2.585000156599999954e+01 3.796093315466338991e-01 8.423334396814581571e-02
2.595000156600000452e+01 3.818419879980237686e-01 8.332400873600361024e-02
2.605000182099999861e+01 3.839930788063006806e-01 8.241939317549097643e-02
2.615000207599999982e+01 3.860232840875368332e-01 8.151569590445538471e-02
2.625848810409999956e+01 3.880173406562619220e-01 8.052928228773474639e-02
2.640325681719999906e+01 3.900597037802689959e-01 7.921940221009243777e-02
2.654476975109999870e+01 3.891450812344934840e-01 7.800762035221375790e-02
2.665000000000000213e+01 3.882537312567785892e-01 7.712717848856955050e-02
2.675000078300000084e+01 3.878470386693725902e-01 7.630275864504039440e-02
2.685000156599999954e+01 3.876451574052229287e-01 7.548803078966542790e-02
2.695000156600000096e+01 3.875544296705041858e-01 7.468102603670535855e-02
2.705000182100000217e+01 3.875179959576308675e-01 7.387966776426990734e-02
2.715000207599999626e+01 3.874897069809169481e-01 7.308662484919083158e-02
2.730000103800000133e+01 3.873674859246078461e-01 7.191253301137302822e-02
2.745000078300000013e+01 3.870305142776717666e-01 7.074229251899649684e-02
2.755000182099999861e+01 3.865115743263385917e-01 6.995605015574905827e-02
2.765000207599999982e+01 3.855179712065041064e-01 6.919270838239741095e-02
2.778793162599999533e+01 3.813212735345051230e-01 6.817574560823475016e-02
2.793793058800000040e+01 3.772839130620850301e-01 6.709469271918225286e-02
2.805000000000000071e+01 3.745982886668690615e-01 6.630123496887924128e-02
2.815000000000000568e+01 3.723451050126728168e-01 6.560187380287688108e-02
2.830000000000000071e+01 3.690871611038080147e-01 6.456781284313360680e-02
2.850000000000000000e+01 3.647748907263997920e-01 6.320852732790306627e-02
2.865000000000000568e+01 3.613889387177618984e-01 6.219675414468701924e-02
2.879141072299999848e+01 3.578596245550613175e-01 6.124790679348271483e-02
2.894141072300000062e+01 3.530339405443973511e-01 6.026439254447106542e-02
2.905000000000000426e+01 3.483047124407503969e-01 5.957466186929066820e-02
2.914999999999999858e+01 3.440786668081318722e-01 5.895049761349490519e-02
2.929999999999999716e+01 3.381924630150518474e-01 5.803160501759023482e-02
2.950000000000000355e+01 3.306854163686899217e-01 5.683138908994578298e-02
2.965000000000000213e+01 3.251211585391345915e-01 5.594773337693203369e-02
2.975148958200000138e+01 3.213116622018170054e-01 5.535595506866006210e-02
2.990148958199999996e+01 3.154650629495484027e-01 5.448514381091220521e-02
3.004999999999999716e+01 3.095437853392674632e-01 5.362098546737105453e-02
3.015000000000000213e+01 3.053434118643869044e-01 5.304341263111966853e-02
3.030000000000000071e+01 2.980621619316202731e-01 5.221520767989757533e-02
3.050000000000000355e+01 2.883666170753442226e-01 5.114478650367573070e-02
3.065000000000000213e+01 2.813234253749276603e-01 5.036265901118239935e-02
3.080000000000000071e+01 2.742772595919080736e-01 4.959054996708957275e-02
3.100000000000000355e+01 2.650802873695580208e-01 4.857450531937452382e-02
3.115000000000000213e+01 2.583131671123861106e-01 4.782146321209285178e-02
3.129746040610000080e+01 2.516959038358371203e-01 4.708721139870693934e-02
3.144746040609999937e+01 2.449176329244113492e-01 4.633756650928897575e-02
3.155000000000000071e+01 2.401216263884457802e-01 4.584780468658828517e-02
3.165000000000000213e+01 2.350668533501787116e-01 4.538187937850583775e-02
3.180000000000000071e+01 2.276872601046642242e-01 4.469182383960994959e-02
3.200000000000000711e+01 2.185163725457180961e-01 4.378870730296013924e-02
3.215000000000000568e+01 2.120500847416406098e-01 4.312325582704668731e-02
3.225000000000000000e+01 2.078946372951647192e-01 4.268497642800090502e-02
3.240000000000000568e+01 2.018586218049463199e-01 4.203624059746662034e-02
3.255000000000000426e+01 1.960216222874973657e-01 4.139517060433448026e-02
3.265000000000000568e+01 1.922123290836263709e-01 4.097143213276979029e-02
3.275000000000000000e+01 1.884319198182065891e-01 4.054536954124151465e-02
3.287861015610000237e+01 1.835456390557773654e-01 4.000635053930327867e-02
3.302861015610000095e+01 1.778902685589236476e-01 3.939960993731221606e-02
3.314999999999999858e+01 1.736616075177897234e-01 3.891841724538169095e-02
3.325000000000000000e+01 1.703768039231822740e-01 3.852767955658359389e-02
3.340000000000000568e+01 1.657293475854234588e-01 3.795126433581524211e-02
3.354999999999999716e+01 1.613886184326958906e-01 3.738431853962626006e-02
3.364999999999999858e+01 1.586608505045422335e-01 3.701203968831266733e-02
3.375000000000000000e+01 1.560812700802746700e-01 3.664456017512061903e-02
3.390000000000000568e+01 1.525518808558801731e-01 3.609388129212405538e-02
3.404999999999999716e+01 1.491196149284125805e-01 3.554505032646283064e-02
3.414999999999999858e+01 1.468597780788513385e-01 3.517876567672924282e-02
3.425000000000000000e+01 1.446184240933499343e-01 3.481791444445093281e-02
3.439999999999999858e+01 1.412826434174654922e-01 3.429674146766555076e-02
3.454999999999999716e+01 1.381439736707324173e-01 3.378791473497712999e-02
3.464999999999999858e+01 1.361831932616428265e-01 3.345470444575533026e-02
3.475000000000000711e+01 1.343364636056660066e-01 3.312635880563938318e-02
3.488191770299999916e+01 1.321094283589637208e-01 3.269997437532284196e-02
3.503191770300000485e+01 1.301162041022562443e-01 3.221756030638515261e-02
3.514999999999999858e+01 1.283668413869629987e-01 3.184149404749224421e-02
3.525000000000000711e+01 1.268181033437638106e-01 3.152559851264521290e-02
3.540000000000000568e+01 1.244590869888807100e-01 3.105626496416786023e-02
3.554999999999999716e+01 1.220938887138105222e-01 3.058887372598556240e-02
3.565000000000000568e+01 1.205219439140736426e-01 3.027739587845745470e-02
3.575000000000000711e+01 1.189540184514808752e-01 2.997801315599196367e-02
3.587041768800000341e+01 1.170569316632006085e-01 2.962587242834675838e-02
3.602041768800000199e+01 1.148450834182986879e-01 2.919708686091865291e-02
3.615000000000000568e+01 1.131469481130630422e-01 2.882977933167440998e-02
3.625000000000000711e+01 1.117880759817737740e-01 2.854938517589746330e-02
3.640000000000000568e+01 1.096834848577263460e-01 2.813442332613640823e-02
3.655000000000000426e+01 1.075560754629906884e-01 2.772491755936418167e-02
3.665000000000000568e+01 1.061350452061135818e-01 2.745495671354048969e-02
3.675000000000000711e+01 1.047160855783730998e-01 2.718728787634085847e-02
3.689999999999999858e+01 1.025958945291488150e-01 2.678997814116571355e-02
3.705000000000000426e+01 1.004861601482622963e-01 2.639501065236951605e-02
3.715000000000000568e+01 9.908294009878415576e-02 2.613540661753309749e-02
3.725000000000000711e+01 9.767659072105779050e-02 2.588236837086684006e-02
3.739999999999999858e+01 9.556973060215280535e-02 2.550972980179380331e-02
3.755000000000000426e+01 9.353357007559097436e-02 2.514357901114915722e-02
3.765000000000000568e+01 9.220083038596732505e-02 2.490294901101522060e-02
3.775000000000000000e+01 9.088556555329233011e-02 2.466498316747768246e-02
3.789999999999999858e+01 8.894346478124008637e-02 2.431322857478202329e-02
3.805000000000000426e+01 8.703435461191559586e-02 2.396666427906281316e-02
3.814999999999999858e+01 8.577764313165807397e-02 2.373860211501861717e-02
3.825000000000000000e+01 8.453271909557256991e-02 2.351303128107021592e-02
3.835000000000000142e+01 8.329722816862700219e-02 2.328994108557412221e-02
3.845420163800000779e+01 8.201423465031677795e-02 2.305796359183073796e-02
3.860420163799999926e+01 8.016630070352348536e-02 2.272599362163264802e-02
3.875000000000000000e+01 7.844293193700731248e-02 2.240899791728433524e-02
3.885000000000000853e+01 7.728045175673785294e-02 2.219563869733926290e-02
3.900000000000000000e+01 7.559017760959693688e-02 2.188077058304967529e-02
3.914999999999999858e+01 7.394788358239459680e-02 2.157073595935037058e-02
3.925000000000000711e+01 7.287545894492870879e-02 2.136671119739517316e-02
3.935000000000000853e+01 7.181958213913489097e-02 2.116478925666513689e-02
3.949063755800001019e+01 7.036030992317476862e-02 2.088461948651708019e-02
3.964063755800000166e+01 6.883075296387933251e-02 2.059037183382478320e-02
3.975000000000000711e+01 6.772400047611995544e-02 2.037662452729192483e-02
3.985000000000000853e+01 6.672358899456376502e-02 2.018226992626689226e-02
4.001598810610000356e+01 6.512736620473856541e-02 1.986227072055685161e-02
4.024516166220000457e+01 6.300636429693168283e-02 1.942453216455096790e-02
4.061388893409999667e+01 5.975922858113942582e-02 1.875526021691197379e-02
4.096378425599999673e+01 5.687138670038378169e-02 1.814303921638934017e-02
4.138848618409999602e+01 5.357657830984094427e-02 1.742205507265466580e-02
4.183471031220000214e+01 5.038459612763992318e-02 1.667797232740052607e-02
4.207275508409999532e+01 4.875610745265019502e-02 1.630193597115949314e-02
4.229196795600000058e+01 4.732554265639215413e-02 1.596567247274290405e-02
4.286602128410000034e+01 4.384407732255473505e-02 1.511861526509296685e-02
4.345039313409999693e+01 4.061763632343382002e-02 1.427761653345922116e-02
4.365748950599999745e+01 3.951369557909193558e-02 1.399719380561846409e-02
4.435757405599999714e+01 3.617700939568281593e-02 1.310735727407251472e-02
4.506034890600000153e+01 3.321914772627525964e-02 1.225114154737313478e-02
4.577910240599999980e+01 3.052303681073541275e-02 1.146363539520290666e-02
4.650054615599999863e+01 2.812870190074491517e-02 1.073227097335724238e-02
4.677849528410000346e+01 2.726798028855346306e-02 1.045860492866488786e-02
4.741080308410000299e+01 2.544465293240115097e-02 9.886428195364916141e-03
4.797808125600000295e+01 2.395997024763351496e-02 9.409610516573114689e-03
4.826276628409999603e+01 2.325752816475586127e-02 9.178031487387033199e-03
4.856628326219999536e+01 2.253576711446148018e-02 8.934437239944111389e-03
4.903768958410000067e+01 2.147550950169227132e-02 8.584713842529713423e-03
4.949295420600000028e+01 2.052191130285032500e-02 8.265073276620182874e-03
4.990832168409999525e+01 1.970193546811443985e-02 7.984832487568389175e-03
5.034252111220000359e+01 1.888619575769853037e-02 7.699184376819927234e-03
5.070191388410000144e+01 1.824431714090999149e-02 7.477483150311480323e-03
5.104516500599999773e+01 1.766254753781498765e-02 7.274406885932780883e-03
5.159121493410000170e+01 1.679006075916878934e-02 6.965290923325789807e-03
5.215609676220000068e+01 1.594149357520581456e-02 6.657076264129220718e-03
5.240347598409999819e+01 1.558653074802214371e-02 6.529209803909382867e-03
5.263471360599999826e+01 1.526632052266587575e-02 6.413093235900548146e-03
5.331144598409999702e+01 1.438322039486750019e-02 6.089313308891350709e-03
5.400701026219999790e+01 1.353994847221376072e-02 5.772191850318781833e-03
5.426094198410000757e+01 1.324716543401689359e-02 5.662431600005150487e-03
5.506901488409999956e+01 1.237878565759002909e-02 5.333453522112203450e-03
5.589526166220000647e+01 1.156268435502290533e-02 5.015716085333211775e-03
5.676804978410000047e+01 1.077790014683662617e-02 4.709607133118250133e-03
5.759210133410000054e+01 1.010001206308115337e-02 4.438985842450678988e-03
5.782085091220000805e+01 9.920114511347527531e-03 4.366017587042912360e-03
5.860029443410000027e+01 9.342889975103411265e-03 4.133932468720084331e-03
5.936628655600000570e+01 8.817200641393935223e-03 3.918974071853920799e-03
5.956696138409999719e+01 8.684946060253511194e-03 3.864133167129428850e-03
5.978377791220000148e+01 8.544866399065795953e-03 3.805641408492034701e-03
6.046987683409999192e+01 8.123522071628735269e-03 3.631733956510254952e-03
6.114252435600000979e+01 7.735870059077032922e-03 3.470129602495201047e-03
6.145521278409999866e+01 7.563160549519570668e-03 3.397357199509714893e-03
6.178404286220001040e+01 7.386691169778323261e-03 3.321979762332190507e-03
6.237679713410000204e+01 7.083269284383350746e-03 3.193912190735510425e-03
6.295610005600001102e+01 6.801582331316551044e-03 3.074500400518966926e-03
6.338080198410000321e+01 6.603905912102475337e-03 2.989978820300285937e-03
6.382164556219998985e+01 6.406201147509894313e-03 2.904031955809277706e-03
6.432105528409999806e+01 6.191975059716612467e-03 2.811882705435460404e-03
6.480701360599999816e+01 5.991791336809307658e-03 2.725766360335302087e-03
6.534372908409999070e+01 5.780375578666170459e-03 2.634176839103830482e-03
6.589658621220000612e+01 5.572039881953431278e-03 2.542332934705561227e-03
6.630265128410000841e+01 5.425358249569810914e-03 2.478229651671831277e-03
6.669526500599999963e+01 5.287886763955059258e-03 2.418310095706990848e-03
6.734399398409999549e+01 5.070873348838858888e-03 2.323188295899155341e-03
6.800886461219998580e+01 4.859392568567490536e-03 2.228932816394677430e-03
6.832158508409999342e+01 4.763812255823797123e-03 2.186621072429409396e-03
6.862085415600000715e+01 4.674460158239301076e-03 2.147201697821994690e-03
6.938159668410000336e+01 4.457624967360305883e-03 2.051131941590201516e-03
7.015848091220001947e+01 4.248186902078212625e-03 1.956927465480897983e-03
7.037785678410000401e+01 4.191228365805061556e-03 1.931422249758786699e-03
7.058378125600000885e+01 4.138639720085842029e-03 1.907941276100138649e-03
7.145653733410000541e+01 3.926040118700458749e-03 1.812792657623039276e-03
7.231254613410000331e+01 3.729639796242526645e-03 1.723702266460615641e-03
7.258404615599999943e+01 3.669771973734832840e-03 1.696625083204311279e-03
7.356881573409999930e+01 3.464189683877676174e-03 1.603785434114716980e-03
7.456972696219999364e+01 3.268627543079979068e-03 1.514455041874634023e-03
7.563853878410000675e+01 3.075811818952237965e-03 1.426697833147039631e-03
7.660639813410000443e+01 2.912863603819218494e-03 1.351987650047926318e-03
7.675724748409999165e+01 2.888078955691423221e-03 1.340489518033956490e-03
7.692154818410000416e+01 2.861606431913156327e-03 1.328309111584758751e-03
7.782549293409999791e+01 2.722511980711184512e-03 1.264637420172381142e-03
7.880886795600000028e+01 2.580167123613152230e-03 1.199116357852088527e-03
7.912986148410000453e+01 2.535205705070950419e-03 1.178256530819147456e-03
8.004978488410000637e+01 2.413133770033001370e-03 1.122118632068898380e-03
8.095848420600000850e+01 2.299491054708173617e-03 1.069679602461622719e-03
8.120583138410000856e+01 2.269474237565574041e-03 1.055757332718733690e-03
8.146662996220000252e+01 2.238192910548397925e-03 1.041219562559935179e-03
8.231141468410000073e+01 2.141669379271967256e-03 9.966934918355543731e-04
8.314543830599998842e+01 2.051371662057134126e-03 9.549352663042987802e-04
8.348613008409999736e+01 2.015637585499945213e-03 9.383606618418829015e-04
8.384027326220000020e+01 1.979042085785977581e-03 9.213362297611906804e-04
8.461038233409999521e+01 1.903121037135855828e-03 8.862298124103660732e-04
8.536973030600000811e+01 1.831818886754543957e-03 8.531956843000849727e-04
8.580376668410001173e+01 1.792377548623796729e-03 8.348940594347604776e-04
8.625125441219999800e+01 1.752478641984997303e-03 8.163234661574982195e-04
8.694668778409999277e+01 1.693212189111454073e-03 7.888662035734576167e-04
8.763136005599999123e+01 1.637354877864985936e-03 7.629476034563548040e-04
8.815874108410000076e+01 1.595751003559935403e-03 7.436331117641611314e-04
8.869957351219998998e+01 1.554070499573561182e-03 7.242269161562302129e-04
8.932033118410001293e+01 1.508258189587702693e-03 7.029701014706462572e-04
8.993032775600001116e+01 1.464951139162179970e-03 6.828483908775872472e-04
9.055105338410000115e+01 1.422367224208699685e-03 6.630688655936279718e-04
9.118523036220000222e+01 1.380053534742635164e-03 6.433618403483210490e-04
9.173131233409998231e+01 1.345097960750433162e-03 6.271211758137626522e-04
9.226663320599999452e+01 1.311975971510765662e-03 6.117137382752899175e-04
9.298070343410000760e+01 1.269308509192296859e-03 5.918850526594074358e-04
9.370822506220000037e+01 1.227219657483980550e-03 5.722759220208189796e-04
9.417963138410000568e+01 1.201006707100384444e-03 5.600823869598789027e-04
9.464027660600000047e+01 1.176129180001376584e-03 5.484973345322824130e-04
9.544769143409999401e+01 1.134044018622841401e-03 5.289288003981532614e-04
9.626855761219999863e+01 1.092804362107144354e-03 5.097080875697608971e-04
9.666528823410001792e+01 1.073614454549637375e-03 5.007715824021648048e-04
9.705125775599999827e+01 1.055400960438874656e-03 4.922821979595010328e-04
9.736850188569999887e+01 1.040716718708601654e-03 4.854465031786264783e-04
9.809419951380000668e+01 1.008057042429408865e-03 4.702490449664459347e-04
9.886622801219999701e+01 9.744146585685347197e-04 4.545565865421790329e-04
9.918828298409999888e+01 9.608442165973777064e-04 4.482295975007333190e-04
9.949957680599999321e+01 9.479840384835575093e-04 4.422291245032055262e-04
1.004936808341000045e+02 9.083908578949095392e-04 4.237983503820675138e-04
1.015012362622000097e+02 8.700510452440770887e-04 4.059102928641461776e-04
1.017486154840999859e+02 8.609560245048462467e-04 4.016641800157527741e-04
1.019852336560000055e+02 8.523876419078617404e-04 3.976627396304589996e-04
1.030726823340999800e+02 8.144473864658393009e-04 3.799903293949053666e-04
1.041523921840999805e+02 7.785893209542875566e-04 3.632493321168050364e-04
1.045082284060000006e+02 7.672077884590735317e-04 3.579291914890243929e-04
1.056890216341000013e+02 7.310698784731132528e-04 3.410856633075976820e-04
1.067847101340999956e+02 6.992303099374145041e-04 3.262122815619094077e-04
1.070685609559999989e+02 6.912438931949456541e-04 3.224750962442136265e-04
1.083426987841000084e+02 6.569913426494892929e-04 3.065001411251009407e-04
1.096428791341000135e+02 6.240134030631155210e-04 2.910820544143562835e-04
1.109823903560000105e+02 5.922728612080392597e-04 2.762674537219006162e-04
1.121613596340999948e+02 5.659206426770218732e-04 2.639456475938522085e-04
1.123525630840999980e+02 5.617330135344777075e-04 2.619820002465783788e-04
1.136360675059999892e+02 5.349513571583760976e-04 2.494754100518485206e-04
1.149056911341000102e+02 5.099625222123354206e-04 2.377857988945614133e-04
1.162591879340999981e+02 4.848648258347179369e-04 2.260538722898904507e-04
1.176873604340999862e+02 4.600478092013461705e-04 2.144423097176701484e-04
1.190595261840999939e+02 4.376186094612063526e-04 2.039511719759842204e-04
1.205063673840999883e+02 4.154516079766375713e-04 1.935755410231726351e-04
1.218972020840999875e+02 3.953874796757603487e-04 1.841852387812811646e-04
1.233627125840999952e+02 3.755615001551916815e-04 1.749028094529409547e-04
1.247722161341000060e+02 3.575920293410843049e-04 1.664892163821986423e-04
1.262563956341000164e+02 3.398378174623430483e-04 1.581754563622669960e-04
1.276845681840999873e+02 3.237265272526031602e-04 1.506292650434191212e-04
1.291874161840999875e+02 3.078054830256893499e-04 1.431728124505288408e-04
1.306342576840999925e+02 2.933418733455614739e-04 1.363963383700702984e-04
1.321557746841000096e+02 2.790484276024994721e-04 1.297020348040831038e-04
1.336212851841000031e+02 2.660503931367621199e-04 1.236111197012924228e-04
1.351614711840999803e+02 2.532023781456615996e-04 1.175939443232376316e-04
1.366456501840999920e+02 2.415082323441814709e-04 1.121135621949426604e-04
1.382045051840999861e+02 2.299465400495617350e-04 1.066993566010416671e-04
1.397073536841000134e+02 2.194134965874819723e-04 1.017629722776179060e-04
1.412848776840999676e+02 2.089977626266071469e-04 9.688614261512009220e-05
1.428063946840999847e+02 1.995010630274982456e-04 9.243576916428816119e-05
1.444025876841000127e+02 1.901082263030380527e-04 8.803874305057209418e-05
1.459427736841000183e+02 1.815377780417269996e-04 8.402300720362192719e-05
1.468253404357000136e+02 1.768399760901570572e-04 8.182399344895442694e-05
1.477727719638000110e+02 1.719655761739190118e-04 7.954264815149377150e-05
1.491164901841000017e+02 1.653157594261825554e-04 7.642706916119057384e-05
1.507500211841000066e+02 1.576557364969425148e-04 7.284295698348164057e-05
1.523275451840999892e+02 1.506552732194478528e-04 6.956411870252685254e-05
1.539797446841000124e+02 1.437271408522550859e-04 6.632298716135285742e-05
1.555759371840999847e+02 1.373913976322511542e-04 6.335610739404377986e-05
1.572468056840999679e+02 1.311205063772339047e-04 6.042302805892101850e-05
1.588616676841000128e+02 1.253810767498426851e-04 5.773588667626218648e-05
1.605512051841000130e+02 1.196992970684204207e-04 5.507860952192426959e-05
1.621847356840999907e+02 1.144954834677651515e-04 5.264266657931123376e-05
1.638929416841000091e+02 1.093434286877593086e-04 5.023335123054854313e-05
1.655451411840999754e+02 1.046208429028947916e-04 4.802296602404392922e-05
1.672720166841000093e+02 9.994463284045204275e-05 4.583620491382664269e-05
1.689428851840999926e+02 9.565459124709322519e-05 4.382840786061459321e-05
1.706884291840999879e+02 9.140615093977075842e-05 4.184155126686640565e-05
1.723779666840999880e+02 8.750555686361732128e-05 4.001609238262077704e-05
1.741421796841000003e+02 8.364243136057034718e-05 3.820928579101434794e-05
1.758503861840999889e+02 8.009211661592103985e-05 3.654769074639325116e-05
1.776332681840999896e+02 7.657544426245747426e-05 3.490263907529330100e-05
1.793601431840999965e+02 7.334082559879542319e-05 3.338870413018654346e-05
1.811616941841000141e+02 7.013655693542953089e-05 3.188954459526244668e-05
1.829072381841000094e+02 6.718667754904387860e-05 3.050879284118422521e-05
1.847228071559999876e+02 6.427139150578908670e-05 2.914461601689242808e-05
1.877186609357000009e+02 5.977418999898456372e-05 2.703934609676629034e-05
1.895015429356999732e+02 5.727234400627465494e-05 2.586838013407966058e-05
1.901134426840999936e+02 5.643941715295228351e-05 2.547807452500582153e-05
1.919149936841000113e+02 5.407194385980517825e-05 2.436987451783678471e-05
1.937725511841000241e+02 5.174841965836089096e-05 2.328198407992897108e-05
1.955927706841000031e+02 4.958090324469985614e-05 2.226717693608615956e-05
1.974689971841000045e+02 4.745329748569257505e-05 2.127089556508087622e-05
1.993078861840999707e+02 4.546684275437434418e-05 2.034076695750881568e-05
2.012027816840999890e+02 4.351645812204647790e-05 1.942740137464497220e-05
2.030603391841000018e+02 4.169382279275577125e-05 1.857393152376825407e-05
2.049739036841000370e+02 3.990369370834909288e-05 1.773556117984860839e-05
2.068501306841000371e+02 3.822927553064363917e-05 1.695147019917051052e-05
2.087823641840999755e+02 3.658413654408448445e-05 1.618097202784741075e-05
2.106772596840999938e+02 3.504384956193712624e-05 1.545967485424006187e-05
2.126281621841000060e+02 3.352980362776614311e-05 1.475053149483905533e-05
2.145417266841000128e+02 3.211081671013750303e-05 1.408599999716075435e-05
2.165112976841000147e+02 3.071525272105957394e-05 1.343228114674643690e-05
2.184435311840999816e+02 2.940587199055751984e-05 1.281899814708519431e-05
2.204317716840999708e+02 2.811727033567938119e-05 1.221526207643536459e-05
2.220903205138000089e+02 2.708471406508023831e-05 1.173148497201686903e-05
2.235325104857000156e+02 2.621742510896406573e-05 1.132510758631348392e-05
2.243895826840999916e+02 2.571427934753015216e-05 1.108918208313111474e-05
2.263591541841000208e+02 2.459291289231242071e-05 1.056359502068207254e-05
2.283847321841000166e+02 2.348735282399836075e-05 1.004513604093050725e-05
2.303729721840999787e+02 2.244592586771666825e-05 9.556663563941298801e-06
2.324172191841000199e+02 2.141788755991454299e-05 9.074121353942736585e-06
2.344241281840999989e+02 2.044773543088519930e-05 8.618564326688605949e-06
2.364870436840999730e+02 1.948851412725828401e-05 8.167704379829157651e-06
2.385126216840999689e+02 1.858135057202780845e-05 7.741016017415151235e-06
2.405942066841000155e+02 1.768258551908054817e-05 7.317740465173290214e-06
2.426384536840999999e+02 1.683031444003861910e-05 6.915928228843363224e-06
2.447387071841000079e+02 1.598366954412275330e-05 6.516103339793881317e-06
2.468016231841000092e+02 1.517806084718880656e-05 6.135058763178680276e-06
2.489205461841000044e+02 1.437485241852891044e-05 5.754317444770192102e-06
2.510021306840999671e+02 1.360694031557947634e-05 5.389491105599233511e-06
2.531397221841000089e+02 1.283830336549978734e-05 5.023409244404195776e-06
2.552399761841000156e+02 1.209959647113473559e-05 4.670618746211737737e-06
2.573962366840999607e+02 1.135495959688048068e-05 4.313808300066129696e-06
2.595151591841000140e+02 1.063325621812046387e-05 3.966754873637936051e-06
2.616900881841000341e+02 9.898734393318243320e-06 3.612108642400839615e-06
2.638276796841000191e+02 9.178252745051535886e-06 3.262784185106787176e-06
2.660212781840999696e+02 8.434408107701681201e-06 2.900577048740081891e-06
2.680530152137999949e+02 7.734694112315593952e-06 2.558573244257430553e-06
2.690844891857000221e+02 7.372772608786768784e-06 2.381284878515681241e-06
2.696085524856999882e+02 7.186696820371153801e-06 2.290082723981911517e-06
2.705134867154000062e+02 6.861469654189720669e-06 2.130665394969671699e-06
2.712947399138000719e+02 6.575827308486314819e-06 1.990704803336135295e-06
2.717814653638000095e+02 6.395196065667090755e-06 1.902271485912303811e-06
2.724603885653999669e+02 6.139386500741188327e-06 1.777204646004536733e-06
2.732436583856999732e+02 5.837847428495173689e-06 1.630180026981958564e-06
2.736930459856999960e+02 5.661257209211982283e-06 1.544382935315982910e-06
2.740135610653999834e+02 5.533466320291747213e-06 1.482501161711015414e-06
2.742499018153999941e+02 5.438628829678353301e-06 1.436517772530859073e-06
2.743499018154000169e+02 5.398218975305222553e-06 1.416964187266873346e-06
2.744499020654000105e+02 5.357619895940451388e-06 1.397350662725638854e-06
2.745499023154000042e+02 5.316841679347994763e-06 1.377675117097500488e-06
2.746999020654000105e+02 5.255341701383999710e-06 1.348042818234084276e-06
2.748499018154000169e+02 5.193436044951805839e-06 1.318276933028862239e-06
2.749499020654000105e+02 5.151935101534095697e-06 1.298361504479143712e-06
2.750499023154000042e+02 5.110246431228125647e-06 1.278386390763834283e-06
2.751999020654000105e+02 5.047354754210425996e-06 1.248307896630170096e-06
2.753499018154000169e+02 4.984019337604575061e-06 1.218085739686211538e-06
2.754499020654000105e+02 4.941541679050635768e-06 1.197853924100633592e-06
2.755499023154000042e+02 4.898856256131504769e-06 1.177549142236979189e-06
2.756999020654000105e+02 4.834429935537435306e-06 1.146990977599949174e-06
2.758499018154000169e+02 4.769509175194495456e-06 1.116298562681270593e-06
2.759499020654000105e+02 4.725943935058190064e-06 1.095757830713481133e-06
2.760499023154000042e+02 4.682142736029944781e-06 1.075151200357883386e-06
2.761997106153999653e+02 4.616089869877617757e-06 1.044161999943296971e-06
2.763497103654000284e+02 4.549411816562644701e-06 1.012977455634162703e-06
2.764499020654000105e+02 4.504560885900153267e-06 9.920845491893143630e-07
2.765499023154000042e+02 4.459538529127852569e-06 9.711771373401604731e-07
2.766999020654000674e+02 4.391511595096926016e-06 9.397086628544806487e-07
2.768499018154000169e+02 4.322871083428714682e-06 9.081083243774810322e-07
2.769499020654000105e+02 4.276758036966357124e-06 8.869658525548760855e-07
2.770499023154000042e+02 4.230355686679835160e-06 8.657581525047725143e-07
2.771999020654000105e+02 4.160196395653768135e-06 8.338578426344686897e-07
2.773499018154000169e+02 4.089345394694434973e-06 8.018642060894741738e-07
2.774499020654000105e+02 4.041713345801866831e-06 7.804784608997850841e-07
2.775499023154000042e+02 3.993754479119469265e-06 7.590476630826137210e-07
2.776804655653999703e+02 3.930633035913285096e-06 7.309988339529409405e-07
2.778304653154000334e+02 3.857385285714824229e-06 6.986736514908540093e-07
2.779499020654000105e+02 3.798478551091685329e-06 6.729097684436945063e-07
2.780499023154000042e+02 3.748753175161101515e-06 6.513183729219405794e-07
2.781999020654000105e+02 3.673462188206618563e-06 6.189022548534868490e-07
2.783499018154000169e+02 3.597287552173701054e-06 5.864553993311945519e-07
2.784499020654000105e+02 3.545993656599131687e-06 5.648056996021047963e-07
2.785499023154000042e+02 3.494279243074733220e-06 5.431759110219092625e-07
2.786999020654000105e+02 3.415897364774478172e-06 5.107927995340818800e-07
2.788499018154000169e+02 3.336501852348532558e-06 4.784871301862260798e-07
2.789499020654000105e+02 3.282985564813838884e-06 4.570034864008699580e-07
2.790499023154000042e+02 3.228986570674396313e-06 4.355684608738777514e-07
2.791999020654000105e+02 3.147057363102451528e-06 4.035663921756523404e-07
2.793499018153999600e+02 3.063961471210872145e-06 3.718319671684759682e-07
2.794499020654000105e+02 3.007888620141029550e-06 3.508358015598301725e-07
2.795499023154000042e+02 2.951258511203623303e-06 3.299843046936462287e-07
2.796999020654000105e+02 2.865237961392638379e-06 2.990298353758361240e-07
2.798499018154000169e+02 2.777866134060828702e-06 2.685884461062634324e-07
2.799499020654000105e+02 2.718834279252260029e-06 2.486345666411381537e-07
2.800499023154000042e+02 2.659155261023761085e-06 2.289848262501179100e-07
2.801679483654000364e+02 2.587846893024650969e-06 2.062246087079857023e-07
2.803179481154000428e+02 2.495846856456904424e-06 1.780901992669453011e-07
2.804499020654000105e+02 2.413560122880136729e-06 1.542898498313768092e-07
2.805499023153999474e+02 2.350319981477606015e-06 1.369063051562242850e-07
2.806806467654000130e+02 2.266465756885271511e-06 1.151466190715208412e-07
2.808306465153999625e+02 2.168559673399154551e-06 9.174909819620347731e-08
2.809499020654000105e+02 2.089349287614108852e-06 7.463866058201997061e-08
2.810499023154000042e+02 2.021959595923293807e-06 6.143269745143767491e-08
2.811746762653999667e+02 1.936597500374426309e-06 4.662027947048164095e-08
2.813246760154000299e+02 1.832033105797739985e-06 3.169201818295972139e-08
2.814499020654000105e+02 1.743020884822408036e-06 2.214920911684418073e-08
2.815499023154000042e+02 1.670783002176791996e-06 1.672234761773030946e-08
2.816500368154000284e+02 1.597389021192427285e-06 1.353480558258747852e-08
2.818000365654000348e+02 1.485435564390699288e-06 1.377775014098419946e-08
2.819499020654000105e+02 1.371064021968676961e-06 2.119099909358113040e-08
2.820499023154000042e+02 1.293305548165465321e-06 3.094091279684165659e-08
2.821999020654000105e+02 1.174553907850545094e-06 5.453276923720435575e-08
2.823499018154000169e+02 1.053212187356431449e-06 9.108617545174416294e-08
2.824499020654000105e+02 9.709105026398167902e-07 1.244717992998699292e-07
2.825499023154000042e+02 8.875651823729735864e-07 1.668895527568859276e-07
2.826999020654000105e+02 7.609080771296682121e-07 2.504683637387101221e-07
2.828499018154000169e+02 6.326798973713382068e-07 3.660522371502238746e-07
2.829499020654000105e+02 5.467956386746811765e-07 4.659829934758193805e-07
2.830499023154000611e+02 4.611632553344883711e-07 5.892739924519754147e-07
2.831999020654000105e+02 3.351351050551405214e-07 8.343894884730627044e-07
2.833499018154000169e+02 2.155800426682987207e-07 1.178308944545245963e-06
2.834499020654000105e+02 1.433297177985677662e-07 1.494178083033292667e-06
2.835499023154000042e+02 8.189962598273505190e-08 1.901682742394220582e-06
2.836999020654000105e+02 2.899387980386725084e-08 2.807028848674269156e-06
2.838499018154000169e+02 7.706939335154820973e-08 4.390859614747544693e-06
2.839499020654000105e+02 2.532823321711848733e-07 6.258951199696283345e-06
2.840499023154000042e+02 7.652473847504696427e-07 9.816258648576573064e-06
2.841872399154000277e+02 3.339785653171737761e-06 2.073023406505937740e-05
2.843372396653999772e+02 5.078791841540188406e-06 2.084315248844586480e-05
2.844499020654000105e+02 5.374005658348081952e-06 1.860807930217327612e-05
2.845499023154000042e+02 5.406771253226335952e-06 1.705184776471113667e-05
2.846999020654000674e+02 5.543750907774730296e-06 1.549141804269642503e-05
2.848499018154000169e+02 5.748519027581450622e-06 1.450063935781750629e-05
2.849499020654000105e+02 5.894609723216149336e-06 1.397576122723750226e-05
2.850499023154000042e+02 6.047943623864168104e-06 1.353853539803479011e-05
2.851999020653999537e+02 6.284529401521898462e-06 1.300296051450686661e-05
2.853499018154000169e+02 6.531124752769206746e-06 1.256880962787031124e-05
2.854499020654000105e+02 6.695375823825578826e-06 1.232214156039913816e-05
2.855499023154000042e+02 6.859401456881737700e-06 1.210193611435327505e-05
2.856559934154000189e+02 7.031375343519261851e-06 1.188924497228435288e-05
2.858059931654000252e+02 7.266028623654486836e-06 1.162644060675848952e-05
2.859499018354000555e+02 7.488130754491889715e-06 1.140369541796216884e-05
2.860499020703999804e+02 7.633745336642852681e-06 1.126061733733398839e-05
2.861499022854000032e+02 7.772073733822740883e-06 1.113017600515994000e-05
2.862999020703999804e+02 7.957231856531520969e-06 1.095191372843358934e-05
2.864499018554000145e+02 8.129331220614872646e-06 1.078364722216780396e-05
2.865499020703999804e+02 8.227752169203208127e-06 1.068242783263079364e-05
2.866499022854000032e+02 8.313983083841545952e-06 1.058878267534643319e-05
2.867661884707000013e+02 8.396373662915344619e-06 1.048185015384544930e-05
2.869161882556999785e+02 8.475626100032446471e-06 1.035195975915961444e-05
2.870499020704000372e+02 8.525542558649895720e-06 1.024617321530253748e-05
2.871499022854000032e+02 8.545536484702288105e-06 1.017123964834978390e-05
2.872774259554000196e+02 8.549642161059877821e-06 1.007545351320370524e-05
2.874274257403999968e+02 8.529605933604714465e-06 9.968541203770800831e-06
2.875499020704000372e+02 8.494630727933620177e-06 9.892377404083585341e-06
2.876499022854000032e+02 8.452881797435888163e-06 9.830329390875094115e-06
2.877794564003999653e+02 8.383792848313553373e-06 9.748595217945410792e-06
2.879294561853999994e+02 8.285453168574217258e-06 9.657294870111364588e-06
2.880499020704000372e+02 8.193981746310744502e-06 9.594122712805826895e-06
2.881499022854000032e+02 8.110589790970968612e-06 9.541678810181286708e-06
2.882999020703999804e+02 7.976694738236064246e-06 9.461265793726552942e-06
2.884499018553999576e+02 7.830538921685938162e-06 9.380139471173263042e-06
2.885499020703999804e+02 7.729425351446073185e-06 9.334783612046570957e-06
2.886499022854000032e+02 7.625829304667366569e-06 9.289820467778964745e-06
2.887999020703999804e+02 7.469640490142528269e-06 9.221292936135113525e-06
2.889499018554000145e+02 7.308152631494647315e-06 9.149985117795682177e-06
2.890499020704000372e+02 7.200587136108371155e-06 9.104559596390348792e-06
2.891499022854000032e+02 7.093417625879565379e-06 9.064990563063955430e-06
2.892999020704000372e+02 6.936939575925799928e-06 9.005884200352566349e-06
2.894499018554000145e+02 6.779479978927655299e-06 8.945048605233134740e-06
2.895499020703999804e+02 6.677059542057327165e-06 8.902571127148921186e-06
2.896499022854000032e+02 6.576908742992832971e-06 8.861008007740214771e-06
2.897999020703999804e+02 6.432729770249361884e-06 8.808446909536436165e-06
2.899499018554000145e+02 6.290593836499524600e-06 8.755957661974862231e-06
2.900499020703999804e+02 6.199311814058321565e-06 8.720111033215963178e-06
2.901499022854000032e+02 6.110984421165785254e-06 8.682865570142407155e-06
2.902999020703999804e+02 5.985779621423752813e-06 8.629064784879607552e-06
2.904499018554000145e+02 5.864229934261421540e-06 8.579895908571327732e-06
2.905499020703999804e+02 5.787398256980092806e-06 8.548594397637768893e-06
2.906499022853999463e+02 5.713833564168163599e-06 8.517025166846678002e-06
2.907999020703999804e+02 5.611464452168572883e-06 8.468218799309685184e-06
2.909499018554000713e+02 5.513913511910247271e-06 8.417129956828427959e-06
2.910499020704000372e+02 5.453574291957689958e-06 8.386380132755819576e-06
2.911499022854000032e+02 5.396619901994567674e-06 8.358140597480645729e-06
2.912657934707000322e+02 5.335583824462169953e-06 8.325624870388323280e-06
2.914157932556999526e+02 5.264631430500429864e-06 8.282868037498898091e-06
2.915499020704000372e+02 5.206416971193056253e-06 8.243097350731079038e-06
2.916499022854000032e+02 5.167800911298644668e-06 8.212302101547357794e-06
2.917999020704000372e+02 5.119964252115557768e-06 8.170040430387138142e-06
2.919499018554000145e+02 5.078993468530635238e-06 8.131849052216550184e-06
2.920499020704000372e+02 5.057815667504477009e-06 8.106386394489402500e-06
2.921499022854000032e+02 5.041526214564270842e-06 8.080580456487721167e-06
2.922999020703999804e+02 5.028267089917346146e-06 8.040633489348025906e-06
2.924499018554000145e+02 5.023886254977687554e-06 7.998709674296371227e-06
2.925499020703999804e+02 5.028646317626029982e-06 7.973498688783637066e-06
2.926499022854000032e+02 5.039103743656161150e-06 7.950081333479891877e-06
2.927999020704000372e+02 5.069584629750072835e-06 7.915294024224329660e-06
2.929499018554000145e+02 5.111629450205770776e-06 7.880004051372299274e-06
2.930499020704000372e+02 5.149498115357638101e-06 7.855835937371605688e-06
2.931499022854000600e+02 5.195370310685542231e-06 7.830690060187241069e-06
2.932999020704000372e+02 5.283580282273992240e-06 7.793888398435440669e-06
2.934499018554000145e+02 5.387475931753870885e-06 7.760614659731514375e-06
2.935499020703999804e+02 5.470247720761333587e-06 7.739317437376821453e-06
2.936499022854000032e+02 5.564058661646318837e-06 7.718042355871041312e-06
2.937999020703999804e+02 5.730494731504622492e-06 7.685720109025271176e-06
2.939499018554000145e+02 5.919105439878506720e-06 7.652239722476955009e-06
2.940499020703999804e+02 6.064183387721008295e-06 7.628944076584930601e-06
2.941499022854000032e+02 6.226288676168618853e-06 7.606198827360575357e-06
2.945765515319000087e+02 7.280185625278752649e-06 7.522424005463369280e-06
2.950179612519000329e+02 8.596753646823867648e-06 7.430779782205209614e-06
2.954753498345500020e+02 1.075781877482319349e-05 7.347881906549527655e-06
2.959354286938499854e+02 1.351529197801595167e-05 7.260184232665301967e-06
2.964114861986999472e+02 1.721745355090441876e-05 7.180161361320616590e-06
2.968902339794000227e+02 2.201311478516766249e-05 7.095665140260172796e-06
2.973849604053999656e+02 2.611716692008625407e-05 7.018556199224746699e-06
2.978823771104000571e+02 3.082852613243561638e-05 6.937712773177716979e-06
2.983957724603999964e+02 3.307230821001757090e-05 6.863357493137176219e-06
2.989118580854000129e+02 3.370631987143223762e-05 6.785670992652799728e-06
2.994439223553999909e+02 3.310561569298808431e-05 6.713810421018329365e-06
2.999786769003999893e+02 3.103223410324171239e-05 6.639047379491270119e-06
3.002495037056999649e+02 2.975661499134448206e-05 6.604423454267697548e-06
3.007220250406999753e+02 2.804076532348475758e-05 6.544790037666483393e-06
3.010828335553999864e+02 2.646132882340837181e-05 6.496933976154461547e-06
3.016522356704000458e+02 2.424517562438000107e-05 6.429628003200730998e-06
3.022243280604000120e+02 2.244030349733274290e-05 6.360164511200702143e-06
3.028123990953999964e+02 2.077125840504333618e-05 6.295011603356887728e-06
3.034031604104000053e+02 1.945768783802211539e-05 6.227887318486851737e-06
3.040099003653999716e+02 1.826502995846749535e-05 6.164754663919008947e-06
3.046193305953999584e+02 1.731449360823899341e-05 6.099996056045593377e-06
3.048808231057000171e+02 1.690351475189263113e-05 6.074052393874259547e-06
3.054172590256999911e+02 1.625967107626115810e-05 6.021906373293565560e-06
3.058728386553999599e+02 1.575593717370663412e-05 5.976146004186557165e-06
3.065169164653999587e+02 1.512352350493421535e-05 5.916860778325174116e-06
3.071636845154000071e+02 1.459597678309871560e-05 5.856340901325340460e-06
3.077845373637999842e+02 1.414378016829390864e-05 5.802412110397331098e-06
3.084499743637999813e+02 1.373378111108538801e-05 5.744227868293054628e-06
3.091454078356999844e+02 1.334877905517908811e-05 5.686826752059739512e-06
3.098295137356999476e+02 1.302300356392625931e-05 5.630380185098168504e-06
3.105574743153999293e+02 1.271032341836057274e-05 5.573882308608981849e-06
3.112602491654000119e+02 1.244452125964834460e-05 5.519147034766753242e-06
3.119790026654000030e+02 1.219672480928801761e-05 5.466706548788186324e-06
3.127004464654000344e+02 1.197251760464668768e-05 5.413706945451193736e-06
3.129385864138000102e+02 1.190095704362066444e-05 5.396989045140917614e-06
3.135708941638000624e+02 1.172484587669936962e-05 5.353608822298040297e-06
3.141779815154000062e+02 1.156564404225278021e-05 5.311304272787563306e-06
3.143367950356999927e+02 1.152474052241270769e-05 5.300681145267876313e-06
3.149850814857000501e+02 1.136690579592564048e-05 5.258395740601821702e-06
3.156928544653999893e+02 1.120327750284613750e-05 5.211333922593873009e-06
3.164676147154000319e+02 1.103373183369942272e-05 5.164019575956498815e-06
3.172450652654000010e+02 1.087374561387549404e-05 5.116806995144970472e-06
3.176138877138000112e+02 1.080025692667017033e-05 5.096079117523953997e-06
3.182941314138000166e+02 1.067066110095540159e-05 5.059534777537689587e-06
3.188346138654000015e+02 1.057196757208095799e-05 5.030913930075141038e-06
3.190307651357000509e+02 1.053704992668002614e-05 5.021090273822065654e-06
3.197269874857000218e+02 1.041475818038126068e-05 4.987962648913675344e-06
3.204615003154000306e+02 1.029150098941096910e-05 4.955540054613116388e-06
3.212922673654000505e+02 1.015273426633265589e-05 4.917904152146567813e-06
3.221257246654000141e+02 1.000864740550371111e-05 4.881253106029757222e-06
3.224758783138000240e+02 9.947513397395330866e-06 4.864728597972043640e-06
3.232040580137999655e+02 9.816753399578706266e-06 4.828870407751001813e-06
3.237874779856999794e+02 9.708401568518308623e-06 4.799016325278635675e-06
3.246555828356999882e+02 9.546360982449733740e-06 4.754357714598714528e-06
3.255661868154000445e+02 9.373058426436050713e-06 4.705507589943335077e-06
3.264529605654000193e+02 9.204882922272993048e-06 4.659423574003264449e-06
3.273424246654000171e+02 9.036625598273088412e-06 4.612449793509368110e-06
3.275245582638000315e+02 9.001079911904786795e-06 4.603064762854919560e-06
3.281234466841000312e+02 8.891534535048968601e-06 4.572794472471432211e-06
3.288467558357000371e+02 8.761291336171803898e-06 4.536245201693665602e-06
3.291560003654000184e+02 8.703928892150976837e-06 4.520353006671038083e-06
3.300801119654000217e+02 8.542431225918306349e-06 4.475216207630322082e-06
3.310069138654000653e+02 8.385134193680102480e-06 4.429921677555344765e-06
3.318144561138000199e+02 8.254506404574912874e-06 4.391823140886880458e-06
3.326225290137999764e+02 8.130630665676298513e-06 4.353943703358160862e-06
3.328951652654000100e+02 8.088185242111175144e-06 4.341017459793430523e-06
3.332686709356999586e+02 8.032270759746383906e-06 4.323919814753509812e-06
3.340927224356999545e+02 7.917831951531722595e-06 4.286799475313124449e-06
3.348207544653999435e+02 7.819195405323103032e-06 4.253918919094625188e-06
3.358008728653999810e+02 7.696182518155222606e-06 4.211328739279101575e-06
3.367836815154000192e+02 7.581002389686301682e-06 4.168957743003858177e-06
3.371805073638000181e+02 7.536660521256366831e-06 4.152237960410804502e-06
3.379059611841000219e+02 7.460252809674248160e-06 4.122099897719800806e-06
3.385079226857000094e+02 7.399576789259940682e-06 4.097200570688880545e-06
3.387839464653999926e+02 7.372268063027196110e-06 4.085745643002628540e-06
3.398014026654000190e+02 7.277585325766306918e-06 4.044916710901652877e-06
3.408215491653999720e+02 7.189311215731126289e-06 4.004316851137929328e-06
3.416944324638000126e+02 7.118307462985208861e-06 3.970472905294735073e-06
3.425823985637999840e+02 7.049930857559852843e-06 3.936387367137387616e-06
3.428964897654000197e+02 7.026778316584011336e-06 3.924309548349813775e-06
3.431673163856999622e+02 7.007035491754127083e-06 3.914084104105523654e-06
3.440712611357000128e+02 6.942692737430410317e-06 3.880469905290745692e-06
3.450087682154000390e+02 6.879551360212051219e-06 3.845828981944603179e-06
3.460822312153999860e+02 6.809878990903781645e-06 3.807174198149107814e-06
3.471583844653999336e+02 6.743817450496064958e-06 3.768802784497969571e-06
3.473778555137999433e+02 6.730624699840184162e-06 3.761074158130075399e-06
3.478378276840999774e+02 6.703214367822733015e-06 3.745020390886362585e-06
3.487104885356999944e+02 6.652649993021734897e-06 3.714849707324536006e-06
3.493453385654000272e+02 6.617621356780090169e-06 3.692995418250505067e-06
3.504561394153999458e+02 6.556999234198555156e-06 3.655613763170707044e-06
3.515696305653999616e+02 6.499310134246651222e-06 3.618517707060804392e-06
3.521158078638000006e+02 6.471353107065616926e-06 3.600597650515182842e-06
3.528597676841000066e+02 6.433781954580334140e-06 3.576421889638001166e-06
3.534430601857000056e+02 6.405174736363194111e-06 3.557590480268422434e-06
3.538312604154000383e+02 6.386859948289937447e-06 3.545086564473044309e-06
3.549793990654000027e+02 6.331802014307655906e-06 3.508818463594913093e-06
3.561302280154000073e+02 6.278908590487714968e-06 3.472828583775210110e-06
3.569471048638000639e+02 6.241447569781219490e-06 3.447694981291153540e-06
3.579190456841000127e+02 6.197608256253699127e-06 3.418088577778811540e-06
3.584386577357000192e+02 6.175087706430941192e-06 3.402344970263770177e-06
3.596520100654000203e+02 6.121650124368545836e-06 3.366220332444450168e-06
3.608401768653999966e+02 6.070934611908958736e-06 3.331248753872460563e-06
3.618717460637999466e+02 6.026581518879469344e-06 3.301331299377681598e-06
3.629035199638000222e+02 5.982822272899732826e-06 3.271665788050032477e-06
3.631882374356999890e+02 5.971209172208720273e-06 3.263501904889113006e-06
3.633632992356999694e+02 5.963863089847261670e-06 3.258505335578180658e-06
3.644739724153999987e+02 5.916906583604063135e-06 3.227199072124223961e-06
3.656994770654000035e+02 5.866199433743991185e-06 3.192961292952360594e-06
3.668897324138000045e+02 5.816389662357235190e-06 3.160175796164665867e-06
3.679534636637999938e+02 5.772314922239753851e-06 3.131084124933774184e-06
3.681851339653999844e+02 5.762904484342421626e-06 3.124755902504263748e-06
3.694452861654000344e+02 5.710433300401532244e-06 3.090889676357390889e-06
3.707081286653999541e+02 5.658518697192206672e-06 3.057273619989962191e-06
3.719869498154000098e+02 5.605477293798666154e-06 3.023781895059427653e-06
3.732684612154000092e+02 5.552790833423833798e-06 2.990492724604077078e-06
3.745659512654000309e+02 5.499111384372542246e-06 2.957395411120551663e-06
3.758661316154000360e+02 5.445805471027629858e-06 2.924591159509351120e-06
3.771822906153999497e+02 5.391551091949227374e-06 2.891952848739542838e-06
3.785011398653999777e+02 5.337551875099140507e-06 2.859582053913177879e-06
3.798359677653999711e+02 5.282680457692739956e-06 2.827375799144380377e-06
3.823098644637999541e+02 5.181548246751719039e-06 2.768807627625418950e-06
3.837755021840999916e+02 5.121698300297853839e-06 2.734714929419472415e-06
3.851708924856999943e+02 5.064731296542925249e-06 2.702779946958537716e-06
3.876958480138000027e+02 4.962053519614339391e-06 2.646034166470432155e-06
3.890588066840999772e+02 4.906648445448981709e-06 2.615885704311500642e-06
3.905942142856999340e+02 4.844488625382029309e-06 2.582432997570040246e-06
3.931751768138000216e+02 4.740293318875942040e-06 2.527135156548408901e-06
3.943794496840999955e+02 4.691796457753237472e-06 2.501719294849587192e-06
3.946640392856999711e+02 4.680331326369878352e-06 2.495732410073236297e-06
3.963347805654000240e+02 4.613448838449932971e-06 2.461039723151341092e-06
3.987478499637999789e+02 4.517258108318378520e-06 2.411706333912160172e-06
4.002133599637999737e+02 4.459181529629270761e-06 2.382181838082436857e-06
4.021968217154000058e+02 4.381113644256151462e-06 2.342831916809674120e-06
4.043998819357000230e+02 4.295028123769204186e-06 2.299787958924318489e-06
4.059027299356999947e+02 4.236936645740347334e-06 2.270872336230766670e-06
4.082082142154000053e+02 4.148590504543081780e-06 2.227219878330639247e-06
4.101219064356999979e+02 4.076005782145485142e-06 2.191531148847138422e-06
4.105654051840999728e+02 4.059331490637982594e-06 2.183330396416238406e-06
4.117134164638000016e+02 4.016544470733592532e-06 2.162310005653888057e-06
4.143689587154000264e+02 3.918516806147819981e-06 2.114368938821038153e-06
4.160259369638000067e+02 3.858194035962437196e-06 2.084914049695789891e-06
4.176034609637999893e+02 3.801758839547622518e-06 2.057325448481306320e-06
4.202497964356999773e+02 3.708473872812820258e-06 2.011764994646071224e-06
4.215427306840999790e+02 3.663843398929015210e-06 1.989870520321843718e-06
4.219719884637999598e+02 3.649051816779440193e-06 1.982628806015940706e-06
4.238901087154000038e+02 3.583900945087445608e-06 1.950707668225392595e-06
4.262145169356999759e+02 3.506489785884942663e-06 1.912641717370376314e-06
4.270874006840999755e+02 3.478024315884303450e-06 1.898552563099391584e-06
4.280113849637999692e+02 3.448160601193103597e-06 1.883755007029697420e-06
4.304242317153999693e+02 3.371323100966664662e-06 1.845644997696115204e-06
4.322725824357000306e+02 3.313764545060329040e-06 1.816926575660756289e-06
4.326694081840999502e+02 3.301557333713488878e-06 1.810811931687973570e-06
4.341441254637999805e+02 3.256958277272126340e-06 1.788380185248244512e-06
4.367344544357000018e+02 3.180126957141359749e-06 1.749580789261579051e-06
4.382887536841000156e+02 3.135281761762578769e-06 1.726724949655883762e-06
4.386620049638000296e+02 3.124549290240668082e-06 1.721249946000152307e-06
4.405054492153999490e+02 3.072602357551232947e-06 1.694653634841740048e-06
4.429418709356999670e+02 3.005661276383819433e-06 1.660098825539049513e-06
4.439454371840999443e+02 2.978761345854873542e-06 1.646102934797405345e-06
4.449440969637999501e+02 2.952311128869216965e-06 1.632294489084451347e-06
4.474129502153999738e+02 2.888203049825863990e-06 1.598671741270235615e-06
4.492426319356999898e+02 2.841956479418598446e-06 1.574206177183367136e-06
4.496394581841000218e+02 2.832038248473052645e-06 1.568938654461305532e-06
4.513195334637999281e+02 2.790830957304053052e-06 1.546975410676560498e-06
4.538538554356999271e+02 2.730137254048790109e-06 1.514384201455949608e-06
4.553708171841000194e+02 2.694790050159447733e-06 1.495265847452848581e-06
4.559867639638000583e+02 2.680582674750152546e-06 1.487547279036614513e-06
4.580542352153999559e+02 2.633774561893904396e-06 1.462051602403435579e-06
4.603039679356999159e+02 2.584158294950479260e-06 1.434814727104896312e-06
4.611395136840999953e+02 2.566082336504967760e-06 1.424856051195918757e-06
4.625115519638000023e+02 2.536822391517862410e-06 1.408691471215786341e-06
4.650085364356999662e+02 2.484724690655332130e-06 1.379734840318014988e-06
4.668474254357000177e+02 2.447346589947700453e-06 1.358858479395453499e-06
4.672721274638000182e+02 2.438792344699849560e-06 1.354043996777350521e-06
4.691296849638000594e+02 2.402041351384591721e-06 1.333438767697869104e-06
4.716080004356999211e+02 2.354150125533610928e-06 1.306415125465610007e-06
4.727889211840999337e+02 2.331797167407365940e-06 1.293791650607060040e-06
4.739462664638000433e+02 2.310175043017828054e-06 1.281551491619954048e-06
4.764059129356999165e+02 2.265132620500112693e-06 1.255962619893019163e-06
4.783008089356999335e+02 2.231215374009668026e-06 1.236650540349252118e-06
4.788001864638000598e+02 2.222369592794339362e-06 1.231582566877712757e-06
4.807137504638000678e+02 2.188974381305566980e-06 1.212559134013642771e-06
4.831547279357000662e+02 2.147297828281367325e-06 1.188716461052901912e-06
4.845876791841000113e+02 2.123295786648738539e-06 1.175012739081642879e-06
4.856236769637999942e+02 2.106149867683742985e-06 1.165204424288878084e-06
4.880459859357000028e+02 2.066765564525292855e-06 1.142656902896557085e-06
4.905430656840999859e+02 2.027083173938830870e-06 1.119924768995538916e-06
4.925405124637999847e+02 1.996011795012072910e-06 1.102176467075583379e-06
4.949441524357000048e+02 1.959358700756200879e-06 1.081197093195504796e-06
4.965357896840999388e+02 1.935533051405414186e-06 1.067612337514302652e-06
4.975437839637999673e+02 1.920617108851050100e-06 1.059099127522965405e-06
4.999287549357000557e+02 1.885892789390195058e-06 1.039301116890812448e-06
5.025658511841000404e+02 1.848295317863908815e-06 1.017891229467975409e-06
5.046099704637999821e+02 1.819760738443882125e-06 1.001707021242229434e-06
5.069762724356999684e+02 1.787330750558107863e-06 9.833074024184918022e-07
5.086332506841000054e+02 1.765023580066168759e-06 9.707038606614784188e-07
5.097065864638000221e+02 1.750731999146140030e-06 9.626292503702314478e-07
5.120542194357000199e+02 1.719948202559874996e-06 9.452658567079044993e-07
5.141171354356999927e+02 1.693387908192552962e-06 9.303203323867634710e-07
5.148405399637999835e+02 1.684159480888232293e-06 9.251247876213065702e-07
5.169221244637999462e+02 1.657999714822578542e-06 9.104617096250200202e-07
5.192510884357001260e+02 1.629228558544457580e-06 8.943459932089102287e-07
5.208800631840999813e+02 1.609462005890839937e-06 8.833131656669700277e-07
5.221120844637999880e+02 1.594680979187721229e-06 8.750695354895378420e-07
5.244223799356999507e+02 1.567373730466442002e-06 8.598639048827362846e-07
5.265413029357000596e+02 1.542794957718797130e-06 8.462111890350978460e-07
5.273393829637999488e+02 1.533616334506931200e-06 8.411121372561631602e-07
5.294769744637999338e+02 1.509441571523048380e-06 8.277278850908661660e-07
5.317686009356999648e+02 1.483955369331027773e-06 8.136340372933572024e-07
5.332762276840999220e+02 1.467478825819845818e-06 8.045438764157602008e-07
5.347602794637999750e+02 1.451456892919924901e-06 7.957134598681056152e-07
5.370332369356999607e+02 1.427275998622123513e-06 7.824041588326190538e-07
5.392081659356999808e+02 1.404602693044453552e-06 7.699492437206116282e-07
5.400809219637999377e+02 1.395583545667828253e-06 7.649971626816523680e-07
5.422745204638000587e+02 1.373310028179331065e-06 7.527912484011328145e-07
5.445288084356999434e+02 1.350791695961235113e-06 7.404623902034170686e-07
5.458217426841000588e+02 1.338087095916641940e-06 7.335163175170716336e-07
5.476511699637999300e+02 1.320364147898034661e-06 7.238355486776323387e-07
5.498867894357000523e+02 1.299036721627895023e-06 7.121995275361281437e-07
5.521177254356999811e+02 1.278193888244231317e-06 7.008379778231859403e-07
5.552819802153999262e+02 1.249267869254349239e-06 6.850918998748875815e-07
5.585164824638000027e+02 1.220501311294793295e-06 6.694511533856085227e-07
5.607847564638000222e+02 1.200834008317825523e-06 6.587659529484019284e-07
5.629830379357000538e+02 1.182087790104191031e-06 6.485890178555778096e-07
5.649200501840999777e+02 1.165903215634928532e-06 6.398043711086136307e-07
5.662920884637999279e+02 1.154586296184436105e-06 6.336633127146117020e-07
5.684717009356999142e+02 1.136876308471830704e-06 6.240600311754423851e-07
5.707773124356999688e+02 1.118528483085102936e-06 6.141089940179870506e-07
5.718367574638000406e+02 1.110186312852404069e-06 6.095871453353425815e-07
5.741610384638000824e+02 1.092229955003826924e-06 5.998513104345097456e-07
5.763219824356999652e+02 1.075813683078061831e-06 5.909507633500462612e-07
5.778389436841000588e+02 1.064492410516252743e-06 5.848117196911043947e-07
5.797617149638000456e+02 1.050361335128455685e-06 5.771476204292175336e-07
5.819039899356999967e+02 1.034859014897763458e-06 5.687420822733243282e-07
5.842656089356999018e+02 1.018140935442420330e-06 5.596712505108135053e-07
5.853997299637999276e+02 1.010207329584876134e-06 5.553667573523438069e-07
5.876121241840999119e+02 9.950010658396008168e-07 5.471152883614551091e-07
5.899036229357000138e+02 9.795479478935791785e-07 5.387230290135022596e-07
5.910750819638000166e+02 9.717467816841141264e-07 5.344858669104919172e-07
5.934740379638000149e+02 9.560626285845067353e-07 5.259604763075890155e-07
5.955789749357001028e+02 9.425304031259204897e-07 5.186008530449469784e-07
5.974973181840999814e+02 9.304387416282748810e-07 5.120204861936855359e-07
5.992053969638000126e+02 9.198355730751691365e-07 5.062467748738032855e-07
6.012916649356999415e+02 9.070801536246921647e-07 4.992990230575536459e-07
6.037279594356999723e+02 8.924907011439423124e-07 4.913428275298669549e-07
6.049740939637999873e+02 8.851201067913532247e-07 4.873201911356963227e-07
6.074290569638000079e+02 8.708787765309640660e-07 4.795459422251262427e-07
6.107801284637999970e+02 8.518956282226517896e-07 4.691703465193802707e-07
6.132537604637999493e+02 8.382368964113787929e-07 4.616956188415026140e-07
6.153026909356999568e+02 8.271112719288335702e-07 4.555994420898206616e-07
6.174917336840999269e+02 8.154615443429955234e-07 4.492132858571489446e-07
6.191158024637999233e+02 8.069522052508896909e-07 4.445443440884939961e-07
6.211460639356999991e+02 7.964726466042296831e-07 4.387909609454414620e-07
6.236570339357000421e+02 7.837630019359400190e-07 4.318060573645872173e-07
6.250151819637999324e+02 7.769818869135144181e-07 4.280738717206028582e-07
6.275448204637999652e+02 7.645846499900129138e-07 4.212518316457582931e-07
6.295564124356999400e+02 7.549015867255371876e-07 4.159158847572214942e-07
6.310080326841000442e+02 7.480120477915662122e-07 4.121175382727797904e-07
6.335002064638000547e+02 7.363786416629618622e-07 4.057001919395797583e-07
6.354931299356999261e+02 7.272282359575315030e-07 4.006441330792984074e-07
6.378221891841000115e+02 7.167352044923779933e-07 3.948472403339245404e-07
6.394929299638000657e+02 7.093244905639073507e-07 3.907485613262292831e-07
6.414671844357000055e+02 7.006931117001389239e-07 3.859720534858794238e-07
6.440528304357000025e+02 6.895994887641131630e-07 3.798317638903206950e-07
6.455229919637999956e+02 6.833850184850156849e-07 3.763862983604341335e-07
6.480994306840999570e+02 6.726785785877494278e-07 3.704548976635662605e-07
6.515625156841000489e+02 6.586099701855601328e-07 3.626492235968526825e-07
6.542133749637999927e+02 6.480968666959515451e-07 3.568165855016872268e-07
6.561502919357000110e+02 6.405413828281005176e-07 3.526180061524963277e-07
6.584886856841000053e+02 6.315751968736067386e-07 3.476404367874394692e-07
6.603367814637999800e+02 6.245979237503861745e-07 3.437640574499017107e-07
6.622550294356998393e+02 6.174556970741258976e-07 3.397938092916442968e-07
6.649153504356999065e+02 6.077244652940661642e-07 3.343883736638522184e-07
6.664975254638000024e+02 6.020229138681976725e-07 3.312165741197690662e-07
6.689339476841000760e+02 5.933793446102275620e-07 3.264147764578978417e-07
6.710760949356999845e+02 5.859025067420790637e-07 3.222588515165664206e-07
6.726956074638000018e+02 5.803233373213416746e-07 3.191558809219682488e-07
6.753932664638001597e+02 5.711811958891491232e-07 3.140774862697910084e-07
6.772741764357001557e+02 5.649050021445776407e-07 3.105869394681024260e-07
6.794912226840999665e+02 5.576217235380812694e-07 3.065421730326427822e-07
6.816473559638000097e+02 5.506476452384772603e-07 3.026692352292456298e-07
6.835095969357000740e+02 5.447060297381561858e-07 2.993678999707268777e-07
6.862445939357000952e+02 5.361244638511008782e-07 2.946059025541672555e-07
6.879387824637999529e+02 5.308840836879615769e-07 2.916952553946195121e-07
6.901045046840999930e+02 5.242814746951012103e-07 2.880331275629677759e-07
6.925360204357000384e+02 5.169848517539360678e-07 2.839873999216156593e-07
6.942675469637999868e+02 5.118575183607867770e-07 2.811430511024051100e-07
6.970398814637999294e+02 5.037853911187410986e-07 2.766721282762109245e-07
6.988647844356999030e+02 4.985499999459073915e-07 2.737712796729049198e-07
7.008298001841000087e+02 4.929888209134397781e-07 2.706930319302255924e-07
7.034246529638000993e+02 4.857583309314178705e-07 2.666929800763195990e-07
7.052308869357001413e+02 4.807921537244055860e-07 2.639445690025949089e-07
7.080173346841000921e+02 4.732603943826366954e-07 2.597821791716946676e-07
7.116111021841001048e+02 4.637446054204847021e-07 2.545246945862792141e-07
7.144626689357000942e+02 4.563619878988410289e-07 2.504503329101080060e-07
7.163062089638000316e+02 4.516564117132059369e-07 2.478532355098783331e-07
7.188546441841000387e+02 4.452568503975301511e-07 2.443250306391438399e-07
7.209221159357001625e+02 4.401408941160015158e-07 2.415051270325801182e-07
7.228029934637999077e+02 4.355437183722550803e-07 2.389718301352063598e-07
7.256686729637999633e+02 4.286584821242668545e-07 2.351806450189546148e-07
7.274189004357000385e+02 4.245088783966590579e-07 2.328957082419064648e-07
7.298039666841000326e+02 4.189409172059326709e-07 2.298322540404594133e-07
7.322214649638000310e+02 4.133853273330450571e-07 2.267765194323558400e-07
7.339530234357000609e+02 4.094537500136821245e-07 2.246142970607997545e-07
7.368560404357000380e+02 4.029748765364943837e-07 2.210533724395988106e-07
7.388115939637999645e+02 3.986725846134351957e-07 2.186889483872541233e-07
7.408092961840999351e+02 3.943398438292887012e-07 2.163089219921624205e-07
7.434461699357000271e+02 3.887087275168061206e-07 2.132162974304122088e-07
7.454390614638000443e+02 3.845091308349808469e-07 2.109100796521359561e-07
7.482021891840998933e+02 3.787887631752074733e-07 2.077700246530565208e-07
7.500736369356999376e+02 3.749688371628537756e-07 2.056732445052619589e-07
7.521038664638000455e+02 3.708761109148598720e-07 2.034272790094346685e-07
7.550628904638000449e+02 3.650155527368117597e-07 2.002115646328132589e-07
7.567384419356999388e+02 3.617392433245321659e-07 1.984137325521085155e-07
7.593755386840999790e+02 3.566663417579387315e-07 1.956308327325737682e-07
7.617837019638000129e+02 3.521079584886241362e-07 1.931300468232918754e-07
7.634405849357000307e+02 3.490081073267643885e-07 1.914294167190905397e-07
7.664369469356998934e+02 3.434979560416947955e-07 1.884067193218374349e-07
7.685418519638000134e+02 3.396842150540756142e-07 1.863143002083325837e-07
7.706048951841000871e+02 3.360018947723777192e-07 1.842942240889774372e-07
7.731950964357000657e+02 3.314489923941962326e-07 1.817962267397969827e-07
7.753373394638000491e+02 3.277343521185363265e-07 1.797578146729319963e-07
7.781471396841000114e+02 3.229492406899036894e-07 1.771320940329636348e-07
7.799905844357000433e+02 3.198537725953805373e-07 1.754330631702844831e-07
7.821701649638000617e+02 3.162400027996279928e-07 1.734495632648345234e-07
7.852225334638000049e+02 3.112702543002758025e-07 1.707214349493386685e-07
7.868234094357000004e+02 3.086969106603745921e-07 1.693082093921788885e-07
7.895445161840999617e+02 3.043923767868578516e-07 1.669447124403447729e-07
7.921113654637999844e+02 3.003993940642319794e-07 1.647515890780950976e-07
7.936935724357000481e+02 2.979668766279465626e-07 1.634151048579295145e-07
7.967832789356999683e+02 2.932962737494971487e-07 1.608491707778244472e-07
7.990375354638000545e+02 2.899414879684751398e-07 1.590051931740180208e-07
8.009978996841000480e+02 2.870659212306334817e-07 1.574247319932029865e-07
8.037094489357000384e+02 2.831486186428224693e-07 1.552713069390734129e-07
8.060010434637999879e+02 2.798854666750227018e-07 1.534766155131329282e-07
8.086894956841000521e+02 2.761229244302553942e-07 1.514075213735623725e-07
8.106729569357000855e+02 2.733861675128691395e-07 1.499019245571900817e-07
8.130018889637999564e+02 2.702141383119682277e-07 1.481564434924794996e-07
8.161476024638000126e+02 2.660076998113284989e-07 1.458418011705124002e-07
8.176738029356999959e+02 2.639929860049179286e-07 1.447323607429922982e-07
8.203108991840999806e+02 2.605621618242321463e-07 1.428438485038066039e-07
8.232044544637999479e+02 2.568622593300243921e-07 1.408066414764933217e-07
8.247119859356999996e+02 2.549576834783932639e-07 1.397572515802132371e-07
8.278950374357000328e+02 2.510017263040396957e-07 1.375786148281995601e-07
8.302986454638000851e+02 2.480632224529534631e-07 1.359593992512722426e-07
8.319883101840999871e+02 2.460239831256882787e-07 1.348357649666489231e-07
8.349892279357000007e+02 2.424562037144023107e-07 1.328699741522204328e-07
8.374301734638000880e+02 2.395989193847511614e-07 1.312946344492801003e-07
8.398292571841000154e+02 2.368348802130089646e-07 1.297712745981332876e-07
8.421207559356998900e+02 2.342318435863261742e-07 1.283363090192248961e-07
8.445990394638000680e+02 2.314548340428500836e-07 1.268047412767005868e-07
8.477075421841000207e+02 2.280335918492882661e-07 1.249185747755563615e-07
8.492896219356999836e+02 2.263152352288555215e-07 1.239706802011627507e-07
8.518052429637999694e+02 2.236172200842010709e-07 1.224825943712884571e-07
8.550629694637999592e+02 2.201851481717347027e-07 1.205899517431994969e-07
8.564958254356999987e+02 2.186943600787004467e-07 1.197671361427503898e-07
8.596089796841000634e+02 2.155037357182963141e-07 1.180075471351625742e-07
8.623251804637999385e+02 2.127671020986595801e-07 1.164979758007134309e-07
8.637393674357000464e+02 2.113582693170149734e-07 1.157204812851431508e-07
8.670344319357000131e+02 2.081245604130981913e-07 1.139370293612213519e-07
8.696247284638000110e+02 2.056239310023646546e-07 1.125571336963159009e-07
8.715664236841000729e+02 2.037752288111395454e-07 1.115374281695873968e-07
8.743339799356999720e+02 2.011767782026261802e-07 1.101043617100964563e-07
8.769616149637998888e+02 1.987461635751813565e-07 1.087632111722851816e-07
8.795940606840998726e+02 1.963498410023717851e-07 1.074417897577216402e-07
8.816708664356999634e+02 1.944842503740431221e-07 1.064128769102888796e-07
8.843358389638000290e+02 1.921216184766717834e-07 1.051095406533345962e-07
8.876590346841001065e+02 1.892276868905703394e-07 1.035140412613025434e-07
8.917195251841000072e+02 1.857635727358412689e-07 1.016038139440101706e-07
8.951171414638000670e+02 1.829268759229216240e-07 1.000402551676813154e-07
8.964566524357001072e+02 1.818218374434028116e-07 9.943073590166463047e-08
8.998405061841000361e+02 1.790710540641387243e-07 9.791497139718795098e-08
9.039009966841000505e+02 1.758367670468969751e-07 9.613256134654575622e-08
9.073126304357001572e+02 1.731765708784329530e-07 9.466736563222284790e-08
9.100896164638000982e+02 1.710465732549105644e-07 9.349388726410700741e-08
9.120779841840999325e+02 1.695422060594846918e-07 9.266553092189057566e-08
9.148175369356999909e+02 1.674967185106984948e-07 9.153949678299778180e-08
9.176318609638000225e+02 1.654258272274412598e-07 9.039924466099425647e-08
9.202923101840999607e+02 1.634986621309197337e-07 8.933881891344377637e-08
9.223597814356999152e+02 1.620198315017318533e-07 8.852511745831304486e-08
9.252114429637999820e+02 1.600063249795235588e-07 8.741719180942740999e-08
9.285439731841000821e+02 1.576939877868524888e-07 8.614561995509305993e-08
9.299393634357001019e+02 1.567372817990644882e-07 8.561941271448099251e-08
9.328283629637999184e+02 1.547801910416267906e-07 8.454341809270295079e-08
9.363101169638000556e+02 1.524621625470072179e-07 8.326948295681715638e-08
9.375562834357000384e+02 1.516417202423024226e-07 8.281840114137944014e-08
9.410054781841000704e+02 1.494026022772462351e-07 8.158838192791699170e-08
9.439830439638001280e+02 1.475021139230817416e-07 8.054456314551602577e-08
9.452105419356998937e+02 1.467266754187932590e-07 8.011862301467516334e-08
9.487296334357000660e+02 1.445337093744838462e-07 7.891476987476407609e-08
9.516933084638000082e+02 1.427169242025442213e-07 7.791744862205496734e-08
9.535229906840997955e+02 1.416097988331104956e-07 7.730990828360055968e-08
9.564398984356998881e+02 1.398671844542545020e-07 7.635391119108249816e-08
9.594409114637999210e+02 1.381005213382291859e-07 7.538473456469321283e-08
9.619240051840999968e+02 1.366606481954318643e-07 7.459517343162736283e-08
9.641875004357000307e+02 1.353640578577086481e-07 7.388427847333570009e-08
9.672258514637998132e+02 1.336464100317294930e-07 7.294259689916213119e-08
9.703623576841000613e+02 1.319028936822160015e-07 7.198712693538235003e-08
9.719724409356999786e+02 1.310182970342094714e-07 7.150236519028891738e-08
9.750481299638000792e+02 1.293488127331829398e-07 7.058768033177307821e-08
9.786418974637999781e+02 1.274322519387094504e-07 6.953789932637648657e-08
9.797947194356999034e+02 1.268239382059966771e-07 6.920464301412412086e-08
9.831038971840998784e+02 1.251001951133138652e-07 6.826075358208108992e-08
9.865201824637999835e+02 1.233510224189764078e-07 6.730308015924299106e-08
9.876543354356998634e+02 1.227761927195159176e-07 6.698831986419252102e-08
9.912854404357001386e+02 1.209609173646550262e-07 6.599470826832704358e-08
9.944358049637999102e+02 1.194120668189080507e-07 6.514698107751758819e-08
9.959014426841000613e+02 1.186998831856603145e-07 6.475721234166060277e-08
9.992010634357000072e+02 1.171166489457846766e-07 6.389086135917690795e-08
1.002388765963799983e+03 1.156107232076278558e-07 6.306680453571155467e-08
1.004489146684100092e+03 1.146322483640337338e-07 6.253145235546043793e-08
1.007154023935700138e+03 1.134057525321352839e-07 6.186044364855579495e-08
1.010379064463799978e+03 1.119421734777496669e-07 6.105972943160107402e-08
1.013114188684099986e+03 1.107202914675045605e-07 6.039132104844065059e-08
1.015144322435700019e+03 1.098238165663418843e-07 5.990089954010489998e-08
1.018406698963799954e+03 1.084014108204762515e-07 5.912277027158126772e-08
1.021776566684100089e+03 1.069572730127237654e-07 5.833281377747955833e-08
1.023171958935699990e+03 1.063658791678187456e-07 5.800927174991190851e-08
1.026471674963800069e+03 1.049839202674268798e-07 5.725331165028050105e-08
1.030196124963800230e+03 1.034515865247086139e-07 5.641508712305781068e-08
1.031236933435699939e+03 1.030277250322728647e-07 5.618315706447177512e-08
1.034854146184099818e+03 1.015735935125605470e-07 5.538770573183406561e-08
1.038317103463800095e+03 1.002052754983768166e-07 5.463910648103147765e-08
1.039339246935699975e+03 9.980529861820985038e-08 5.442021538350948557e-08
1.043101034935700000e+03 9.835239084386600166e-08 5.362530101946346593e-08
1.046475422824400084e+03 9.707091568554530078e-08 5.292404028854637010e-08
1.047987732544700066e+03 9.650342973942403709e-08 5.261348621416184378e-08
1.051259351435699955e+03 9.529051810218858391e-08 5.194977041508807703e-08
1.054671079324399898e+03 9.404517327003641798e-08 5.126814443657938841e-08
1.056799462544699963e+03 9.327898875678822451e-08 5.084881444138055186e-08
1.059455006935700112e+03 9.233406372385050916e-08 5.033163651181640268e-08
1.062904073463799932e+03 9.112394882721372546e-08 4.966916505509115781e-08
1.065648531184099966e+03 9.017576568305281563e-08 4.915013425741267384e-08
1.067688001435700016e+03 8.947898844541316160e-08 4.876866512347681740e-08
1.071174407963800149e+03 8.830297646245432570e-08 4.812471356266439291e-08
1.074534941184100035e+03 8.718841398251536645e-08 4.751448988262142518e-08
1.075958334935700123e+03 8.672141512097623270e-08 4.725874366479159246e-08
1.079482076463800013e+03 8.557889529102834904e-08 4.663307080640346401e-08
1.083337208963799867e+03 8.435073456625948496e-08 4.596049856068548132e-08
1.084266007435699976e+03 8.405775981864234505e-08 4.579995934211657762e-08
1.087948561184099844e+03 8.291005317352933666e-08 4.517139130434940363e-08
1.091700884963799808e+03 8.176069530027755270e-08 4.454185410848594422e-08
1.092611013435699988e+03 8.148458491863043651e-08 4.439053435987051121e-08
1.096503483935700160e+03 8.031833787733005500e-08 4.375175760818169219e-08
1.100101900463799893e+03 7.925847530182198941e-08 4.317113049377656454e-08
1.101418186184100023e+03 7.887510687146096444e-08 4.296110330878959955e-08
1.104904497935699965e+03 7.787133388176328321e-08 4.241130364027694527e-08
1.108540254463800238e+03 7.684102525762506199e-08 4.184681027955837672e-08
1.110453946184100005e+03 7.630569170444577599e-08 4.155355743331343252e-08
1.113342850935699971e+03 7.550643404391341795e-08 4.111575587855314793e-08
1.117015943824399983e+03 7.450470663141083403e-08 4.056688584812408612e-08
1.119527042544699952e+03 7.382975014317710225e-08 4.019717753526314086e-08
1.121818542935699952e+03 7.322043957603103657e-08 3.986342089703877398e-08
1.125528972081699976e+03 7.224676709549051096e-08 3.932998492293102049e-08
1.128637473801999931e+03 7.144381814406169864e-08 3.889022508855373619e-08
1.130331568435699864e+03 7.101076854519026029e-08 3.865301981969323655e-08
1.134079339963800066e+03 7.006422217282382067e-08 3.813452753268832189e-08
1.137785246184099833e+03 6.914397031977735483e-08 3.763057943771540214e-08
1.138881933435699921e+03 6.887434748269597892e-08 3.748288310075864340e-08
1.142667042581699889e+03 6.795415664429458991e-08 3.697894662417898162e-08
1.146671526081699994e+03 6.699737136176381136e-08 3.645506418258658597e-08
1.147469641935699883e+03 6.680843658598352573e-08 3.635155053793289900e-08
1.151492794935699976e+03 6.586730324001942899e-08 3.583630985156685652e-08
1.155315236463800147e+03 6.498819727664322301e-08 3.535503009284964492e-08
1.156192801184099835e+03 6.478829315036097583e-08 3.524556745334311862e-08
1.160136501435699984e+03 6.390008298540508608e-08 3.475943411401445277e-08
1.163996285581700022e+03 6.304509240433871723e-08 3.429145498355491680e-08
1.165452588802000037e+03 6.272620187472383391e-08 3.411693629033878017e-08
1.168817551935699839e+03 6.199723863592847328e-08 3.371808785467753459e-08
1.172714673463799954e+03 6.116565485572600219e-08 3.326303471670227967e-08
1.174749711184100306e+03 6.073706632539286602e-08 3.302857523668724794e-08
1.177535936435700023e+03 6.015636353251020436e-08 3.271094376678719576e-08
1.181470397963799769e+03 5.934765665991325707e-08 3.226856012809137425e-08
1.184084176184100215e+03 5.881810535738774593e-08 3.197897952242924362e-08
1.186291664435699886e+03 5.837537260662240262e-08 3.173688679054032799e-08
1.190263458581699979e+03 5.758887194497090244e-08 3.130680125218837979e-08
1.193455973801999789e+03 5.696650078953468578e-08 3.096658214435310954e-08
1.195084726935699791e+03 5.665208795043706312e-08 3.079470133582202047e-08
1.199093858463799961e+03 5.588719981117544525e-08 3.037659149520220863e-08
1.202865106184099886e+03 5.517965828961671648e-08 2.998994572416429830e-08
1.203915122935700083e+03 5.498450985698379570e-08 2.988328841867380376e-08
1.207961595824400092e+03 5.424070972522910551e-08 2.947686992716408827e-08
1.212115430824400164e+03 5.349022998664396966e-08 2.906688548275905105e-08
1.212782862935699995e+03 5.337067469416878279e-08 2.900154690487787420e-08
1.216955366935699885e+03 5.263178558726939478e-08 2.859796809970602048e-08
1.221039176081699907e+03 5.192071232129500200e-08 2.820961136681265126e-08
1.221795393801999808e+03 5.179024431264076831e-08 2.813834449119813575e-08
1.225879109935699944e+03 5.109338170092610204e-08 2.775784195404113584e-08
1.230000257824400251e+03 5.040166779517904607e-08 2.738016890602556101e-08
1.231316542544700269e+03 5.018318939147803884e-08 2.726089216852106651e-08
1.234840191935699977e+03 4.960435434469526589e-08 2.694494743639788637e-08
1.238998678463799934e+03 4.893155515576210441e-08 2.657771649591997344e-08
1.240875031184099953e+03 4.863177656104822368e-08 2.641411708329606369e-08
1.243838612435700043e+03 4.816300505457869781e-08 2.615832041989877388e-08
1.248034436581700220e+03 4.750853221122403215e-08 2.580118225174082137e-08
1.250470858802000066e+03 4.713375063433622783e-08 2.559671415786274038e-08
1.252874372435700025e+03 4.676762298829520364e-08 2.539697880758620796e-08
1.257107533963800051e+03 4.613108428627470792e-08 2.504972657427296061e-08
1.260104021184100020e+03 4.568723343000901648e-08 2.480764156185697920e-08
1.261947465935699938e+03 4.541675127500734406e-08 2.466011552324255352e-08
1.266217967463799823e+03 4.479763079942413998e-08 2.432244832530535412e-08
1.269774526184099841e+03 4.429025214822167585e-08 2.404577728277331444e-08
1.271057903435699927e+03 4.410883961044246364e-08 2.394684571360847905e-08
1.275365739963800024e+03 4.350668669046551736e-08 2.361850919687866736e-08
1.279482366184099874e+03 4.294100636188601469e-08 2.331010635539448312e-08
1.280205674935700017e+03 4.284247640738379175e-08 2.325637946681227319e-08
1.284550847824399852e+03 4.225688849351025028e-08 2.293715154041087568e-08
1.288872703324399936e+03 4.168434780190186650e-08 2.262505429278649028e-08
1.289390785435700082e+03 4.161625904131905471e-08 2.258792518723410786e-08
1.293731311435700036e+03 4.105213238360318761e-08 2.228044623943262123e-08
1.298113822963799976e+03 4.049214140123018131e-08 2.197523304601143989e-08
1.299010056184099994e+03 4.037876013280267942e-08 2.191343319346307438e-08
1.302972421435700198e+03 3.988250851770548769e-08 2.164299162226135723e-08
1.307392272963799996e+03 3.933766884355010459e-08 2.134605105011288229e-08
1.308829911184099956e+03 3.916247743734011757e-08 2.125057585640850648e-08
1.312250881435699966e+03 3.874965333452423233e-08 2.102562484080308451e-08
1.316708067963799976e+03 3.821972060452176733e-08 2.073684660215754486e-08
1.318687101184100129e+03 3.798739915978414901e-08 2.061025886452632178e-08
1.321566671435700073e+03 3.765254713487276263e-08 2.042781155459379517e-08
1.326061195581700076e+03 3.713701439782987006e-08 2.014689546065872737e-08
1.328581628802000068e+03 3.685191052868987046e-08 1.999156152451067392e-08
1.330919801435700037e+03 3.658986222501323812e-08 1.984879038108303513e-08
1.335451662963799890e+03 3.608840686401275732e-08 1.957556849443312658e-08
1.338513491184100076e+03 3.575461763731073136e-08 1.939372328022739323e-08
1.340310266435699987e+03 3.556049792685169255e-08 1.928796436176247004e-08
1.344879469324400134e+03 3.507269591453760643e-08 1.902219472197692566e-08
1.348482697544699931e+03 3.469406490255434235e-08 1.881593122057027696e-08
1.349738071435699794e+03 3.456330215424264847e-08 1.874468861120588534e-08
1.354344610581699953e+03 3.408878239283123443e-08 1.848616970486168165e-08
1.358489238802000045e+03 3.366892385052635651e-08 1.825745530981792301e-08
1.359203216435700142e+03 3.359720730718726109e-08 1.821837946332667122e-08
1.363847094324399905e+03 3.313561552705290346e-08 1.796692573760662089e-08
1.368336969324399888e+03 3.269688768592812634e-08 1.772793005635177437e-08
1.368705696435700020e+03 3.266112989059118828e-08 1.770844091736283744e-08
1.373214241435699932e+03 3.222848239010617612e-08 1.747276682397603070e-08
1.377895457963800027e+03 3.178681212161929176e-08 1.723217102726375715e-08
1.378614336184100011e+03 3.171962997534080956e-08 1.719557054621421123e-08
1.382772726435699951e+03 3.133473047242174292e-08 1.698592353105676192e-08
1.387491280581699812e+03 3.090494287563364255e-08 1.675180615187567535e-08
1.388732893801999808e+03 3.079307410318379368e-08 1.669086974438466890e-08
1.392368556435699929e+03 3.046852001064854641e-08 1.651410449336283849e-08
1.397124447963800094e+03 3.005028731690282868e-08 1.628629291576180426e-08
1.398888786184100127e+03 2.989699087034792924e-08 1.620280146040018814e-08
1.402001716435700018e+03 2.962893790257297363e-08 1.605682254980428407e-08
1.406794947963800041e+03 2.922193265457042212e-08 1.583514067791851880e-08
1.409082021184100086e+03 2.903024413092058629e-08 1.573075328211681125e-08
1.411672221435700067e+03 2.881506182862318563e-08 1.561357618421388398e-08
1.416502785581699982e+03 2.841898840699918297e-08 1.539787872569540556e-08
1.419312588801999937e+03 2.819180033650586217e-08 1.527417720579163598e-08
1.421380061435699872e+03 2.802606888932314912e-08 1.518393720843378332e-08
1.426247962963800092e+03 2.764056888646324126e-08 1.497402309123595659e-08
1.429580491184100083e+03 2.738053936583824891e-08 1.483245601712480408e-08
1.431125236435700117e+03 2.726101507395397335e-08 1.476737867774916984e-08
1.436030480581699976e+03 2.688575059263778144e-08 1.456306104023218468e-08
1.439885738802000105e+03 2.659541915169450068e-08 1.440502098346192724e-08
1.440907751435699993e+03 2.651908530655927408e-08 1.436346373365457764e-08
1.445850332963799929e+03 2.615383127595064480e-08 1.416463985858877177e-08
1.450228321184100196e+03 2.583559184829201129e-08 1.399143724337560076e-08
1.450727601435700080e+03 2.579958161623052609e-08 1.397183430965116563e-08
1.455684073215400076e+03 2.544569401961465932e-08 1.377924128057510393e-08
1.460584796435700127e+03 2.510173182492253421e-08 1.359206793707631990e-08
1.465280031435700039e+03 2.477763426355659884e-08 1.341572843479102824e-08
1.470297284324399925e+03 2.443700648989887019e-08 1.323040244898606857e-08
1.471025497544700102e+03 2.438803881182003925e-08 1.320375925347005129e-08
1.475193226435700126e+03 2.411026038458025733e-08 1.305265810412727526e-08
1.480247822963799990e+03 2.377855936051847999e-08 1.287222380451758530e-08
1.481480096184100148e+03 2.369855431150715222e-08 1.282870705512179517e-08
1.485143761435700071e+03 2.346273284422209191e-08 1.270046058174834993e-08
1.490235692963800147e+03 2.313972458369203394e-08 1.252479490993726030e-08
1.491972031184099933e+03 2.303086354966925505e-08 1.246560067039802063e-08
1.495131636435700102e+03 2.283443636059173720e-08 1.235880486697186667e-08
1.500260902963800163e+03 2.251991209103345076e-08 1.218780213925505650e-08
1.502501301184100157e+03 2.238425643681454283e-08 1.211405949051057004e-08
1.505156846435699890e+03 2.222478237147259765e-08 1.202737709362823621e-08
1.510323452963799809e+03 2.191847642186740403e-08 1.186088374452898901e-08
1.513067911184100012e+03 2.175794529942402697e-08 1.177364256534434044e-08
1.515219396435699991e+03 2.163311480950196540e-08 1.170580443972070802e-08
1.520423342963799996e+03 2.133478378483003633e-08 1.154368382945323888e-08
1.523671861184100180e+03 2.115119436387975668e-08 1.144393279017319344e-08
1.525319281435700077e+03 2.105882424768391867e-08 1.139374358900430332e-08
1.530560562963800066e+03 2.076823452495859480e-08 1.123586236712412640e-08
1.534313146184100106e+03 2.056331965235917574e-08 1.112455291240691686e-08
1.535456506435700021e+03 2.050137224480272805e-08 1.109090131401036152e-08
1.540735124324400203e+03 2.021838661566319788e-08 1.093719396319765051e-08
1.544991767544699997e+03 1.999374810651249984e-08 1.081519220071559853e-08
1.545631066435700177e+03 1.996025947042736308e-08 1.079700182133618711e-08
1.550947024324400218e+03 1.968458000329333262e-08 1.064728754194567371e-08
1.555810279324399971e+03 1.943656618496845865e-08 1.051261557877918874e-08
1.560827443215399853e+03 1.918476679332955384e-08 1.037590158185318745e-08
1.566078187963800019e+03 1.892556592825309080e-08 1.023517562385965590e-08
1.570978777963799985e+03 1.868759775400377417e-08 1.010599059896554938e-08
1.576378781435699921e+03 1.842964411676568142e-08 9.965960463865028881e-09
1.581298041435700043e+03 1.819854930890695838e-08 9.840524192519806492e-09
1.586702696435699863e+03 1.794875426229603256e-08 9.704940730124112180e-09
1.591640626435699915e+03 1.772431503672309846e-08 9.583134283246702736e-09
1.597063946435700018e+03 1.748179622146323108e-08 9.451518904394831802e-09
1.602020546435699998e+03 1.726379840202617911e-08 9.333220756522338968e-09
1.607462536435700258e+03 1.702828144860477781e-08 9.205413740503533865e-09
1.609847601184100085e+03 1.692635414569898016e-08 9.150105452357132789e-09
1.612498462963800193e+03 1.681396108021330379e-08 9.089121643429720369e-09
1.617898466435699902e+03 1.658783042032362738e-08 8.966420614960273503e-09
1.620787591184099938e+03 1.646843316419081005e-08 8.901640712951615698e-09
1.622971727963800049e+03 1.637887904672826174e-08 8.853051339355304448e-09
1.628371731435699985e+03 1.616001974706942081e-08 8.734303426627231537e-09
1.631764917544699983e+03 1.602439948418397090e-08 8.660725522952611718e-09
1.633482329324399871e+03 1.595628715283742682e-08 8.623771832084416948e-09
1.638882331435700053e+03 1.574445024550575633e-08 8.508841669366252213e-09
1.642779578802000060e+03 1.559378948128577444e-08 8.427109923582921164e-09
1.644030270581700279e+03 1.554580952486045955e-08 8.401080158400163208e-09
1.649430271435700206e+03 1.534076892502236802e-08 8.289844368113952737e-09
1.653831581184099832e+03 1.517616894218152835e-08 8.200555711090029430e-09
1.654615552963800155e+03 1.514707008659292503e-08 8.184768764874150090e-09
1.660015556435699864e+03 1.494857239892308337e-08 8.077088301041349406e-09
1.664920923802000061e+03 1.477108600954840356e-08 7.980812193761830798e-09
1.665238165581699832e+03 1.475969174584074529e-08 7.974629553215099312e-09
1.670488688215400089e+03 1.457279557253197244e-08 7.873250653086078600e-09
1.675725446435700178e+03 1.438932975178309276e-08 7.773732686495604653e-09
1.676047596184100030e+03 1.437813005267574635e-08 7.767656536430648996e-09
1.681004067963800026e+03 1.420731242083074023e-08 7.675005352406233781e-09
1.686404071435700189e+03 1.402406669700432253e-08 7.575610333289378505e-09
1.687211613802000102e+03 1.399691176053267969e-08 7.560880203407938333e-09
1.691720030581699802e+03 1.384657013450747223e-08 7.479342141048427813e-09
1.697120031435699957e+03 1.366912094107661165e-08 7.383097775060361837e-09
1.698412966184100014e+03 1.362705510627207505e-08 7.360282739691175786e-09
1.702473332963800203e+03 1.349602627276228973e-08 7.289225140269970169e-09
1.707873336435699912e+03 1.332416106088955147e-08 7.196013938080640738e-09
1.709651661184099794e+03 1.326816627439659299e-08 7.165646829998174936e-09
1.713263967963799814e+03 1.315534260512368512e-08 7.104465333264754548e-09
1.718663971435699978e+03 1.298887423993625447e-08 7.014187377176641970e-09
1.720927688802000148e+03 1.291988323130290332e-08 6.976776267713291977e-09
1.724091940581699873e+03 1.282422001982046860e-08 6.924903902629253077e-09
1.729491941435699800e+03 1.266296192833600335e-08 6.837458602348499815e-09
1.732241051184099888e+03 1.258185695177239460e-08 6.793483173608389981e-09
1.734957252963800101e+03 1.250236239236630889e-08 6.750381260808103178e-09
1.740357256435699810e+03 1.234614670021790977e-08 6.665678552062520300e-09
1.743591757544700158e+03 1.225376054047428800e-08 6.615591530151840886e-09
1.745859904324400077e+03 1.218948508246052510e-08 6.580744999171169271e-09
1.751259906435700259e+03 1.203812773142137308e-08 6.498683340022419210e-09
1.754979798802000005e+03 1.193525160600005694e-08 6.442915464556303918e-09
1.756799890581699856e+03 1.188531194422787039e-08 6.415842834603557932e-09
1.762199891435699783e+03 1.173865993633936536e-08 6.336343254576045724e-09
1.766405178801999909e+03 1.162603828121866565e-08 6.275299092822429908e-09
1.767777220581699794e+03 1.158957822627719981e-08 6.255535786354761609e-09
1.773177221435699948e+03 1.144746606232008135e-08 6.178505830984189660e-09
1.777867896184099891e+03 1.132579905672280581e-08 6.112567600316246220e-09
1.778791882963799935e+03 1.130201619140209389e-08 6.099676987762849299e-09
1.784191886435700098e+03 1.116429269742737953e-08 6.025036610834543455e-09
1.789367953801999647e+03 1.103425183234441029e-08 5.954567025068076062e-09
1.789843885581700079e+03 1.102238427888711594e-08 5.948134397184172526e-09
1.795243886435700006e+03 1.088889999484592560e-08 5.875802785616694802e-09
1.800905346184099926e+03 1.075110531826685142e-08 5.801139363666440563e-09
1.806263202963800268e+03 1.062270937096658443e-08 5.731575232666443403e-09
1.811663206435699976e+03 1.049522929365949118e-08 5.662510804749501886e-09
1.812480081184100072e+03 1.047610703185746667e-08 5.652150598593290812e-09
1.817408547963799947e+03 1.036169529458508634e-08 5.590174278098249300e-09
1.822808551435700110e+03 1.023810289707416966e-08 5.523225039104235355e-09
1.824092151184099976e+03 1.020899333085909951e-08 5.507457294153907940e-09
1.828591232963800167e+03 1.010779977112493398e-08 5.452650711656060506e-09
1.833991236435699875e+03 9.987970678350420627e-09 5.387749892187931450e-09
1.835741557544699845e+03 9.949512164888101831e-09 5.366921860313172984e-09
1.839811254324399897e+03 9.860816123980916255e-09 5.318892190504507442e-09
1.845211256435699852e+03 9.744626843354619466e-09 5.255972225479170719e-09
1.847428301184100064e+03 9.697420311363366256e-09 5.230412345533647649e-09
1.851068612963799978e+03 9.620537867539626722e-09 5.188785543752422764e-09
1.856468616435700142e+03 9.507860975436861983e-09 5.127778500622115286e-09
1.859152386184100124e+03 9.452483809074943479e-09 5.097798251928456387e-09
1.862363312963799899e+03 9.386757981197136372e-09 5.062217707702610749e-09
1.867763316435700062e+03 9.277483685775884532e-09 5.003061918873090245e-09
1.870913806184099940e+03 9.214474997219101363e-09 4.968956759736872828e-09
1.873695347963800259e+03 9.159288718567636063e-09 4.939086625289005647e-09
1.879095351435699968e+03 9.053304156676830092e-09 4.881721286849422210e-09
1.882712563802000204e+03 8.983179237371736503e-09 4.843770234106860860e-09
1.885064720581700158e+03 8.937941502229016742e-09 4.819287811910466038e-09
1.890464721435700085e+03 8.835141854943923613e-09 4.763656046780040699e-09
1.894548656184100309e+03 8.758392317828652941e-09 4.722126164082391471e-09
1.896471427963800124e+03 8.722540736345107363e-09 4.702727035180785368e-09
1.901871431435699833e+03 8.622824675101629529e-09 4.648771910461716392e-09
1.906422093802000063e+03 8.539908041793895518e-09 4.603911553718085197e-09
1.907915480581699967e+03 8.512908857746283153e-09 4.589303994957324071e-09
1.913315481435699894e+03 8.416172019179821270e-09 4.536968057886016633e-09
1.918332863802000020e+03 8.327528408881349309e-09 4.489016167996766638e-09
1.919396865581700013e+03 8.308874658427009098e-09 4.478925112405936592e-09
1.924796866435700167e+03 8.215024235161971037e-09 4.428158591824587824e-09
1.930280973801999608e+03 8.121071560748066453e-09 4.377341420001459375e-09
1.930915590581699917e+03 8.110282037827833045e-09 4.371504666605773513e-09
1.936315591435699844e+03 8.019227637484748546e-09 4.322258100819676572e-09
1.941869596435699805e+03 7.926905144428472855e-09 4.272328271900800061e-09
1.942471652963800125e+03 7.916970731201416101e-09 4.266954682344706516e-09
1.948044327963800015e+03 7.825814296612077087e-09 4.217658168506014215e-09
1.953444331435699723e+03 7.738726275325057853e-09 4.170564093796074871e-09
1.954289208802000076e+03 7.725207093621634645e-09 4.163252811749994861e-09
1.959656395581700053e+03 7.640036953434492239e-09 4.117200871571368289e-09
1.965056396435699980e+03 7.555523628384314247e-09 4.071503701843032637e-09
1.966349331184100265e+03 7.535460086762966542e-09 4.060655320105950828e-09
1.971305802963800033e+03 7.459179255631515973e-09 4.019413275462827497e-09
1.976705806435699969e+03 7.377152303282303352e-09 3.975064721135156971e-09
1.978446796184100322e+03 7.350947485351363989e-09 3.960897119257389334e-09
1.982992547963800234e+03 7.283083556363064461e-09 3.924209235621234189e-09
1.988392551435700170e+03 7.203467814958979317e-09 3.881167906260391460e-09
1.990581593802000043e+03 7.171504903600064364e-09 3.863889552922483950e-09
1.994716630581700429e+03 7.111619691584660463e-09 3.831517639637201325e-09
2.000116631435700356e+03 7.034339735605604246e-09 3.789741394262524535e-09
2.002753726184099833e+03 6.996984742292370581e-09 3.769549580004020787e-09
2.006478052963799882e+03 6.944655982570415948e-09 3.741263959308370947e-09
2.011878056435700046e+03 6.869636974745475839e-09 3.700712951237677101e-09
2.014963203802000180e+03 6.827235734986482851e-09 3.677795568580280727e-09
2.018276810581700374e+03 6.782061234403697768e-09 3.653379191826175699e-09
2.023676811435700074e+03 6.709231267370099673e-09 3.614014651518667464e-09
2.027210016184099914e+03 6.662115018997792406e-09 3.588550242326831574e-09
2.030112907963799898e+03 6.623712073528929499e-09 3.567795420966915295e-09
2.035512911435700062e+03 6.552999997793171476e-09 3.529577672121364949e-09
2.039494171184099969e+03 6.501480850330738276e-09 3.501735150191711568e-09
2.041986342963800098e+03 6.469487290290196347e-09 3.484444956642213522e-09
2.047386346435700034e+03 6.400828830625041733e-09 3.447340332300514426e-09
2.051815657544699661e+03 6.345201119737833370e-09 3.417279778443806361e-09
2.053897114324400263e+03 6.319266173242369677e-09 3.403264704504959145e-09
2.059297116435699991e+03 6.252596544716724878e-09 3.367237279563566613e-09
2.064174481184099932e+03 6.193144001450508365e-09 3.335111746091182639e-09
2.065845222963799642e+03 6.172937609313795664e-09 3.324193066478104939e-09
2.071245226435700260e+03 6.108191755522822648e-09 3.289207750746601396e-09
2.076570646184100042e+03 6.045178940108472989e-09 3.255160385572090638e-09
2.077830667963800352e+03 6.030383952118973719e-09 3.247166420883435762e-09
2.083230671435700060e+03 5.967505892155949379e-09 3.213191807763758308e-09
2.089004147544700118e+03 5.901184784649590370e-09 3.177360680847178124e-09
2.095230232544700357e+03 5.830692101971742673e-09 3.139275491477986372e-09
2.101068826435700430e+03 5.765544860728864060e-09 3.104080309165592965e-09
2.101913577963799980e+03 5.756191575444104005e-09 3.099026199759491682e-09
2.107719741184099803e+03 5.692434170319738108e-09 3.064584048720390705e-09
2.113983166184099900e+03 5.624639695311560176e-09 3.027960486217447677e-09
2.119863747963800051e+03 5.561909392007915434e-09 2.994075590394456445e-09
2.125263751435700215e+03 5.505071790447017716e-09 2.963374582238111275e-09
2.126528681184100151e+03 5.491861113204419813e-09 2.956238709142549500e-09
2.132017212963800375e+03 5.435009970568329228e-09 2.925533404230593092e-09
2.137417216435700084e+03 5.379789340985006721e-09 2.895708561746953670e-09
2.139111533801999940e+03 5.362607239881619352e-09 2.886428619598875702e-09
2.144208020581700112e+03 5.311341129644258830e-09 2.858741761106616262e-09
2.149608021435699811e+03 5.257677057612018202e-09 2.829760028234115686e-09
2.151731723802000033e+03 5.236760811036630714e-09 2.818463707355668179e-09
2.156436165581700152e+03 5.190797184074894516e-09 2.793643473475304044e-09
2.161836166435699852e+03 5.138649752457349861e-09 2.765483823308268230e-09
2.164389251184100431e+03 5.114224818762273635e-09 2.752295115170222967e-09
2.168701647963800042e+03 5.073301580227922849e-09 2.730198766048663723e-09
2.174101651435700205e+03 5.022626116897573229e-09 2.702836837918569282e-09
2.177084121184099786e+03 4.994910061654863665e-09 2.687873381896964516e-09
2.181004467963799925e+03 4.958770988329396975e-09 2.668362526118046737e-09
2.186404471435700088e+03 4.909517904478935661e-09 2.641771463993789254e-09
2.189816326184100035e+03 4.878718088611305875e-09 2.625144111941699990e-09
2.193344622963799793e+03 4.847117237983449283e-09 2.608086173458413951e-09
2.198744626435699956e+03 4.799245086608537354e-09 2.582243091267486661e-09
2.202585867544700250e+03 4.765554180468487758e-09 2.564057256435060971e-09
2.205722119324399955e+03 4.738262238512820439e-09 2.549326634696540859e-09
2.211122121435699682e+03 4.691724279512887447e-09 2.524206716398314766e-09
2.215392746184099906e+03 4.655328776626193568e-09 2.504563217854370167e-09
2.218136952963800013e+03 4.632126589454461686e-09 2.492040834506973168e-09
2.223536956435700176e+03 4.586885746508153780e-09 2.467624794219256648e-09
2.228236966184099856e+03 4.547965487078385184e-09 2.446621890211140248e-09
2.230589122963800037e+03 4.528642647340097141e-09 2.436194197244803795e-09
2.235989126435699745e+03 4.484663471432790196e-09 2.412462095926868787e-09
2.241118523802000254e+03 4.443382005718612901e-09 2.390186990680451207e-09
2.243078630581700054e+03 4.427730387154071301e-09 2.381741135061444504e-09
2.248478631435700208e+03 4.384963588383561894e-09 2.358664811926996981e-09
2.254037416184099584e+03 4.341485580976937759e-09 2.335206319191880099e-09
2.255605477963800240e+03 4.329315470801712942e-09 2.328640347530339829e-09
2.261005481435699949e+03 4.287735164183284661e-09 2.306207536571545061e-09
2.266993651184100145e+03 4.242212716052775691e-09 2.281649036364636477e-09
2.268169662963799965e+03 4.233341672628429240e-09 2.276863062561139274e-09
2.273569666435700128e+03 4.192911348866504238e-09 2.255052694782866841e-09
2.279665071435699701e+03 4.147850844631233621e-09 2.230746402473597662e-09
2.280771185581700138e+03 4.139735711114339809e-09 2.226368672834516871e-09
2.286493333802000507e+03 4.098085497803631649e-09 2.203902815970773415e-09
2.292285256435700376e+03 4.056459353619253569e-09 2.181450723103856335e-09
2.293410042963800151e+03 4.048435130212160401e-09 2.177121940034990963e-09
2.299542782963800164e+03 4.005041126127803279e-09 2.153717801932484581e-09
2.306086242963800032e+03 3.959378249406597887e-09 2.129089998750139334e-09
2.312237652963849996e+03 3.917044331702844767e-09 2.106259870418613530e-09
2.317637656435750159e+03 3.880344832836857344e-09 2.086468394376278643e-09
2.319191956184099581e+03 3.869860796742600343e-09 2.080814340210816359e-09
2.324969857963799768e+03 3.831202454002332957e-09 2.059968029658794598e-09
2.330369861435700386e+03 3.795504220190727330e-09 2.040717986377431474e-09
2.332334876184100267e+03 3.782615820730354473e-09 2.033768429535117811e-09
2.337739397963800002e+03 3.747455821745087009e-09 2.014809781310569501e-09
2.343139401435700165e+03 3.712728084259135590e-09 1.996084544744146294e-09
2.345515133801999582e+03 3.697578072832570665e-09 1.987916053117126202e-09
2.350546280581700103e+03 3.665753343444067471e-09 1.970757764097701665e-09
2.355946281435700257e+03 3.631968887291485633e-09 1.952543055561364906e-09
2.358732726184100102e+03 3.614688653229421512e-09 1.943226714174791041e-09
2.363390497963800044e+03 3.586034375654960390e-09 1.927778377726341840e-09
2.368790501435699753e+03 3.553164477219360264e-09 1.910057716880170132e-09
2.371987663802000043e+03 3.533883835452231246e-09 1.899663580331844862e-09
2.376272055581699988e+03 3.508251097898781019e-09 1.885845966947758645e-09
2.381672056435700142e+03 3.476269283802255347e-09 1.868604762426247344e-09
2.385279933801999960e+03 3.455105347948854132e-09 1.857196345091284251e-09
2.389190945581699907e+03 3.432345395271866869e-09 1.844927632213807407e-09
2.394590946435700062e+03 3.401224107029408588e-09 1.828151537260994654e-09
2.398609543801999735e+03 3.378298248870434486e-09 1.815793658690209297e-09
2.402147180581700013e+03 3.358274375725653264e-09 1.805001184730424606e-09
2.407547181435700168e+03 3.327994193246690164e-09 1.788680435916134834e-09
2.411976491184100269e+03 3.303412974559964717e-09 1.775431727820903304e-09
2.415140747963800095e+03 3.285991526530362935e-09 1.766041637378507577e-09
2.420540751435699804e+03 3.256519691542113958e-09 1.750156294373238861e-09
2.425380781184099760e+03 3.230388798978670666e-09 1.736073232065735203e-09
2.428171657963800499e+03 3.215438693859135429e-09 1.728016575164911213e-09
2.433571661435700207e+03 3.186759005173292558e-09 1.712559919633704969e-09
2.438822406184099691e+03 3.159179777988135135e-09 1.697697212316622103e-09
2.441239902963799977e+03 3.146581664753458383e-09 1.690907726733160730e-09
2.446639906435700141e+03 3.118664474116302109e-09 1.675862931760859555e-09
2.452301366184100061e+03 3.089732778660547072e-09 1.660271843810728255e-09
2.454345482963799441e+03 3.079368024787504826e-09 1.654686391649929034e-09
2.459745486435700059e+03 3.052195489859789821e-09 1.640043933864291263e-09
2.465817666184100290e+03 3.021999425024342199e-09 1.623772793301551713e-09
2.467488407963800000e+03 3.013755553451606704e-09 1.619330300852407474e-09
2.472888411435700164e+03 2.987305132883140212e-09 1.605077446444176592e-09
2.479282516435700018e+03 2.956362221381645856e-09 1.588405509774732408e-09
2.480668665581699770e+03 2.949707130189082297e-09 1.584819365850293566e-09
2.486157453801999964e+03 2.923538478502604847e-09 1.570720253185925014e-09
2.492481441435700162e+03 2.893746204578682804e-09 1.554668578703193644e-09
2.493886262963800164e+03 2.887178151182705509e-09 1.551129308326994357e-09
2.499767101184099829e+03 2.859888751406197684e-09 1.536427088675178536e-09
2.505717706435700165e+03 2.832605434648149871e-09 1.521727709734754828e-09
2.507141192963800222e+03 2.826124934885046626e-09 1.518236185359133269e-09
2.513414081184099814e+03 2.797796789441087674e-09 1.502974783824939013e-09
2.518991311435700027e+03 2.772906370704932265e-09 1.489566372651552493e-09
2.520433467963799558e+03 2.766516017685601306e-09 1.486123079263482211e-09
2.526902247963799709e+03 2.738076065232119563e-09 1.470803338196689104e-09
2.532302251435699873e+03 2.714615432060641727e-09 1.458165070633714752e-09
2.533959231184099735e+03 2.707464972750047237e-09 1.454313530367392191e-09
2.540250527963800323e+03 2.680536823556281301e-09 1.439808693665952982e-09
2.545650531435700032e+03 2.657688459894232051e-09 1.427501314683189875e-09
2.547699556184099947e+03 2.649081641993704608e-09 1.422865476941335278e-09
2.553636142963800012e+03 2.624345300428800184e-09 1.409542458233125950e-09
2.559036146435699720e+03 2.602094984400522186e-09 1.397557940128898113e-09
2.561477218801999697e+03 2.592113340482817926e-09 1.392182092295051537e-09
2.567059100581700022e+03 2.569470144600333567e-09 1.379987516258765511e-09
2.572459101435699722e+03 2.547798732164478711e-09 1.368315602038959605e-09
2.575292221184100072e+03 2.536519643888558992e-09 1.362241445549512385e-09
2.580519392963799874e+03 2.515873896237506450e-09 1.351123545395236778e-09
2.585919396435700037e+03 2.494764346585635747e-09 1.339755192698288812e-09
2.589144563801999993e+03 2.482262771472468967e-09 1.333023141042345533e-09
2.594017020581699853e+03 2.463525721490860325e-09 1.322933620334232973e-09
2.599417021435700008e+03 2.442964660450457421e-09 1.311862012754609788e-09
2.603034236184100337e+03 2.429310994788818459e-09 1.304510556040624196e-09
2.607551987963800002e+03 2.412393619484621579e-09 1.295401499648496998e-09
2.612951991435699711e+03 2.392361980307498115e-09 1.284615566920993847e-09
2.616961256184099966e+03 2.377625849873017549e-09 1.276681426168146342e-09
2.621124297963800018e+03 2.362444082056340335e-09 1.268507800693700667e-09
2.626524301435699726e+03 2.342929257358188099e-09 1.258001577154514002e-09
2.630925611184100035e+03 2.327174869754952211e-09 1.249519795663942991e-09
2.634733942963800018e+03 2.313648009833274918e-09 1.242237908567052318e-09
2.640133946435700182e+03 2.294635483564808029e-09 1.232002048060776918e-09
2.644927301184099633e+03 2.277921858058832035e-09 1.223005407854406115e-09
2.648380922963800003e+03 2.265975968103324594e-09 1.216574543485260813e-09
2.653780926435699712e+03 2.247451164411826037e-09 1.206602920488225707e-09
2.658966331184100000e+03 2.229842747100654480e-09 1.197124865428614758e-09
2.662065242963799847e+03 2.219400122448592881e-09 1.191504521681250948e-09
2.667465246435700010e+03 2.201350057253833480e-09 1.181788990418034498e-09
2.673042697544699877e+03 2.182900459539836077e-09 1.171859185472121103e-09
2.675786899324399656e+03 2.173893653493695909e-09 1.167011503661565386e-09
2.681186901435699838e+03 2.156302821323680305e-09 1.157544422870394438e-09
2.687156401184100105e+03 2.137066478924830204e-09 1.147191546337741718e-09
2.689545897963800144e+03 2.129425892259694738e-09 1.143079387886480452e-09
2.694945901435699852e+03 2.112283718350118885e-09 1.133854428798723909e-09
2.701307446184100172e+03 2.092314135516180244e-09 1.123108178205588433e-09
2.703342227963799814e+03 2.085974853669344535e-09 1.119697469729614169e-09
2.708742231435699523e+03 2.069271419260273004e-09 1.110709051940586490e-09
2.715472376435699516e+03 2.048684813323354577e-09 1.099631950811844950e-09
2.722575901435699961e+03 2.027232341936488047e-09 1.088088646371456951e-09
2.729324721435700212e+03 2.007110918255259443e-09 1.077262533114444360e-09
2.731046910581700104e+03 2.002015762358327301e-09 1.074520826149958876e-09
2.736843733801999861e+03 1.984985751356773567e-09 1.065358200843903077e-09
2.743214391435699781e+03 1.966477502799797971e-09 1.055400701589690085e-09
2.744955252963799921e+03 1.961456250932991914e-09 1.052699129986221597e-09
2.751125461184100004e+03 1.943793725753233058e-09 1.043196483734268940e-09
2.757141411435699865e+03 1.926763660614191781e-09 1.034034704520495978e-09
2.758900939324400497e+03 1.921816157144913886e-09 1.031373438147591622e-09
2.765444522544700249e+03 1.903563405652761061e-09 1.021554145928521002e-09
2.771105761435700515e+03 1.887944890541143278e-09 1.013152488280761437e-09
2.772883960581700194e+03 1.883071859455145855e-09 1.010530961382135217e-09
2.779707455581699833e+03 1.864519632875424457e-09 1.000551372718571399e-09
2.785107456435699987e+03 1.849998806228636772e-09 9.927403490833498102e-10
2.786997792544700133e+03 1.844947747780094180e-09 9.900235489524528413e-10
2.793746484324400171e+03 1.827060625780227244e-09 9.804021733845997223e-10
2.799146486435700353e+03 1.812903314366103370e-09 9.727873538484926357e-10
2.801410201184100515e+03 1.807010728219672292e-09 9.696173799493739822e-10
2.807822847963800086e+03 1.790444349142132241e-09 9.607074689632492341e-10
2.813222851435699795e+03 1.776640982296212849e-09 9.532832429406349350e-10
2.815859947544699935e+03 1.769947843704537853e-09 9.496836451454973227e-10
2.821936554324400277e+03 1.754647723336534860e-09 9.414547336076236155e-10
2.827336556435699549e+03 1.741187938407498843e-09 9.342154752696357653e-10
2.830347028801999841e+03 1.733739194054896606e-09 9.302096396032008246e-10
2.836087595581699588e+03 1.719647544798217846e-09 9.226309001860083371e-10
2.841487596435699743e+03 1.706521704258905793e-09 9.155719529437599977e-10
2.844871448802000486e+03 1.698361716763209513e-09 9.111835258362336263e-10
2.850275975581700095e+03 1.685429749274816716e-09 9.042292717088850875e-10
2.855675976435699795e+03 1.672629985690928537e-09 8.973456730581774592e-10
2.859433208801999626e+03 1.663795848551790903e-09 8.925951396846093300e-10
2.864501695581700005e+03 1.651971474649539176e-09 8.862366789424374155e-10
2.869901696435700160e+03 1.639488718163826934e-09 8.795242627363867048e-10
2.874032306184099980e+03 1.630020683802442003e-09 8.744330700480216345e-10
2.878764752963800220e+03 1.619257361941862608e-09 8.686452147544283555e-10
2.884164756435700383e+03 1.607081959370591904e-09 8.620982841977237919e-10
2.888668742544700308e+03 1.597014657204055214e-09 8.566852493757613280e-10
2.893065144324400080e+03 1.587265251091701573e-09 8.514429806685951452e-10
2.898465146435700262e+03 1.575391206388175917e-09 8.450584561016089677e-10
2.903342513802000212e+03 1.564761668377963418e-09 8.393434831216124500e-10
2.907402875581700300e+03 1.555981849080143114e-09 8.346224723512814674e-10
2.912802876435700000e+03 1.544396930803976682e-09 8.283938829192363799e-10
2.918053623801999947e+03 1.533237601960928868e-09 8.223941665098867221e-10
2.921777945581700351e+03 1.525383918034089105e-09 8.181715624850701760e-10
2.927177946435700051e+03 1.514083895492228184e-09 8.120964517050093113e-10
2.932802071184099987e+03 1.502427570253972037e-09 8.058297971662825383e-10
2.936190352963800251e+03 1.495459470330527352e-09 8.020835192506316994e-10
2.941590356435699960e+03 1.484436384157700614e-09 7.961573474775068822e-10
2.947587858802000028e+03 1.472312511411096578e-09 7.896398743670818612e-10
2.950640100581700153e+03 1.466190434114648587e-09 7.863484513335156508e-10
2.956040101435699853e+03 1.455435897356425089e-09 7.805669828567278159e-10
2.962410981184099910e+03 1.442875488407319829e-09 7.738150377580559407e-10
2.965127182963800351e+03 1.437561283068333902e-09 7.709583861096723408e-10
2.970527186435700060e+03 1.427068681814244099e-09 7.653181503066091038e-10
2.977271446184100114e+03 1.414099208010058532e-09 7.583469329297988138e-10
2.979651602963800087e+03 1.409557656208857916e-09 7.559055829737751886e-10
2.985051606435700251e+03 1.399320284337899213e-09 7.504029915200688617e-10
2.992155131435699786e+03 1.385995364646132860e-09 7.432409724237028761e-10
2.999613366435700300e+03 1.372174705827356180e-09 7.358125842835480616e-10
3.006735561435699765e+03 1.359138277277430049e-09 7.288059531468798488e-10
3.008812460581700179e+03 1.355364440648249338e-09 7.267780256007174183e-10
3.014581283802000144e+03 1.344954159061132133e-09 7.211831178880330791e-10
3.021353326435700183e+03 1.332860680454343237e-09 7.146833507271083950e-10
3.023448897963799936e+03 1.329144963329090110e-09 7.126861981647881161e-10
3.029572431184099969e+03 1.318362877383038763e-09 7.068916392407761954e-10
3.036008431435699549e+03 1.307148469205205150e-09 7.008652105891238675e-10
3.038122667963799813e+03 1.303490571721075895e-09 6.988994267725014955e-10
3.044600911184099914e+03 1.292362946921457080e-09 6.929197437240208862e-10
3.050700871435700265e+03 1.281993180397698239e-09 6.873474288402736910e-10
3.052833777963800003e+03 1.278391998704247817e-09 6.854119971884476642e-10
3.059666731184099717e+03 1.266939763292782201e-09 6.792581270328557173e-10
3.065430651435699929e+03 1.257377093178471197e-09 6.741201934319444061e-10
3.067582227963800051e+03 1.253830495070454110e-09 6.722144443725939985e-10
3.074769891184099833e+03 1.242075087366893819e-09 6.658979697840053579e-10
3.082340137544699701e+03 1.229842459592093627e-09 6.593254816931508916e-10
3.089602219324399812e+03 1.218250683603584355e-09 6.530975061437315690e-10
3.095002221435700449e+03 1.209717680422742895e-09 6.485133196306573121e-10
3.097499301184100204e+03 1.205798325738657601e-09 6.464072060774078169e-10
3.104444012963800105e+03 1.194977971805344225e-09 6.405944066277608912e-10
3.109844016435699814e+03 1.186647949293068287e-09 6.361192732958641617e-10
3.112695806184100093e+03 1.182279562776989328e-09 6.337719497151921772e-10
3.119323142963799910e+03 1.172201677064746891e-09 6.283584321144658880e-10
3.124723146435700073e+03 1.164070212417834453e-09 6.239901707477724788e-10
3.127929646184099965e+03 1.159275584112748736e-09 6.214144183737311420e-10
3.134239612963800028e+03 1.149911824818389989e-09 6.163845793200933404e-10
3.139639616435699736e+03 1.141973071985848441e-09 6.121199450713403105e-10
3.143200823801999832e+03 1.136774852445241316e-09 6.093277689316011095e-10
3.149193420581699684e+03 1.128094039957441956e-09 6.046652618725390248e-10
3.154593421435700293e+03 1.120344056259916480e-09 6.005022026711682603e-10
3.158509336184100448e+03 1.114764531090994257e-09 5.975055890281252715e-10
3.164184562963800090e+03 1.106740986421224081e-09 5.931961888929650207e-10
3.169584566435700253e+03 1.099172151619426185e-09 5.891312173994330425e-10
3.173855191184100022e+03 1.093234123968247933e-09 5.859415430248186369e-10
3.179213042963800035e+03 1.085837863559503373e-09 5.819696787507348965e-10
3.184613046435700198e+03 1.078448050769780618e-09 5.780004950827957151e-10
3.189238381184100035e+03 1.072168453372357199e-09 5.746278565776274729e-10
3.194278862963799838e+03 1.065376696261789947e-09 5.709804570519711126e-10
3.199678866435700002e+03 1.058159513709100286e-09 5.671045523296627285e-10
3.204658911184099907e+03 1.051558376357296198e-09 5.635597121521366144e-10
3.209382022963799955e+03 1.045346867479035798e-09 5.602236934004514579e-10
3.214782026435699663e+03 1.038298428238740423e-09 5.564389913162193469e-10
3.220116781184100091e+03 1.031394636522352672e-09 5.527316299007164430e-10
3.224522517963800055e+03 1.025735840436501031e-09 5.496929139683425629e-10
3.229922521435700219e+03 1.018853068528665595e-09 5.459968166478286226e-10
3.235611986184100260e+03 1.011664256667862499e-09 5.421365762714184728e-10
3.239700347963800141e+03 1.006536631338197287e-09 5.393835292606348054e-10
3.245100351435700304e+03 9.998148616674435230e-10 5.357739976521548838e-10
3.251144526184099959e+03 9.923572726023291414e-10 5.317698952535610112e-10
3.254915522963799958e+03 9.877399576371056105e-10 5.292906957998216485e-10
3.260315526435700122e+03 9.811742047408846914e-10 5.257653145503371234e-10
3.266714406184099971e+03 9.734648116649648428e-10 5.216260309950769594e-10
3.270168027963799886e+03 9.693353696533808595e-10 5.194087420090335655e-10
3.275568031435700050e+03 9.629215574950766006e-10 5.159652889743429165e-10
3.282321626184099841e+03 9.549757991050338488e-10 5.116991612392375142e-10
3.285457877963800001e+03 9.513136611392810939e-10 5.097330734615774483e-10
3.290857881435700165e+03 9.450494156369784320e-10 5.063698515933534843e-10
3.297966183802000160e+03 9.368819088512574778e-10 5.019853082348605082e-10
3.300785060581700236e+03 9.336671235900243821e-10 5.002596140483148795e-10
3.306185061435699936e+03 9.275483829160222675e-10 4.969746458482808560e-10
3.313648076184099864e+03 9.191732329251201884e-10 4.924783835419903399e-10
3.316149587963800059e+03 9.163865438663863914e-10 4.909823245990109746e-10
3.321549591435699767e+03 9.104076139800658187e-10 4.877725332042415379e-10
3.329082501435700124e+03 9.021489683884094869e-10 4.833392488651597707e-10
3.331551447963800001e+03 8.994626621353925739e-10 4.818971148328384109e-10
3.337236261184100385e+03 8.933158441223348709e-10 4.785973762503563625e-10
3.344503026435700122e+03 8.855343363413257010e-10 4.744205546910316968e-10
3.346990642963800383e+03 8.828901092466751517e-10 4.730011870973797489e-10
3.353011501184099870e+03 8.765313712967451700e-10 4.695879429554493824e-10
3.359960896435700306e+03 8.692618092156667775e-10 4.656860132823993727e-10
3.362467180581699722e+03 8.666581875542219216e-10 4.642884809173062393e-10
3.368824073801999475e+03 8.600998785251828148e-10 4.607679121123917558e-10
3.375456096435700147e+03 8.533229797966299379e-10 4.571302722166816201e-10
3.377981052963799812e+03 8.507593944164384089e-10 4.557543881386982099e-10
3.384673991184100032e+03 8.440139487376127652e-10 4.521335597638184869e-10
3.390988641435700629e+03 8.377101438095391572e-10 4.487502553252131146e-10
3.393532262963799894e+03 8.351870078037363214e-10 4.473962229389440137e-10
3.400561241184099799e+03 8.282666360361200012e-10 4.436816184556095853e-10
3.406558521435700186e+03 8.224173552145437095e-10 4.405422926831478559e-10
3.409120812963800290e+03 8.199337523684396093e-10 4.392092595775452003e-10
3.416485831184100334e+03 8.128480878985634855e-10 4.354064051955467484e-10
3.422165741435700056e+03 8.074356533981159771e-10 4.325016358026835032e-10
3.424746702963800089e+03 8.049915645169594761e-10 4.311897551939467442e-10
3.432410292963800202e+03 7.977878854109953172e-10 4.273238591703776112e-10
3.440409925581700008e+03 7.903550821038069691e-10 4.233349457425063516e-10
3.448092190581699924e+03 7.832978284421962140e-10 4.195479859480665270e-10
3.453492191435700079e+03 7.783842678285329680e-10 4.169109414780112407e-10
3.456465326184099922e+03 7.756951893542642429e-10 4.154677861635838220e-10
3.463811422963799941e+03 7.691006518485835036e-10 4.119289077021881050e-10
3.469211426435700105e+03 7.642972744372087457e-10 4.093514360390246386e-10
3.472520601184100087e+03 7.613730355614152406e-10 4.077820526688396139e-10
3.479567992963799952e+03 7.551911357820657112e-10 4.044648659857719469e-10
3.484967996435700115e+03 7.504965548423638819e-10 4.019458703056282430e-10
3.488613211184100237e+03 7.473480441737790062e-10 4.002565419507562353e-10
3.495361897963800402e+03 7.415631227882661094e-10 3.971524853651983532e-10
3.500761901435700111e+03 7.369740451660806169e-10 3.946899378520970167e-10
3.504743161184100245e+03 7.336128298216442525e-10 3.928866320917766655e-10
3.511193147963800584e+03 7.282093003438712799e-10 3.899872929014232548e-10
3.516593151435700292e+03 7.237238794463329385e-10 3.875805317782752621e-10
3.520910447544699764e+03 7.201632268416357606e-10 3.856698479397486689e-10
3.527061729324399948e+03 7.151254678310957009e-10 3.829674483239987331e-10
3.532461731435700585e+03 7.107402277761964321e-10 3.806144515753786223e-10
3.537115068801999769e+03 7.069875386618320355e-10 3.786012712480862840e-10
3.542967650581699672e+03 7.023042964939169811e-10 3.760884775118153771e-10
3.548367651435700282e+03 6.980161385038864960e-10 3.737881720516909953e-10
3.553357031184099924e+03 6.940843416306914973e-10 3.716786236366262100e-10
3.558910907963799673e+03 6.897394580465048419e-10 3.693476416479100992e-10
3.564310911435700291e+03 6.855480497356196079e-10 3.670987195378136489e-10
3.569636333802000536e+03 6.814439734901181749e-10 3.648974330106841873e-10
3.574891505581699676e+03 6.774261326304656086e-10 3.627417342758764814e-10
3.580291506435699830e+03 6.733268224925837578e-10 3.605428066243365465e-10
3.585952966184100205e+03 6.690632056963235054e-10 3.582556368168683070e-10
3.590909437963800428e+03 6.653580335520937501e-10 3.562681823379182715e-10
3.596309441435699682e+03 6.613505478347260847e-10 3.541183826838219639e-10
3.602306946184100070e+03 6.569348941723819269e-10 3.517497946165746101e-10
3.606964712963800139e+03 6.535315668019744580e-10 3.499240309307352291e-10
3.612364716435699847e+03 6.496120322832617224e-10 3.478218216068256218e-10
3.618698261184099920e+03 6.450523461001091283e-10 3.453764309438303669e-10
3.623057322963800289e+03 6.419383559389098324e-10 3.437060080884024634e-10
3.628457326435699997e+03 6.381072252956142156e-10 3.416507730831682070e-10
3.635126911184100209e+03 6.334128207238875057e-10 3.391331029796977670e-10
3.639187272963800297e+03 6.305760989483397390e-10 3.376116931308649354e-10
3.644587276435700005e+03 6.268287872445178457e-10 3.356015315870985692e-10
3.651592901184099446e+03 6.220083845529199918e-10 3.330162456442723429e-10
3.655354557963799380e+03 6.194387997607757616e-10 3.316383282761263001e-10
3.660754561435699998e+03 6.157738149697185418e-10 3.296727589551174453e-10
3.668096226184100487e+03 6.108334317877080405e-10 3.270235309169252444e-10
3.671559182963799685e+03 6.085214344934257690e-10 3.257833078062335183e-10
3.676959186435699849e+03 6.049365148492206569e-10 3.238607811036148781e-10
3.684636888802000158e+03 5.998856104890411413e-10 3.211519923400267920e-10
3.687801145581699984e+03 5.978189563137971191e-10 3.200437641870434135e-10
3.693201146435700139e+03 5.943131663794912002e-10 3.181635786892390952e-10
3.701182111435699426e+03 5.891787116400121939e-10 3.154101100907508365e-10
3.709480451435700616e+03 5.838986296466812966e-10 3.125785138133283706e-10
3.717480081435700413e+03 5.788627339594634388e-10 3.098784187067219430e-10
3.720397082963800131e+03 5.770404410194656741e-10 3.089010200604877713e-10
3.726147241184100494e+03 5.734689019572090528e-10 3.069857977639972114e-10
3.733815391435700349e+03 5.687499763431287478e-10 3.044553680399357269e-10
3.736751059324400103e+03 5.669558411301638966e-10 3.034935747425729205e-10
3.742818582544699893e+03 5.632703403634859341e-10 3.015176179474296907e-10
3.750188031435699941e+03 5.588351569084676268e-10 2.991391303912670432e-10
3.753142372963799971e+03 5.570680453797498282e-10 2.981917677393787239e-10
3.759527271184100300e+03 5.532745666866301204e-10 2.961577868847715534e-10
3.766598016435749742e+03 5.491126332297882335e-10 2.939260231714937970e-10
3.769571022963849828e+03 5.473742136227627907e-10 2.929939202877346489e-10
3.776273291184099435e+03 5.434805855468125925e-10 2.909061976289895615e-10
3.783045331435750086e+03 5.395804990928025528e-10 2.888153923232812797e-10
3.786037007963850101e+03 5.378692341567275490e-10 2.878977416094094614e-10
3.793056651184100247e+03 5.338800227851069969e-10 2.857588802750442521e-10
3.799529991435700140e+03 5.302330893176391197e-10 2.838038592380359843e-10
3.802540337963799630e+03 5.285480220684380887e-10 2.829003581914160432e-10
3.809877351184099098e+03 5.244683046040772861e-10 2.807134075312703078e-10
3.816051986435700201e+03 5.210670369568316723e-10 2.788895241418752940e-10
3.819081002963799619e+03 5.194070565857979616e-10 2.779999297581665307e-10
3.826735391184099626e+03 5.152449122341935604e-10 2.757682931018245745e-10
3.832611321435750142e+03 5.120771294567188258e-10 2.740701416165241422e-10
3.835659002963850526e+03 5.104437644960148463e-10 2.731944114439897196e-10
3.843630761184099811e+03 5.062025097035377273e-10 2.709206373298923003e-10
3.849207991435700023e+03 5.032615551807492794e-10 2.693440633501198043e-10
3.852274344324399863e+03 5.016537618732976513e-10 2.684821564317383553e-10
3.860441999324450080e+03 4.974014823959559775e-10 2.662029139723890062e-10
3.865842001435750262e+03 4.946155362672591627e-10 2.647091891700956566e-10
3.869048497544700695e+03 4.929699906892240106e-10 2.638270669555693910e-10
3.877113344324400259e+03 4.888625569227527062e-10 2.616250857499968858e-10
3.882513346435700441e+03 4.861358107103051481e-10 2.601635298353859579e-10
3.886037216184100089e+03 4.843666238483328866e-10 2.592152488030674780e-10
3.893822027963799883e+03 4.804871938242705797e-10 2.571357263508153417e-10
3.899222031435700501e+03 4.778191500956410503e-10 2.557054552440604750e-10
3.903063276184099777e+03 4.759325913955647300e-10 2.546941414870929624e-10
3.910568052963800255e+03 4.722725042064588129e-10 2.527326143466300221e-10
3.915968056435700419e+03 4.696610196088802659e-10 2.513328720385644558e-10
3.920126671184100815e+03 4.676630970808440204e-10 2.502616640086722145e-10
3.927351412963799703e+03 4.642155197959271752e-10 2.484140020456971227e-10
3.932751416435700321e+03 4.616592655767140656e-10 2.470441577139965035e-10
3.937227401184099563e+03 4.595546868677338751e-10 2.459160081871972654e-10
3.944172112963799918e+03 4.563123852169429266e-10 2.441781690146793540e-10
3.949572116435700082e+03 4.538101391327103410e-10 2.428371424515167730e-10
3.954365471184099988e+03 4.516041731213193444e-10 2.416547058451393845e-10
3.961030147963799664e+03 4.485596002695046735e-10 2.400227555147558226e-10
3.966430151435699827e+03 4.461112928432718805e-10 2.387104947667143654e-10
3.971540881184100272e+03 4.438094210162679401e-10 2.374767736140013394e-10
3.977925522963800177e+03 4.409539017584833237e-10 2.359465351151972757e-10
3.983325526435700340e+03 4.385570609344523070e-10 2.346619055136266361e-10
3.988753626184100540e+03 4.361637660008477426e-10 2.333794547300646789e-10
3.994858232963800219e+03 4.334924928516031052e-10 2.319477883016189255e-10
4.000258236435699928e+03 4.311453050578294659e-10 2.306901939475391482e-10
4.006003708801999892e+03 4.286674330931627054e-10 2.293618641175297895e-10
4.011828285581700129e+03 4.261721478135610503e-10 2.280247559583772639e-10
4.017228286435699374e+03 4.238753569057752515e-10 2.267938709637696101e-10
4.023291128802000003e+03 4.213152060198584196e-10 2.254219202685689807e-10
4.028835670581750037e+03 4.189908547437424461e-10 2.241763360822459218e-10
4.034235671435750191e+03 4.167415768624038036e-10 2.229712396949302827e-10
4.040615887544699945e+03 4.141055180137820596e-10 2.215582134835034867e-10
4.045880399324399605e+03 4.119440863480817583e-10 2.204003631328037365e-10
4.051280401435699787e+03 4.097430599765705299e-10 2.192208200168541169e-10
4.057977986184100246e+03 4.070330593716965848e-10 2.177686735770167589e-10
4.062962462963800135e+03 4.050306087540810961e-10 2.166957026065265903e-10
4.068362466435699389e+03 4.028749271031342048e-10 2.155405870767999418e-10
4.075377422544700039e+03 4.000967989792751582e-10 2.140518718712450159e-10
4.080081864324399703e+03 3.982466945921757175e-10 2.130606918609452499e-10
4.085481866435699885e+03 3.961368472840955277e-10 2.119301183920958522e-10
4.092814193801999409e+03 3.932935006508227307e-10 2.104068075483294449e-10
4.097238600581700666e+03 3.915900039796598008e-10 2.094941433540449464e-10
4.102638601435700366e+03 3.895236334332129300e-10 2.083870079934772110e-10
4.110288303801999064e+03 3.866203128199248727e-10 2.068313669117912355e-10
4.114432680581749082e+03 3.850584495363075544e-10 2.059946761473198741e-10
4.119832681435750601e+03 3.830355930112400777e-10 2.049108741739908442e-10
4.127799751184099478e+03 3.800751855159587669e-10 2.033245988701681100e-10
4.131664092963800613e+03 3.786481837274596183e-10 2.025603529664922961e-10
4.137064096435700776e+03 3.766669726521322248e-10 2.014986466360384655e-10
4.145348541184100213e+03 3.736520568175892930e-10 1.998835192420263857e-10
4.148932847963849781e+03 3.723569920122956935e-10 1.991897912744741416e-10
4.154332851435749944e+03 3.704168387428295893e-10 1.981504158257854909e-10
4.162836546435749369e+03 3.673874058621430865e-10 1.965273628002050972e-10
4.166238937963849821e+03 3.661833162058415146e-10 1.958824458295773514e-10
4.171737061184100639e+03 3.642488614399922481e-10 1.948460768289416682e-10
4.180161301435699897e+03 3.613093769390687514e-10 1.932714554562436565e-10
4.183582362963799824e+03 3.601245391451595048e-10 1.926366217291230306e-10
4.189379191184099909e+03 3.581268884894508805e-10 1.915667051462412107e-10
4.197523401435750202e+03 3.553449664879922248e-10 1.900761698471267900e-10
4.200963132963849603e+03 3.541764188798642615e-10 1.894506134308890189e-10
4.207058661184099037e+03 3.521199549846377321e-10 1.883489015444827782e-10
4.214922836435700447e+03 3.494893414541523490e-10 1.869395541036735097e-10
4.218381237963800231e+03 3.483397490524492347e-10 1.863238852576886516e-10
4.224775471184099843e+03 3.462275211972714220e-10 1.851923696187083764e-10
4.232359611435699662e+03 3.437419855325035639e-10 1.838611258739165196e-10
4.235836677963799957e+03 3.426100440391684685e-10 1.832547320094042731e-10
4.242529611184099849e+03 3.404438719129841944e-10 1.820946297462634703e-10
4.249833716435699898e+03 3.381004350148909829e-10 1.808392993115433429e-10
4.253329455581700131e+03 3.369866205205206983e-10 1.802424666509864419e-10
4.260321093801999268e+03 3.347710227092511332e-10 1.790558173093029505e-10
4.267345166435699866e+03 3.325634231277594463e-10 1.778734349346430908e-10
4.270859575581700483e+03 3.314648990387543706e-10 1.772853128349237702e-10
4.278149913801999901e+03 3.292024474974268015e-10 1.760734477831883803e-10
4.284893951435750751e+03 3.271270598905644910e-10 1.749616928067612231e-10
4.288427029324450814e+03 3.260457019038143930e-10 1.743826620154723309e-10
4.296016072544700364e+03 3.237386920967963191e-10 1.731471657518247717e-10
4.302480076435699630e+03 3.217905410214870536e-10 1.721035573203198346e-10
4.306031822963799641e+03 3.207254543121674811e-10 1.715332931784048756e-10
4.313919571184099368e+03 3.183769915826077248e-10 1.702755599783875040e-10
4.320103541435700208e+03 3.165500331448282307e-10 1.692974014418713967e-10
4.323673954324399347e+03 3.155020719423992295e-10 1.687359678270205098e-10
4.331860402544700264e+03 3.131144469451196748e-10 1.674572307024334266e-10
4.337764336435750010e+03 3.114062850085601382e-10 1.665424703004371345e-10
4.341353420581749560e+03 3.103739722829770679e-10 1.659894678861478848e-10
4.349838573802000610e+03 3.079494345919365758e-10 1.646910877472813399e-10
4.355462476435700410e+03 3.063557939403082214e-10 1.638375887043617174e-10
4.359070230581700343e+03 3.053385452856640676e-10 1.632929197076054228e-10
4.367797950581700206e+03 3.028961791740542137e-10 1.619849090643338971e-10
4.373197951435699906e+03 3.013971973795316277e-10 1.611821420857809964e-10
4.376880506184099431e+03 3.003800837462992318e-10 1.606374787987629570e-10
4.385570762963800917e+03 2.979967945717540144e-10 1.593612460243690913e-10
4.390970766435699261e+03 2.965276037162563145e-10 1.585745467010521147e-10
4.394952026184099850e+03 2.954506556373400979e-10 1.579977419500520420e-10
4.403380917963850152e+03 2.931860156267778380e-10 1.567851320724456832e-10
4.408780921435750315e+03 2.917468542827889667e-10 1.560143981570535826e-10
4.413060881184100253e+03 2.906129900439543866e-10 1.554069885462319253e-10
4.421228402963800363e+03 2.884633163897477877e-10 1.542558959479458876e-10
4.426628406435700526e+03 2.870527068987879885e-10 1.535006903159617562e-10
4.431207071184099732e+03 2.858637928922048673e-10 1.528640377576361523e-10
4.439113232963800328e+03 2.838244536262367934e-10 1.517721978807841439e-10
4.444513236435700492e+03 2.824426605638714137e-10 1.510321133304560884e-10
4.449390601184099978e+03 2.812013205914036955e-10 1.503674694386789005e-10
4.457035397963800278e+03 2.792695256544829422e-10 1.493330886348100824e-10
4.462435401435699532e+03 2.779149643809438359e-10 1.486077551571129739e-10
4.467611468801999763e+03 2.766241787635827197e-10 1.479166770381756317e-10
4.474994900581700676e+03 2.747966420102374302e-10 1.469379992909219809e-10
4.480394901435699467e+03 2.734692232781146243e-10 1.462272393681003464e-10
4.485869671184099388e+03 2.721315179577455775e-10 1.455110137155560076e-10
4.492991737963850028e+03 2.704034222681761318e-10 1.445858431256851305e-10
4.498391741435750191e+03 2.691025039763205893e-10 1.438892701415732919e-10
4.504165216184100245e+03 2.677202036951549627e-10 1.431491747325986288e-10
4.511025917963799657e+03 2.660889482884341531e-10 1.422758729638084840e-10
4.516425921435699820e+03 2.648139536582297885e-10 1.415931781257758478e-10
4.522498096184100177e+03 2.633893240341611685e-10 1.408304097071293216e-10
4.529097432963800202e+03 2.618520414027666621e-10 1.400072497544414496e-10
4.534497436435699456e+03 2.606020328466435976e-10 1.393380580518895412e-10
4.540868316184099967e+03 2.591371797993958772e-10 1.385537976631650599e-10
4.547206287963800605e+03 2.576903995722002711e-10 1.377791246082276878e-10
4.552606291435699859e+03 2.564655325874858756e-10 1.371233096290213586e-10
4.559275873802000206e+03 2.549625961111243129e-10 1.363186807233484185e-10
4.565352480581699638e+03 2.536024589475123266e-10 1.355906514196500390e-10
4.570752481435699337e+03 2.524018007313094303e-10 1.349478288749907696e-10
4.577720766184100285e+03 2.508631187428412809e-10 1.341239793952302062e-10
4.583536007963849443e+03 2.495873836531078545e-10 1.334411424954910939e-10
4.588936011435750515e+03 2.484102354790308246e-10 1.328109325144167209e-10
4.596203001184100685e+03 2.468376319867183492e-10 1.319688835817454417e-10
4.601756877963800434e+03 2.456436389441856568e-10 1.313297616489839735e-10
4.607156881435700598e+03 2.444899440008775034e-10 1.307121036208543538e-10
4.614722571184100161e+03 2.428848455434640902e-10 1.298527809799640754e-10
4.620015082963800523e+03 2.417697151923597199e-10 1.292557765471057803e-10
4.625415086435699777e+03 2.406382286731266442e-10 1.286501349046927378e-10
4.633279481184099495e+03 2.390027451794867448e-10 1.277745776060613675e-10
4.638310627963849583e+03 2.379633692730599695e-10 1.272183126082685132e-10
4.643710631435750656e+03 2.368545553189493032e-10 1.266246765320999130e-10
4.651873726184099723e+03 2.351907222763062751e-10 1.257339179405064965e-10
4.656643507963849515e+03 2.342248611107306117e-10 1.252169848315790927e-10
4.662043511435749679e+03 2.331378707923503186e-10 1.246350699023503524e-10
4.670505308801999490e+03 2.314469698781484974e-10 1.237298896584439128e-10
4.675013725581749895e+03 2.305520276800221137e-10 1.232508784073263167e-10
4.680413726435750505e+03 2.294860035206148633e-10 1.226801938406515443e-10
4.689174228801999561e+03 2.277695639659105551e-10 1.217615022896058094e-10
4.693421285581749544e+03 2.269432889515740025e-10 1.213192833624484502e-10
4.698821286435751063e+03 2.258982991709348285e-10 1.207599522636215853e-10
4.707880488802000400e+03 2.241589691713510041e-10 1.198288484681051230e-10
4.717242953801999647e+03 2.223778683854821363e-10 1.188756724064744754e-10
4.726367276435749773e+03 2.206600955725401182e-10 1.179560825329702780e-10
4.730348407963850150e+03 2.199151135706611170e-10 1.175575515595539709e-10
4.736005221184100265e+03 2.188630166083330666e-10 1.169943269557755364e-10
4.744868181435699626e+03 2.172271487143912958e-10 1.161185747626013680e-10
4.748867980581700067e+03 2.164925784666001456e-10 1.157257664103559615e-10
4.754804823802001010e+03 2.154101676622910321e-10 1.151461577631074827e-10
4.763406421435750417e+03 2.138528278253562144e-10 1.143127102752707454e-10
4.767424892963849743e+03 2.131299249767380982e-10 1.139258607403628784e-10
4.773641771184099525e+03 2.120177077908283604e-10 1.133306705677999951e-10
4.781982001435699203e+03 2.105375336655208232e-10 1.125384091843865451e-10
4.786019137963799949e+03 2.098256214299059395e-10 1.121573787011689154e-10
4.792516051184099524e+03 2.086865577699195532e-10 1.115476317303128267e-10
4.800594916435699815e+03 2.072802573551628369e-10 1.107950928964403856e-10
4.804650720581700625e+03 2.065788479056740159e-10 1.104197196578800486e-10
4.811427663802000097e+03 2.054135200526786687e-10 1.097960967437987453e-10
4.819245166435699502e+03 2.040795053748801404e-10 1.090821640092268718e-10
4.823319642963800106e+03 2.033881701966371411e-10 1.087123003380991039e-10
4.830376621184101168e+03 2.021979410667994139e-10 1.080754356385665901e-10
4.837932756435750889e+03 2.009333349409980507e-10 1.073986782917476213e-10
4.842025899324449711e+03 2.002528179978828488e-10 1.070343494252341279e-10
4.849362912544700521e+03 1.990392762487504911e-10 1.063850147822594300e-10
4.856657686435750293e+03 1.978419622223464011e-10 1.057443574719572716e-10
4.860769500581750435e+03 1.971716869820534642e-10 1.053854711026703300e-10
4.868386543801999323e+03 1.959358790199229326e-10 1.047243766332105529e-10
4.875419951435750590e+03 1.948035697098068380e-10 1.041185653563887929e-10
4.879550435581750207e+03 1.941434567866325220e-10 1.037649818833494317e-10
4.887447513801999776e+03 1.928873425076326473e-10 1.030929118509307998e-10
4.894219556435699815e+03 1.918180454755521753e-10 1.025208488289924969e-10
4.898368707963800261e+03 1.911669899004117758e-10 1.021723855582981435e-10
4.906545821184099623e+03 1.898913816014040865e-10 1.014899077511113979e-10
4.913056496435749068e+03 1.888838231292089347e-10 1.009506846596512885e-10
4.917224315581750488e+03 1.882420990166190061e-10 1.006073367757452189e-10
4.925681463801999598e+03 1.869484484310508422e-10 9.991511661972782557e-11
4.931930776435699954e+03 1.859993013305838250e-10 9.940734619895043254e-11
4.936117267963799350e+03 1.853670836862165298e-10 9.906900763643263611e-11
4.944854451184099162e+03 1.840557016839166289e-10 9.836749231530123407e-11
4.950842396435749833e+03 1.831648161741775915e-10 9.789051827101684768e-11
4.955047552963849739e+03 1.825407866145211352e-10 9.755702814904338068e-11
4.964064771184100209e+03 1.812140777666299399e-10 9.684707224233764031e-11
4.969791351435700562e+03 1.803780565427943579e-10 9.639955514800492567e-11
4.974015177963800852e+03 1.797637453654350483e-10 9.607097445363155178e-11
4.983312431184100205e+03 1.784215976786142187e-10 9.535284831683861058e-11
4.988777646435701172e+03 1.776383605666577554e-10 9.493386102457558903e-11
4.993020139324400589e+03 1.770336432429986750e-10 9.461024022716934163e-11
5.002401274324400219e+03 1.757054531877084892e-10 9.389957277981595852e-11
5.007801276435699947e+03 1.749463797698145363e-10 9.349346352773362529e-11
5.012258591184099714e+03 1.743224777737410231e-10 9.315982465643444919e-11
5.021462242963799326e+03 1.730436600739254131e-10 9.247574745849501501e-11
5.026862246435700399e+03 1.722993047390805534e-10 9.207735392080553865e-11
5.031599596184100847e+03 1.716488705110298336e-10 9.172948787796960296e-11
5.040560547963799763e+03 1.704277089585391377e-10 9.107618059710773322e-11
5.045960551435699927e+03 1.696971718701737592e-10 9.068535473391462099e-11
5.050977936184099235e+03 1.690221365276516565e-10 9.032411856285872196e-11
5.059696192963800058e+03 1.678567505829980077e-10 8.970060999915037021e-11
5.065096196435699312e+03 1.671397060160966268e-10 8.931702001562862793e-11
5.070393616184100210e+03 1.664399497080635918e-10 8.894273409502557183e-11
5.078869177963800212e+03 1.653282334227971564e-10 8.834800490626300364e-11
5.084269181435699466e+03 1.646243702124622176e-10 8.797162600998611467e-11
5.089846631184100261e+03 1.639023642269821780e-10 8.758514537883159552e-11
5.098079497963850372e+03 1.628423982388913165e-10 8.701829054126838232e-11
5.103479501435749626e+03 1.621522453956554027e-10 8.664905005866642809e-11
5.109336983801999850e+03 1.614078997893082746e-10 8.625076492562037974e-11
5.117327155581750048e+03 1.603995308389559002e-10 8.571114685319982073e-11
5.122727156435749748e+03 1.597216783282511339e-10 8.534868293337414657e-11
5.128864676184099153e+03 1.589564637780462844e-10 8.493921343483550734e-11
5.136612152963800327e+03 1.579962869490920022e-10 8.442573032065647719e-11
5.142012156435700490e+03 1.573316629317223391e-10 8.407016297389305281e-11
5.148429708802000278e+03 1.565459876655515970e-10 8.365000761729199861e-11
5.155934485581699846e+03 1.556344714937109807e-10 8.316217197571854003e-11
5.161334486435699546e+03 1.549816391015735014e-10 8.281317175834291137e-11
5.168032071184099550e+03 1.541777583921423814e-10 8.238302834302269524e-11
5.175294157963799989e+03 1.533114052709707865e-10 8.191967476948641185e-11
5.180694161435699243e+03 1.526713598704004543e-10 8.157730722069258287e-11
5.187671781184100837e+03 1.518494961591567272e-10 8.113756227020974493e-11
5.194691167963800581e+03 1.510275608182313790e-10 8.069804723726314267e-11
5.200091171435699835e+03 1.503991009527917008e-10 8.036192461307744152e-11
5.207348826184099380e+03 1.495599598288725400e-10 7.991302066073775662e-11
5.214125512963850269e+03 1.487819098455631110e-10 7.949673876782953850e-11
5.219525516435750433e+03 1.481652108252765507e-10 7.916689955564898280e-11
5.227063206184100636e+03 1.473100757636111922e-10 7.870942562522960006e-11
5.233597197963849794e+03 1.465734058473743777e-10 7.831550773168014713e-11
5.238997201435749957e+03 1.459684779333660793e-10 7.799187930248423288e-11
5.246814926184099932e+03 1.450981327689976097e-10 7.752627854117178717e-11
5.253106222963799155e+03 1.444015556037871365e-10 7.715392732566636938e-11
5.258506226435699318e+03 1.438079637875589060e-10 7.683626029636679593e-11
5.266603982544700557e+03 1.429222766862840482e-10 7.636276669472285212e-11
5.272652584324400777e+03 1.422663056459717809e-10 7.601167379633548119e-11
5.278052586435700505e+03 1.416833130861872456e-10 7.569984507777545226e-11
5.286430376184100169e+03 1.407844893492682029e-10 7.521919356009671634e-11
5.292236282963850499e+03 1.401658589285197428e-10 7.488834185061964574e-11
5.297636286435749753e+03 1.395938152865608692e-10 7.458231209029214643e-11
5.306294111184100075e+03 1.386823811100694385e-10 7.409486354935214715e-11
5.311857317963799687e+03 1.381008893325726790e-10 7.378380157399218786e-11
5.317257321435699851e+03 1.375391293105120526e-10 7.348337845631983251e-11
5.326195181184099965e+03 1.366149911683277386e-10 7.298934402490770794e-11
5.331515692963799665e+03 1.360691244472053108e-10 7.269730189686820526e-11
5.336915696435699829e+03 1.355179076968488732e-10 7.240237424118981787e-11
5.346133588801999394e+03 1.345825904802111464e-10 7.190226281780886842e-11
5.351211405581700092e+03 1.340709341292277048e-10 7.162863599950235083e-11
5.356611406435700701e+03 1.335296654386294096e-10 7.133910290564405212e-11
5.366109331184099574e+03 1.325842633807249807e-10 7.083339878418991599e-11
5.370944457963849345e+03 1.321061754915891393e-10 7.057767353233090486e-11
5.376344461435749508e+03 1.315744862980773861e-10 7.029340348919229131e-11
5.386098971435750173e+03 1.306213396569086253e-10 6.978358552389888504e-11
5.396114846435750223e+03 1.296510379136347743e-10 6.926478569969957359e-11
5.405888026435750362e+03 1.287136280026670770e-10 6.876336323801359534e-11
5.410522570581750188e+03 1.282719162673614285e-10 6.852716781423601892e-11
5.416207383801999640e+03 1.277327010117893236e-10 6.823881043069187741e-11
5.425714421435699478e+03 1.268376110653079989e-10 6.776001637392286324e-11
5.430367634324399660e+03 1.264019808127505277e-10 6.752710228746589639e-11
5.436313812544700340e+03 1.258482872959127330e-10 6.723099426429152307e-11
5.445578156435699384e+03 1.249911750524489758e-10 6.677279620307231461e-11
5.450250037963800423e+03 1.245619832200710870e-10 6.654327741639825675e-11
5.456457581184100491e+03 1.239946321173770984e-10 6.623982958283873006e-11
5.465479226435700184e+03 1.231755147873025098e-10 6.580188556324624363e-11
5.470169775581699469e+03 1.227527009584506835e-10 6.557567410460534276e-11
5.476638683802000742e+03 1.221724896295774123e-10 6.526529898408468799e-11
5.485417631435750991e+03 1.213896991559658297e-10 6.484685731288346029e-11
5.490126852963850070e+03 1.209731930970142221e-10 6.462391055949356739e-11
5.496857131184100581e+03 1.203797125890951723e-10 6.430673029432229523e-11
5.505393381435750598e+03 1.196327651433525373e-10 6.390728445075361650e-11
5.510121267963850187e+03 1.192213359185809470e-10 6.368732762162439835e-11
5.517112911184100085e+03 1.186164614043067474e-10 6.336386898201914095e-11
5.525406466435750190e+03 1.179039268249699782e-10 6.298281239766894694e-11
5.530153020581749843e+03 1.174981840043369014e-10 6.276594955973730167e-11
5.537406023801999254e+03 1.168821263386169180e-10 6.243650957172596607e-11
5.545456886435748856e+03 1.162027102521019393e-10 6.207329586647034183e-11
5.550222112963850122e+03 1.158034754949664604e-10 6.185967879396847254e-11
5.557736481184099830e+03 1.151768459161432584e-10 6.152456735221853670e-11
5.565544646435750110e+03 1.145298413499701227e-10 6.117870396693056362e-11
5.570328540581749621e+03 1.141357190279355276e-10 6.096800164385575296e-11
5.578104273802000534e+03 1.134991203081201559e-10 6.062752591618389038e-11
5.585669741435700416e+03 1.128834839478017338e-10 6.029843415463379183e-11
5.590472305581700311e+03 1.124948397287596639e-10 6.009066219035830241e-11
5.598509403801999724e+03 1.118485330001541334e-10 5.974503363064539015e-11
5.605832176435699694e+03 1.112632903167637472e-10 5.943223918594032909e-11
5.610653410581699973e+03 1.108807832634660875e-10 5.922754217384167484e-11
5.618951873801999682e+03 1.102248969132517190e-10 5.887703958096182255e-11
5.626031951435749761e+03 1.096698248064565422e-10 5.858016823246290323e-11
5.630871852963849960e+03 1.092925233139550515e-10 5.837832677291238098e-11
5.639431681184099943e+03 1.086286968796344494e-10 5.802338488831118457e-11
5.646269066435749664e+03 1.081020195146247854e-10 5.774178181690408871e-11
5.651127637963850248e+03 1.077297890750254885e-10 5.754273205642398267e-11
5.659948831184100527e+03 1.070575079875783054e-10 5.718343142238838001e-11
5.666543516435700440e+03 1.065585605465489146e-10 5.691667281007807864e-11
5.671420752963800624e+03 1.061915168633834839e-10 5.672039032958273952e-11
5.680503311184100312e+03 1.055120965875273777e-10 5.635714906744447039e-11
5.686855301435699403e+03 1.050399798427881802e-10 5.610481882384447166e-11
5.691751207963799970e+03 1.046784655961241292e-10 5.591139261635665652e-11
5.701095131184099955e+03 1.039919433038207876e-10 5.554438389990781165e-11
5.707204426435700043e+03 1.035461114285819511e-10 5.530605774232152292e-11
5.712119002963800085e+03 1.031896416918665830e-10 5.511534505827256766e-11
5.721724291184099457e+03 1.024965836499760557e-10 5.474484393537630896e-11
5.727590891435749654e+03 1.020761419073650194e-10 5.452005756338091831e-11
5.732524135581749761e+03 1.017239943246555082e-10 5.433187802982390629e-11
5.742390783801999532e+03 1.010244445233831493e-10 5.395798968136415052e-11
5.748014686435750264e+03 1.006289376431525001e-10 5.374639164191320900e-11
5.752966602963850164e+03 1.002821090666091301e-10 5.356092600511953569e-11
5.763075822963799510e+03 9.957832721159920219e-11 5.318470141175170706e-11
5.773446407963800084e+03 9.886263118914908538e-11 5.280215430143289088e-11
5.783574297963800745e+03 9.817020832107843873e-11 5.243195529592627239e-11
5.788974301435699999e+03 9.780371730212400398e-11 5.223594058769410633e-11
5.794225046184099483e+03 9.744856953766295658e-11 5.204616188030300878e-11
5.804110112963800020e+03 9.678463384967432222e-11 5.169123526759816924e-11
5.809510116435699274e+03 9.642438417270161074e-11 5.149863982295275612e-11
5.815022226184099054e+03 9.605850771689272477e-11 5.130299197358819577e-11
5.824683267963800063e+03 9.542110792723275185e-11 5.096225904137776782e-11
5.830083271435699316e+03 9.506671173625678624e-11 5.077294283820379092e-11
5.835856743801999983e+03 9.469034773146739988e-11 5.057164900604819108e-11
5.845293755581699770e+03 9.407860116689780234e-11 5.024468135270827525e-11
5.850693756435700379e+03 9.373074152861040729e-11 5.005877072939713702e-11
5.856728596184099843e+03 9.334404938597899371e-11 4.985204110859814173e-11
5.865941582963851033e+03 9.275811042844487313e-11 4.953861095467822863e-11
5.871341586435750287e+03 9.241600532125549822e-11 4.935590508389235986e-11
5.877637791184100024e+03 9.201976447197231523e-11 4.914407029044965538e-11
5.886626747963799971e+03 9.145744672442991620e-11 4.884352457818215017e-11
5.892026751435700135e+03 9.112214593254501315e-11 4.866414252389889591e-11
5.898584321184101100e+03 9.071632974877383450e-11 4.844729613655219799e-11
5.907349252963800609e+03 9.017770949368900449e-11 4.815939339924908518e-11
5.912749256435699863e+03 8.984814098530292454e-11 4.798313092995659776e-11
5.919568188801999895e+03 8.943311477507087976e-11 4.776154348029993203e-11
5.928109090581700002e+03 8.891802039088770995e-11 4.748602992987858576e-11
5.933509091435699702e+03 8.859366138535732792e-11 4.731273715341889355e-11
5.940589391184100350e+03 8.817088918118127966e-11 4.708678140821050976e-11
5.948906272963850824e+03 8.767763114006126877e-11 4.682311150852816997e-11
5.954306276435750078e+03 8.735916900788230853e-11 4.665288677245431137e-11
5.961647937544700653e+03 8.692861431639445677e-11 4.642272322809943663e-11
5.969740789324449906e+03 8.645659111068985326e-11 4.617057621924007603e-11
5.975140791435749634e+03 8.614430565908780205e-11 4.600341310823396134e-11
5.982743817544700505e+03 8.570602856176305483e-11 4.576921050379633946e-11
5.990612639324400334e+03 8.525557458587883406e-11 4.552841735316609445e-11
5.996012641435700061e+03 8.494831480799754193e-11 4.536410827858188559e-11
6.003877036184100689e+03 8.450283632444890438e-11 4.512608136346600750e-11
6.011521832963850102e+03 8.407252118986634763e-11 4.489617729274202156e-11
6.016921836435750265e+03 8.377038046843741985e-11 4.473470020712495507e-11
6.025047596184100257e+03 8.331830317830939123e-11 4.449307284879519325e-11
6.032468367963800119e+03 8.290841558591941267e-11 4.427388150812506641e-11
6.037868371435699373e+03 8.261106812176505317e-11 4.411511376527693738e-11
6.046255491184099810e+03 8.215296327978493048e-11 4.387010977262165766e-11
6.053452232963850292e+03 8.176183157442385465e-11 4.366111863988612615e-11
6.058852236435750456e+03 8.147024836307312468e-11 4.350517894267635371e-11
6.067500723801999811e+03 8.100538061521026400e-11 4.325679842965927930e-11
6.074473440581749855e+03 8.063353594074828639e-11 4.305793630766714889e-11
6.079873441435750465e+03 8.034641361535643682e-11 4.290460975432424371e-11
6.088783293802000117e+03 7.987642643974122519e-11 4.265328175871588456e-11
6.095531985581699701e+03 7.952227534707829189e-11 4.246406052772730355e-11
6.100102252963799401e+03 7.928369216099193487e-11 4.233654777355717821e-11
6.104004181184099252e+03 7.908045502126271401e-11 4.222801446320237940e-11
6.109404184656000325e+03 7.880056787235772756e-11 4.207842930356213665e-11
6.114616873801999645e+03 7.853177821893513176e-11 4.193469890348442644e-11
6.116571265581699663e+03 7.843087760048168746e-11 4.188088062708474911e-11
6.121971266435699363e+03 7.815411589301166542e-11 4.173285241968885627e-11
6.129385217544700026e+03 7.777564543131345389e-11 4.153062585903757054e-11
6.135742449324400695e+03 7.745330406166837843e-11 4.135827290554735883e-11
6.141142451435701332e+03 7.718031326399764422e-11 4.121249824781065177e-11
6.150712336184100423e+03 7.670024892291470175e-11 4.095585359691688851e-11
6.158807577963850235e+03 7.629698068371842578e-11 4.074030586976153238e-11
6.164207581435749489e+03 7.602940558300411458e-11 4.059728946684456853e-11
6.174690176435699868e+03 7.551271870414049317e-11 4.032135018424146632e-11
6.187487677963799797e+03 7.488827642673914280e-11 3.998767565267191275e-11
6.197988947963799546e+03 7.438140461408380564e-11 3.971660177282633741e-11
6.203388951435699710e+03 7.412206363462469534e-11 3.957805485227585876e-11
6.213908891435749865e+03 7.362043608164151779e-11 3.930992688400304198e-11
6.233247843215499415e+03 7.270869598776369519e-11 3.882278824535715822e-11
6.245326689324449944e+03 7.214644805318883366e-11 3.852234997603995679e-11
6.252266932544699557e+03 7.182599423879276112e-11 3.835107450268600272e-11
6.261283966435750699e+03 7.141218549941109940e-11 3.812996295540372024e-11
6.275476943215450774e+03 7.076691199386049036e-11 3.778516811581232517e-11
6.296647498215450469e+03 6.981768671707414205e-11 3.727796806521983350e-11
6.315004565581749375e+03 6.900791517863300825e-11 3.684514707942093615e-11
6.325617850581700623e+03 6.854451566276678711e-11 3.659765646694253076e-11
6.331017851435700322e+03 6.831071348586477201e-11 3.647260847526029568e-11
6.341649801435750305e+03 6.785246348867789494e-11 3.622783844040143976e-11
6.360383198215449738e+03 6.705497081764772130e-11 3.580166866383818930e-11
6.375604083215399442e+03 6.641571185134401966e-11 3.545998124879385439e-11
6.386216773215400281e+03 6.597424926070062317e-11 3.522417044580453751e-11
6.400985123215449676e+03 6.536589703768290375e-11 3.489919179379192133e-11
6.421043070581750726e+03 6.455141351729129739e-11 3.446389747116037457e-11
6.433644260581750132e+03 6.404611960821125100e-11 3.419389331553321326e-11
6.439044261435748922e+03 6.383079480276167902e-11 3.407895133705062067e-11
6.457241766435749923e+03 6.311268782279594383e-11 3.369529357499928141e-11
6.497587638215449260e+03 6.155649328887652128e-11 3.286377078135380680e-11
6.557264007963800395e+03 5.934108579739114862e-11 3.168017535260698265e-11
6.595214052963850008e+03 5.798452854066340713e-11 3.095526407155766470e-11
6.600614056435750172e+03 5.779464172217871794e-11 3.085377838330032739e-11
6.655418091435700262e+03 5.591052223109417321e-11 2.984717287316799162e-11
6.764309337963799408e+03 5.238873215076585241e-11 2.796587205420685141e-11
6.824643681184099478e+03 5.055684103681169877e-11 2.698727174223777810e-11
6.848852386435749395e+03 4.984450997929273377e-11 2.660666428136288016e-11
6.981952333215449471e+03 4.614323250841383895e-11 2.462976639440295096e-11
7.122792737963800391e+03 4.259374490655135953e-11 2.273385320399091698e-11
7.154741901184099333e+03 4.183694801935783279e-11 2.232949946700482906e-11
7.293241856435699447e+03 3.874268981686152291e-11 2.067709889338197246e-11
7.526190897963799216e+03 3.415662061086938817e-11 1.822798268250945334e-11
7.631439991184100109e+03 3.230774271677271075e-11 1.724084852269283933e-11
7.769939941435701257e+03 3.006173235502240554e-11 1.604155271572451764e-11
8.108742132963799122e+03 2.533638015748771243e-11 1.351869266320117607e-11
8.319844381184098893e+03 2.285811856947250079e-11 1.219559905465133646e-11
8.458344331435700951e+03 2.139495843201874245e-11 1.141468559592220596e-11
8.950010097963800945e+03 1.706168532185847779e-11 9.101735587799197273e-12
9.313975921184099207e+03 1.454427648868202281e-11 7.758314739966690751e-12
9.452475871435701265e+03 1.370935409141800345e-11 7.312753809183454569e-12
1.016489341558170054e+04 1.024796206394095778e-11 5.465740351255804657e-12
1.074961101380199943e+04 8.192047134748901467e-12 4.368864868150240953e-12
1.088811096643570090e+04 7.782792268656836458e-12 4.150475983952734905e-12
1.191931834796380099e+04 5.417446999067004477e-12 2.888729847207033815e-12
1.282282579618409909e+04 4.043762128469975962e-12 2.156057205996898289e-12
1.296132576643570064e+04 3.873361544634178374e-12 2.065236278738070450e-12
1.445290064796380102e+04 2.504585446492585912e-12 1.335283358249174634e-12
1.581677559618410123e+04 1.745790425551505931e-12 9.307039636042902858e-13
1.595527556643574826e+04 1.685961865190689974e-12 8.987833156461340292e-13
1.811167171558174960e+04 1.015068738318574697e-12 5.411142356761519979e-13
2.014036791380199793e+04 6.637527538201491249e-13 3.538122914282032229e-13
2.027886786643575033e+04 6.459465526717092840e-13 3.442643391433388001e-13
2.339533894796384993e+04 3.644504814548002082e-13 1.942698384643615765e-13
2.638411009618410026e+04 2.252767419320310060e-13 1.200835118082983213e-13
2.652261001643574855e+04 2.206369709846035336e-13 1.175984663183794749e-13
3.102553464796385379e+04 1.178587259526440152e-13 6.280400466426315864e-14
3.540075939618410484e+04 6.953877494289611271e-14 3.705105457965168950e-14
3.553925936643575551e+04 6.844951082035931440e-14 3.647374620403359312e-14
4.204437524796384969e+04 3.493914072526366873e-14 1.861701393189489442e-14
4.842179119618410186e+04 1.987956658340594989e-14 1.058652784882673592e-14
4.856029116643570160e+04 1.962365133429365615e-14 1.046139965398246253e-14
5.795679109796379635e+04 9.712367465527386005e-15 5.161427488649390055e-15
6.722559109618410002e+04 5.323875887737574528e-15 2.843615199367897120e-15
6.736409106643569248e+04 5.311788161638874124e-15 2.826648056569986087e-15
8.093606709796383802e+04 2.550001544049438918e-15 1.356340190654781799e-15
9.438034319618415611e+04 1.369140835564113295e-15 7.320465561955401612e-16
9.451884316643574857e+04 1.370611262360899140e-15 7.294326613170830711e-16
1.141206650655817502e+05 6.614574716316077807e-16 3.462851550812022720e-16
1.335947870138020371e+05 3.669469612699981483e-16 1.865927833631550687e-16
1.337332869164358126e+05 3.785606245531065186e-16 1.884834203118652958e-16
1.620428689155817265e+05 1.597677837210214761e-16 8.465662341666319627e-17
1.902247510138019570e+05 8.508932075824531687e-17 4.497665917847005658e-17
1.903632509164357616e+05 1.010767391733223261e-16 4.751481191426073540e-17
2.312477944155817386e+05 4.741433995016260085e-17 2.205678261080052586e-17
2.720046380138020613e+05 2.622315524514796455e-17 1.171094130602009448e-17
2.721431379164357204e+05 3.052575061516112436e-17 1.243173849125907793e-17
3.311873066479638801e+05 1.129155374746851908e-17 5.288759965172879769e-18
3.901037757461841102e+05 8.454117115162151731e-18 3.087791637138332071e-18
3.902422759164356976e+05 8.618768452847400064e-18 3.177670928522741986e-18
4.755109381479638978e+05 8.554273596390168711e-19 2.014749053513312536e-19
5.606519007461841684e+05 2.458788104529768430e-19 1.149281099333662697e-19
5.607904009164357558e+05 5.642083561781256199e-23 2.688464740072391924e-19
