1.500001740000000139e-01 0.000000000000000000e+00
2.999992800999999876e-01 0.000000000000000000e+00
4.499982122000000251e-01 0.000000000000000000e+00
5.499982122000000029e-01 0.000000000000000000e+00
6.499988728000000160e-01 0.000000000000000000e+00
7.499996907000000546e-01 0.000000000000000000e+00
8.499999240000000178e-01 0.000000000000000000e+00
9.500001739999999195e-01 0.000000000000000000e+00
1.050000347999999972e+00 0.000000000000000000e+00
1.150000348000000061e+00 0.000000000000000000e+00
1.299999280100000210e+00 0.000000000000000000e+00
1.449998872800000171e+00 0.000000000000000000e+00
1.549999690699999988e+00 0.000000000000000000e+00
1.649999848000000213e+00 0.000000000000000000e+00
1.749999924000000151e+00 0.000000000000000000e+00
1.850000000000000311e+00 0.000000000000000000e+00
1.950000174000000142e+00 0.000000000000000000e+00
2.050000347999999750e+00 0.000000000000000000e+00
2.150000348000000283e+00 0.000000000000000000e+00
2.250000347999999928e+00 0.000000000000000000e+00
2.399999280099999854e+00 0.000000000000000000e+00
2.549998212200000225e+00 0.000000000000000000e+00
2.649998212200000314e+00 0.000000000000000000e+00
2.749998872799999994e+00 0.000000000000000000e+00
2.849999533400000118e+00 0.000000000000000000e+00
2.949999533400000207e+00 0.000000000000000000e+00
3.049999533399999851e+00 0.000000000000000000e+00
3.149999533400000384e+00 0.000000000000000000e+00
3.249999690700000610e+00 0.000000000000000000e+00
3.349999847999999947e+00 0.000000000000000000e+00
3.449999924000000551e+00 0.000000000000000000e+00
3.549999999999999822e+00 0.000000000000000000e+00
3.650000000000000355e+00 0.000000000000000000e+00
3.750000000000000444e+00 0.000000000000000000e+00
3.850000000000000089e+00 0.000000000000000000e+00
3.950000174000000364e+00 0.000000000000000000e+00
4.099999280100000476e+00 0.000000000000000000e+00
4.249998212200000403e+00 0.000000000000000000e+00
4.349998872799999639e+00 0.000000000000000000e+00
4.449999690699999455e+00 0.000000000000000000e+00
4.549999847999999680e+00 0.000000000000000000e+00
4.649999924000000284e+00 0.000000000000000000e+00
4.750000000000000000e+00 0.000000000000000000e+00
4.850000174000000719e+00 0.000000000000000000e+00
4.950000347999999661e+00 0.000000000000000000e+00
5.056825680100001108e+00 0.000000000000000000e+00
5.206824612200000146e+00 0.000000000000000000e+00
5.349998872799999639e+00 0.000000000000000000e+00
5.449999690700000343e+00 0.000000000000000000e+00
5.549999848000000569e+00 0.000000000000000000e+00
5.649999924000000284e+00 0.000000000000000000e+00
5.750000000000000000e+00 0.000000000000000000e+00
5.850000174000000719e+00 0.000000000000000000e+00
5.950000347999999661e+00 0.000000000000000000e+00
6.064887030100000409e+00 0.000000000000000000e+00
6.214885962200000336e+00 0.000000000000000000e+00
6.349998872800000527e+00 0.000000000000000000e+00
6.449999690699999455e+00 0.000000000000000000e+00
6.549999847999999680e+00 0.000000000000000000e+00
6.649999924000000284e+00 0.000000000000000000e+00
6.750000000000000000e+00 0.000000000000000000e+00
6.850000174000000719e+00 0.000000000000000000e+00
6.950000348000000550e+00 0.000000000000000000e+00
7.076948880099999784e+00 0.000000000000000000e+00
7.214285662200000893e+00 4.123398508299377235e-02
7.337336062200000342e+00 1.573509446633030162e-01
7.449998212200000580e+00 3.056741556700101614e-01
7.549998872800000704e+00 4.383624592616150450e-01
7.649999690699999633e+00 5.669710999516791583e-01
7.749999923999999929e+00 6.912513167225272648e-01
7.850000173999999831e+00 8.111840292614523884e-01
7.950000347999999661e+00 9.268364948099431233e-01
8.050000951999999543e+00 1.038316777374787003e+00
8.150001806000000570e+00 1.145752157650641756e+00
8.297405634100000427e+00 1.297120274203944934e+00
8.447403712199999859e+00 1.442914230857243796e+00
8.549998872799999816e+00 1.538029226110939174e+00
8.649999690700001409e+00 1.627352678304236910e+00
8.749999847999999858e+00 1.713475716966463835e+00
8.849999924000000462e+00 1.796533675035575595e+00
8.950000173999999475e+00 1.876656798328889542e+00
9.050000952000001320e+00 1.953971404456694483e+00
9.150001806000002347e+00 2.028599173496337116e+00
9.256429505999999918e+00 2.105209924937619270e+00
9.385897374099998913e+00 2.194707188789192909e+00
9.529468027200000080e+00 2.289452442218337325e+00
9.649998907799998804e+00 2.365511499428630593e+00
9.749999705699998742e+00 2.426334189773422967e+00
9.849999928999999099e+00 2.485200434583454410e+00
9.950000183999998526e+00 2.542198354448695241e+00
1.005000096200000037e+01 2.597411916407756038e+00
1.015000180600000057e+01 2.650920274330576643e+00
1.027752404410000153e+01 2.716820617230753410e+00
1.042752214719999948e+01 2.791165601458103662e+00
1.054999890779999916e+01 2.849444685156293566e+00
1.064999970569999910e+01 2.895501426145394408e+00
1.074999992899999945e+01 2.940260008406670345e+00
1.085000018400000066e+01 2.983778220657516300e+00
1.095000096200000073e+01 3.026110815899193174e+00
1.105000180600000093e+01 3.067309531091220176e+00
1.115000205599999994e+01 3.107423979192207142e+00
1.130000015909999966e+01 3.165691242403485539e+00
1.144999890779999951e+01 3.221776493439204359e+00
1.154999970569999945e+01 3.258008020956149053e+00
1.164999992899999981e+01 3.293371261633700975e+00
1.175000018399999924e+01 3.327903901865483682e+00
1.185000036799999990e+01 3.361641631797676055e+00
1.195000096200000073e+01 3.394618747791985580e+00
1.205000180599999915e+01 3.426867924889826611e+00
1.215000205599999816e+01 3.458420007384301886e+00
1.230000015909999966e+01 3.504521159992642687e+00
1.244999890779999951e+01 3.549215343214303431e+00
1.254999970569999945e+01 3.578264085572463227e+00
1.264999992900000159e+01 3.606752071318596986e+00
1.275000018399999924e+01 3.634703314915438188e+00
1.285000036799999990e+01 3.662140602186712002e+00
1.295000096199999895e+01 3.689085864622019262e+00
1.305000180599999915e+01 3.715560082548644782e+00
1.315000205599999994e+01 3.741583182246638994e+00
1.330000015909999966e+01 3.779823894343175450e+00
1.344999890779999951e+01 3.817154721006397189e+00
1.354999970570000123e+01 3.841559084546467773e+00
1.364999992899999981e+01 3.865601592425175426e+00
1.375000018399999924e+01 3.889298033241691321e+00
1.385000036800000167e+01 3.912663442890883747e+00
1.395000096200000073e+01 3.935712752546872473e+00
1.405000180600000270e+01 3.958460224813176609e+00
1.415000205600000172e+01 3.980919133880599148e+00
1.430000015910000144e+01 4.014101571067762997e+00
1.444999890780000129e+01 4.046706624819165654e+00
1.454999970569999945e+01 4.068138181549557864e+00
1.464999992900000159e+01 4.089342340896454431e+00
1.475000018400000101e+01 4.110330448688945815e+00
1.485000036799999990e+01 4.131113366768279782e+00
1.495000096200000250e+01 4.151701560050126361e+00
1.505000180599999737e+01 4.172105038712816238e+00
1.515000205599999994e+01 4.192333395173141852e+00
1.530000015910000322e+01 4.222373137003531340e+00
1.544999890780000307e+01 4.252071904242908928e+00
1.554999970570000123e+01 4.271693341056042037e+00
1.564999992900000159e+01 4.291184820746657635e+00
1.575000018400000279e+01 4.310555010796718989e+00
1.585000036799999812e+01 4.329812061174803439e+00
1.595000096200000073e+01 4.348963889535959915e+00
1.605000180600000093e+01 4.368018137681539237e+00
1.616787921909999781e+01 4.390364871826319515e+00
1.631787732219999754e+01 4.418642440470474497e+00
1.644999890779999774e+01 4.443417234993909837e+00
1.654999955339999929e+01 4.462095837652195307e+00
1.664999955340000071e+01 4.480720341562921760e+00
1.674999970570000229e+01 4.499297754395155557e+00
1.684999985800000033e+01 4.517834864108285942e+00
1.694999992900000052e+01 4.536338282068987482e+00
1.705000000000000071e+01 4.554814791373945404e+00
1.715000018400000315e+01 4.573271906854966318e+00
1.725000096200000144e+01 4.591722394316137823e+00
1.735000180600000164e+01 4.610181198634448307e+00
1.750000102800000334e+01 4.637896878326998262e+00
1.765000077799999900e+01 4.665645725468471561e+00
1.775000155600000085e+01 4.684163309238424944e+00
1.785000180600000164e+01 4.702695493211736633e+00
1.798733965599999962e+01 4.728401853300435498e+00
1.813733862799999841e+01 4.757087166136045653e+00
1.825000000000000000e+01 4.778968114291710201e+00
1.835000000000000142e+01 4.798489786028904192e+00
1.845000077799999971e+01 4.818061744874891694e+00
1.855000180600000093e+01 4.837671206085938813e+00
1.870000102800000263e+01 4.867144552381149403e+00
1.885000000000000142e+01 4.896685413121045549e+00
1.895000077800000327e+01 4.916416943787976557e+00
1.905000180600000093e+01 4.936188004255829931e+00
1.920000102799999908e+01 4.965957682785792748e+00
1.935000000000000142e+01 4.995883028637807755e+00
1.945000077800000327e+01 5.015921884588935953e+00
1.955000180600000093e+01 5.036033218135579581e+00
1.970000102799999908e+01 5.066338663597398373e+00
1.985000000000000142e+01 5.096813355619375763e+00
1.995000077800000327e+01 5.117226782439496802e+00
2.005000180600000093e+01 5.137723709309013564e+00
2.017947155600000286e+01 5.164394358447395028e+00
2.032947052800000520e+01 5.195488088522292713e+00
2.045000078300000368e+01 5.220625446572167760e+00
2.055000182100000217e+01 5.241585273626066410e+00
2.065000207599999982e+01 5.262639979543082269e+00
2.075482214410000026e+01 5.284812155869398786e+00
2.088247351720000111e+01 5.311956638048997092e+00
2.102765241110000005e+01 5.343007627631980228e+00
2.115000000000000213e+01 5.369306324990434476e+00
2.125000078300000084e+01 5.390883786254193843e+00
2.135000156599999954e+01 5.412535713411585903e+00
2.145000156600000452e+01 5.434262320279699132e+00
2.155000182099999861e+01 5.456064203836092474e+00
2.165000207599999982e+01 5.477941672727792977e+00
2.176821749409999640e+01 5.503902197139201036e+00
2.191195449219999603e+01 5.535611313764719377e+00
2.204373803610000238e+01 5.564788629875906167e+00
2.215000000000000213e+01 5.588332983268288423e+00
2.225000078300000084e+01 5.610474442005878082e+00
2.235000156599999954e+01 5.632601198541405729e+00
2.245000156600000096e+01 5.654713489774995772e+00
2.255000182100000217e+01 5.676811968653860951e+00
2.265000207599999626e+01 5.698897012154134245e+00
2.280000103800000133e+01 5.732000504518499184e+00
2.295000078300000368e+01 5.765076451338636332e+00
2.305000182099999861e+01 5.787090864050756345e+00
2.315000207599999982e+01 5.809000685630995697e+00
2.329766101600000283e+01 5.841009105058152073e+00
2.344765997800000079e+01 5.873054294157928013e+00
2.355000000000000071e+01 5.894645848149766110e+00
2.365000000000000213e+01 5.915531589036842064e+00
2.375000078300000084e+01 5.936208281285687782e+00
2.385000156599999599e+01 5.956676165345844431e+00
2.395000156600000096e+01 5.976935475623145422e+00
2.405000182099999861e+01 5.996986807395354724e+00
2.415000207599999982e+01 6.016816921739014390e+00
2.430000103800000488e+01 6.046021060205031716e+00
2.445000078300000368e+01 6.074458016892820389e+00
2.455000182100000217e+01 6.092969619512624391e+00
2.465000207599999982e+01 6.111124722119703812e+00
2.480000103800000488e+01 6.137690567434018973e+00
2.495000078300000368e+01 6.163456072842470768e+00
2.505000182100000217e+01 6.180188194509138810e+00
2.515000207599999982e+01 6.196564894114890087e+00
2.525400947910000227e+01 6.213221128603850119e+00
2.538779357409999804e+01 6.234104366792790231e+00
2.553378513299999852e+01 6.256238605197115277e+00
2.565000000000000213e+01 6.273382249546765266e+00
2.575000078300000084e+01 6.287796530858465793e+00
2.585000156599999954e+01 6.301898878809979010e+00
2.595000156600000452e+01 6.315689291844130082e+00
2.605000182099999861e+01 6.329168005865578372e+00
2.615000207599999982e+01 6.342335078193976905e+00
2.625848810409999956e+01 6.356267238483184201e+00
2.640325681719999906e+01 6.374288578477361078e+00
2.654476975109999870e+01 6.391315590319437412e+00
2.665000000000000213e+01 6.403662644153485850e+00
2.675000078300000084e+01 6.415186300301042976e+00
2.685000156599999954e+01 6.426505607825418132e+00
2.695000156600000096e+01 6.437620561612569681e+00
2.705000182100000217e+01 6.448531367930216973e+00
2.715000207599999626e+01 6.459238084439798300e+00
2.730000103800000133e+01 6.474916079280610859e+00
2.745000078300000013e+01 6.490135469333830009e+00
2.755000182099999861e+01 6.500026814107512152e+00
2.765000207599999982e+01 6.509714456750511857e+00
2.778793162599999533e+01 6.522789054853440405e+00
2.793793058800000040e+01 6.536706496005320055e+00
2.805000000000000071e+01 6.546921988696550621e+00
2.815000000000000568e+01 6.555907187828964311e+00
2.830000000000000071e+01 6.569155512023444388e+00
2.850000000000000000e+01 6.586391423596207773e+00
2.865000000000000568e+01 6.598996361125826660e+00
2.879141072299999848e+01 6.610626946402758719e+00
2.894141072300000062e+01 6.622703239051001667e+00
2.905000000000000426e+01 6.631297029912920138e+00
2.914999999999999858e+01 6.639124981775287537e+00
2.929999999999999716e+01 6.650729930107277532e+00
2.950000000000000355e+01 6.665947394399408310e+00
2.965000000000000213e+01 6.677168263546588101e+00
2.975148958200000138e+01 6.684666785573219805e+00
2.990148958199999996e+01 6.695613856401584130e+00
3.004999999999999716e+01 6.706295493835904509e+00
3.015000000000000213e+01 6.713400682572850720e+00
3.030000000000000071e+01 6.723941432898139503e+00
3.050000000000000355e+01 6.737815927561864981e+00
3.065000000000000213e+01 6.748102778191240603e+00
3.080000000000000071e+01 6.758295497723306511e+00
3.100000000000000355e+01 6.771747683212954172e+00
3.115000000000000213e+01 6.781736130187538514e+00
3.129746040610000080e+01 6.791472401922960422e+00
3.144746040609999937e+01 6.801291871392999511e+00
3.155000000000000071e+01 6.807955771538076739e+00
3.165000000000000213e+01 6.814421011483269730e+00
3.180000000000000071e+01 6.824076004321244504e+00
3.200000000000000711e+01 6.836889840059017232e+00
3.215000000000000568e+01 6.846459889539560528e+00
3.225000000000000000e+01 6.852821458331242788e+00
3.240000000000000568e+01 6.862336235763711656e+00
3.255000000000000426e+01 6.871817850872595557e+00
3.265000000000000568e+01 6.878120464422315727e+00
3.275000000000000000e+01 6.884408493459180711e+00
3.287861015610000237e+01 6.892476781666665886e+00
3.302861015610000095e+01 6.901869722044348343e+00
3.314999999999999858e+01 6.909465577475668141e+00
3.325000000000000000e+01 6.915722192657862699e+00
3.340000000000000568e+01 6.925105821704838682e+00
3.354999999999999716e+01 6.934487859003761301e+00
3.364999999999999858e+01 6.940741644411627220e+00
3.375000000000000000e+01 6.946994722377842990e+00
3.390000000000000568e+01 6.956367920132874083e+00
3.404999999999999716e+01 6.965725658263325570e+00
3.414999999999999858e+01 6.971952624115393071e+00
3.425000000000000000e+01 6.978169298846507829e+00
3.439999999999999858e+01 6.987477853072867617e+00
3.454999999999999716e+01 6.996770889229312118e+00
3.464999999999999858e+01 7.002959302433850119e+00
3.475000000000000711e+01 7.009142865225831187e+00
3.488191770299999916e+01 7.017292677493155217e+00
3.503191770300000485e+01 7.026539303538148928e+00
3.514999999999999858e+01 7.033789014843951470e+00
3.525000000000000711e+01 7.039901737053960495e+00
3.540000000000000568e+01 7.049024792498888914e+00
3.554999999999999716e+01 7.058092534967354226e+00
3.565000000000000568e+01 7.064106922996958637e+00
3.575000000000000711e+01 7.070096727484947330e+00
3.587041768800000341e+01 7.077278274257517765e+00
3.602041768800000199e+01 7.086179675561675495e+00
3.615000000000000568e+01 7.093828032047838406e+00
3.625000000000000711e+01 7.099699047952235276e+00
3.640000000000000568e+01 7.108447850107370236e+00
3.655000000000000426e+01 7.117126945998053955e+00
3.665000000000000568e+01 7.122874235866227366e+00
3.675000000000000711e+01 7.128590545176024307e+00
3.689999999999999858e+01 7.137106991182680993e+00
3.705000000000000426e+01 7.145553730940870096e+00
3.715000000000000568e+01 7.151146118031140198e+00
3.725000000000000711e+01 7.156707613646051236e+00
3.739999999999999858e+01 7.164994107138825896e+00
3.755000000000000426e+01 7.173216046181846828e+00
3.765000000000000568e+01 7.178661916166515944e+00
3.775000000000000000e+01 7.184079482489229562e+00
3.789999999999999858e+01 7.192152825611136890e+00
3.805000000000000426e+01 7.200162485500304577e+00
3.814999999999999858e+01 7.205466837187011642e+00
3.825000000000000000e+01 7.210742885217611864e+00
3.835000000000000142e+01 7.215990629593239447e+00
3.845420163800000779e+01 7.221428755209674755e+00
3.860420163799999926e+01 7.229205329069273489e+00
3.875000000000000000e+01 7.236708463219945209e+00
3.885000000000000853e+01 7.241823922241798606e+00
3.900000000000000000e+01 7.249451401952508256e+00
3.914999999999999858e+01 7.257024453202911118e+00
3.925000000000000711e+01 7.262042887722722107e+00
3.935000000000000853e+01 7.267037137789872148e+00
3.949063755800001019e+01 7.274020043156864901e+00
3.964063755800000166e+01 7.281415100716076338e+00
3.975000000000000711e+01 7.286772625233005840e+00
3.985000000000000853e+01 7.291647243743066831e+00
4.001598810610000356e+01 7.299690078403158644e+00
4.024516166220000457e+01 7.310696456147425693e+00
4.061388893409999667e+01 7.328171949701268062e+00
4.096378425599999673e+01 7.344493718783176917e+00
4.138848618409999602e+01 7.363978004944463862e+00
4.183471031220000214e+01 7.384077259390926962e+00
4.207275508409999532e+01 7.394646060706850932e+00
4.229196795600000058e+01 7.404288824580642192e+00
4.286602128410000034e+01 7.429156730197280289e+00
4.345039313409999693e+01 7.453905864682986326e+00
4.365748950599999745e+01 7.462541487323083089e+00
4.435757405599999714e+01 7.491296311451946188e+00
4.506034890600000153e+01 7.519497446212647596e+00
4.577910240599999980e+01 7.547686893597900237e+00
4.650054615599999863e+01 7.575356745770780442e+00
4.677849528410000346e+01 7.585850002913189449e+00
4.741080308410000299e+01 7.609400357130954085e+00
4.797808125600000295e+01 7.630157668203823462e+00
4.826276628409999603e+01 7.640442990203938578e+00
4.856628326219999536e+01 7.651312972379059829e+00
4.903768958410000067e+01 7.668007749432923958e+00
4.949295420600000028e+01 7.683919624109263324e+00
4.990832168409999525e+01 7.698256842230166264e+00
5.034252111220000359e+01 7.713060466349229927e+00
5.070191388410000144e+01 7.725174969289543725e+00
5.104516500599999773e+01 7.736632567711662745e+00
5.159121493410000170e+01 7.754634573356010918e+00
5.215609676220000068e+01 7.772965251867049119e+00
5.240347598409999819e+01 7.780900078440642353e+00
5.263471360599999826e+01 7.788268477245591015e+00
5.331144598409999702e+01 7.809566728354470300e+00
5.400701026219999790e+01 7.831040519472764139e+00
5.426094198410000757e+01 7.838774960839371531e+00
5.506901488409999956e+01 7.863035956825601858e+00
5.589526166220000647e+01 7.887284120518215147e+00
5.676804978410000047e+01 7.912300708635858548e+00
5.759210133410000054e+01 7.935371051698914435e+00
5.782085091220000805e+01 7.941679845102442847e+00
5.860029443410000027e+01 7.962883448283847976e+00
5.936628655600000570e+01 7.983278357232322264e+00
5.956696138409999719e+01 7.988548298397583736e+00
5.978377791220000148e+01 7.994209023087355703e+00
6.046987683409999192e+01 8.011902758942758496e+00
6.114252435600000979e+01 8.028925529465238853e+00
6.145521278409999866e+01 8.036729464344057661e+00
6.178404286220001040e+01 8.044863245360017956e+00
6.237679713410000204e+01 8.059340684915154540e+00
6.295610005600001102e+01 8.073260990760896760e+00
6.338080198410000321e+01 8.083323777049452374e+00
6.382164556219998985e+01 8.093644030907210407e+00
6.432105528409999806e+01 8.105183994587491725e+00
6.480701360599999816e+01 8.116260257844581716e+00
6.534372908409999070e+01 8.128320614952292189e+00
6.589658621220000612e+01 8.140556878255692297e+00
6.630265128410000841e+01 8.149424834138544682e+00
6.669526500599999963e+01 8.157904437685832733e+00
6.734399398409999549e+01 8.171715622698929593e+00
6.800886461219998580e+01 8.185614106477959950e+00
6.832158508409999342e+01 8.192062142552407167e+00
6.862085415600000715e+01 8.198180807897538003e+00
6.938159668410000336e+01 8.213510417653644424e+00
7.015848091220001947e+01 8.228834014468672464e+00
7.037785678410000401e+01 8.233100660257425929e+00
7.058378125600000885e+01 8.237082374276763375e+00
7.145653733410000541e+01 8.253712861287180402e+00
7.231254613410000331e+01 8.269637354117415740e+00
7.258404615599999943e+01 8.274608507196521856e+00
7.356881573409999930e+01 8.292337130529359612e+00
7.456972696219999364e+01 8.309868199452283832e+00
7.563853878410000675e+01 8.328061983458360018e+00
7.660639813410000443e+01 8.344079527081785130e+00
7.675724748409999165e+01 8.346536469816053128e+00
7.692154818410000416e+01 8.349201071540983676e+00
7.782549293409999791e+01 8.363652818801892153e+00
7.880886795600000028e+01 8.378969385427243566e+00
7.912986148410000453e+01 8.383877512299600099e+00
8.004978488410000637e+01 8.397709957040246920e+00
8.095848420600000850e+01 8.411033715574546932e+00
8.120583138410000856e+01 8.414601439075534373e+00
8.146662996220000252e+01 8.418336700846413834e+00
8.231141468410000073e+01 8.430258085291022496e+00
8.314543830599998842e+01 8.441760472637410473e+00
8.348613008409999736e+01 8.446382246380384373e+00
8.384027326220000020e+01 8.451140355633436130e+00
8.461038233409999521e+01 8.461332538827088356e+00
8.536973030600000811e+01 8.471176344241060363e+00
8.580376668410001173e+01 8.476710672661155854e+00
8.625125441219999800e+01 8.482347480231847925e+00
8.694668778409999277e+01 8.490974770206493716e+00
8.763136005599999123e+01 8.499313224412066603e+00
8.815874108410000076e+01 8.505630649434628765e+00
8.869957351219998998e+01 8.512015238327489186e+00
8.932033118410001293e+01 8.519230999077191058e+00
8.993032775600001116e+01 8.526207578168472523e+00
9.055105338410000115e+01 8.533190578325607234e+00
9.118523036220000222e+01 8.540205019976527367e+00
9.173131233409998231e+01 8.546151632270069243e+00
9.226663320599999452e+01 8.551899930326124277e+00
9.298070343410000760e+01 8.559442586497510774e+00
9.370822506220000037e+01 8.566981410706528521e+00
9.417963138410000568e+01 8.571790186287600477e+00
9.464027660600000047e+01 8.576433778283584886e+00
9.544769143409999401e+01 8.584441087695870110e+00
9.626855761219999863e+01 8.592410442033605378e+00
9.666528823410001792e+01 8.596201810030285273e+00
9.705125775599999827e+01 8.599854500898892695e+00
9.736850188569999887e+01 8.602830272802021838e+00
9.809419951380000668e+01 8.609547704529113332e+00
9.886622801219999701e+01 8.616557930928967934e+00
9.918828298409999888e+01 8.619441849668710631e+00
9.949957680599999321e+01 8.622207927760793922e+00
1.004936808341000045e+02 8.630900619660522466e+00
1.015012362622000097e+02 8.639492513590328215e+00
1.017486154840999859e+02 8.641568888561872441e+00
1.019852336560000055e+02 8.643543480425414316e+00
1.030726823340999800e+02 8.652475202008366395e+00
1.041523921840999805e+02 8.661110389765511286e+00
1.045082284060000006e+02 8.663906252203135594e+00
1.056890216341000013e+02 8.673018483533175171e+00
1.067847101340999956e+02 8.681245351333135574e+00
1.070685609559999989e+02 8.683341095038700885e+00
1.083426987841000084e+02 8.692582426596489498e+00
1.096428791341000135e+02 8.701731973648138663e+00
1.109823903560000105e+02 8.710873976808782615e+00
1.121613596340999948e+02 8.718689953485109001e+00
1.123525630840999980e+02 8.719937151824982635e+00
1.136360675059999892e+02 8.728175323937652053e+00
1.149056911341000102e+02 8.736093166856102599e+00
1.162591879340999981e+02 8.744290302217125443e+00
1.176873604340999862e+02 8.752677863895078403e+00
1.190595261840999939e+02 8.760492200798747575e+00
1.205063673840999883e+02 8.768483579525177873e+00
1.218972020840999875e+02 8.775933880682591948e+00
1.233627125840999952e+02 8.783548754301330419e+00
1.247722161341000060e+02 8.790652726105417258e+00
1.262563956341000164e+02 8.797909740649325627e+00
1.276845681840999873e+02 8.804684169876269451e+00
1.291874161840999875e+02 8.811600791283920486e+00
1.306342576840999925e+02 8.818061492252825317e+00
1.321557746841000096e+02 8.824654543418299468e+00
1.336212851841000031e+02 8.830816873146746460e+00
1.351614711840999803e+02 8.837102430903412298e+00
1.366456501840999920e+02 8.842981031667928704e+00
1.382045051840999861e+02 8.848974520754568474e+00
1.397073536841000134e+02 8.854583510815361436e+00
1.412848776840999676e+02 8.860299831883317268e+00
1.428063946840999847e+02 8.865652973567256012e+00
1.444025876841000127e+02 8.871106658787486055e+00
1.459427736841000183e+02 8.876217367675577563e+00
1.468253404357000136e+02 8.879080726282216673e+00
1.477727719638000110e+02 8.882103632651432434e+00
1.491164901841000017e+02 8.886302758038755911e+00
1.507500211841000066e+02 8.891273037245570166e+00
1.523275451840999892e+02 8.895937407328853297e+00
1.539797446841000124e+02 8.900685708147635822e+00
1.555759371840999847e+02 8.905145122455145668e+00
1.572468056840999679e+02 8.909684001718879642e+00
1.588616676841000128e+02 8.913949926922528633e+00
1.605512051841000130e+02 8.918291205433051871e+00
1.621847356840999907e+02 8.922374574650170587e+00
1.638929416841000091e+02 8.926529577902218904e+00
1.655451411840999754e+02 8.930440689859349135e+00
1.672720166841000093e+02 8.934419923457975088e+00
1.689428851840999926e+02 8.938168341624182389e+00
1.706884291840999879e+02 8.941981619117152391e+00
1.723779666840999880e+02 8.945576370902497132e+00
1.741421796841000003e+02 8.949232883886232059e+00
1.758503861840999889e+02 8.952682179529716677e+00
1.776332681840999896e+02 8.956190254638791259e+00
1.793601431840999965e+02 8.959501779705682623e+00
1.811616941841000141e+02 8.962869306166515670e+00
1.829072381841000094e+02 8.966050226252402666e+00
1.847228071559999876e+02 8.969276283857166021e+00
1.877186609357000009e+02 8.974425609828349693e+00
1.895015429356999732e+02 8.977389282071989385e+00
1.901134426840999936e+02 8.978389582249322487e+00
1.919149936841000113e+02 8.981287784135892238e+00
1.937725511841000241e+02 8.984203608244323291e+00
1.955927706841000031e+02 8.986991697304683058e+00
1.974689971841000045e+02 8.989796523473733814e+00
1.993078861840999707e+02 8.992479671890313497e+00
2.012027816840999890e+02 8.995178765675532873e+00
2.030603391841000018e+02 8.997761905619107381e+00
2.049739036841000370e+02 9.000360229381689336e+00
2.068501306841000371e+02 9.002848004196199128e+00
2.087823641840999755e+02 9.005350257130137592e+00
2.106772596840999938e+02 9.007747053271753401e+00
2.126281621841000060e+02 9.010157629120707057e+00
2.145417266841000128e+02 9.012467539163163011e+00
2.165112976841000147e+02 9.014790552132184942e+00
2.184435311840999816e+02 9.017017411089739198e+00
2.204317716840999708e+02 9.019256713014726756e+00
2.220903205138000089e+02 9.021085297830994776e+00
2.235325104857000156e+02 9.022647129507392449e+00
2.243895826840999916e+02 9.023563010402469331e+00
2.263591541841000208e+02 9.025634452329063251e+00
2.283847321841000166e+02 9.027717204225570669e+00
2.303729721840999787e+02 9.029715968256919467e+00
2.324172191841000199e+02 9.031725387473976241e+00
2.344241281840999989e+02 9.033654332760999495e+00
2.364870436840999730e+02 9.035593265624385140e+00
2.385126216840999689e+02 9.037455048101167066e+00
2.405942066841000155e+02 9.039326176359109510e+00
2.426384536840999999e+02 9.041123299418110548e+00
2.447387071841000079e+02 9.042929131101926643e+00
2.468016231841000092e+02 9.044663946896472240e+00
2.489205461841000044e+02 9.046406868758838371e+00
2.510021306840999671e+02 9.048081948207453706e+00
2.531397221841000089e+02 9.049765511854591438e+00
2.552399761841000156e+02 9.051384833112921413e+00
2.573962366840999607e+02 9.053012498913318495e+00
2.595151591841000140e+02 9.054578561864616404e+00
2.616900881841000341e+02 9.056152611349913784e+00
2.638276796841000191e+02 9.057667620106689910e+00
2.660212781840999696e+02 9.059190349715130708e+00
2.680530152137999949e+02 9.060572648162187548e+00
2.690844891857000221e+02 9.061264314336886727e+00
2.696085524856999882e+02 9.061613262081388953e+00
2.705134867154000062e+02 9.062212244904330305e+00
2.712947399138000719e+02 9.062725799742864297e+00
2.717814653638000095e+02 9.063044125796649197e+00
2.724603885653999669e+02 9.063486190671124376e+00
2.732436583856999732e+02 9.063993485132527894e+00
2.736930459856999960e+02 9.064283272523708135e+00
2.740135610653999834e+02 9.064489473550882082e+00
2.742499018153999941e+02 9.064641320657120360e+00
2.743499018154000169e+02 9.064705515399621660e+00
2.744499020654000105e+02 9.064769668502044908e+00
2.745499023154000042e+02 9.064833780204702762e+00
2.746999020654000105e+02 9.064929870846009763e+00
2.748499018154000169e+02 9.065025870726790558e+00
2.749499020654000105e+02 9.065089821099901357e+00
2.750499023154000042e+02 9.065153732277808629e+00
2.751999020654000105e+02 9.065249526457547447e+00
2.753499018154000169e+02 9.065345235254890000e+00
2.754499020654000105e+02 9.065408994670088205e+00
2.755499023154000042e+02 9.065472717485981491e+00
2.756999020654000105e+02 9.065568234228900124e+00
2.758499018154000169e+02 9.065663671951400104e+00
2.759499020654000105e+02 9.065727254322327511e+00
2.760499023154000042e+02 9.065790803478918747e+00
2.761997106153999653e+02 9.065885946502739046e+00
2.763497103654000284e+02 9.065981143519760366e+00
2.764499020654000105e+02 9.066044693444773372e+00
2.765499023154000042e+02 9.066108093877112140e+00
2.766999020654000674e+02 9.066203143796546016e+00
2.768499018154000169e+02 9.066298135477577347e+00
2.769499020654000105e+02 9.066361432434849377e+00
2.770499023154000042e+02 9.066424705866664269e+00
2.771999020654000105e+02 9.066519574233577572e+00
2.773499018154000169e+02 9.066614395599433607e+00
2.774499020654000105e+02 9.066677585553136964e+00
2.775499023154000042e+02 9.066740757532729234e+00
2.776804655653999703e+02 9.066823212106012164e+00
2.778304653154000334e+02 9.066917910403240910e+00
2.779499020654000105e+02 9.066993292656444936e+00
2.780499023154000042e+02 9.067056396180747768e+00
2.781999020654000105e+02 9.067151037854703333e+00
2.783499018154000169e+02 9.067245668287467808e+00
2.784499020654000105e+02 9.067308751760599250e+00
2.785499023154000042e+02 9.067371834924676577e+00
2.786999020654000105e+02 9.067466464228616019e+00
2.788499018154000169e+02 9.067561104972240216e+00
2.789499020654000105e+02 9.067624208684287979e+00
2.790499023154000042e+02 9.067687323612837247e+00
2.791999020654000105e+02 9.067782023955290427e+00
2.793499018153999600e+02 9.067876765625490165e+00
2.794499020654000105e+02 9.067939954335180630e+00
2.795499023154000042e+02 9.068003169649289319e+00
2.796999020654000105e+02 9.068098052058633840e+00
2.798499018154000169e+02 9.068193016293315978e+00
2.799499020654000105e+02 9.068256377548003400e+00
2.800499023154000042e+02 9.068319786591434450e+00
2.801679483654000364e+02 9.068394707675329514e+00
2.803179481154000428e+02 9.068490032180122284e+00
2.804499020654000105e+02 9.068574015255981280e+00
2.805499023153999474e+02 9.068637749826333305e+00
2.806806467654000130e+02 9.068721213334088205e+00
2.808306465153999625e+02 9.068817179012700791e+00
2.809499020654000105e+02 9.068893652340769052e+00
2.810499023154000042e+02 9.068957913349860789e+00
2.811746762653999667e+02 9.069038290413006465e+00
2.813246760154000299e+02 9.069135240294858846e+00
2.814499020654000105e+02 9.069216476505742364e+00
2.815499023154000042e+02 9.069281566860611932e+00
2.816500368154000284e+02 9.069346962623541231e+00
2.818000365654000348e+02 9.069445393374579112e+00
2.819499020654000105e+02 9.069544362576515084e+00
2.820499023154000042e+02 9.069610791756421264e+00
2.821999020654000105e+02 9.069711145382390427e+00
2.823499018154000169e+02 9.069812462488078708e+00
2.824499020654000105e+02 9.069880617408932366e+00
2.825499023154000042e+02 9.069949349533272809e+00
2.826999020654000105e+02 9.070053756131432721e+00
2.828499018154000169e+02 9.070159991309914460e+00
2.829499020654000105e+02 9.070232014093427608e+00
2.830499023154000611e+02 9.070305228135485009e+00
2.831999020654000105e+02 9.070417958265235114e+00
2.833499018154000169e+02 9.070535024334777319e+00
2.834499020654000105e+02 9.070616159859893557e+00
2.835499023154000042e+02 9.070700756157135558e+00
2.836999020654000105e+02 9.070838180410051521e+00
2.838499018154000169e+02 9.070994936121268282e+00
2.839499020654000105e+02 9.071118843153012534e+00
2.840499023154000042e+02 9.071283378488445237e+00
2.841872399154000277e+02 9.071883084669071451e+00
2.843372396653999772e+02 9.073317832920311687e+00
2.844499020654000105e+02 9.074779553523685038e+00
2.845499023154000042e+02 9.076155947840687688e+00
2.846999020654000674e+02 9.078262534142893969e+00
2.848499018154000169e+02 9.080404993058470708e+00
2.849499020654000105e+02 9.081849888383437985e+00
2.850499023154000042e+02 9.083306095667234459e+00
2.851999020653999537e+02 9.085509577630944023e+00
2.853499018154000169e+02 9.087734391051755622e+00
2.854499020654000105e+02 9.089228501643905389e+00
2.855499023154000042e+02 9.090730281984511052e+00
2.856559934154000189e+02 9.092330921139618383e+00
2.858059931654000252e+02 9.094604376742765339e+00
2.859499018354000555e+02 9.096794326831597388e+00
2.860499020703999804e+02 9.098319494816658803e+00
2.861499022854000032e+02 9.099845645553648055e+00
2.862999020703999804e+02 9.102132829441481832e+00
2.864499018554000145e+02 9.104413798426497451e+00
2.865499020703999804e+02 9.105928864661866129e+00
2.866499022854000032e+02 9.107437290181293221e+00
2.867661884707000013e+02 9.109180837817531184e+00
2.869161882556999785e+02 9.111409435275257707e+00
2.870499020704000372e+02 9.113373841445369550e+00
2.871499022854000032e+02 9.114827546606147024e+00
2.872774259554000196e+02 9.116659835350517938e+00
2.874274257403999968e+02 9.118781949634580997e+00
2.875499020704000372e+02 9.120486807171731769e+00
2.876499022854000032e+02 9.121859432142921165e+00
2.877794564003999653e+02 9.123611085383235064e+00
2.879294561853999994e+02 9.125601234748605961e+00
2.880499020704000372e+02 9.127169781093883216e+00
2.881499022854000032e+02 9.128452261584344640e+00
2.882999020703999804e+02 9.130343085592931729e+00
2.884499018553999576e+02 9.132195394024542168e+00
2.885499020703999804e+02 9.133409543344058079e+00
2.886499022854000032e+02 9.134607882552987945e+00
2.887999020703999804e+02 9.136377408009256129e+00
2.889499018554000145e+02 9.138115030928178228e+00
2.890499020704000372e+02 9.139256700695131741e+00
2.891499022854000032e+02 9.140386002978781121e+00
2.892999020704000372e+02 9.142058748931331635e+00
2.894499018554000145e+02 9.143707913260072928e+00
2.895499020703999804e+02 9.144795315910261735e+00
2.896499022854000032e+02 9.145874166703622521e+00
2.897999020703999804e+02 9.147478339331525987e+00
2.899499018554000145e+02 9.149067395625120724e+00
2.900499020703999804e+02 9.150119375032931046e+00
2.901499022854000032e+02 9.151166456275349859e+00
2.902999020703999804e+02 9.152729722827475101e+00
2.904499018554000145e+02 9.154285866862938548e+00
2.905499020703999804e+02 9.155320281954063333e+00
2.906499022853999463e+02 9.156353229336138710e+00
2.907999020703999804e+02 9.157901611652317087e+00
2.909499018554000713e+02 9.159450359242978124e+00
2.910499020704000372e+02 9.160483944405415357e+00
2.911499022854000032e+02 9.161519275060321377e+00
2.912657934707000322e+02 9.162722217281741521e+00
2.914157932556999526e+02 9.164285759898222139e+00
2.915499020704000372e+02 9.165691220157691887e+00
2.916499022854000032e+02 9.166744728360706418e+00
2.917999020704000372e+02 9.168335852138909559e+00
2.919499018554000145e+02 9.169941631953610894e+00
2.920499020704000372e+02 9.171021207818377263e+00
2.921499022854000032e+02 9.172108967459982054e+00
2.922999020703999804e+02 9.173757739080325990e+00
2.924499018554000145e+02 9.175428832826842296e+00
2.925499020703999804e+02 9.176556303645142521e+00
2.926499022854000032e+02 9.177695531184557609e+00
2.927999020704000372e+02 9.179428496163168916e+00
2.929499018554000145e+02 9.181192440530185905e+00
2.930499020704000372e+02 9.182386770490355232e+00
2.931499022854000600e+02 9.183597025611680564e+00
2.932999020704000372e+02 9.185444760555570909e+00
2.934499018554000145e+02 9.187333722189890750e+00
2.935499020703999804e+02 9.188617336373990696e+00
2.936499022854000032e+02 9.189921897682378216e+00
2.937999020703999804e+02 9.191921051925829644e+00
2.939499018554000145e+02 9.193974031677139891e+00
2.940499020703999804e+02 9.195374449599231781e+00
2.941499022854000032e+02 9.196802475005700472e+00
2.945765515319000087e+02 9.203280503861718032e+00
2.950179612519000329e+02 9.210674258833538630e+00
2.954753498345500020e+02 9.219227475704004249e+00
2.959354286938499854e+02 9.228911203770858052e+00
2.964114861986999472e+02 9.240156043685768594e+00
2.968902339794000227e+02 9.252789863202890430e+00
2.973849604053999656e+02 9.266878460573350296e+00
2.978823771104000571e+02 9.281668246116504761e+00
2.983957724603999964e+02 9.296820179257226258e+00
2.989118580854000129e+02 9.311117363026394145e+00
2.994439223553999909e+02 9.324527220778813685e+00
2.999786769003999893e+02 9.336381066912950999e+00
3.002495037056999649e+02 9.341789973079622555e+00
3.007220250406999753e+02 9.350453926919522374e+00
3.010828335553999864e+02 9.356432577725806610e+00
3.016522356704000458e+02 9.364982780291883913e+00
3.022243280604000120e+02 9.372706666775734163e+00
3.028123990953999964e+02 9.379938757546737449e+00
3.034031604104000053e+02 9.386664129083515107e+00
3.040099003653999716e+02 9.393128878278240279e+00
3.046193305953999584e+02 9.399279539632216185e+00
3.048808231057000171e+02 9.401825463566940044e+00
3.054172590256999911e+02 9.406922177582968558e+00
3.058728386553999599e+02 9.411125791319159717e+00
3.065169164653999587e+02 9.416906455561486311e+00
3.071636845154000071e+02 9.422553458536432558e+00
3.077845373637999842e+02 9.427848460933720531e+00
3.084499743637999813e+02 9.433410864508172011e+00
3.091454078356999844e+02 9.439115394009579774e+00
3.098295137356999476e+02 9.444633503702595689e+00
3.105574743153999293e+02 9.450415014882482367e+00
3.112602491654000119e+02 9.455917283916670968e+00
3.119790026654000030e+02 9.461470549550018205e+00
3.127004464654000344e+02 9.466974696883946550e+00
3.129385864138000102e+02 9.468776510489687936e+00
3.135708941638000624e+02 9.473526925629325746e+00
3.141779815154000062e+02 9.478042216531269659e+00
3.143367950356999927e+02 9.479216049735336824e+00
3.149850814857000501e+02 9.483977433815740099e+00
3.156928544653999893e+02 9.489120506334936422e+00
3.164676147154000319e+02 9.494685953217528507e+00
3.172450652654000010e+02 9.500204948751301615e+00
3.176138877138000112e+02 9.502800347976094741e+00
3.182941314138000166e+02 9.507549617660966845e+00
3.188346138654000015e+02 9.511288434008658754e+00
3.190307651357000509e+02 9.512637683761441920e+00
3.197269874857000218e+02 9.517393276264980884e+00
3.204615003154000306e+02 9.522353471252060331e+00
3.212922673654000505e+02 9.527888156867183156e+00
3.221257246654000141e+02 9.533354720714289243e+00
3.224758783138000240e+02 9.535625147010993174e+00
3.232040580137999655e+02 9.540295937066280985e+00
3.237874779856999794e+02 9.543988558599838967e+00
3.246555828356999882e+02 9.549404963275199165e+00
3.255661868154000445e+02 9.554989828085561854e+00
3.264529605654000193e+02 9.560340467718607016e+00
3.273424246654000171e+02 9.565627879114988019e+00
3.275245582638000315e+02 9.566701072366635472e+00
3.281234466841000312e+02 9.570211153807489879e+00
3.288467558357000371e+02 9.574413130777131187e+00
3.291560003654000184e+02 9.576197383197566637e+00
3.300801119654000217e+02 9.581494546561676984e+00
3.310069138654000653e+02 9.586759918675817005e+00
3.318144561138000199e+02 9.591316433547040887e+00
3.326225290137999764e+02 9.595853900498527267e+00
3.328951652654000100e+02 9.597380143416616605e+00
3.332686709356999586e+02 9.599468446224427964e+00
3.340927224356999545e+02 9.604068460117218820e+00
3.348207544653999435e+02 9.608125078677209885e+00
3.358008728653999810e+02 9.613581664826183371e+00
3.367836815154000192e+02 9.619053427915082111e+00
3.371805073638000181e+02 9.621263529509864298e+00
3.379059611841000219e+02 9.625307267472322792e+00
3.385079226857000094e+02 9.628666114924396169e+00
3.387839464653999926e+02 9.630207391838716546e+00
3.398014026654000190e+02 9.635896467452877090e+00
3.408215491653999720e+02 9.641613360011936251e+00
3.416944324638000126e+02 9.646515217754089377e+00
3.425823985637999840e+02 9.651511433773853454e+00
3.428964897654000197e+02 9.653280991605425854e+00
3.431673163856999622e+02 9.654807694554973452e+00
3.440712611357000128e+02 9.659908992911899972e+00
3.450087682154000390e+02 9.665208539893397344e+00
3.460822312153999860e+02 9.671286313888581176e+00
3.471583844653999336e+02 9.677388384623833772e+00
3.473778555137999433e+02 9.678633874613156607e+00
3.478378276840999774e+02 9.681245055906764208e+00
3.487104885356999944e+02 9.686202213064094124e+00
3.493453385654000272e+02 9.689810982711890119e+00
3.504561394153999458e+02 9.696128474047396750e+00
3.515696305653999616e+02 9.702463960472929472e+00
3.521158078638000006e+02 9.705571983517945256e+00
3.528597676841000066e+02 9.709804966443780216e+00
3.534430601857000056e+02 9.713123374360193907e+00
3.538312604154000383e+02 9.715331573862320269e+00
3.549793990654000027e+02 9.721858893962112447e+00
3.561302280154000073e+02 9.728394926790850050e+00
3.569471048638000639e+02 9.733029001264851487e+00
3.579190456841000127e+02 9.738535384028125463e+00
3.584386577357000192e+02 9.741475722870090337e+00
3.596520100654000203e+02 9.748329848180890878e+00
3.608401768653999966e+02 9.755024004799032866e+00
3.618717460637999466e+02 9.760819589921432282e+00
3.629035199638000222e+02 9.766599344317768328e+00
3.631882374356999890e+02 9.768191212943820645e+00
3.633632992356999694e+02 9.769169264216035486e+00
3.644739724153999987e+02 9.775360730138894283e+00
3.656994770654000035e+02 9.782164311700659809e+00
3.668897324138000045e+02 9.788741780398124703e+00
3.679534636637999938e+02 9.794593012114880537e+00
3.681851339653999844e+02 9.795863901022432429e+00
3.694452861654000344e+02 9.802753312019943266e+00
3.707081286653999541e+02 9.809617084576647272e+00
3.719869498154000098e+02 9.816524615905283468e+00
3.732684612154000092e+02 9.823401294189070043e+00
3.745659512654000309e+02 9.830315873338316024e+00
3.758661316154000360e+02 9.837194965111931921e+00
3.771822906153999497e+02 9.844106320032492974e+00
3.785011398653999777e+02 9.850977584609037052e+00
3.798359677653999711e+02 9.857875594694021970e+00
3.823098644637999541e+02 9.870505056128550336e+00
3.837755021840999916e+02 9.877890641474166955e+00
3.851708924856999943e+02 9.884853852997856904e+00
3.876958480138000027e+02 9.897281057990209518e+00
3.890588066840999772e+02 9.903895709601247432e+00
3.905942142856999340e+02 9.911267863976391368e+00
3.931751768138000216e+02 9.923469185254873537e+00
3.943794496840999955e+02 9.929079883011166174e+00
3.946640392856999711e+02 9.930398096548678666e+00
3.963347805654000240e+02 9.938078149016977392e+00
3.987478499637999789e+02 9.948993025520023181e+00
4.002133599637999737e+02 9.955519581274083762e+00
4.021968217154000058e+02 9.964231312816414388e+00
4.043998819357000230e+02 9.973745445925670694e+00
4.059027299356999947e+02 9.980138754910708343e+00
4.082082142154000053e+02 9.989797530919616975e+00
4.101219064356999979e+02 9.997679693875351603e+00
4.105654051840999728e+02 9.999489088096007450e+00
4.117134164638000016e+02 1.000414341386282402e+01
4.143689587154000264e+02 1.001475014858796264e+01
4.160259369638000067e+02 1.002125696238826968e+01
4.176034609637999893e+02 1.002737495571757442e+01
4.202497964356999773e+02 1.003747632397773515e+01
4.215427306840999790e+02 1.004233903556756502e+01
4.219719884637999598e+02 1.004394314191296722e+01
4.238901087154000038e+02 1.005105094737246496e+01
4.262145169356999759e+02 1.005953542120289690e+01
4.270874006840999755e+02 1.006268587675908499e+01
4.280113849637999692e+02 1.006600024592203368e+01
4.304242317153999693e+02 1.007455903185404544e+01
4.322725824357000306e+02 1.008102328843037299e+01
4.326694081840999502e+02 1.008240091513759751e+01
4.341441254637999805e+02 1.008749072487327858e+01
4.367344544357000018e+02 1.009631922788357627e+01
4.382887536841000156e+02 1.010154975381084341e+01
4.386620049638000296e+02 1.010279848300969796e+01
4.405054492153999490e+02 1.010892649145212197e+01
4.429418709356999670e+02 1.011692727881511544e+01
4.439454371840999443e+02 1.012019084467891261e+01
4.449440969637999501e+02 1.012342055557405018e+01
4.474129502153999738e+02 1.013133072627263331e+01
4.492426319356999898e+02 1.013712595855459142e+01
4.496394581841000218e+02 1.013837543219170811e+01
4.513195334637999281e+02 1.014363757445011416e+01
4.538538554356999271e+02 1.015149091406805049e+01
4.553708171841000194e+02 1.015614382670453786e+01
4.559867639638000583e+02 1.015802302340731345e+01
4.580542352153999559e+02 1.016428957232386843e+01
4.603039679356999159e+02 1.017103732248468617e+01
4.611395136840999953e+02 1.017352467926755999e+01
4.625115519638000023e+02 1.017758763258978583e+01
4.650085364356999662e+02 1.018491401743405511e+01
4.668474254357000177e+02 1.019025392893519388e+01
4.672721274638000182e+02 1.019148054322826802e+01
4.691296849638000594e+02 1.019681679772127048e+01
4.716080004356999211e+02 1.020386369206454802e+01
4.727889211840999337e+02 1.020719241398538379e+01
4.739462664638000433e+02 1.021043663407236046e+01
4.764059129356999165e+02 1.021727249216409383e+01
4.783008089356999335e+02 1.022248414282942441e+01
4.788001864638000598e+02 1.022384968686690243e+01
4.807137504638000678e+02 1.022905215012200486e+01
4.831547279357000662e+02 1.023561900227723775e+01
4.845876791841000113e+02 1.023943770172020074e+01
4.856236769637999942e+02 1.024218188600618973e+01
4.880459859357000028e+02 1.024854395923225425e+01
4.905430656840999859e+02 1.025502284428782040e+01
4.925405124637999847e+02 1.026014735977789805e+01
4.949441524357000048e+02 1.026624601133989323e+01
4.965357896840999388e+02 1.027024361986417311e+01
4.975437839637999673e+02 1.027275858897853666e+01
4.999287549357000557e+02 1.027865781768490017e+01
5.025658511841000404e+02 1.028509668515093090e+01
5.046099704637999821e+02 1.029002728476957884e+01
5.069762724356999684e+02 1.029566972825684523e+01
5.086332506841000054e+02 1.029957924694571325e+01
5.097065864638000221e+02 1.030209353293499497e+01
5.120542194357000199e+02 1.030754363890028813e+01
5.141171354356999927e+02 1.031227710790790297e+01
5.148405399637999835e+02 1.031392469645182963e+01
5.169221244637999462e+02 1.031863068140283346e+01
5.192510884357001260e+02 1.032383466874718536e+01
5.208800631840999813e+02 1.032743639072791453e+01
5.221120844637999880e+02 1.033013975142278973e+01
5.244223799356999507e+02 1.033516177069196118e+01
5.265413029357000596e+02 1.033971382706600295e+01
5.273393829637999488e+02 1.034141500875039021e+01
5.294769744637999338e+02 1.034593646787126708e+01
5.317686009356999648e+02 1.035072735748463835e+01
5.332762276840999220e+02 1.035384770295325296e+01
5.347602794637999750e+02 1.035689515665561444e+01
5.370332369356999607e+02 1.036151694471500306e+01
5.392081659356999808e+02 1.036588829102178266e+01
5.400809219637999377e+02 1.036762845751757034e+01
5.422745204638000587e+02 1.037196783875683792e+01
5.445288084356999434e+02 1.037637633593960373e+01
5.458217426841000588e+02 1.037888178792372607e+01
5.476511699637999300e+02 1.038239883733679925e+01
5.498867894357000523e+02 1.038665268944169284e+01
5.521177254356999811e+02 1.039085000897558686e+01
5.552819802153999262e+02 1.039672374153304268e+01
5.585164824638000027e+02 1.040263354064498635e+01
5.607847564638000222e+02 1.040672221462119751e+01
5.629830379357000538e+02 1.041064198795927709e+01
5.649200501840999777e+02 1.041406166878011419e+01
5.662920884637999279e+02 1.041646476788895370e+01
5.684717009356999142e+02 1.042025040664854885e+01
5.707773124356999688e+02 1.042421289672175710e+01
5.718367574638000406e+02 1.042601932820887889e+01
5.741610384638000824e+02 1.042995170453182574e+01
5.763219824356999652e+02 1.043357019431317845e+01
5.778389436841000588e+02 1.043608909589469391e+01
5.797617149638000456e+02 1.043925722104891207e+01
5.819039899356999967e+02 1.044275502972698888e+01
5.842656089356999018e+02 1.044657268294508157e+01
5.853997299637999276e+02 1.044839187145458936e+01
5.876121241840999119e+02 1.045191497734780306e+01
5.899036229357000138e+02 1.045552859402985213e+01
5.910750819638000166e+02 1.045736212947890920e+01
5.934740379638000149e+02 1.046108859452395912e+01
5.955789749357001028e+02 1.046432720779733216e+01
5.974973181840999814e+02 1.046725389329619382e+01
5.992053969638000126e+02 1.046984015469641527e+01
6.012916649356999415e+02 1.047297432928294292e+01
6.037279594356999723e+02 1.047660048622109130e+01
6.049740939637999873e+02 1.047844121234368941e+01
6.074290569638000079e+02 1.048204063518864793e+01
6.107801284637999970e+02 1.048689706437545688e+01
6.132537604637999493e+02 1.049044024370998507e+01
6.153026909356999568e+02 1.049334878188219022e+01
6.174917336840999269e+02 1.049643039525530952e+01
6.191158024637999233e+02 1.049869960757651199e+01
6.211460639356999991e+02 1.050151619077907128e+01
6.236570339357000421e+02 1.050496899040489396e+01
6.250151819637999324e+02 1.050682248973012278e+01
6.275448204637999652e+02 1.051024900664118356e+01
6.295564124356999400e+02 1.051294999005822284e+01
6.310080326841000442e+02 1.051488608999415320e+01
6.335002064638000547e+02 1.051818495928367980e+01
6.354931299356999261e+02 1.052080026029405069e+01
6.378221891841000115e+02 1.052383146441079020e+01
6.394929299638000657e+02 1.052598925246710593e+01
6.414671844357000055e+02 1.052852130837310973e+01
6.440528304357000025e+02 1.053180872081576425e+01
6.455229919637999956e+02 1.053366337052593771e+01
6.480994306840999570e+02 1.053688853778493062e+01
6.515625156841000489e+02 1.054117359650168595e+01
6.542133749637999927e+02 1.054441511878007454e+01
6.561502919357000110e+02 1.054676267097312525e+01
6.584886856841000053e+02 1.054957348408380824e+01
6.603367814637999800e+02 1.055177695656157333e+01
6.622550294356998393e+02 1.055404738760836736e+01
6.649153504356999065e+02 1.055716822758835960e+01
6.664975254638000024e+02 1.055900892522090473e+01
6.689339476841000760e+02 1.056182124985841142e+01
6.710760949356999845e+02 1.056427169180284587e+01
6.726956074638000018e+02 1.056611055423447354e+01
6.753932664638001597e+02 1.056914761799748170e+01
6.772741764357001557e+02 1.057124599329898196e+01
6.794912226840999665e+02 1.057369932813337599e+01
6.816473559638000097e+02 1.057606455821564317e+01
6.835095969357000740e+02 1.057809103146068175e+01
6.862445939357000952e+02 1.058103995752336246e+01
6.879387824637999529e+02 1.058285041106007185e+01
6.901045046840999930e+02 1.058514685909440267e+01
6.925360204357000384e+02 1.058770134517174100e+01
6.942675469637999868e+02 1.058950516082070337e+01
6.970398814637999294e+02 1.059236712193532703e+01
6.988647844356999030e+02 1.059423350595007385e+01
7.008298001841000087e+02 1.059622779139550985e+01
7.034246529638000993e+02 1.059883702087294743e+01
7.052308869357001413e+02 1.060063701565941585e+01
7.080173346841000921e+02 1.060338809088562684e+01
7.116111021841001048e+02 1.060689059880734675e+01
7.144626689357000942e+02 1.060963352340911747e+01
7.163062089638000316e+02 1.061138994922341894e+01
7.188546441841000387e+02 1.061379649109457546e+01
7.209221159357001625e+02 1.061573063112604842e+01
7.228029934637999077e+02 1.061747618985653396e+01
7.256686729637999633e+02 1.062011042267500294e+01
7.274189004357000385e+02 1.062170432627493355e+01
7.298039666841000326e+02 1.062385844281682346e+01
7.322214649638000310e+02 1.062602093401126346e+01
7.339530234357000609e+02 1.062755700262194658e+01
7.368560404357000380e+02 1.063010872319380695e+01
7.388115939637999645e+02 1.063181107097344302e+01
7.408092961840999351e+02 1.063353657884585601e+01
7.434461699357000271e+02 1.063579352328385141e+01
7.454390614638000443e+02 1.063748379785535647e+01
7.482021891840998933e+02 1.063980577516680803e+01
7.500736369356999376e+02 1.064136427462261558e+01
7.521038664638000455e+02 1.064304229560559101e+01
7.550628904638000449e+02 1.064546471232871383e+01
7.567384419356999388e+02 1.064682421740528007e+01
7.593755386840999790e+02 1.064894648314603920e+01
7.617837019638000129e+02 1.065086605995379365e+01
7.634405849357000307e+02 1.065217666323416346e+01
7.664369469356998934e+02 1.065452636387898799e+01
7.685418519638000134e+02 1.065616133086326656e+01
7.706048951841000871e+02 1.065775147698122538e+01
7.731950964357000657e+02 1.065973096232201023e+01
7.753373394638000491e+02 1.066135395174233302e+01
7.781471396841000114e+02 1.066346368388497368e+01
7.799905844357000433e+02 1.066483618593940363e+01
7.821701649638000617e+02 1.066644727612471399e+01
7.852225334638000049e+02 1.066868261981066546e+01
7.868234094357000004e+02 1.066984528424632472e+01
7.895445161840999617e+02 1.067180661131909680e+01
7.921113654637999844e+02 1.067363966899865346e+01
7.936935724357000481e+02 1.067476137986911056e+01
7.967832789356999683e+02 1.067693428924114940e+01
7.990375354638000545e+02 1.067850506273999045e+01
8.009978996841000480e+02 1.067986121842422875e+01
8.037094489357000384e+02 1.068172221264247668e+01
8.060010434637999879e+02 1.068328166614843688e+01
8.086894956841000521e+02 1.068509593135030755e+01
8.106729569357000855e+02 1.068642396319636312e+01
8.130018889637999564e+02 1.068797212700037313e+01
8.161476024638000126e+02 1.069004439187312450e+01
8.176738029356999959e+02 1.069104200517794823e+01
8.203108991840999806e+02 1.069275406281537144e+01
8.232044544637999479e+02 1.069461570983839849e+01
8.247119859356999996e+02 1.069557864772740885e+01
8.278950374357000328e+02 1.069759652369406844e+01
8.302986454638000851e+02 1.069910655690691037e+01
8.319883101840999871e+02 1.070016108124481669e+01
8.349892279357000007e+02 1.070202000425756950e+01
8.374301734638000880e+02 1.070351893393258180e+01
8.398292571841000154e+02 1.070498086532450444e+01
8.421207559356998900e+02 1.070636688222644572e+01
8.445990394638000680e+02 1.070785460495252472e+01
8.477075421841000207e+02 1.070970432937554584e+01
8.492896219356999836e+02 1.071063879654682793e+01
8.518052429637999694e+02 1.071211518666288676e+01
8.550629694637999592e+02 1.071400998658865866e+01
8.564958254356999987e+02 1.071483727321135504e+01
8.596089796841000634e+02 1.071662212855683372e+01
8.623251804637999385e+02 1.071816536725331126e+01
8.637393674357000464e+02 1.071896370414281741e+01
8.670344319357000131e+02 1.072081042371940462e+01
8.696247284638000110e+02 1.072224900549054105e+01
8.715664236841000729e+02 1.072331986501580836e+01
8.743339799356999720e+02 1.072483521990399247e+01
8.769616149637998888e+02 1.072626208526416569e+01
8.795940606840998726e+02 1.072768009689565538e+01
8.816708664356999634e+02 1.072879075181243103e+01
8.843358389638000290e+02 1.073020566566305156e+01
8.876590346841001065e+02 1.073195402730821790e+01
8.917195251841000072e+02 1.073406641861220834e+01
8.951171414638000670e+02 1.073581397867316056e+01
8.964566524357001072e+02 1.073649797735468958e+01
8.998405061841000361e+02 1.073821361400845831e+01
9.039009966841000505e+02 1.074024922947856453e+01
9.073126304357001572e+02 1.074194027325311573e+01
9.100896164638000982e+02 1.074330388768628985e+01
9.120779841840999325e+02 1.074427324182021337e+01
9.148175369356999909e+02 1.074559933170329273e+01
9.176318609638000225e+02 1.074695024084066830e+01
9.202923101840999607e+02 1.074821680058908946e+01
9.223597814356999152e+02 1.074919406330583982e+01
9.252114429637999820e+02 1.075053207310429393e+01
9.285439731841000821e+02 1.075208127094387045e+01
9.299393634357001019e+02 1.075272533360800153e+01
9.328283629637999184e+02 1.075405029592350381e+01
9.363101169638000556e+02 1.075563197298739304e+01
9.375562834357000384e+02 1.075619405968792819e+01
9.410054781841000704e+02 1.075773904700562511e+01
9.439830439638001280e+02 1.075906006171049967e+01
9.452105419356998937e+02 1.075960123229055831e+01
9.487296334357000660e+02 1.076114188223795587e+01
9.516933084638000082e+02 1.076242693912155701e+01
9.535229906840997955e+02 1.076321467357190187e+01
9.564398984356998881e+02 1.076446175329236254e+01
9.594409114637999210e+02 1.076573364226401530e+01
9.619240051840999968e+02 1.076677757893150122e+01
9.641875004357000307e+02 1.076772258586007069e+01
9.672258514637998132e+02 1.076898130220352812e+01
9.703623576841000613e+02 1.077026904968301579e+01
9.719724409356999786e+02 1.077092552505906298e+01
9.750481299638000792e+02 1.077217110163480562e+01
9.786418974637999781e+02 1.077361252681830805e+01
9.797947194356999034e+02 1.077407172805781244e+01
9.831038971840998784e+02 1.077538150126085981e+01
9.865201824637999835e+02 1.077672070152172168e+01
9.876543354356998634e+02 1.077716238963597384e+01
9.912854404357001386e+02 1.077856701932783956e+01
9.944358049637999102e+02 1.077977399395075153e+01
9.959014426841000613e+02 1.078033183947476736e+01
9.992010634357000072e+02 1.078157937078889539e+01
1.002388765963799983e+03 1.078277363609881689e+01
1.004489146684100092e+03 1.078355472846130425e+01
1.007154023935700138e+03 1.078453919876168676e+01
1.010379064463799978e+03 1.078572089567762404e+01
1.013114188684099986e+03 1.078671484911391154e+01
1.015144322435700019e+03 1.078744775804101685e+01
1.018406698963799954e+03 1.078861700186408612e+01
1.021776566684100089e+03 1.078981386735235937e+01
1.023171958935699990e+03 1.079030623022179114e+01
1.026471674963800069e+03 1.079146316486910528e+01
1.030196124963800230e+03 1.079275667112302983e+01
1.031236933435699939e+03 1.079311580560412054e+01
1.034854146184099818e+03 1.079435620473030966e+01
1.038317103463800095e+03 1.079553247586026288e+01
1.039339246935699975e+03 1.079587757521004576e+01
1.043101034935700000e+03 1.079713964673528892e+01
1.046475422824400084e+03 1.079826105621886079e+01
1.047987732544700066e+03 1.079876038670911598e+01
1.051259351435699955e+03 1.079983384860015327e+01
1.054671079324399898e+03 1.080094348077901678e+01
1.056799462544699963e+03 1.080163069985737145e+01
1.059455006935700112e+03 1.080248279358913699e+01
1.062904073463799932e+03 1.080358073113411344e+01
1.065648531184099966e+03 1.080444735729346917e+01
1.067688001435700016e+03 1.080508736905210831e+01
1.071174407963800149e+03 1.080617366256270451e+01
1.074534941184100035e+03 1.080721152979968025e+01
1.075958334935700123e+03 1.080764841430465317e+01
1.079482076463800013e+03 1.080872313188155331e+01
1.083337208963799867e+03 1.080988783468175995e+01
1.084266007435699976e+03 1.081016670854874739e+01
1.087948561184099844e+03 1.081126595439073945e+01
1.091700884963799808e+03 1.081237544509515836e+01
1.092611013435699988e+03 1.081264294397768388e+01
1.096503483935700160e+03 1.081378008948411029e+01
1.100101900463799893e+03 1.081482137402573152e+01
1.101418186184100023e+03 1.081519989163313689e+01
1.104904497935699965e+03 1.081619638444800913e+01
1.108540254463800238e+03 1.081722625561857853e+01
1.110453946184100005e+03 1.081776452724223603e+01
1.113342850935699971e+03 1.081857219192743713e+01
1.117015943824399983e+03 1.081959061981793724e+01
1.119527042544699952e+03 1.082028145348519033e+01
1.121818542935699952e+03 1.082090807167659285e+01
1.125528972081699976e+03 1.082191508205504249e+01
1.128637473801999931e+03 1.082275153230303921e+01
1.130331568435699864e+03 1.082320463508775177e+01
1.134079339963800066e+03 1.082420021540642630e+01
1.137785246184099833e+03 1.082517552001330330e+01
1.138881933435699921e+03 1.082546239686620559e+01
1.142667042581699889e+03 1.082644653122574141e+01
1.146671526081699994e+03 1.082747761343801329e+01
1.147469641935699883e+03 1.082768187293330264e+01
1.151492794935699976e+03 1.082870538555358841e+01
1.155315236463800147e+03 1.082966836679988809e+01
1.156192801184099835e+03 1.082988814927284515e+01
1.160136501435699984e+03 1.083086998000877266e+01
1.163996285581700022e+03 1.083182164514089862e+01
1.165452588802000037e+03 1.083217833793678686e+01
1.168817551935699839e+03 1.083299763325165443e+01
1.172714673463799954e+03 1.083393800214201086e+01
1.174749711184100306e+03 1.083442545822420655e+01
1.177535936435700023e+03 1.083508889851201573e+01
1.181470397963799769e+03 1.083601803029217692e+01
1.184084176184100215e+03 1.083663032475074850e+01
1.186291664435699886e+03 1.083714438650916989e+01
1.190263458581699979e+03 1.083806233831121624e+01
1.193455973801999789e+03 1.083879374610999058e+01
1.195084726935699791e+03 1.083916469366010560e+01
1.199093858463799961e+03 1.084007154500833181e+01
1.202865106184099886e+03 1.084091656023733563e+01
1.203915122935700083e+03 1.084115045151122203e+01
1.207961595824400092e+03 1.084204629672426456e+01
1.212115430824400164e+03 1.084295684289715389e+01
1.212782862935699995e+03 1.084310229066406528e+01
1.216955366935699885e+03 1.084400634371032446e+01
1.221039176081699907e+03 1.084488245074701318e+01
1.221795393801999808e+03 1.084504373706619695e+01
1.225879109935699944e+03 1.084590975487609477e+01
1.230000257824400251e+03 1.084677522678297557e+01
1.231316542544700269e+03 1.084704987045116553e+01
1.234840191935699977e+03 1.084778091936556876e+01
1.238998678463799934e+03 1.084863590237823416e+01
1.240875031184099953e+03 1.084901894472196382e+01
1.243838612435700043e+03 1.084962052530844545e+01
1.248034436581700220e+03 1.085046515073728379e+01
1.250470858802000066e+03 1.085095183034564492e+01
1.252874372435700025e+03 1.085142924969561662e+01
1.257107533963800051e+03 1.085226368466062752e+01
1.260104021184100020e+03 1.085284944800442197e+01
1.261947465935699938e+03 1.085320780653796113e+01
1.266217967463799823e+03 1.085403220994103357e+01
1.269774526184099841e+03 1.085471269310589726e+01
1.271057903435699927e+03 1.085495688817700000e+01
1.275365739963800024e+03 1.085577142871714784e+01
1.279482366184099874e+03 1.085654246370160259e+01
1.280205674935700017e+03 1.085667719570254519e+01
1.284550847824399852e+03 1.085748204554229446e+01
1.288872703324399936e+03 1.085827487327446406e+01
1.289390785435700082e+03 1.085836939728210382e+01
1.293731311435700036e+03 1.085915713430712337e+01
1.298113822963799976e+03 1.085994488534682390e+01
1.299010056184099994e+03 1.086010504278786293e+01
1.302972421435700198e+03 1.086080939512939203e+01
1.307392272963799996e+03 1.086158791183334849e+01
1.308829911184099956e+03 1.086183952284027576e+01
1.312250881435699966e+03 1.086243513384822457e+01
1.316708067963799976e+03 1.086320459850529474e+01
1.318687101184100129e+03 1.086354388713553298e+01
1.321566671435700073e+03 1.086403500973894154e+01
1.326061195581700076e+03 1.086479556599956275e+01
1.328581628802000068e+03 1.086521889701242216e+01
1.330919801435700037e+03 1.086560959943843052e+01
1.335451662963799890e+03 1.086636139968717174e+01
1.338513491184100076e+03 1.086686528746020386e+01
1.340310266435699987e+03 1.086715947522029424e+01
1.344879469324400134e+03 1.086790265025921265e+01
1.348482697544699931e+03 1.086848373919129074e+01
1.349738071435699794e+03 1.086868516529089135e+01
1.354344610581699953e+03 1.086941984207125778e+01
1.358489238802000045e+03 1.087007490378901586e+01
1.359203216435700142e+03 1.087018717965853298e+01
1.363847094324399905e+03 1.087091347216350101e+01
1.368336969324399888e+03 1.087160912747953034e+01
1.368705696435700020e+03 1.087166597081326458e+01
1.373214241435699932e+03 1.087235760491338610e+01
1.377895457963800027e+03 1.087306904890605708e+01
1.378614336184100011e+03 1.087317770034602304e+01
1.382772726435699951e+03 1.087380313158202760e+01
1.387491280581699812e+03 1.087450647258341618e+01
1.388732893801999808e+03 1.087469042926958096e+01
1.392368556435699929e+03 1.087522646499489376e+01
1.397124447963800094e+03 1.087592177919696645e+01
1.398888786184100127e+03 1.087617803872224620e+01
1.402001716435700018e+03 1.087662797745341337e+01
1.406794947963800041e+03 1.087731533210851964e+01
1.409082021184100086e+03 1.087764098563408588e+01
1.411672221435700067e+03 1.087800801491238722e+01
1.416502785581699982e+03 1.087868747370547062e+01
1.419312588801999937e+03 1.087907970027594295e+01
1.421380061435699872e+03 1.087936690475042134e+01
1.426247962963800092e+03 1.088003850046396259e+01
1.429580491184100083e+03 1.088049453781572318e+01
1.431125236435700117e+03 1.088070490202765583e+01
1.436030480581699976e+03 1.088136866828321203e+01
1.439885738802000105e+03 1.088188585563303512e+01
1.440907751435699993e+03 1.088202229703238721e+01
1.445850332963799929e+03 1.088267830221463583e+01
1.450228321184100196e+03 1.088325406115259675e+01
1.450727601435700080e+03 1.088331940520075669e+01
1.455684073215400076e+03 1.088396465181287631e+01
1.460584796435700127e+03 1.088459649114259875e+01
1.465280031435700039e+03 1.088519615542306873e+01
1.470297284324399925e+03 1.088583086671959599e+01
1.471025497544700102e+03 1.088592246794419971e+01
1.475193226435700126e+03 1.088644423511155246e+01
1.480247822963799990e+03 1.088707134786509734e+01
1.481480096184100148e+03 1.088722329160540525e+01
1.485143761435700071e+03 1.088767289582469999e+01
1.490235692963800147e+03 1.088829247399757350e+01
1.491972031184099933e+03 1.088850234574724318e+01
1.495131636435700102e+03 1.088888244550067519e+01
1.500260902963800163e+03 1.088949456388683679e+01
1.502501301184100157e+03 1.088976002383190433e+01
1.505156846435699890e+03 1.089007318826404358e+01
1.510323452963799809e+03 1.089067789686643550e+01
1.513067911184100012e+03 1.089099666502872488e+01
1.515219396435699991e+03 1.089124538042491075e+01
1.520423342963799996e+03 1.089184272941302112e+01
1.523671861184100180e+03 1.089221259661386476e+01
1.525319281435700077e+03 1.089239928358785647e+01
1.530560562963800066e+03 1.089298934475447034e+01
1.534313146184100106e+03 1.089340819804692018e+01
1.535456506435700021e+03 1.089353521962150673e+01
1.540735124324400203e+03 1.089411809273746101e+01
1.544991767544699997e+03 1.089458386929643297e+01
1.545631066435700177e+03 1.089465349570732577e+01
1.550947024324400218e+03 1.089522923897811957e+01
1.555810279324399971e+03 1.089575092066943540e+01
1.560827443215399853e+03 1.089628413593240630e+01
1.566078187963800019e+03 1.089683682585144808e+01
1.570978777963799985e+03 1.089734778132538473e+01
1.576378781435699921e+03 1.089790543403138656e+01
1.581298041435700043e+03 1.089840859502859338e+01
1.586702696435699863e+03 1.089895615970478282e+01
1.591640626435699915e+03 1.089945169682208714e+01
1.597063946435700018e+03 1.089999080348240845e+01
1.602020546435699998e+03 1.090047885707482855e+01
1.607462536435700258e+03 1.090100965461485494e+01
1.609847601184100085e+03 1.090124063657097508e+01
1.612498462963800193e+03 1.090149619364025746e+01
1.617898466435699902e+03 1.090201301955793589e+01
1.620787591184099938e+03 1.090228747325778613e+01
1.622971727963800049e+03 1.090249401057899092e+01
1.628371731435699985e+03 1.090300119671619150e+01
1.631764917544699983e+03 1.090331739709132819e+01
1.633482329324399871e+03 1.090347670622431764e+01
1.638882331435700053e+03 1.090397446941082649e+01
1.642779578802000060e+03 1.090433075999378687e+01
1.644030270581700279e+03 1.090444457656297850e+01
1.649430271435700206e+03 1.090493312960715500e+01
1.653831581184099832e+03 1.090532790057253365e+01
1.654615552963800155e+03 1.090539789516209979e+01
1.660015556435699864e+03 1.090587743079988670e+01
1.664920923802000061e+03 1.090630912822112109e+01
1.665238165581699832e+03 1.090633691862546861e+01
1.670488688215400089e+03 1.090679466245529738e+01
1.675725446435700178e+03 1.090724706145248746e+01
1.676047596184100030e+03 1.090727475629314469e+01
1.681004067963800026e+03 1.090769893715335037e+01
1.686404071435700189e+03 1.090815696101741317e+01
1.687211613802000102e+03 1.090822508762536103e+01
1.691720030581699802e+03 1.090860371242854576e+01
1.697120031435699957e+03 1.090905337700130850e+01
1.698412966184100014e+03 1.090916042235498651e+01
1.702473332963800203e+03 1.090949506377538114e+01
1.707873336435699912e+03 1.090993653204850666e+01
1.709651661184099794e+03 1.091008102531319857e+01
1.713263967963799814e+03 1.091037319668340189e+01
1.718663971435699978e+03 1.091080663236456516e+01
1.720927688802000148e+03 1.091098715157872689e+01
1.724091940581699873e+03 1.091123832934883531e+01
1.729491941435699800e+03 1.091166389354652466e+01
1.732241051184099888e+03 1.091187906005965758e+01
1.734957252963800101e+03 1.091209067547921308e+01
1.740357256435699810e+03 1.091250852633631574e+01
1.743591757544700158e+03 1.091275700165718909e+01
1.745859904324400077e+03 1.091293043768629012e+01
1.751259906435700259e+03 1.091334072139330935e+01
1.754979798802000005e+03 1.091362120937793811e+01
1.756799890581699856e+03 1.091375781376052601e+01
1.762199891435699783e+03 1.091416068340240031e+01
1.766405178801999909e+03 1.091447192509895636e+01
1.767777220581699794e+03 1.091457300065254898e+01
1.773177221435699948e+03 1.091496859278445264e+01
1.777867896184099891e+03 1.091530936358463144e+01
1.778791882963799935e+03 1.091537617669618498e+01
1.784191886435700098e+03 1.091576463113868378e+01
1.789367953801999647e+03 1.091613374547816306e+01
1.789843885581700079e+03 1.091616752593605710e+01
1.795243886435700006e+03 1.091654897675470259e+01
1.800905346184099926e+03 1.091694528607146708e+01
1.806263202963800268e+03 1.091731697694550185e+01
1.811663206435699976e+03 1.091768832092072472e+01
1.812480081184100072e+03 1.091774420942110346e+01
1.817408547963799947e+03 1.091807984444262658e+01
1.822808551435700110e+03 1.091844452052357006e+01
1.824092151184099976e+03 1.091853073430790388e+01
1.828591232963800167e+03 1.091883151763308568e+01
1.833991236435699875e+03 1.091918965707664491e+01
1.835741557544699845e+03 1.091930507206889089e+01
1.839811254324399897e+03 1.091957217758992904e+01
1.845211256435699852e+03 1.091992390912901634e+01
1.847428301184100064e+03 1.092006743541365488e+01
1.851068612963799978e+03 1.092030200134371398e+01
1.856468616435700142e+03 1.092064745002408799e+01
1.859152386184100124e+03 1.092081803047806332e+01
1.862363312963799899e+03 1.092102116280669577e+01
1.867763316435700062e+03 1.092136045619313656e+01
1.870913806184099940e+03 1.092155707009509769e+01
1.873695347963800259e+03 1.092172984577258887e+01
1.879095351435699968e+03 1.092206311117590367e+01
1.882712563802000204e+03 1.092228476992373309e+01
1.885064720581700158e+03 1.092242823141287822e+01
1.890464721435700085e+03 1.092275559568750509e+01
1.894548656184100309e+03 1.092300134701407011e+01
1.896471427963800124e+03 1.092311650659751443e+01
1.901871431435699833e+03 1.092343809321610060e+01
1.906422093802000063e+03 1.092370701105429198e+01
1.907915480581699967e+03 1.092379484617109675e+01
1.913315481435699894e+03 1.092411077370549322e+01
1.918332863802000020e+03 1.092440196839317501e+01
1.919396865581700013e+03 1.092446342946198357e+01
1.924796866435700167e+03 1.092477382424670473e+01
1.930280973801999608e+03 1.092508644074830393e+01
1.930915590581699917e+03 1.092512244627115336e+01
1.936315591435699844e+03 1.092542742837655467e+01
1.941869596435699805e+03 1.092573850829353432e+01
1.942471652963800125e+03 1.092577207086030278e+01
1.948044327963800015e+03 1.092608129810937001e+01
1.953444331435699723e+03 1.092637847732895473e+01
1.954289208802000076e+03 1.092642475410976566e+01
1.959656395581700053e+03 1.092671738106807844e+01
1.965056396435699980e+03 1.092700943687324155e+01
1.966349331184100265e+03 1.092707901417766081e+01
1.971305802963800033e+03 1.092734450990635509e+01
1.976705806435699969e+03 1.092763154501682088e+01
1.978446796184100322e+03 1.092772359587798903e+01
1.982992547963800234e+03 1.092796283442982563e+01
1.988392551435700170e+03 1.092824495442535238e+01
1.990581593802000043e+03 1.092835868110984698e+01
1.994716630581700429e+03 1.092857251663172136e+01
2.000116631435700356e+03 1.092884982382225445e+01
2.002753726184099833e+03 1.092898445258326490e+01
2.006478052963799882e+03 1.092917370941989574e+01
2.011878056435700046e+03 1.092944630472811340e+01
2.014963203802000180e+03 1.092960108828360610e+01
2.018276810581700374e+03 1.092976656634537136e+01
2.023676811435700074e+03 1.093003454680708231e+01
2.027210016184099914e+03 1.093020875992735697e+01
2.030112907963799898e+03 1.093035123196758107e+01
2.035512911435700062e+03 1.093061468812495640e+01
2.039494171184099969e+03 1.093080762627383962e+01
2.041986342963800098e+03 1.093092784209800428e+01
2.047386346435700034e+03 1.093118686458722877e+01
2.051815657544699661e+03 1.093139784382135815e+01
2.053897114324400263e+03 1.093149652903872315e+01
2.059297116435699991e+03 1.093175120052849891e+01
2.064174481184099932e+03 1.093197955526446030e+01
2.065845222963799642e+03 1.093205741446174173e+01
2.071245226435700260e+03 1.093230781420743902e+01
2.076570646184100042e+03 1.093255289435595934e+01
2.077830667963800352e+03 1.093261061122336208e+01
2.083230671435700060e+03 1.093285681674941046e+01
2.089004147544700118e+03 1.093311799460918010e+01
2.095230232544700357e+03 1.093339728911702480e+01
2.101068826435700430e+03 1.093365699745999464e+01
2.101913577963799980e+03 1.093369439645022112e+01
2.107719741184099803e+03 1.093395026680387083e+01
2.113983166184099900e+03 1.093422397582521377e+01
2.119863747963800051e+03 1.093447879221400676e+01
2.125263751435700215e+03 1.093471095907933233e+01
2.126528681184100151e+03 1.093476509111605210e+01
2.132017212963800375e+03 1.093499888196016556e+01
2.137417216435700084e+03 1.093522717416483836e+01
2.139111533801999940e+03 1.093529845123714495e+01
2.144208020581700112e+03 1.093551185088589150e+01
2.149608021435699811e+03 1.093573632204591384e+01
2.151731723802000033e+03 1.093582414281505244e+01
2.156436165581700152e+03 1.093601777583142365e+01
2.161836166435699852e+03 1.093623849838788864e+01
2.164389251184100431e+03 1.093634228507364625e+01
2.168701647963800042e+03 1.093651677001153466e+01
2.174101651435700205e+03 1.093673381257893595e+01
2.177084121184099786e+03 1.093685300067174104e+01
2.181004467963799925e+03 1.093700893223878623e+01
2.186404471435700088e+03 1.093722235364834461e+01
2.189816326184100035e+03 1.093735638960591672e+01
2.193344622963799793e+03 1.093749434609370752e+01
2.198744626435699956e+03 1.093770420722192327e+01
2.202585867544700250e+03 1.093785255432782400e+01
2.205722119324399955e+03 1.093797310155929736e+01
2.211122121435699682e+03 1.093817946357784976e+01
2.215392746184099906e+03 1.093834160269587130e+01
2.218136952963800013e+03 1.093844529646433905e+01
2.223536956435700176e+03 1.093864822989657171e+01
2.228236966184099856e+03 1.093882366363168224e+01
2.230589122963800037e+03 1.093891104462404229e+01
2.235989126435699745e+03 1.093911060989045758e+01
2.241118523802000254e+03 1.093929883623262000e+01
2.243078630581700054e+03 1.093937041957018508e+01
2.248478631435700208e+03 1.093956666402972289e+01
2.254037416184099584e+03 1.093976721098929517e+01
2.255605477963800240e+03 1.093982351363700722e+01
2.261005481435699949e+03 1.094001651568184741e+01
2.266993651184100145e+03 1.094022893174169297e+01
2.268169662963799965e+03 1.094027044914087732e+01
2.273569666435700128e+03 1.094046026687191286e+01
2.279665071435699701e+03 1.094067290951705118e+01
2.280771185581700138e+03 1.094071131281735276e+01
2.286493333802000507e+03 1.094090909786270416e+01
2.292285256435700376e+03 1.094110778797197980e+01
2.293410042963800151e+03 1.094114619764805951e+01
2.299542782963800164e+03 1.094135463906953376e+01
2.306086242963800032e+03 1.094157521193938720e+01
2.312237652963849996e+03 1.094178086561916174e+01
2.317637656435750159e+03 1.094196005150947393e+01
2.319191956184099581e+03 1.094201139463108596e+01
2.324969857963799768e+03 1.094220136226737594e+01
2.330369861435700386e+03 1.094237763140695385e+01
2.332334876184100267e+03 1.094244147018848246e+01
2.337739397963800002e+03 1.094261622875303708e+01
2.343139401435700165e+03 1.094278964009957633e+01
2.345515133801999582e+03 1.094286555495158808e+01
2.350546280581700103e+03 1.094302557010451693e+01
2.355946281435700257e+03 1.094319618071357425e+01
2.358732726184100102e+03 1.094328375983603152e+01
2.363390497963800044e+03 1.094342946968956376e+01
2.368790501435699753e+03 1.094359733051420669e+01
2.371987663802000043e+03 1.094369617894004953e+01
2.376272055581699988e+03 1.094382802123363341e+01
2.381672056435700142e+03 1.094399318485923800e+01
2.385279933801999960e+03 1.094410291310486549e+01
2.389190945581699907e+03 1.094422130373293989e+01
2.394590946435700062e+03 1.094438382395594367e+01
2.398609543801999735e+03 1.094450406568970280e+01
2.402147180581700013e+03 1.094460942345848053e+01
2.407547181435700168e+03 1.094476936060207528e+01
2.411976491184100269e+03 1.094489975261592640e+01
2.415140747963800095e+03 1.094499246580431340e+01
2.420540751435699804e+03 1.094514985490153514e+01
2.425380781184099760e+03 1.094529004098905922e+01
2.428171657963800499e+03 1.094537049849052046e+01
2.433571661435700207e+03 1.094552539755816767e+01
2.438822406184099691e+03 1.094567503843549083e+01
2.441239902963799977e+03 1.094574361130514717e+01
2.446639906435700141e+03 1.094589605836858226e+01
2.452301366184100061e+03 1.094605481813125536e+01
2.454345482963799441e+03 1.094611187124428220e+01
2.459745486435700059e+03 1.094626191482267430e+01
2.465817666184100290e+03 1.094642947009558576e+01
2.467488407963800000e+03 1.094647535604340227e+01
2.472888411435700164e+03 1.094662303944417125e+01
2.479282516435700018e+03 1.094679668217475488e+01
2.480668665581699770e+03 1.094683414956402423e+01
2.486157453801999964e+03 1.094698190263407156e+01
2.492481441435700162e+03 1.094715093468900768e+01
2.493886262963800164e+03 1.094718830873387105e+01
2.499767101184099829e+03 1.094734408856740870e+01
2.505717706435700165e+03 1.094750060887031751e+01
2.507141192963800222e+03 1.094753788616921675e+01
2.513414081184099814e+03 1.094770141375288475e+01
2.518991311435700027e+03 1.094784578938492636e+01
2.520433467963799558e+03 1.094788296639433689e+01
2.526902247963799709e+03 1.094804895084241281e+01
2.532302251435699873e+03 1.094818654195409557e+01
2.533959231184099735e+03 1.094822858509924046e+01
2.540250527963800323e+03 1.094838747492575948e+01
2.545650531435700032e+03 1.094852291795513288e+01
2.547699556184099947e+03 1.094857408627982309e+01
2.553636142963800012e+03 1.094872164640971413e+01
2.559036146435699720e+03 1.094885498002194169e+01
2.561477218801999697e+03 1.094891497677238057e+01
2.567059100581700022e+03 1.094905152860958708e+01
2.572459101435699722e+03 1.094918278462591843e+01
2.575292221184100072e+03 1.094925131746339098e+01
2.580519392963799874e+03 1.094937717130556543e+01
2.585919396435700037e+03 1.094950638386840147e+01
2.589144563801999993e+03 1.094958317061596809e+01
2.594017020581699853e+03 1.094969863577847491e+01
2.599417021435700008e+03 1.094982584296122674e+01
2.603034236184100337e+03 1.094991060881607581e+01
2.607551987963800002e+03 1.095001598026464329e+01
2.612951991435699711e+03 1.095014120832316351e+01
2.616961256184099966e+03 1.095023368150394738e+01
2.621124297963800018e+03 1.095032925118256806e+01
2.626524301435699726e+03 1.095045253708643784e+01
2.630925611184100035e+03 1.095055245738292271e+01
2.634733942963800018e+03 1.095063850815917483e+01
2.640133946435700182e+03 1.095075988088153274e+01
2.644927301184099633e+03 1.095086699317991297e+01
2.648380922963800003e+03 1.095094380549957513e+01
2.653780926435699712e+03 1.095106330442644449e+01
2.658966331184100000e+03 1.095117736652206020e+01
2.662065242963799847e+03 1.095124521156272657e+01
2.667465246435700010e+03 1.095136286663277403e+01
2.673042697544699877e+03 1.095148363504054956e+01
2.675786899324399656e+03 1.095154277478579630e+01
2.681186901435699838e+03 1.095165861542606400e+01
2.687156401184100105e+03 1.095178585488656076e+01
2.689545897963800144e+03 1.095183654663529538e+01
2.694945901435699852e+03 1.095195060803511744e+01
2.701307446184100172e+03 1.095208410209287209e+01
2.703342227963799814e+03 1.095212660049534925e+01
2.708742231435699523e+03 1.095223891741304456e+01
2.715472376435699516e+03 1.095237795226055511e+01
2.722575901435699961e+03 1.095252357069714755e+01
2.729324721435700212e+03 1.095266085507626563e+01
2.731046910581700104e+03 1.095269572229896404e+01
2.736843733801999861e+03 1.095281259910282756e+01
2.743214391435699781e+03 1.095294018496037047e+01
2.744955252963799921e+03 1.095297489270779856e+01
2.751125461184100004e+03 1.095309737982757703e+01
2.757141411435699865e+03 1.095321601134966016e+01
2.758900939324400497e+03 1.095325056042764267e+01
2.765444522544700249e+03 1.095337846830596540e+01
2.771105761435700515e+03 1.095348839316195821e+01
2.772883960581700194e+03 1.095352278004328106e+01
2.779707455581699833e+03 1.095365412047871878e+01
2.785107456435699987e+03 1.095375737184617293e+01
2.786997792544700133e+03 1.095379337300933464e+01
2.793746484324400171e+03 1.095392130740761694e+01
2.799146486435700353e+03 1.095402300686469665e+01
2.801410201184100515e+03 1.095406546409005699e+01
2.807822847963800086e+03 1.095418518052132839e+01
2.813222851435699795e+03 1.095428535418017013e+01
2.815859947544699935e+03 1.095433406337076576e+01
2.821936554324400277e+03 1.095444578239418121e+01
2.827336556435699549e+03 1.095454445224625850e+01
2.830347028801999841e+03 1.095459921268577475e+01
2.836087595581699588e+03 1.095470315071589162e+01
2.841487596435699743e+03 1.095480034757698995e+01
2.844871448802000486e+03 1.095486097322742580e+01
2.850275975581700095e+03 1.095495735423066641e+01
2.855675976435699795e+03 1.095505310534393573e+01
2.859433208801999626e+03 1.095511940639529413e+01
2.864501695581700005e+03 1.095520843359383178e+01
2.869901696435700160e+03 1.095530276460567620e+01
2.874032306184099980e+03 1.095537456156282197e+01
2.878764752963800220e+03 1.095545643820700654e+01
2.884164756435700383e+03 1.095554936972037297e+01
2.888668742544700308e+03 1.095562648209177148e+01
2.893065144324400080e+03 1.095570140537146742e+01
2.898465146435700262e+03 1.095579296460871532e+01
2.903342513802000212e+03 1.095587522104776923e+01
2.907402875581700300e+03 1.095594337974111632e+01
2.912802876435700000e+03 1.095603358109929282e+01
2.918053623801999947e+03 1.095612080755337558e+01
2.921777945581700351e+03 1.095618239011429118e+01
2.927177946435700051e+03 1.095627126112053951e+01
2.932802071184099987e+03 1.095636329676677256e+01
2.936190352963800251e+03 1.095641848670487306e+01
2.941590356435699960e+03 1.095650604798235150e+01
2.947587858802000028e+03 1.095660273026457254e+01
2.950640100581700153e+03 1.095665170487324325e+01
2.956040101435699853e+03 1.095673797749353540e+01
2.962410981184099910e+03 1.095683915334321412e+01
2.965127182963800351e+03 1.095688208936757491e+01
2.970527186435700060e+03 1.095696709879525521e+01
2.977271446184100114e+03 1.095707261923676690e+01
2.979651602963800087e+03 1.095710968648066519e+01
2.985051606435700251e+03 1.095719345291517044e+01
2.992155131435699786e+03 1.095730294917074410e+01
2.999613366435700300e+03 1.095741706812631477e+01
3.006735561435699765e+03 1.095752524401022043e+01
3.008812460581700179e+03 1.095755664190646250e+01
3.014581283802000144e+03 1.095764350783584185e+01
3.021353326435700183e+03 1.095774483250986187e+01
3.023448897963799936e+03 1.095777604532882243e+01
3.029572431184099969e+03 1.095786688043364521e+01
3.036008431435699549e+03 1.095796175481729584e+01
3.038122667963799813e+03 1.095799278816195610e+01
3.044600911184099914e+03 1.095808747274307926e+01
3.050700871435700265e+03 1.095817606965554525e+01
3.052833777963800003e+03 1.095820692060490131e+01
3.059666731184099717e+03 1.095830531548914877e+01
3.065430651435699929e+03 1.095838779618749470e+01
3.067582227963800051e+03 1.095841846327088831e+01
3.074769891184099833e+03 1.095852044246735879e+01
3.082340137544699701e+03 1.095862707295741956e+01
3.089602219324399812e+03 1.095872861809012377e+01
3.095002221435700449e+03 1.095880365405697354e+01
3.097499301184100204e+03 1.095883821665840685e+01
3.104444012963800105e+03 1.095893389527052975e+01
3.109844016435699814e+03 1.095900784056204991e+01
3.112695806184100093e+03 1.095904673358089276e+01
3.119323142963799910e+03 1.095913670256692818e+01
3.124723146435700073e+03 1.095920958113329746e+01
3.127929646184099965e+03 1.095925267507389123e+01
3.134239612963800028e+03 1.095933708763865866e+01
3.139639616435699736e+03 1.095940891596967148e+01
3.143200823801999832e+03 1.095945607982621972e+01
3.149193420581699684e+03 1.095953508036894775e+01
3.154593421435700293e+03 1.095960587856246882e+01
3.158509336184100448e+03 1.095965698930226750e+01
3.164184562963800090e+03 1.095973072134877668e+01
3.169584566435700253e+03 1.095980050304161324e+01
3.173855191184100022e+03 1.095985543323442890e+01
3.179213042963800035e+03 1.095992402869359594e+01
3.184613046435700198e+03 1.095999280641122198e+01
3.189238381184100035e+03 1.096005143529903059e+01
3.194278862963799838e+03 1.096011503224378991e+01
3.199678866435700002e+03 1.096018282693472834e+01
3.204658911184099907e+03 1.096024504223565899e+01
3.209382022963799955e+03 1.096030377673696954e+01
3.214782026435699663e+03 1.096037060583328149e+01
3.220116781184100091e+03 1.096043629102547357e+01
3.224522517963800055e+03 1.096049028682931414e+01
3.229922521435700219e+03 1.096055616231205931e+01
3.235611986184100260e+03 1.096062520830022713e+01
3.239700347963800141e+03 1.096067459586334358e+01
3.245100351435700304e+03 1.096073953839159643e+01
3.251144526184099959e+03 1.096081184023943500e+01
3.254915522963799958e+03 1.096085674269987464e+01
3.260315526435700122e+03 1.096092076701357243e+01
3.266714406184099971e+03 1.096099621772149568e+01
3.270168027963799886e+03 1.096103675289251278e+01
3.275568031435700050e+03 1.096109987305785261e+01
3.282321626184099841e+03 1.096117837347720680e+01
3.285457877963800001e+03 1.096121466112746745e+01
3.290857881435700165e+03 1.096127689670146310e+01
3.297966183802000160e+03 1.096135835159496175e+01
3.300785060581700236e+03 1.096139050566319106e+01
3.306185061435699936e+03 1.096145186783256520e+01
3.313648076184099864e+03 1.096153616740967074e+01
3.316149587963800059e+03 1.096156429245638186e+01
3.321549591435699767e+03 1.096162478797667106e+01
3.329082501435700124e+03 1.096170868590286318e+01
3.331551447963800001e+03 1.096173605893438108e+01
3.337236261184100385e+03 1.096179885467084425e+01
3.344503026435700122e+03 1.096187865673997131e+01
3.346990642963800383e+03 1.096190585436025522e+01
3.353011501184099870e+03 1.096197142718262008e+01
3.359960896435700306e+03 1.096204666435102482e+01
3.362467180581699722e+03 1.096207368072339072e+01
3.368824073801999475e+03 1.096214192974212764e+01
3.375456096435700147e+03 1.096221271374331785e+01
3.377981052963799812e+03 1.096223955073805278e+01
3.384673991184100032e+03 1.096231039561791754e+01
3.390988641435700629e+03 1.096237684781228161e+01
3.393532262963799894e+03 1.096240350903335248e+01
3.400561241184099799e+03 1.096247686826429124e+01
3.406558521435700186e+03 1.096253909326999221e+01
3.409120812963800290e+03 1.096256557595652659e+01
3.416485831184100334e+03 1.096264136304559678e+01
3.422165741435700056e+03 1.096269947148790180e+01
3.424746702963800089e+03 1.096272577911544133e+01
3.432410292963800202e+03 1.096280354303979720e+01
3.440409925581700008e+03 1.096288415729971533e+01
3.448092190581699924e+03 1.096296103372369757e+01
3.453492191435700079e+03 1.096301475368878009e+01
3.456465326184099922e+03 1.096304421967100673e+01
3.463811422963799941e+03 1.096311669392713739e+01
3.469211426435700105e+03 1.096316966884957722e+01
3.472520601184100087e+03 1.096320200786641763e+01
3.479567992963799952e+03 1.096327056692338431e+01
3.484967996435700115e+03 1.096332281260507813e+01
3.488613211184100237e+03 1.096335794011375775e+01
3.495361897963800402e+03 1.096342267692538464e+01
3.500761901435700111e+03 1.096347419830382997e+01
3.504743161184100245e+03 1.096351202697902139e+01
3.511193147963800584e+03 1.096357303497333291e+01
3.516593151435700292e+03 1.096362384782321620e+01
3.520910447544699764e+03 1.096366430043790707e+01
3.527061729324399948e+03 1.096372167334182635e+01
3.532461731435700585e+03 1.096377178347143300e+01
3.537115068801999769e+03 1.096381477515819647e+01
3.542967650581699672e+03 1.096386859990398932e+01
3.548367651435700282e+03 1.096391801912675668e+01
3.553357031184099924e+03 1.096396347358014367e+01
3.558910907963799673e+03 1.096401383792050410e+01
3.564310911435700291e+03 1.096406257364341563e+01
3.569636333802000536e+03 1.096411041381904816e+01
3.574891505581699676e+03 1.096415740782146209e+01
3.580291506435699830e+03 1.096420547582945915e+01
3.585952966184100205e+03 1.096425563296119066e+01
3.590909437963800428e+03 1.096429934455341559e+01
3.596309441435699682e+03 1.096434675582116292e+01
3.602306946184100070e+03 1.096439915622557848e+01
3.606964712963800139e+03 1.096443966558407546e+01
3.612364716435699847e+03 1.096448642854599775e+01
3.618698261184099920e+03 1.096454100203133741e+01
3.623057322963800289e+03 1.096457839104187215e+01
3.628457326435699997e+03 1.096462451602518939e+01
3.635126911184100209e+03 1.096468119249620798e+01
3.639187272963800297e+03 1.096471553822037670e+01
3.644587276435700005e+03 1.096476103327563223e+01
3.651592901184099446e+03 1.096481974979468887e+01
3.655354557963799380e+03 1.096485113506844478e+01
3.660754561435699998e+03 1.096489601587510698e+01
3.668096226184100487e+03 1.096495670616572404e+01
3.671559182963799685e+03 1.096498520180162473e+01
3.676959186435699849e+03 1.096502947162625219e+01
3.684636888802000158e+03 1.096509207054202939e+01
3.687801145581699984e+03 1.096511775226970897e+01
3.693201146435700139e+03 1.096516142293870466e+01
3.701182111435699426e+03 1.096522560627074760e+01
3.709480451435700616e+03 1.096529188802097110e+01
3.717480081435700413e+03 1.096535534800000988e+01
3.720397082963800131e+03 1.096537838211053106e+01
3.726147241184100494e+03 1.096542362845293184e+01
3.733815391435700349e+03 1.096548364167048639e+01
3.736751059324400103e+03 1.096550651835907608e+01
3.742818582544699893e+03 1.096555362509824327e+01
3.750188031435699941e+03 1.096561052000243208e+01
3.753142372963799971e+03 1.096563323064153295e+01
3.759527271184100300e+03 1.096568212831154376e+01
3.766598016435749742e+03 1.096573598714399189e+01
3.769571022963849828e+03 1.096575854139093487e+01
3.776273291184099435e+03 1.096580918843707941e+01
3.783045331435750086e+03 1.096586008286572600e+01
3.786037007963850101e+03 1.096588247695773255e+01
3.793056651184100247e+03 1.096593480940531862e+01
3.799529991435700140e+03 1.096598280478315957e+01
3.802540337963799630e+03 1.096600503833949602e+01
3.809877351184099098e+03 1.096605900222542829e+01
3.816051986435700201e+03 1.096610416968311874e+01
3.819081002963799619e+03 1.096612624461887009e+01
3.826735391184099626e+03 1.096618178983708702e+01
3.832611321435750142e+03 1.096622419739711773e+01
3.835659002963850526e+03 1.096624611423040818e+01
3.843630761184099811e+03 1.096630319334313164e+01
3.849207991435700023e+03 1.096634291418352092e+01
3.852274344324399863e+03 1.096636467786403735e+01
3.860441999324450080e+03 1.096642238893235621e+01
3.865842001435750262e+03 1.096646033673600762e+01
3.869048497544700695e+03 1.096648279298585749e+01
3.877113344324400259e+03 1.096653902775988776e+01
3.882513346435700441e+03 1.096657648385858863e+01
3.886037216184100089e+03 1.096660084124334489e+01
3.893822027963799883e+03 1.096665441306299726e+01
3.899222031435700501e+03 1.096669138189680126e+01
3.903063276184099777e+03 1.096671758469671865e+01
3.910568052963800255e+03 1.096676855274238171e+01
3.915968056435700419e+03 1.096680504159688319e+01
3.920126671184100815e+03 1.096683303747928484e+01
3.927351412963799703e+03 1.096688146070946601e+01
3.932751416435700321e+03 1.096691747660601202e+01
3.937227401184099563e+03 1.096694721446239562e+01
3.944172112963799918e+03 1.096699314695252525e+01
3.949572116435700082e+03 1.096702868917259366e+01
3.954365471184099988e+03 1.096706011350855192e+01
3.961030147963799664e+03 1.096710361295208003e+01
3.966430151435699827e+03 1.096713869324355528e+01
3.971540881184100272e+03 1.096717175880216111e+01
3.977925522963800177e+03 1.096721288221581858e+01
3.983325526435700340e+03 1.096724750516149882e+01
3.988753626184100540e+03 1.096728216378241605e+01
3.994858232963800219e+03 1.096732096932528400e+01
4.000258236435699928e+03 1.096735514338149819e+01
4.006003708801999892e+03 1.096739134799059379e+01
4.011828285581700129e+03 1.096742788881079456e+01
4.017228286435699374e+03 1.096746162123775115e+01
4.023291128802000003e+03 1.096749932939620464e+01
4.028835670581750037e+03 1.096753366117300033e+01
4.034235671435750191e+03 1.096756695788250191e+01
4.040615887544699945e+03 1.096760612216955444e+01
4.045880399324399605e+03 1.096763829464462070e+01
4.051280401435699787e+03 1.096767116113556817e+01
4.057977986184100246e+03 1.096771173714806480e+01
4.062962462963800135e+03 1.096774179954719486e+01
4.068362466435699389e+03 1.096777424007960100e+01
4.075377422544700039e+03 1.096781618786207346e+01
4.080081864324399703e+03 1.096784419660949439e+01
4.085481866435699885e+03 1.096787622453657463e+01
4.092814193801999409e+03 1.096791950409297201e+01
4.097238600581700666e+03 1.096794550302463556e+01
4.102638601435700366e+03 1.096797711790154928e+01
4.110288303801999064e+03 1.096802168685133161e+01
4.114432680581749082e+03 1.096804572673723221e+01
4.119832681435750601e+03 1.096807693637378023e+01
4.127799751184099478e+03 1.096812274485477445e+01
4.131664092963800613e+03 1.096814486151421342e+01
4.137064096435700776e+03 1.096817565913918102e+01
4.145348541184100213e+03 1.096822266981985372e+01
4.148932847963849781e+03 1.096824292030915693e+01
4.154332851435749944e+03 1.096827332742206806e+01
4.162836546435749369e+03 1.096832096243921306e+01
4.166238937963849821e+03 1.096833993620135850e+01
4.171737061184100639e+03 1.096837049550000920e+01
4.180161301435699897e+03 1.096841707743233840e+01
4.183582362963799824e+03 1.096843591090392600e+01
4.189379191184099909e+03 1.096846771334355353e+01
4.197523401435750202e+03 1.096851215956829151e+01
4.200963132963849603e+03 1.096853084939967893e+01
4.207058661184099037e+03 1.096856385321206062e+01
4.214922836435700447e+03 1.096860621653360290e+01
4.218381237963800231e+03 1.096862476913465478e+01
4.224775471184099843e+03 1.096865894582525947e+01
4.232359611435699662e+03 1.096869927107821674e+01
4.235836677963799957e+03 1.096871768255387636e+01
4.242529611184099849e+03 1.096875299190731567e+01
4.249833716435699898e+03 1.096879133106714299e+01
4.253329455581700131e+03 1.096880960808731587e+01
4.260321093801999268e+03 1.096884602240920970e+01
4.267345166435699866e+03 1.096888241672906439e+01
4.270859575581700483e+03 1.096890055542452203e+01
4.278149913801999901e+03 1.096893803516958776e+01
4.284893951435750751e+03 1.096897253011988305e+01
4.288427029324450814e+03 1.096899053409058666e+01
4.296016072544700364e+03 1.096902905132764694e+01
4.302480076435699630e+03 1.096906169095648309e+01
4.306031822963799641e+03 1.096907955977425608e+01
4.313919571184099368e+03 1.096911907825152532e+01
4.320103541435700208e+03 1.096914990138489721e+01
4.323673954324399347e+03 1.096916763385148386e+01
4.331860402544700264e+03 1.096920811749273561e+01
4.337764336435750010e+03 1.096923716338913835e+01
4.341353420581749560e+03 1.096925475989790222e+01
4.349838573802000610e+03 1.096929618181385990e+01
4.355462476435700410e+03 1.096932349788678884e+01
4.359070230581700343e+03 1.096934096382083723e+01
4.367797950581700206e+03 1.096938303218621868e+01
4.373197951435699906e+03 1.096940892917822374e+01
4.376880506184099431e+03 1.096942653210501284e+01
4.385570762963800917e+03 1.096946788891236935e+01
4.390970766435699261e+03 1.096949345802491926e+01
4.394952026184099850e+03 1.096951224682103287e+01
4.403380917963850152e+03 1.096955185272230260e+01
4.408780921435750315e+03 1.096957710269144926e+01
4.413060881184100253e+03 1.096959704726520535e+01
4.421228402963800363e+03 1.096963494274125139e+01
4.426628406435700526e+03 1.096965987849770130e+01
4.431207071184099732e+03 1.096968094671253269e+01
4.439113232963800328e+03 1.096971716327732516e+01
4.444513236435700492e+03 1.096974178155089774e+01
4.449390601184099978e+03 1.096976393631426028e+01
4.457035397963800278e+03 1.096979850998992312e+01
4.462435401435699532e+03 1.096982282030861633e+01
4.467611468801999763e+03 1.096984603718011719e+01
4.474994900581700676e+03 1.096987901133527643e+01
4.480394901435699467e+03 1.096990302021980668e+01
4.485869671184099388e+03 1.096992726928222162e+01
4.492991737963850028e+03 1.096995867646434419e+01
4.498391741435750191e+03 1.096998238600468412e+01
4.504165216184100245e+03 1.097000763738934204e+01
4.511025917963799657e+03 1.097003751282837847e+01
4.516425921435699820e+03 1.097006092745241723e+01
4.522498096184100177e+03 1.097008715204914964e+01
4.529097432963800202e+03 1.097011552854317351e+01
4.534497436435699456e+03 1.097013865194458226e+01
4.540868316184099967e+03 1.097016582288187969e+01
4.547206287963800605e+03 1.097019273577756060e+01
4.552606291435699859e+03 1.097021557321788876e+01
4.559275873802000206e+03 1.097024366317280908e+01
4.565352480581699638e+03 1.097026914392824892e+01
4.570752481435699337e+03 1.097029169832815043e+01
4.577720766184100285e+03 1.097032067946918588e+01
4.583536007963849443e+03 1.097034475857159386e+01
4.588936011435750515e+03 1.097036703224673992e+01
4.596203001184100685e+03 1.097039687810805830e+01
4.601756877963800434e+03 1.097041958894974023e+01
4.607156881435700598e+03 1.097044158796880708e+01
4.614722571184100161e+03 1.097047227267671055e+01
4.620015082963800523e+03 1.097049364295459739e+01
4.625415086435699777e+03 1.097051536810876904e+01
4.633279481184099495e+03 1.097054686762173681e+01
4.638310627963849583e+03 1.097056693187408705e+01
4.643710631435750656e+03 1.097058839169709898e+01
4.651873726184099723e+03 1.097062068504958532e+01
4.656643507963849515e+03 1.097063947269378659e+01
4.662043511435749679e+03 1.097066067015682833e+01
4.670505308801999490e+03 1.097069373111501456e+01
4.675013725581749895e+03 1.097071126816350706e+01
4.680413726435750505e+03 1.097073220431741980e+01
4.689174228801999561e+03 1.097076601433951382e+01
4.693421285581749544e+03 1.097078233651100199e+01
4.698821286435751063e+03 1.097080302405809782e+01
4.707880488802000400e+03 1.097083756277327637e+01
4.717242953801999647e+03 1.097087303788406309e+01
4.726367276435749773e+03 1.097090739870239418e+01
4.730348407963850150e+03 1.097092232625912978e+01
4.736005221184100265e+03 1.097094346891946692e+01
4.744868181435699626e+03 1.097097643261138877e+01
4.748867980581700067e+03 1.097099124398522463e+01
4.754804823802001010e+03 1.097101315583581638e+01
4.763406421435750417e+03 1.097104475200422691e+01
4.767424892963849743e+03 1.097105945191376009e+01
4.773641771184099525e+03 1.097108211833939961e+01
4.781982001435699203e+03 1.097111238347800644e+01
4.786019137963799949e+03 1.097112697472014808e+01
4.792516051184099524e+03 1.097115037688982575e+01
4.800594916435699815e+03 1.097117934182249499e+01
4.804650720581700625e+03 1.097119382651450437e+01
4.811427663802000097e+03 1.097121794536817241e+01
4.819245166435699502e+03 1.097124563651370188e+01
4.823319642963800106e+03 1.097126001331711720e+01
4.830376621184101168e+03 1.097128482392635718e+01
4.837932756435750889e+03 1.097131126350433838e+01
4.842025899324449711e+03 1.097132553167351254e+01
4.849362912544700521e+03 1.097135101455663886e+01
4.856657686435750293e+03 1.097137623319337685e+01
4.860769500581750435e+03 1.097139039636106617e+01
4.868386543801999323e+03 1.097141653502585434e+01
4.875419951435750590e+03 1.097144055775857474e+01
4.879550435581750207e+03 1.097145461531497546e+01
4.887447513801999776e+03 1.097148139039494730e+01
4.894219556435699815e+03 1.097150424469870167e+01
4.898368707963800261e+03 1.097151819905291248e+01
4.906545821184099623e+03 1.097154559491029069e+01
4.913056496435749068e+03 1.097156730783658851e+01
4.917224315581750488e+03 1.097158116061568123e+01
4.925681463801999598e+03 1.097160915713181417e+01
4.931930776435699954e+03 1.097162974777828026e+01
4.936117267963799350e+03 1.097164349621582602e+01
4.944854451184099162e+03 1.097167207481193962e+01
4.950842396435749833e+03 1.097169157196678135e+01
4.955047552963849739e+03 1.097170522084450539e+01
4.964064771184100209e+03 1.097173436630470178e+01
4.969791351435700562e+03 1.097175278882907890e+01
4.974015177963800852e+03 1.097176633440759908e+01
4.983312431184100205e+03 1.097179602762296469e+01
4.988777646435701172e+03 1.097181340408346983e+01
4.993020139324400589e+03 1.097182685323923579e+01
5.002401274324400219e+03 1.097185646870985742e+01
5.007801276435699947e+03 1.097187343840334073e+01
5.012258591184099714e+03 1.097188740301660559e+01
5.021462242963799326e+03 1.097191611634544373e+01
5.026862246435700399e+03 1.097193288687947899e+01
5.031599596184100847e+03 1.097194755384724196e+01
5.040560547963799763e+03 1.097197518353218548e+01
5.045960551435699927e+03 1.097199176184126834e+01
5.050977936184099235e+03 1.097200711639194104e+01
5.059696192963800058e+03 1.097203368236314702e+01
5.065096196435699312e+03 1.097205006448558429e+01
5.070393616184100210e+03 1.097206608252080073e+01
5.078869177963800212e+03 1.097209160299638420e+01
5.084269181435699466e+03 1.097210779360150390e+01
5.089846631184100261e+03 1.097212445997439367e+01
5.098079497963850372e+03 1.097214895731014472e+01
5.103479501435749626e+03 1.097216495808218539e+01
5.109336983801999850e+03 1.097218225443345396e+01
5.117327155581750048e+03 1.097220574816819294e+01
5.122727156435749748e+03 1.097222156096201395e+01
5.128864676184099153e+03 1.097223947122482812e+01
5.136612152963800327e+03 1.097226198613246417e+01
5.142012156435700490e+03 1.097227761736787954e+01
5.148429708802000278e+03 1.097229612857725733e+01
5.155934485581699846e+03 1.097231768569625387e+01
5.161334486435699546e+03 1.097233313668226629e+01
5.168032071184099550e+03 1.097235223061173670e+01
5.175294157963799989e+03 1.097237284690776171e+01
5.180694161435699243e+03 1.097238811831391736e+01
5.187671781184100837e+03 1.097240777670149292e+01
5.194691167963800581e+03 1.097242746759025422e+01
5.200091171435699835e+03 1.097244255807554048e+01
5.207348826184099380e+03 1.097246276269500953e+01
5.214125512963850269e+03 1.097248154926639607e+01
5.219525516435750433e+03 1.097249646509291132e+01
5.227063206184100636e+03 1.097251720642969630e+01
5.233597197963849794e+03 1.097253511134746873e+01
5.238997201435749957e+03 1.097254985587328946e+01
5.246814926184099932e+03 1.097257111561317444e+01
5.253106222963799155e+03 1.097258815013411315e+01
5.258506226435699318e+03 1.097260271953112110e+01
5.266603982544700557e+03 1.097262448035642102e+01
5.272652584324400777e+03 1.097264066670138227e+01
5.278052586435700505e+03 1.097265506845101335e+01
5.286430376184100169e+03 1.097267732111132155e+01
5.292236282963850499e+03 1.097269267778063906e+01
5.297636286435749753e+03 1.097270691342665572e+01
5.306294111184100075e+03 1.097272964219038371e+01
5.311857317963799687e+03 1.097274418477046076e+01
5.317257321435699851e+03 1.097275825355904288e+01
5.326195181184099965e+03 1.097278143629177727e+01
5.331515692963799665e+03 1.097279517531513449e+01
5.336915696435699829e+03 1.097280907377401782e+01
5.346133588801999394e+03 1.097283269402891825e+01
5.351211405581700092e+03 1.097284564931208983e+01
5.356611406435700701e+03 1.097285938323719456e+01
5.366109331184099574e+03 1.097288343239085506e+01
5.370944457963849345e+03 1.097289562271760310e+01
5.376344461435749508e+03 1.097290919580872881e+01
5.386098971435750173e+03 1.097293360412238172e+01
5.396114846435750223e+03 1.097295852024117302e+01
5.405888026435750362e+03 1.097298269237775692e+01
5.410522570581750188e+03 1.097299410716621004e+01
5.416207383801999640e+03 1.097300806621532487e+01
5.425714421435699478e+03 1.097303130454432818e+01
5.430367634324399660e+03 1.097304262999727875e+01
5.436313812544700340e+03 1.097305705714031454e+01
5.445578156435699384e+03 1.097307943595806812e+01
5.450250037963800423e+03 1.097309067554334128e+01
5.456457581184100491e+03 1.097310556245741253e+01
5.465479226435700184e+03 1.097312710253149071e+01
5.470169775581699469e+03 1.097313825690983613e+01
5.476638683802000742e+03 1.097315358988413614e+01
5.485417631435750991e+03 1.097317430431409058e+01
5.490126852963850070e+03 1.097318537128555960e+01
5.496857131184100581e+03 1.097320113339477743e+01
5.505393381435750598e+03 1.097322103259382153e+01
5.510121267963850187e+03 1.097323200967627166e+01
5.517112911184100085e+03 1.097324818642446509e+01
5.525406466435750190e+03 1.097326728961613540e+01
5.530153020581749843e+03 1.097327818120253617e+01
5.537406023801999254e+03 1.097329476741198739e+01
5.545456886435748856e+03 1.097331309836196844e+01
5.550222112963850122e+03 1.097332390857445716e+01
5.557736481184099830e+03 1.097334089507020316e+01
5.565544646435750110e+03 1.097335846723657404e+01
5.570328540581749621e+03 1.097336919375508302e+01
5.578104273802000534e+03 1.097338656443220017e+01
5.585669741435700416e+03 1.097340338909485524e+01
5.590472305581700311e+03 1.097341403078014821e+01
5.598509403801999724e+03 1.097343177490611410e+01
5.605832176435699694e+03 1.097344787217407713e+01
5.610653410581699973e+03 1.097345843413609856e+01
5.618951873801999682e+03 1.097347654624367230e+01
5.626031951435749761e+03 1.097349193156072111e+01
5.630871852963849960e+03 1.097350241307154484e+01
5.639431681184099943e+03 1.097352087962238265e+01
5.646269066435749664e+03 1.097353556515068540e+01
5.651127637963850248e+03 1.097354596563704376e+01
5.659948831184100527e+03 1.097356477549526588e+01
5.666543516435700440e+03 1.097357877599370823e+01
5.671420752963800624e+03 1.097358909702887964e+01
5.680503311184100312e+03 1.097360824406586488e+01
5.686855301435699403e+03 1.097362157815273420e+01
5.691751207963799970e+03 1.097363182369306500e+01
5.701095131184099955e+03 1.097365130095960595e+01
5.707204426435700043e+03 1.097366398182357372e+01
5.712119002963800085e+03 1.097367415172762506e+01
5.721724291184099457e+03 1.097369394648963414e+01
5.727590891435749654e+03 1.097370598301572464e+01
5.732524135581749761e+03 1.097371607362840429e+01
5.742390783801999532e+03 1.097373617245176369e+01
5.748014686435750264e+03 1.097374757937531164e+01
5.752966602963850164e+03 1.097375759420550878e+01
5.763075822963799510e+03 1.097377795602441353e+01
5.773446407963800084e+03 1.097379872885977470e+01
5.783574297963800745e+03 1.097381890445780073e+01
5.788974301435699999e+03 1.097382961723945627e+01
5.794225046184099483e+03 1.097384000419284966e+01
5.804110112963800020e+03 1.097385947914478699e+01
5.809510116435699274e+03 1.097387007405647275e+01
5.815022226184099054e+03 1.097388085696588966e+01
5.824683267963800063e+03 1.097389967833295188e+01
5.830083271435699316e+03 1.097391015556672933e+01
5.835856743801999983e+03 1.097392132443396484e+01
5.845293755581699770e+03 1.097393950838865351e+01
5.850693756435700379e+03 1.097394987308468828e+01
5.856728596184099843e+03 1.097396142151640852e+01
5.865941582963851033e+03 1.097397898155891482e+01
5.871341586435750287e+03 1.097398923470022325e+01
5.877637791184100024e+03 1.097400115244971097e+01
5.886626747963799971e+03 1.097401809683435658e+01
5.892026751435700135e+03 1.097402823581622044e+01
5.898584321184101100e+03 1.097404050814023613e+01
5.907349252963800609e+03 1.097405684408679782e+01
5.912749256435699863e+03 1.097406687058207986e+01
5.919568188801999895e+03 1.097407949100187352e+01
5.928109090581700002e+03 1.097409523445564616e+01
5.933509091435699702e+03 1.097410515161904776e+01
5.940589391184100350e+03 1.097411811229235568e+01
5.948906272963850824e+03 1.097413327585987730e+01
5.954306276435750078e+03 1.097414308652357207e+01
5.961647937544700653e+03 1.097415638172471830e+01
5.969740789324449906e+03 1.097417098033674954e+01
5.975140791435749634e+03 1.097418068847810702e+01
5.982743817544700505e+03 1.097419431351184471e+01
5.990612639324400334e+03 1.097420836102974029e+01
5.996012641435700061e+03 1.097421796912669478e+01
6.003877036184100689e+03 1.097423191510804763e+01
6.011521832963850102e+03 1.097424541834552869e+01
6.016921836435750265e+03 1.097425492465380614e+01
6.025047596184100257e+03 1.097426917901685073e+01
6.032468367963800119e+03 1.097428214359208809e+01
6.037868371435699373e+03 1.097429154603922008e+01
6.046255491184099810e+03 1.097430609676129620e+01
6.053452232963850292e+03 1.097431853093295295e+01
6.058852236435750456e+03 1.097432783014149038e+01
6.067500723801999811e+03 1.097434267083131054e+01
6.074473440581749855e+03 1.097435458914190320e+01
6.079873441435750465e+03 1.097436379056270539e+01
6.088783293802000117e+03 1.097437891798850274e+01
6.095531985581699701e+03 1.097439033083101556e+01
6.100102252963799401e+03 1.097439803745484355e+01
6.104004181184099252e+03 1.097440460274025931e+01
6.109404184656000325e+03 1.097441366658147111e+01
6.114616873801999645e+03 1.097442239157620492e+01
6.116571265581699663e+03 1.097442565665197378e+01
6.121971266435699363e+03 1.097443466143786495e+01
6.129385217544700026e+03 1.097444698591353962e+01
6.135742449324400695e+03 1.097445751849397766e+01
6.141142451435701332e+03 1.097446643940431699e+01
6.150712336184100423e+03 1.097448218925480745e+01
6.158807577963850235e+03 1.097449545177807728e+01
6.164207581435749489e+03 1.097450426768360643e+01
6.174690176435699868e+03 1.097452131008235732e+01
6.187487677963799797e+03 1.097454199164087640e+01
6.197988947963799546e+03 1.097455886413874637e+01
6.203388951435699710e+03 1.097456750658909641e+01
6.213908891435749865e+03 1.097458427528004066e+01
6.233247843215499415e+03 1.097461486635711836e+01
6.245326689324449944e+03 1.097463382046837310e+01
6.252266932544699557e+03 1.097464465953444801e+01
6.261283966435750699e+03 1.097465868767048747e+01
6.275476943215450774e+03 1.097468063910705638e+01
6.296647498215450469e+03 1.097471308460664829e+01
6.315004565581749375e+03 1.097474093462284372e+01
6.325617850581700623e+03 1.097475691733085945e+01
6.331017851435700322e+03 1.097476501589342135e+01
6.341649801435750305e+03 1.097478089843980520e+01
6.360383198215449738e+03 1.097480868066318571e+01
6.375604083215399442e+03 1.097483106250050966e+01
6.386216773215400281e+03 1.097484656834364536e+01
6.400985123215449676e+03 1.097486800907807769e+01
6.421043070581750726e+03 1.097489687744994491e+01
6.433644260581750132e+03 1.097491486847039788e+01
6.439044261435748922e+03 1.097492254399700329e+01
6.457241766435749923e+03 1.097494825844452571e+01
6.497587638215449260e+03 1.097500444336791503e+01
6.557264007963800395e+03 1.097508550933738114e+01
6.595214052963850008e+03 1.097513582627697026e+01
6.600614056435750172e+03 1.097514290904523726e+01
6.655418091435700262e+03 1.097521377079085170e+01
6.764309337963799408e+03 1.097534919310930768e+01
6.824643681184099478e+03 1.097542121667209258e+01
6.848852386435749395e+03 1.097544952933177420e+01
6.981952333215449471e+03 1.097559987125664271e+01
7.122792737963800391e+03 1.097574940157825196e+01
7.154741901184099333e+03 1.097578199849066038e+01
7.293241856435699447e+03 1.097591848711210716e+01
7.526190897963799216e+03 1.097613097471275267e+01
7.631439991184100109e+03 1.097622025503082099e+01
7.769939941435701257e+03 1.097633190541881731e+01
8.108742132963799122e+03 1.097658057529087650e+01
8.319844381184098893e+03 1.097671944637736274e+01
8.458344331435700951e+03 1.097680443810878081e+01
8.950010097963800945e+03 1.097707537067334194e+01
9.313975921184099207e+03 1.097724721964486250e+01
9.452475871435701265e+03 1.097730645014761564e+01
1.016489341558170054e+04 1.097757549148560408e+01
1.074961101380199943e+04 1.097775523610731696e+01
1.088811096643570090e+04 1.097779248232085259e+01
1.191931834796380099e+04 1.097803442356000936e+01
1.282282579618409909e+04 1.097819822885406893e+01
1.296132576643570064e+04 1.097821929843168576e+01
1.445290064796380102e+04 1.097841500803954062e+01
1.581677559618410123e+04 1.097854527165644178e+01
1.595527556643574826e+04 1.097855575820088525e+01
1.811167171558174960e+04 1.097869550194969612e+01
2.014036791380199793e+04 1.097878665774398499e+01
2.027886786643575033e+04 1.097879133761857062e+01
2.339533894796384993e+04 1.097888105200065034e+01
2.638411009618410026e+04 1.097893781881938757e+01
2.652261001643574855e+04 1.097893967412221450e+01
3.102553464796385379e+04 1.097899102666476523e+01
3.540075939618410484e+04 1.097902290037073492e+01
3.553925936643575551e+04 1.097902357819061336e+01
4.204437524796384969e+04 1.097905094244500468e+01
4.842179119618410186e+04 1.097906817974055116e+01
4.856029116643570160e+04 1.097906843067118565e+01
5.795679109796379635e+04 1.097908298170143127e+01
6.722559109618410002e+04 1.097909172524438759e+01
6.736409106643569248e+04 1.097909180577692112e+01
8.093606709796383802e+04 1.097909905618950788e+01
9.438034319618415611e+04 1.097910466890057535e+01
9.451884316643574857e+04 1.097910471657487541e+01
1.141206650655817502e+05 1.097911233193073421e+01
1.335947870138020371e+05 1.097912170640931073e+01
1.337332869164358126e+05 1.097912177966133207e+01
1.620428689155817265e+05 1.097913404840674545e+01
1.902247510138019570e+05 1.097913947331164408e+01
1.903632509164357616e+05 1.097913947974053350e+01
2.312477944155817386e+05 1.097914182488124801e+01
2.720046380138020613e+05 1.097914513841062245e+01
2.721431379164357204e+05 1.097914515146535308e+01
3.311873066479638801e+05 1.097914967568772937e+01
3.901037757461841102e+05 1.097915154100905788e+01
3.902422759164356976e+05 1.097915154160146400e+01
4.755109381479638978e+05 1.097915203344628843e+01
5.606519007461841684e+05 1.097915260275224547e+01
5.607904009164357558e+05 1.097915260323363995e+01
