1.500001740000000139e-01 0.000000000000000000e+00
2.999992800999999876e-01 1.606448602012793339e-02
4.499982122000000251e-01 5.464979468398099838e-02
5.499982122000000029e-01 8.981434002647936676e-02
6.499988728000000160e-01 1.280713487130066830e-01
7.499996907000000546e-01 1.684292675385650750e-01
8.499999240000000178e-01 2.102892966248642859e-01
9.500001739999999195e-01 2.532628905413669140e-01
1.050000347999999972e+00 2.970845571624370351e-01
1.150000348000000061e+00 3.415656124854905551e-01
1.299999280100000210e+00 4.093303857093554821e-01
1.449998872800000171e+00 4.779541729980295584e-01
1.549999690699999988e+00 5.239980565959008185e-01
1.649999848000000213e+00 5.702758017217588460e-01
1.749999924000000151e+00 6.167509272911566587e-01
1.850000000000000311e+00 6.633943085295193054e-01
1.950000174000000142e+00 7.101826005511935325e-01
2.050000347999999750e+00 7.570968705866875093e-01
2.150000348000000283e+00 8.041215206281551175e-01
2.250000347999999928e+00 8.512436855201003238e-01
2.399999280099999854e+00 9.221263997156026182e-01
2.549998212200000225e+00 9.931732976137720437e-01
2.649998212200000314e+00 1.040588941950077340e+00
2.749998872799999994e+00 1.088059054801094661e+00
2.849999533400000118e+00 1.135576866984627786e+00
2.949999533400000207e+00 1.183135996772495036e+00
3.049999533399999851e+00 1.230730933603747079e+00
3.149999533400000384e+00 1.278356196471398309e+00
3.249999690700000610e+00 1.326006716282017717e+00
3.349999847999999947e+00 1.373677636268268110e+00
3.449999924000000551e+00 1.421364551775646135e+00
3.549999999999999822e+00 1.469063547839689399e+00
3.650000000000000355e+00 1.516771136450864255e+00
3.750000000000000444e+00 1.564484455545584574e+00
3.850000000000000089e+00 1.612201148820468610e+00
3.950000174000000364e+00 1.659919530623711115e+00
4.099999280100000476e+00 1.731513088310653536e+00
4.249998212200000403e+00 1.803106297994788054e+00
4.349998872799999639e+00 1.850825277060464957e+00
4.449999690699999455e+00 1.898545412309121660e+00
4.549999847999999680e+00 1.946267528295523741e+00
4.649999924000000284e+00 1.993993340280751037e+00
4.750000000000000000e+00 2.041724409619503078e+00
4.850000174000000719e+00 2.089462321028976444e+00
4.950000347999999661e+00 2.137208362521735960e+00
5.056825680100001108e+00 2.188236334222991353e+00
5.206824612200000146e+00 2.259931269075673654e+00
5.349998872799999639e+00 2.328364665160943314e+00
5.449999690700000343e+00 2.376153017221606767e+00
5.549999848000000569e+00 2.423943550962458726e+00
5.649999924000000284e+00 2.471731736064399332e+00
5.750000000000000000e+00 2.519511240924659390e+00
5.850000174000000719e+00 2.567274182516216197e+00
5.950000347999999661e+00 2.615010891876196286e+00
6.064887030100000409e+00 2.669831064827080436e+00
6.214885962200000336e+00 2.741328418808967271e+00
6.349998872800000527e+00 2.805553934307706054e+00
6.449999690699999455e+00 2.852950150525648265e+00
6.549999847999999680e+00 2.900224117325590711e+00
6.649999924000000284e+00 2.947354808887775235e+00
6.750000000000000000e+00 2.994319866818370368e+00
6.850000174000000719e+00 3.041096035788433127e+00
6.950000348000000550e+00 3.087659520852550354e+00
7.076948880099999784e+00 3.146461503881547994e+00
7.214285662200000893e+00 3.209680316561975388e+00
7.337336062200000342e+00 3.265857813996871695e+00
7.449998212200000580e+00 3.316782078008066570e+00
7.549998872800000704e+00 3.361569871999390724e+00
7.649999690699999633e+00 3.405983598590310191e+00
7.749999923999999929e+00 3.450003242922433433e+00
7.850000173999999831e+00 3.493610655564515888e+00
7.950000347999999661e+00 3.536788813439750712e+00
8.050000951999999543e+00 3.579522454525347452e+00
8.150001806000000570e+00 3.621797533159380134e+00
8.297405634100000427e+00 3.683259480369620142e+00
8.447403712199999859e+00 3.744726856410676596e+00
8.549998872799999816e+00 3.786118916158576209e+00
8.649999690700001409e+00 3.825949426448399748e+00
8.749999847999999858e+00 3.865272643703344446e+00
8.849999924000000462e+00 3.904087046657290117e+00
8.950000173999999475e+00 3.942392791545321185e+00
9.050000952000001320e+00 3.980192059316791653e+00
9.150001806000002347e+00 4.017488567324792648e+00
9.256429505999999918e+00 4.056637364849309257e+00
9.385897374099998913e+00 4.103537745965055272e+00
9.529468027200000080e+00 4.154641216308534446e+00
9.649998907799998804e+00 4.196801569181660696e+00
9.749999705699998742e+00 4.231287707154083755e+00
9.849999928999999099e+00 4.265364003827889938e+00
9.950000183999998526e+00 4.299056820218454256e+00
1.005000096200000037e+01 4.332397862252377330e+00
1.015000180600000057e+01 4.365423874641730428e+00
1.027752404410000153e+01 4.407186427208622526e+00
1.042752214719999948e+01 4.455945937987116245e+00
1.054999890779999916e+01 4.495555681519316060e+00
1.064999970569999910e+01 4.527870287433056973e+00
1.074999992899999945e+01 4.560304360557610792e+00
1.085000018400000066e+01 4.593013292918187496e+00
1.095000096200000073e+01 4.626151446710019322e+00
1.105000180600000093e+01 4.659804748593008306e+00
1.115000205599999994e+01 4.693968565490144407e+00
1.130000015909999966e+01 4.745952076409825970e+00
1.144999890779999951e+01 4.798563480061955211e+00
1.154999970569999945e+01 4.833845777641921693e+00
1.164999992899999981e+01 4.869159476564665745e+00
1.175000018399999924e+01 4.904429107249441699e+00
1.185000036799999990e+01 4.939606487157800707e+00
1.195000096200000073e+01 4.974663645553045299e+00
1.205000180599999915e+01 5.009581962861886062e+00
1.215000205599999816e+01 5.044345850269079889e+00
1.230000015909999966e+01 5.096135482849080134e+00
1.244999890779999951e+01 5.147405666308544347e+00
1.254999970569999945e+01 5.181238032552293760e+00
1.264999992900000159e+01 5.214735924678469026e+00
1.275000018399999924e+01 5.247866868679187391e+00
1.285000036799999990e+01 5.280607291980421891e+00
1.295000096199999895e+01 5.312941423876689662e+00
1.305000180599999915e+01 5.344860027291790772e+00
1.315000205599999994e+01 5.376359350074561227e+00
1.330000015909999966e+01 5.422829983283863342e+00
1.344999890779999951e+01 5.468377676284132960e+00
1.354999970570000123e+01 5.498239740523120034e+00
1.364999992899999981e+01 5.527713687175655366e+00
1.375000018399999924e+01 5.556811010510389615e+00
1.385000036800000167e+01 5.585543916603270986e+00
1.395000096200000073e+01 5.613925319439433181e+00
1.405000180600000270e+01 5.641968374883834514e+00
1.415000205600000172e+01 5.669686403529499152e+00
1.430000015910000144e+01 5.710692324560774580e+00
1.444999890780000129e+01 5.751047087055785489e+00
1.454999970569999945e+01 5.777607825138801445e+00
1.464999992900000159e+01 5.803916095895834459e+00
1.475000018400000101e+01 5.829987146595273728e+00
1.485000036799999990e+01 5.855835730522634286e+00
1.495000096200000250e+01 5.881476127022237321e+00
1.505000180599999737e+01 5.906921136468057831e+00
1.515000205599999994e+01 5.932181809209137846e+00
1.530000015910000322e+01 5.969754399110699161e+00
1.544999890780000307e+01 6.006967480213250887e+00
1.554999970570000123e+01 6.031587240101002223e+00
1.564999992900000159e+01 6.056065562077464826e+00
1.575000018400000279e+01 6.080407381223525753e+00
1.585000036799999812e+01 6.104615961413945691e+00
1.595000096200000073e+01 6.128693603201574192e+00
1.605000180600000093e+01 6.152641967269643963e+00
1.616787921909999781e+01 6.180708315468291580e+00
1.631787732219999754e+01 6.216171532574127134e+00
1.644999890779999774e+01 6.247177722993310311e+00
1.654999955339999929e+01 6.270505530069489630e+00
1.664999955340000071e+01 6.293716838343048181e+00
1.674999970570000229e+01 6.316815051919905777e+00
1.684999985800000033e+01 6.339803431720433480e+00
1.694999992900000052e+01 6.362685267152484947e+00
1.705000000000000071e+01 6.385463803754910295e+00
1.715000018400000315e+01 6.408142027599142310e+00
1.725000096200000144e+01 6.430722476665805765e+00
1.735000180600000164e+01 6.453206958791959380e+00
1.750000102800000334e+01 6.486758174993929593e+00
1.765000077799999900e+01 6.520102181079940884e+00
1.775000155600000085e+01 6.542217791641716573e+00
1.785000180600000164e+01 6.564244030127976082e+00
1.798733965599999962e+01 6.594351440328915182e+00
1.813733862799999841e+01 6.627046526063587351e+00
1.825000000000000000e+01 6.651473689689725077e+00
1.835000000000000142e+01 6.673063116832999242e+00
1.845000077799999971e+01 6.694566412318208037e+00
1.855000180600000093e+01 6.715983612143951120e+00
1.870000102800000263e+01 6.747947862375919037e+00
1.885000000000000142e+01 6.779717602605884075e+00
1.895000077800000327e+01 6.800788813070639094e+00
1.905000180600000093e+01 6.821772570573318539e+00
1.920000102799999908e+01 6.853082365494496564e+00
1.935000000000000142e+01 6.884190950190295588e+00
1.945000077800000327e+01 6.904816933369032128e+00
1.955000180600000093e+01 6.925351445259138039e+00
1.970000102799999908e+01 6.955980196391535308e+00
1.985000000000000142e+01 6.986399733140371993e+00
1.995000077800000327e+01 7.006562195178262620e+00
2.005000180600000093e+01 7.026629903400143817e+00
2.017947155600000286e+01 7.052468993658174590e+00
2.032947052800000520e+01 7.082201871409660399e+00
2.045000078300000368e+01 7.105933004042594980e+00
2.055000182100000217e+01 7.125512115106329425e+00
2.065000207599999982e+01 7.144990037407831451e+00
2.075482214410000026e+01 7.165297221328823518e+00
2.088247351720000111e+01 7.189875250702510101e+00
2.102765241110000005e+01 7.217622525195452887e+00
2.115000000000000213e+01 7.240833727744325543e+00
2.125000078300000084e+01 7.259686933541304121e+00
2.135000156599999954e+01 7.278432757487359517e+00
2.145000156600000452e+01 7.297069966550941977e+00
2.155000182099999861e+01 7.315597634384500836e+00
2.165000207599999982e+01 7.334014586540256175e+00
2.176821749409999640e+01 7.355642072775492757e+00
2.191195449219999603e+01 7.381726126666373844e+00
2.204373803610000238e+01 7.405433351465798175e+00
2.215000000000000213e+01 7.424403159952701614e+00
2.225000078300000084e+01 7.442135262355047409e+00
2.235000156599999954e+01 7.459750374005199802e+00
2.245000156600000096e+01 7.477247594337028680e+00
2.255000182100000217e+01 7.494626362176796341e+00
2.265000207599999626e+01 7.511885940617683666e+00
2.280000103800000133e+01 7.537550511409078169e+00
2.295000078300000368e+01 7.562943861967502457e+00
2.305000182099999861e+01 7.579721238136319705e+00
2.315000207599999982e+01 7.596376750047719284e+00
2.329766101600000283e+01 7.620747102360286185e+00
2.344765997800000079e+01 7.645230432149618949e+00
2.355000000000000071e+01 7.661776211552254523e+00
2.365000000000000213e+01 7.677819657548796251e+00
2.375000078300000084e+01 7.693740732253586678e+00
2.385000156599999599e+01 7.709539456154094417e+00
2.395000156600000096e+01 7.725215921934219132e+00
2.405000182099999861e+01 7.740770567309736450e+00
2.415000207599999982e+01 7.756203676115498880e+00
2.430000103800000488e+01 7.779126670081374151e+00
2.445000078300000368e+01 7.801778571319262667e+00
2.455000182100000217e+01 7.816729698414987659e+00
2.465000207599999982e+01 7.831561393998084597e+00
2.480000103800000488e+01 7.853587033036722787e+00
2.495000078300000368e+01 7.875347917769059514e+00
2.505000182100000217e+01 7.889708913974752491e+00
2.515000207599999982e+01 7.903953913677177923e+00
2.525400947910000227e+01 7.918647649668527855e+00
2.538779357409999804e+01 7.937366784730511604e+00
2.553378513299999852e+01 7.957562809097555423e+00
2.565000000000000213e+01 7.973467988909167303e+00
2.575000078300000084e+01 7.987033059735450635e+00
2.585000156599999954e+01 8.000486700020305264e+00
2.595000156600000452e+01 8.013829204069228496e+00
2.605000182099999861e+01 8.027061158030901922e+00
2.615000207599999982e+01 8.040183023244310334e+00
2.625848810409999956e+01 8.054294541424022569e+00
2.640325681719999906e+01 8.072926207632365347e+00
2.654476975109999870e+01 8.090919148812194095e+00
2.665000000000000213e+01 8.104158142728245195e+00
2.675000078300000084e+01 8.116628026618867509e+00
2.685000156599999954e+01 8.128989195579006122e+00
2.695000156600000096e+01 8.141241033793825466e+00
2.705000182100000217e+01 8.153383175851377729e+00
2.715000207599999626e+01 8.165415220577079580e+00
2.730000103800000133e+01 8.183256587359297285e+00
2.745000078300000013e+01 8.200849784955698496e+00
2.755000182099999861e+01 8.212440742269359717e+00
2.765000207599999982e+01 8.223921601001896065e+00
2.778793162599999533e+01 8.239575861006347424e+00
2.793793058800000040e+01 8.256359169758015426e+00
2.805000000000000071e+01 8.268733441524993566e+00
2.815000000000000568e+01 8.279655326066865939e+00
2.830000000000000071e+01 8.295826934201084413e+00
2.850000000000000000e+01 8.316996866343258077e+00
2.865000000000000568e+01 8.332581955921295247e+00
2.879141072299999848e+01 8.347048985315929315e+00
2.894141072300000062e+01 8.362159632203802317e+00
2.905000000000000426e+01 8.372949622801076686e+00
2.914999999999999858e+01 8.382777612590844640e+00
2.929999999999999716e+01 8.397329216365374549e+00
2.950000000000000355e+01 8.416384360909798801e+00
2.965000000000000213e+01 8.430420819724664838e+00
2.975148958200000138e+01 8.439797249194723960e+00
2.990148958199999996e+01 8.453484024153841148e+00
3.004999999999999716e+01 8.466837965128004129e+00
3.015000000000000213e+01 8.475722258668167086e+00
3.030000000000000071e+01 8.488894226990975511e+00
3.050000000000000355e+01 8.506179788965313904e+00
3.065000000000000213e+01 8.518942879167726190e+00
3.080000000000000071e+01 8.531541548747860304e+00
3.100000000000000355e+01 8.548094727905157342e+00
3.115000000000000213e+01 8.560330363627430827e+00
3.129746040610000080e+01 8.572214840847740547e+00
3.144746040609999937e+01 8.584162296105231960e+00
3.155000000000000071e+01 8.592249263669190285e+00
3.165000000000000213e+01 8.600075146371803925e+00
3.180000000000000071e+01 8.611704568548448790e+00
3.200000000000000711e+01 8.627010855493288943e+00
3.215000000000000568e+01 8.638343159000097415e+00
3.225000000000000000e+01 8.645828992706157123e+00
3.240000000000000568e+01 8.656956344387547020e+00
3.255000000000000426e+01 8.667963217989175462e+00
3.265000000000000568e+01 8.675234933972584273e+00
3.275000000000000000e+01 8.682454665208997113e+00
3.287861015610000237e+01 8.691664790316403710e+00
3.302861015610000095e+01 8.702301465464008956e+00
3.314999999999999858e+01 8.710827513907725361e+00
3.325000000000000000e+01 8.717796975321968844e+00
3.340000000000000568e+01 8.728160859121343762e+00
3.354999999999999716e+01 8.738417389611964126e+00
3.364999999999999858e+01 8.745195998723374942e+00
3.375000000000000000e+01 8.751928084999073931e+00
3.390000000000000568e+01 8.761940571572761627e+00
3.404999999999999716e+01 8.771851690459941508e+00
3.414999999999999858e+01 8.778403633567561926e+00
3.425000000000000000e+01 8.784912207904913117e+00
3.439999999999999858e+01 8.794595561223367497e+00
3.454999999999999716e+01 8.804184935383286614e+00
3.464999999999999858e+01 8.810526395835555746e+00
3.475000000000000711e+01 8.816827552570558169e+00
3.488191770299999916e+01 8.825079378580266365e+00
3.503191770300000485e+01 8.834380044208369753e+00
3.514999999999999858e+01 8.841641033862689625e+00
3.525000000000000711e+01 8.847749195835316272e+00
3.540000000000000568e+01 8.856842997440791621e+00
3.554999999999999716e+01 8.865856111852947308e+00
3.565000000000000568e+01 8.871820801253399225e+00
3.575000000000000711e+01 8.877751101283104518e+00
3.587041768800000341e+01 8.884847454040325943e+00
3.602041768800000199e+01 8.893620011031192263e+00
3.615000000000000568e+01 8.901139443299069143e+00
3.625000000000000711e+01 8.906905511050400293e+00
3.640000000000000568e+01 8.915496123081446456e+00
3.655000000000000426e+01 8.924017593783311497e+00
3.665000000000000568e+01 8.929660750150764770e+00
3.675000000000000711e+01 8.935274338800722305e+00
3.689999999999999858e+01 8.943640544218276034e+00
3.705000000000000426e+01 8.951942741778077917e+00
3.715000000000000568e+01 8.957442506349092781e+00
3.725000000000000711e+01 8.962914834102058137e+00
3.739999999999999858e+01 8.971072905622957450e+00
3.755000000000000426e+01 8.979171270279449502e+00
3.765000000000000568e+01 8.984537432598832751e+00
3.775000000000000000e+01 8.989877889764267493e+00
3.789999999999999858e+01 8.997841275067312239e+00
3.805000000000000426e+01 9.005748617304785597e+00
3.814999999999999858e+01 9.010989439026680259e+00
3.825000000000000000e+01 9.016206134854703791e+00
3.835000000000000142e+01 9.021399005161081064e+00
3.845420163800000779e+01 9.026785034098203653e+00
3.860420163799999926e+01 9.034494220446232404e+00
3.875000000000000000e+01 9.041938159794449703e+00
3.885000000000000853e+01 9.047016009619328614e+00
3.900000000000000000e+01 9.054591261973897076e+00
3.914999999999999858e+01 9.062117184122142177e+00
3.925000000000000711e+01 9.067107329563210527e+00
3.935000000000000853e+01 9.072076099157239781e+00
3.949063755800001019e+01 9.079028409787699871e+00
3.964063755800000166e+01 9.086398129990476136e+00
3.975000000000000711e+01 9.091742017414720323e+00
3.985000000000000853e+01 9.096607127810067084e+00
4.001598810610000356e+01 9.104638619012392908e+00
4.024516166220000457e+01 9.115638480191988080e+00
4.061388893409999667e+01 9.133127683489853155e+00
4.096378425599999673e+01 9.149490728433972819e+00
4.138848618409999602e+01 9.169053239901304053e+00
4.183471031220000214e+01 9.189258155341006429e+00
4.207275508409999532e+01 9.199893878658608415e+00
4.229196795600000058e+01 9.209605414745754004e+00
4.286602128410000034e+01 9.234672181049337070e+00
4.345039313409999693e+01 9.259645389794297188e+00
4.365748950599999745e+01 9.268365243373306583e+00
4.435757405599999714e+01 9.297383439652287862e+00
4.506034890600000153e+01 9.325798322748530822e+00
4.577910240599999980e+01 9.354152513443091621e+00
4.650054615599999863e+01 9.381929724897764444e+00
4.677849528410000346e+01 9.392448758760798100e+00
4.741080308410000299e+01 9.416031228800189723e+00
4.797808125600000295e+01 9.436786660744312272e+00
4.826276628409999603e+01 9.447060059515381525e+00
4.856628326219999536e+01 9.457910113196811963e+00
4.903768958410000067e+01 9.474562077423183126e+00
4.949295420600000028e+01 9.490419617001522923e+00
4.990832168409999525e+01 9.504696447353053301e+00
5.034252111220000359e+01 9.519427312318143208e+00
5.070191388410000144e+01 9.531475014444419358e+00
5.104516500599999773e+01 9.542863473629545012e+00
5.159121493410000170e+01 9.560745831751868096e+00
5.215609676220000068e+01 9.578941906500368475e+00
5.240347598409999819e+01 9.586814491221337775e+00
5.263471360599999826e+01 9.594122889887103156e+00
5.331144598409999702e+01 9.615237965938876030e+00
5.400701026219999790e+01 9.636513621419879883e+00
5.426094198410000757e+01 9.644173415024305029e+00
5.506901488409999956e+01 9.668193410652159869e+00
5.589526166220000647e+01 9.692192666909052789e+00
5.676804978410000047e+01 9.716947848707645718e+00
5.759210133410000054e+01 9.739776318144798495e+00
5.782085091220000805e+01 9.746019091722073924e+00
5.860029443410000027e+01 9.767004711368286962e+00
5.936628655600000570e+01 9.787197064500292143e+00
5.956696138409999719e+01 9.792416007370700726e+00
5.978377791220000148e+01 9.798022643868446124e+00
6.046987683409999192e+01 9.815552387538975410e+00
6.114252435600000979e+01 9.832425646632756866e+00
6.145521278409999866e+01 9.840164035280482224e+00
6.178404286220001040e+01 9.848231493819758597e+00
6.237679713410000204e+01 9.862596325494690674e+00
6.295610005600001102e+01 9.876415896440139619e+00
6.338080198410000321e+01 9.886410653282913685e+00
6.382164556219998985e+01 9.896664978863201512e+00
6.432105528409999806e+01 9.908136164361668108e+00
6.480701360599999816e+01 9.919152171922634764e+00
6.534372908409999070e+01 9.931153239676534739e+00
6.589658621220000612e+01 9.943335306522008921e+00
6.630265128410000841e+01 9.952167798869590243e+00
6.669526500599999963e+01 9.960616983629444476e+00
6.734399398409999549e+01 9.974385601473734653e+00
6.800886461219998580e+01 9.988249006745309799e+00
6.832158508409999342e+01 9.994683303128628182e+00
6.862085415600000715e+01 1.000079055267501360e+01
6.938159668410000336e+01 1.001609820194822653e+01
7.015848091220001947e+01 1.003140837891024795e+01
7.037785678410000401e+01 1.003567262233260493e+01
7.058378125600000885e+01 1.003965255416892610e+01
7.145653733410000541e+01 1.005628072481480118e+01
7.231254613410000331e+01 1.007221008804837581e+01
7.258404615599999943e+01 1.007718382718114114e+01
7.356881573409999930e+01 1.009492448629749539e+01
7.456972696219999364e+01 1.011247196804214177e+01
7.563853878410000675e+01 1.013068541437457881e+01
7.660639813410000443e+01 1.014672236094424562e+01
7.675724748409999165e+01 1.014918243813258947e+01
7.692154818410000416e+01 1.015185020593727216e+01
7.782549293409999791e+01 1.016631860331948189e+01
7.880886795600000028e+01 1.018165405756010067e+01
7.912986148410000453e+01 1.018656822788261351e+01
8.004978488410000637e+01 1.020041620230354518e+01
8.095848420600000850e+01 1.021375462534879830e+01
8.120583138410000856e+01 1.021732638275583049e+01
8.146662996220000252e+01 1.022106557795401471e+01
8.231141468410000073e+01 1.023299741929085194e+01
8.314543830599998842e+01 1.024450861724091411e+01
8.348613008409999736e+01 1.024913382184196919e+01
8.384027326220000020e+01 1.025389494160918780e+01
8.461038233409999521e+01 1.026409115973555330e+01
8.536973030600000811e+01 1.027393703219242305e+01
8.580376668410001173e+01 1.027947210044029269e+01
8.625125441219999800e+01 1.028510880039397435e+01
8.694668778409999277e+01 1.029373343795770879e+01
8.763136005599999123e+01 1.030206738568032776e+01
8.815874108410000076e+01 1.030838063713428632e+01
8.869957351219998998e+01 1.031475969909049084e+01
8.932033118410001293e+01 1.032196678816597846e+01
8.993032775600001116e+01 1.032893313750331643e+01
9.055105338410000115e+01 1.033590477034375787e+01
9.118523036220000222e+01 1.034290592287646149e+01
9.173131233409998231e+01 1.034883899974628285e+01
9.226663320599999452e+01 1.035457259014638076e+01
9.298070343410000760e+01 1.036209445179477839e+01
9.370822506220000037e+01 1.036960999681328133e+01
9.417963138410000568e+01 1.037440192343091638e+01
9.464027660600000047e+01 1.037902794932788808e+01
9.544769143409999401e+01 1.038700315178970612e+01
9.626855761219999863e+01 1.039493737579694432e+01
9.666528823410001792e+01 1.039871032826821562e+01
9.705125775599999827e+01 1.040234428818607526e+01
9.736850188569999887e+01 1.040530437281394072e+01
9.809419951380000668e+01 1.041198500077493883e+01
9.886622801219999701e+01 1.041895392220834715e+01
9.918828298409999888e+01 1.042181954743898586e+01
9.949957680599999321e+01 1.042456738030678132e+01
1.004936808341000045e+02 1.043320022566480354e+01
1.015012362622000097e+02 1.044172818515101575e+01
1.017486154840999859e+02 1.044378805601736637e+01
1.019852336560000055e+02 1.044574651730112969e+01
1.030726823340999800e+02 1.045460259407807868e+01
1.041523921840999805e+02 1.046316013502485021e+01
1.045082284060000006e+02 1.046592975884733079e+01
1.056890216341000013e+02 1.047495218308234755e+01
1.067847101340999956e+02 1.048309205445058900e+01
1.070685609559999989e+02 1.048516468655429001e+01
1.083426987841000084e+02 1.049429968352870546e+01
1.096428791341000135e+02 1.050333648087921112e+01
1.109823903560000105e+02 1.051235823300438987e+01
1.121613596340999948e+02 1.052006525697314743e+01
1.123525630840999980e+02 1.052129451431555118e+01
1.136360675059999892e+02 1.052941067584002077e+01
1.149056911341000102e+02 1.053720527437068633e+01
1.162591879340999981e+02 1.054526859058255006e+01
1.176873604340999862e+02 1.055351259286039678e+01
1.190595261840999939e+02 1.056118712039901553e+01
1.205063673840999883e+02 1.056902954542517392e+01
1.218972020840999875e+02 1.057633555199105402e+01
1.233627125840999952e+02 1.058379765084988122e+01
1.247722161341000060e+02 1.059075429643384325e+01
1.262563956341000164e+02 1.059785613783543923e+01
1.276845681840999873e+02 1.060448160715781540e+01
1.291874161840999875e+02 1.061124230166122828e+01
1.306342576840999925e+02 1.061755395709780991e+01
1.321557746841000096e+02 1.062399170046117547e+01
1.336212851841000031e+02 1.063000612228787389e+01
1.351614711840999803e+02 1.063613833051863189e+01
1.366456501840999920e+02 1.064187143889911091e+01
1.382045051840999861e+02 1.064771481188995139e+01
1.397073536841000134e+02 1.065318192065893221e+01
1.412848776840999676e+02 1.065875251584311201e+01
1.428063946840999847e+02 1.066396837707707768e+01
1.444025876841000127e+02 1.066928164875174012e+01
1.459427736841000183e+02 1.067426048079616230e+01
1.468253404357000136e+02 1.067704989377560310e+01
1.477727719638000110e+02 1.067999474534017246e+01
1.491164901841000017e+02 1.068408554658460297e+01
1.507500211841000066e+02 1.068892796177977189e+01
1.523275451840999892e+02 1.069347292483646861e+01
1.539797446841000124e+02 1.069810044722117048e+01
1.555759371840999847e+02 1.070244727695076037e+01
1.572468056840999679e+02 1.070687258599829583e+01
1.588616676841000128e+02 1.071103290463356039e+01
1.605512051841000130e+02 1.071526796651068381e+01
1.621847356840999907e+02 1.071925267341396903e+01
1.638929416841000091e+02 1.072330861941035884e+01
1.655451411840999754e+02 1.072712781362399603e+01
1.672720166841000093e+02 1.073101494022715485e+01
1.689428851840999926e+02 1.073467798802558093e+01
1.706884291840999879e+02 1.073840581327714006e+01
1.723779666840999880e+02 1.074192128715152705e+01
1.741421796841000003e+02 1.074549848350095438e+01
1.758503861840999889e+02 1.074887424035883399e+01
1.776332681840999896e+02 1.075230878663484546e+01
1.793601431840999965e+02 1.075555204820407695e+01
1.811616941841000141e+02 1.075885125442290580e+01
1.829072381841000094e+02 1.076196861115786518e+01
1.847228071559999876e+02 1.076513114643746860e+01
1.877186609357000009e+02 1.077018092622951961e+01
1.895015429356999732e+02 1.077308834300679585e+01
1.901134426840999936e+02 1.077406982266597169e+01
1.919149936841000113e+02 1.077691385256295042e+01
1.937725511841000241e+02 1.077977567336965059e+01
1.955927706841000031e+02 1.078251256078791087e+01
1.974689971841000045e+02 1.078526626485211892e+01
1.993078861840999707e+02 1.078790081665311362e+01
2.012027816840999890e+02 1.079055126337959791e+01
2.030603391841000018e+02 1.079308802693994807e+01
2.049739036841000370e+02 1.079563982757686880e+01
2.068501306841000371e+02 1.079808312545261373e+01
2.087823641840999755e+02 1.080054065107140815e+01
2.106772596840999938e+02 1.080289457810718368e+01
2.126281621841000060e+02 1.080526197314385328e+01
2.145417266841000128e+02 1.080753041244460988e+01
2.165112976841000147e+02 1.080981159581842022e+01
2.184435311840999816e+02 1.081199821573868824e+01
2.204317716840999708e+02 1.081419688644123234e+01
2.220903205138000089e+02 1.081599215545355896e+01
2.235325104857000156e+02 1.081752542997201871e+01
2.243895826840999916e+02 1.081842451985708742e+01
2.263591541841000208e+02 1.082045785806808347e+01
2.283847321841000166e+02 1.082250211058628864e+01
2.303729721840999787e+02 1.082446374343755124e+01
2.324172191841000199e+02 1.082643565163703947e+01
2.344241281840999989e+02 1.082832842559368558e+01
2.364870436840999730e+02 1.083023084846879769e+01
2.385126216840999689e+02 1.083205743413347122e+01
2.405942066841000155e+02 1.083389305794824509e+01
2.426384536840999999e+02 1.083565597064636243e+01
2.447387071841000079e+02 1.083742733317175144e+01
2.468016231841000092e+02 1.083912896081933397e+01
2.489205461841000044e+02 1.084083848302666020e+01
2.510021306840999671e+02 1.084248143354644434e+01
2.531397221841000089e+02 1.084413270622469838e+01
2.552399761841000156e+02 1.084572098990911471e+01
2.573962366840999607e+02 1.084731750133000006e+01
2.595151591841000140e+02 1.084885365630906406e+01
2.616900881841000341e+02 1.085039773487518389e+01
2.638276796841000191e+02 1.085188399589921815e+01
2.660212781840999696e+02 1.085337794237414322e+01
2.680530152137999949e+02 1.085473422282389855e+01
2.690844891857000221e+02 1.085541291606771885e+01
2.696085524856999882e+02 1.085575533362125888e+01
2.705134867154000062e+02 1.085634313646194116e+01
2.712947399138000719e+02 1.085684713730915441e+01
2.717814653638000095e+02 1.085715955698630530e+01
2.724603885653999669e+02 1.085759344134579507e+01
2.732436583856999732e+02 1.085809138191724266e+01
2.736930459856999960e+02 1.085837584315424564e+01
2.740135610653999834e+02 1.085857826315682217e+01
2.742499018153999941e+02 1.085872733153713199e+01
2.743499018154000169e+02 1.085879035293313422e+01
2.744499020654000105e+02 1.085885333410199749e+01
2.745499023154000042e+02 1.085891627528697612e+01
2.746999020654000105e+02 1.085901061281345292e+01
2.748499018154000169e+02 1.085910486276510056e+01
2.749499020654000105e+02 1.085916764828402314e+01
2.750499023154000042e+02 1.085923039602361762e+01
2.751999020654000105e+02 1.085932444770753591e+01
2.753499018154000169e+02 1.085941841719475320e+01
2.754499020654000105e+02 1.085948101883512962e+01
2.755499023154000042e+02 1.085954358529207830e+01
2.756999020654000105e+02 1.085963737015818609e+01
2.758499018154000169e+02 1.085973107918957403e+01
2.759499020654000105e+02 1.085979351086504785e+01
2.760499023154000042e+02 1.085985591074111412e+01
2.761997106153999653e+02 1.085994933469354073e+01
2.763497103654000284e+02 1.086004281361395307e+01
2.764499020654000105e+02 1.086010521771137149e+01
2.765499023154000042e+02 1.086016747591720488e+01
2.766999020654000674e+02 1.086026081514785346e+01
2.768499018154000169e+02 1.086035409931313644e+01
2.769499020654000105e+02 1.086041625968489299e+01
2.770499023154000042e+02 1.086047839794144032e+01
2.771999020654000105e+02 1.086057156619638064e+01
2.773499018154000169e+02 1.086066469062330420e+01
2.774499020654000105e+02 1.086072675104272989e+01
2.775499023154000042e+02 1.086078879489829419e+01
2.776804655653999703e+02 1.086086977868232850e+01
2.778304653154000334e+02 1.086096279020634725e+01
2.779499020654000105e+02 1.086103683163569755e+01
2.780499023154000042e+02 1.086109881406214228e+01
2.781999020654000105e+02 1.086119177667489843e+01
2.783499018154000169e+02 1.086128473113321924e+01
2.784499020654000105e+02 1.086134669900050831e+01
2.785499023154000042e+02 1.086140866793064674e+01
2.786999020654000105e+02 1.086150162846258915e+01
2.788499018154000169e+02 1.086159460352096673e+01
2.789499020654000105e+02 1.086165659848666820e+01
2.790499023154000042e+02 1.086171860604077466e+01
2.791999020654000105e+02 1.086181164790042430e+01
2.793499018153999600e+02 1.086190473417457802e+01
2.794499020654000105e+02 1.086196682099741295e+01
2.795499023154000042e+02 1.086202893579657136e+01
2.796999020654000105e+02 1.086212217001231473e+01
2.798499018154000169e+02 1.086221548914014612e+01
2.799499020654000105e+02 1.086227775536747409e+01
2.800499023154000042e+02 1.086234007075545094e+01
2.801679483654000364e+02 1.086241370259102013e+01
2.803179481154000428e+02 1.086250739162066203e+01
2.804499020654000105e+02 1.086258993853023114e+01
2.805499023153999474e+02 1.086265258630289843e+01
2.806806467654000130e+02 1.086273463094595115e+01
2.808306465153999625e+02 1.086282897166598538e+01
2.809499020654000105e+02 1.086290415527622422e+01
2.810499023154000042e+02 1.086296733630153888e+01
2.811746762653999667e+02 1.086304636773915355e+01
2.813246760154000299e+02 1.086314170275389124e+01
2.814499020654000105e+02 1.086322159315318459e+01
2.815499023154000042e+02 1.086328561033325180e+01
2.816500368154000284e+02 1.086334993284518724e+01
2.818000365654000348e+02 1.086344675843916718e+01
2.819499020654000105e+02 1.086354412698057281e+01
2.820499023154000042e+02 1.086360948979465135e+01
2.821999020654000105e+02 1.086370824643155508e+01
2.823499018154000169e+02 1.086380796960811246e+01
2.824499020654000105e+02 1.086387506359285382e+01
2.825499023154000042e+02 1.086394273611228023e+01
2.826999020654000105e+02 1.086404555579300890e+01
2.828499018154000169e+02 1.086415020703444156e+01
2.829499020654000105e+02 1.086422117551152233e+01
2.830499023154000611e+02 1.086429333657177665e+01
2.831999020654000105e+02 1.086440448971871575e+01
2.833499018154000169e+02 1.086451998178583267e+01
2.834499020654000105e+02 1.086460006962762748e+01
2.835499023154000042e+02 1.086468361956617557e+01
2.836999020654000105e+02 1.086481947677090254e+01
2.838499018154000169e+02 1.086497466841431425e+01
2.839499020654000105e+02 1.086509753438584625e+01
2.840499023154000042e+02 1.086526102998569243e+01
2.841872399154000277e+02 1.086585931038059982e+01
2.843372396653999772e+02 1.086729250424711601e+01
2.844499020654000105e+02 1.086875305933720348e+01
2.845499023154000042e+02 1.087012842054172879e+01
2.846999020654000674e+02 1.087223345966499366e+01
2.848499018154000169e+02 1.087437437438201471e+01
2.849499020654000105e+02 1.087581824189298629e+01
2.850499023154000042e+02 1.087727342268496677e+01
2.851999020653999537e+02 1.087947536737019938e+01
2.853499018154000169e+02 1.088169864643133344e+01
2.854499020654000105e+02 1.088319173573015597e+01
2.855499023154000042e+02 1.088469249607117106e+01
2.856559934154000189e+02 1.088629205451451298e+01
2.858059931654000252e+02 1.088856398460888286e+01
2.859499018354000555e+02 1.089075247387168766e+01
2.860499020703999804e+02 1.089227662832598043e+01
2.861499022854000032e+02 1.089380176682613488e+01
2.862999020703999804e+02 1.089608743478957997e+01
2.864499018554000145e+02 1.089836689076109266e+01
2.865499020703999804e+02 1.089988094993456258e+01
2.866499022854000032e+02 1.090138836968582758e+01
2.867661884707000013e+02 1.090313074938202220e+01
2.869161882556999785e+02 1.090535784284033838e+01
2.870499020704000372e+02 1.090732091067894238e+01
2.871499022854000032e+02 1.090877361639247134e+01
2.872774259554000196e+02 1.091060463240435219e+01
2.874274257403999968e+02 1.091272525221382850e+01
2.875499020704000372e+02 1.091442889156411589e+01
2.876499022854000032e+02 1.091580052328046690e+01
2.877794564003999653e+02 1.091755089156249703e+01
2.879294561853999994e+02 1.091953955577957736e+01
2.880499020704000372e+02 1.092110691160706004e+01
2.881499022854000032e+02 1.092238840503509145e+01
2.882999020703999804e+02 1.092427775077717556e+01
2.884499018553999576e+02 1.092612858372885398e+01
2.885499020703999804e+02 1.092734175093986337e+01
2.886499022854000032e+02 1.092853910927877337e+01
2.887999020703999804e+02 1.093030716575712091e+01
2.889499018554000145e+02 1.093204332248469512e+01
2.890499020704000372e+02 1.093318401633555226e+01
2.891499022854000032e+02 1.093431234394159013e+01
2.892999020704000372e+02 1.093598363020480413e+01
2.894499018554000145e+02 1.093763133763077455e+01
2.895499020703999804e+02 1.093871777055728067e+01
2.896499022854000032e+02 1.093979565286665867e+01
2.897999020703999804e+02 1.094139837510562074e+01
2.899499018554000145e+02 1.094298598381450560e+01
2.900499020703999804e+02 1.094403699972124500e+01
2.901499022854000032e+02 1.094508311870951722e+01
2.902999020703999804e+02 1.094664494422326761e+01
2.904499018554000145e+02 1.094819965002591644e+01
2.905499020703999804e+02 1.094923310785059023e+01
2.906499022853999463e+02 1.095026509921314251e+01
2.907999020703999804e+02 1.095181204984284307e+01
2.909499018554000713e+02 1.095335936855259185e+01
2.910499020704000372e+02 1.095439200268319802e+01
2.911499022854000032e+02 1.095542638355320264e+01
2.912657934707000322e+02 1.095662822661984137e+01
2.914157932556999526e+02 1.095819034903977851e+01
2.915499020704000372e+02 1.095959454186509774e+01
2.916499022854000032e+02 1.096064710639188355e+01
2.917999020704000372e+02 1.096223681691045648e+01
2.919499018554000145e+02 1.096384118616544079e+01
2.920499020704000372e+02 1.096491982315384384e+01
2.921499022854000032e+02 1.096600664511905698e+01
2.922999020703999804e+02 1.096765401247948901e+01
2.924499018554000145e+02 1.096932370466600837e+01
2.925499020703999804e+02 1.097045024260777879e+01
2.926499022854000032e+02 1.097158853847063753e+01
2.927999020704000372e+02 1.097332010818905701e+01
2.929499018554000145e+02 1.097508265999579713e+01
2.930499020704000372e+02 1.097627606307927373e+01
2.931499022854000600e+02 1.097748539252387623e+01
2.932999020704000372e+02 1.097933174120729660e+01
2.934499018554000145e+02 1.098121931928105788e+01
2.935499020703999804e+02 1.098250201258830039e+01
2.936499022854000032e+02 1.098380565421979860e+01
2.937999020703999804e+02 1.098580343120250014e+01
2.939499018554000145e+02 1.098785503639297190e+01
2.940499020703999804e+02 1.098925453943804165e+01
2.941499022854000032e+02 1.099068165116745455e+01
2.945765515319000087e+02 1.099715579518181841e+01
2.950179612519000329e+02 1.100454555362903086e+01
2.954753498345500020e+02 1.101309465364565909e+01
2.959354286938499854e+02 1.102277426554965345e+01
2.964114861986999472e+02 1.103401487205061038e+01
2.968902339794000227e+02 1.104664446009484635e+01
2.973849604053999656e+02 1.106072871201217644e+01
2.978823771104000571e+02 1.107551415639608550e+01
2.983957724603999964e+02 1.109066163828729223e+01
2.989118580854000129e+02 1.110495437752846648e+01
2.994439223553999909e+02 1.111835968449413237e+01
2.999786769003999893e+02 1.113020898871869591e+01
3.002495037056999649e+02 1.113561560683306872e+01
3.007220250406999753e+02 1.114427558772485227e+01
3.010828335553999864e+02 1.115025122075793718e+01
3.016522356704000458e+02 1.115879668838933547e+01
3.022243280604000120e+02 1.116651585149539194e+01
3.028123990953999964e+02 1.117374312240827550e+01
3.034031604104000053e+02 1.118046368821864078e+01
3.040099003653999716e+02 1.118692353949358953e+01
3.046193305953999584e+02 1.119306931981224906e+01
3.048808231057000171e+02 1.119561316128488038e+01
3.054172590256999911e+02 1.120070562511921786e+01
3.058728386553999599e+02 1.120490565203193611e+01
3.065169164653999587e+02 1.121068128071815728e+01
3.071636845154000071e+02 1.121632326877896269e+01
3.077845373637999842e+02 1.122161349649272744e+01
3.084499743637999813e+02 1.122717082522625809e+01
3.091454078356999844e+02 1.123287009831658168e+01
3.098295137356999476e+02 1.123838308391318108e+01
3.105574743153999293e+02 1.124415919130515817e+01
3.112602491654000119e+02 1.124965628968601195e+01
3.119790026654000030e+02 1.125520431402262744e+01
3.127004464654000344e+02 1.126070324815707480e+01
3.129385864138000102e+02 1.126250335145831194e+01
3.135708941638000624e+02 1.126724925072234917e+01
3.141779815154000062e+02 1.127176024056566384e+01
3.143367950356999927e+02 1.127293295423520192e+01
3.149850814857000501e+02 1.127768979113705683e+01
3.156928544653999893e+02 1.128282794047575344e+01
3.164676147154000319e+02 1.128838804743171309e+01
3.172450652654000010e+02 1.129390173620812199e+01
3.176138877138000112e+02 1.129649463604780024e+01
3.182941314138000166e+02 1.130123932662075070e+01
3.188346138654000015e+02 1.130497453314464806e+01
3.190307651357000509e+02 1.130632247907644583e+01
3.197269874857000218e+02 1.131107346907366029e+01
3.204615003154000306e+02 1.131602885033550088e+01
3.212922673654000505e+02 1.132155814299331453e+01
3.221257246654000141e+02 1.132701935145690619e+01
3.224758783138000240e+02 1.132928754430944807e+01
3.232040580137999655e+02 1.133395372088222253e+01
3.237874779856999794e+02 1.133764267654678903e+01
3.246555828356999882e+02 1.134305367543913157e+01
3.255661868154000445e+02 1.134863293145102325e+01
3.264529605654000193e+02 1.135397816957969397e+01
3.273424246654000171e+02 1.135926022306191108e+01
3.275245582638000315e+02 1.136033232660985348e+01
3.281234466841000312e+02 1.136383884275044132e+01
3.288467558357000371e+02 1.136803654980060863e+01
3.291560003654000184e+02 1.136981898827088777e+01
3.300801119654000217e+02 1.137511076986873526e+01
3.310069138654000653e+02 1.138037080311191040e+01
3.318144561138000199e+02 1.138492271394336797e+01
3.326225290137999764e+02 1.138945561844029086e+01
3.328951652654000100e+02 1.139098033214454553e+01
3.332686709356999586e+02 1.139306654829098342e+01
3.340927224356999545e+02 1.139766199077295994e+01
3.348207544653999435e+02 1.140171460619548149e+01
3.358008728653999810e+02 1.140716585489907864e+01
3.367836815154000192e+02 1.141263232563714602e+01
3.371805073638000181e+02 1.141484030733888311e+01
3.379059611841000219e+02 1.141888019509484486e+01
3.385079226857000094e+02 1.142223587241782390e+01
3.387839464653999926e+02 1.142377570296998712e+01
3.398014026654000190e+02 1.142945948470104511e+01
3.408215491653999720e+02 1.143517112885971621e+01
3.416944324638000126e+02 1.144006854313968269e+01
3.425823985637999840e+02 1.144506028366691552e+01
3.428964897654000197e+02 1.144682826925710550e+01
3.431673163856999622e+02 1.144835362107649424e+01
3.440712611357000128e+02 1.145345043854544897e+01
3.450087682154000390e+02 1.145874538416241961e+01
3.460822312153999860e+02 1.146481794655928255e+01
3.471583844653999336e+02 1.147091485379561604e+01
3.473778555137999433e+02 1.147215929827493675e+01
3.478378276840999774e+02 1.147476829660633690e+01
3.487104885356999944e+02 1.147972134148503365e+01
3.493453385654000272e+02 1.148332714237484353e+01
3.504561394153999458e+02 1.148963948382175992e+01
3.515696305653999616e+02 1.149596986488864481e+01
3.521158078638000006e+02 1.149907540460770861e+01
3.528597676841000066e+02 1.150330502701626578e+01
3.534430601857000056e+02 1.150662081769640466e+01
3.538312604154000383e+02 1.150882728352562623e+01
3.549793990654000027e+02 1.151534951296901887e+01
3.561302280154000073e+02 1.152188049859621088e+01
3.569471048638000639e+02 1.152651102416736961e+01
3.579190456841000127e+02 1.153201322068584211e+01
3.584386577357000192e+02 1.153495133744074863e+01
3.596520100654000203e+02 1.154180031375662807e+01
3.608401768653999966e+02 1.154848948125706265e+01
3.618717460637999466e+02 1.155428077736770298e+01
3.629035199638000222e+02 1.156005628139557473e+01
3.631882374356999890e+02 1.156164698407568814e+01
3.633632992356999694e+02 1.156262431990684547e+01
3.644739724153999987e+02 1.156881127048977120e+01
3.656994770654000035e+02 1.157560991718935384e+01
3.668897324138000045e+02 1.158218264049383706e+01
3.679534636637999938e+02 1.158802967086806390e+01
3.681851339653999844e+02 1.158929964972319482e+01
3.694452861654000344e+02 1.159618413884854604e+01
3.707081286653999541e+02 1.160304302599612569e+01
3.719869498154000098e+02 1.160994565758524466e+01
3.732684612154000092e+02 1.161681747365243922e+01
3.745659512654000309e+02 1.162372717597835781e+01
3.758661316154000360e+02 1.163060142417308818e+01
3.771822906153999497e+02 1.163750791970826093e+01
3.785011398653999777e+02 1.164437435898468465e+01
3.798359677653999711e+02 1.165126752847933922e+01
3.823098644637999541e+02 1.166388812796508745e+01
3.837755021840999916e+02 1.167126852996472230e+01
3.851708924856999943e+02 1.167822684909018882e+01
3.876958480138000027e+02 1.169064529603508440e+01
3.890588066840999772e+02 1.169725527063901183e+01
3.905942142856999340e+02 1.170462219701356510e+01
3.931751768138000216e+02 1.171681482379952577e+01
3.943794496840999955e+02 1.172242150492492385e+01
3.946640392856999711e+02 1.172373877297712319e+01
3.963347805654000240e+02 1.173141330194503240e+01
3.987478499637999789e+02 1.174232028286603580e+01
4.002133599637999737e+02 1.174884209036936689e+01
4.021968217154000058e+02 1.175754744862733148e+01
4.043998819357000230e+02 1.176705457244317898e+01
4.059027299356999947e+02 1.177344314147461724e+01
4.082082142154000053e+02 1.178309470880808263e+01
4.101219064356999979e+02 1.179097094526396639e+01
4.105654051840999728e+02 1.179277897343235892e+01
4.117134164638000016e+02 1.179742977587232211e+01
4.143689587154000264e+02 1.180802843089811027e+01
4.160259369638000067e+02 1.181453025316075411e+01
4.176034609637999893e+02 1.182064352989648448e+01
4.202497964356999773e+02 1.183073706371384404e+01
4.215427306840999790e+02 1.183559598317724948e+01
4.219719884637999598e+02 1.183719883576665310e+01
4.238901087154000038e+02 1.184430107174752678e+01
4.262145169356999759e+02 1.185277886870380115e+01
4.270874006840999755e+02 1.185592683743806219e+01
4.280113849637999692e+02 1.185923858657081453e+01
4.304242317153999693e+02 1.186779059148159021e+01
4.322725824357000306e+02 1.187424971320361955e+01
4.326694081840999502e+02 1.187562624423644664e+01
4.341441254637999805e+02 1.188071200156880636e+01
4.367344544357000018e+02 1.188953346005802025e+01
4.382887536841000156e+02 1.189475980450363757e+01
4.386620049638000296e+02 1.189600753487578366e+01
4.405054492153999490e+02 1.190213064377550367e+01
4.429418709356999670e+02 1.191012504154128493e+01
4.439454371840999443e+02 1.191338600390644586e+01
4.449440969637999501e+02 1.191661313968935154e+01
4.474129502153999738e+02 1.192451700867143849e+01
4.492426319356999898e+02 1.193030762995951122e+01
4.496394581841000218e+02 1.193155611028727137e+01
4.513195334637999281e+02 1.193681407494812952e+01
4.538538554356999271e+02 1.194466119865898079e+01
4.553708171841000194e+02 1.194931044033504364e+01
4.559867639638000583e+02 1.195118815721359873e+01
4.580542352153999559e+02 1.195744978410613513e+01
4.603039679356999159e+02 1.196419225731055569e+01
4.611395136840999953e+02 1.196667767551810968e+01
4.625115519638000023e+02 1.197073747195523552e+01
4.650085364356999662e+02 1.197805819714336906e+01
4.668474254357000177e+02 1.198339401072624000e+01
4.672721274638000182e+02 1.198461968678528322e+01
4.691296849638000594e+02 1.198995187000531537e+01
4.716080004356999211e+02 1.199699341449265155e+01
4.727889211840999337e+02 1.200031962038431388e+01
4.739462664638000433e+02 1.200356139584380877e+01
4.764059129356999165e+02 1.201039212865179628e+01
4.783008089356999335e+02 1.201559989614934487e+01
4.788001864638000598e+02 1.201696442644123941e+01
4.807137504638000678e+02 1.202216304306291228e+01
4.831547279357000662e+02 1.202872507540587854e+01
4.845876791841000113e+02 1.203254099048236192e+01
4.856236769637999942e+02 1.203528318186968882e+01
4.880459859357000028e+02 1.204164066025712465e+01
4.905430656840999859e+02 1.204811490339444191e+01
4.925405124637999847e+02 1.205323577233648180e+01
4.949441524357000048e+02 1.205933011064058569e+01
4.965357896840999388e+02 1.206332490780585331e+01
4.975437839637999673e+02 1.206583811482706636e+01
4.999287549357000557e+02 1.207173323127749676e+01
5.025658511841000404e+02 1.207816764480267580e+01
5.046099704637999821e+02 1.208309485729841448e+01
5.069762724356999684e+02 1.208873344878457168e+01
5.086332506841000054e+02 1.209264031405555251e+01
5.097065864638000221e+02 1.209515290034939916e+01
5.120542194357000199e+02 1.210059934085460220e+01
5.141171354356999927e+02 1.210532964817710422e+01
5.148405399637999835e+02 1.210697614073218631e+01
5.169221244637999462e+02 1.211167900551006404e+01
5.192510884357001260e+02 1.211687956106785258e+01
5.208800631840999813e+02 1.212047891958000001e+01
5.221120844637999880e+02 1.212318051238719541e+01
5.244223799356999507e+02 1.212819926147765770e+01
5.265413029357000596e+02 1.213274837010445673e+01
5.273393829637999488e+02 1.213444845409503792e+01
5.294769744637999338e+02 1.213896700573206466e+01
5.317686009356999648e+02 1.214375483151342827e+01
5.332762276840999220e+02 1.214687319105180840e+01
5.347602794637999750e+02 1.214991871211185526e+01
5.370332369356999607e+02 1.215453758221145009e+01
5.392081659356999808e+02 1.215890618360414699e+01
5.400809219637999377e+02 1.216064526126294076e+01
5.422745204638000587e+02 1.216498193622890689e+01
5.445288084356999434e+02 1.216938769773150675e+01
5.458217426841000588e+02 1.217189160107345813e+01
5.476511699637999300e+02 1.217540648326667885e+01
5.498867894357000523e+02 1.217965772478929054e+01
5.521177254356999811e+02 1.218385248023709089e+01
5.552819802153999262e+02 1.218972264334090028e+01
5.585164824638000027e+02 1.219562887271185936e+01
5.607847564638000222e+02 1.219971508966357021e+01
5.629830379357000538e+02 1.220363251748509015e+01
5.649200501840999777e+02 1.220705016028298040e+01
5.662920884637999279e+02 1.220945183148480417e+01
5.684717009356999142e+02 1.221323522736678591e+01
5.707773124356999688e+02 1.221719537836470515e+01
5.718367574638000406e+02 1.221900074634709199e+01
5.741610384638000824e+02 1.222293081375150869e+01
5.763219824356999652e+02 1.222654718703184429e+01
5.778389436841000588e+02 1.222906461994780081e+01
5.797617149638000456e+02 1.223223090283466519e+01
5.819039899356999967e+02 1.223572668357420312e+01
5.842656089356999018e+02 1.223954213044313555e+01
5.853997299637999276e+02 1.224136026998771776e+01
5.876121241840999119e+02 1.224488134875483603e+01
5.899036229357000138e+02 1.224849289252236062e+01
5.910750819638000166e+02 1.225032537852781189e+01
5.934740379638000149e+02 1.225404971518767994e+01
5.955789749357001028e+02 1.225728648388149189e+01
5.974973181840999814e+02 1.226021150629196832e+01
5.992053969638000126e+02 1.226279630036782287e+01
6.012916649356999415e+02 1.226592869950443188e+01
6.037279594356999723e+02 1.226955280636238754e+01
6.049740939637999873e+02 1.227139249350651440e+01
6.074290569638000079e+02 1.227498988802673807e+01
6.107801284637999970e+02 1.227984358724239478e+01
6.132537604637999493e+02 1.228338477937212225e+01
6.153026909356999568e+02 1.228629168930549831e+01
6.174917336840999269e+02 1.228937158047895117e+01
6.191158024637999233e+02 1.229163952613626520e+01
6.211460639356999991e+02 1.229445453884453165e+01
6.236570339357000421e+02 1.229790541586025832e+01
6.250151819637999324e+02 1.229975788407677229e+01
6.275448204637999652e+02 1.230318249628203198e+01
6.295564124356999400e+02 1.230588197979870380e+01
6.310080326841000442e+02 1.230781700533957768e+01
6.335002064638000547e+02 1.231111404530797060e+01
6.354931299356999261e+02 1.231372789743816831e+01
6.378221891841000115e+02 1.231675742398785722e+01
6.394929299638000657e+02 1.231891401894108462e+01
6.414671844357000055e+02 1.232144467599412252e+01
6.440528304357000025e+02 1.232473027419354317e+01
6.455229919637999956e+02 1.232658390116539415e+01
6.480994306840999570e+02 1.232980729118044039e+01
6.515625156841000489e+02 1.233408999133444084e+01
6.542133749637999927e+02 1.233732973148354439e+01
6.561502919357000110e+02 1.233967599416566330e+01
6.584886856841000053e+02 1.234248526458059736e+01
6.603367814637999800e+02 1.234468752861155494e+01
6.622550294356998393e+02 1.234695671528414351e+01
6.649153504356999065e+02 1.235007584621710208e+01
6.664975254638000024e+02 1.235191553670433606e+01
6.689339476841000760e+02 1.235472632391655345e+01
6.710760949356999845e+02 1.235717542761646115e+01
6.726956074638000018e+02 1.235901328677177524e+01
6.753932664638001597e+02 1.236204869576177146e+01
6.772741764357001557e+02 1.236414592948075963e+01
6.794912226840999665e+02 1.236659793150161057e+01
6.816473559638000097e+02 1.236896187849040274e+01
6.835095969357000740e+02 1.237098725372447738e+01
6.862445939357000952e+02 1.237393458404168811e+01
6.879387824637999529e+02 1.237574405919646026e+01
6.901045046840999930e+02 1.237803926780373232e+01
6.925360204357000384e+02 1.238059237743132890e+01
6.942675469637999868e+02 1.238239522264931303e+01
6.970398814637999294e+02 1.238525564681474656e+01
6.988647844356999030e+02 1.238712103034303702e+01
7.008298001841000087e+02 1.238911424841696629e+01
7.034246529638000993e+02 1.239172208421226529e+01
7.052308869357001413e+02 1.239352111948991464e+01
7.080173346841000921e+02 1.239627073145673819e+01
7.116111021841001048e+02 1.239977138235529708e+01
7.144626689357000942e+02 1.240251285728344577e+01
7.163062089638000316e+02 1.240426835676674777e+01
7.188546441841000387e+02 1.240667363186854999e+01
7.209221159357001625e+02 1.240860675599886243e+01
7.228029934637999077e+02 1.241035139985699587e+01
7.256686729637999633e+02 1.241298425618061607e+01
7.274189004357000385e+02 1.241457732945383619e+01
7.298039666841000326e+02 1.241673032660487053e+01
7.322214649638000310e+02 1.241889169679141069e+01
7.339530234357000609e+02 1.242042697072859347e+01
7.368560404357000380e+02 1.242297737413354319e+01
7.388115939637999645e+02 1.242467884521864896e+01
7.408092961840999351e+02 1.242640346642341243e+01
7.434461699357000271e+02 1.242865925454184506e+01
7.454390614638000443e+02 1.243034866565565721e+01
7.482021891840998933e+02 1.243266946044154508e+01
7.500736369356999376e+02 1.243422716862654731e+01
7.521038664638000455e+02 1.243590433967940712e+01
7.550628904638000449e+02 1.243832553294860155e+01
7.567384419356999388e+02 1.243968435331334632e+01
7.593755386840999790e+02 1.244180555300463453e+01
7.617837019638000129e+02 1.244372416853931718e+01
7.634405849357000307e+02 1.244503411725176889e+01
7.664369469356998934e+02 1.244738264794173688e+01
7.685418519638000134e+02 1.244901680332727878e+01
7.706048951841000871e+02 1.245060616201244663e+01
7.731950964357000657e+02 1.245258466988180146e+01
7.753373394638000491e+02 1.245420686017311951e+01
7.781471396841000114e+02 1.245631555685019265e+01
7.799905844357000433e+02 1.245768738740828141e+01
7.821701649638000617e+02 1.245929769147409694e+01
7.852225334638000049e+02 1.246153194812779574e+01
7.868234094357000004e+02 1.246269404887966736e+01
7.895445161840999617e+02 1.246465442737418172e+01
7.921113654637999844e+02 1.246648660087044114e+01
7.936935724357000481e+02 1.246760777186012881e+01
7.967832789356999683e+02 1.246977963829847091e+01
7.990375354638000545e+02 1.247134966032488101e+01
8.009978996841000480e+02 1.247270516894491266e+01
8.037094489357000384e+02 1.247456527773123014e+01
8.060010434637999879e+02 1.247612399127862837e+01
8.086894956841000521e+02 1.247793739772848554e+01
8.106729569357000855e+02 1.247926480233952340e+01
8.130018889637999564e+02 1.248081223621068681e+01
8.161476024638000126e+02 1.248288352629253772e+01
8.176738029356999959e+02 1.248388067138746749e+01
8.203108991840999806e+02 1.248559192748116153e+01
8.232044544637999479e+02 1.248745270582910294e+01
8.247119859356999996e+02 1.248841519546948575e+01
8.278950374357000328e+02 1.249043213379009032e+01
8.302986454638000851e+02 1.249194146664615168e+01
8.319883101840999871e+02 1.249299550262055902e+01
8.349892279357000007e+02 1.249485356637135602e+01
8.374301734638000880e+02 1.249635180455881489e+01
8.398292571841000154e+02 1.249781306261858305e+01
8.421207559356998900e+02 1.249919844207810371e+01
8.445990394638000680e+02 1.250068548151963377e+01
8.477075421841000207e+02 1.250253435788662237e+01
8.492896219356999836e+02 1.250346839733139781e+01
8.518052429637999694e+02 1.250494411259037797e+01
8.550629694637999592e+02 1.250683804797107790e+01
8.564958254356999987e+02 1.250766495770736775e+01
8.596089796841000634e+02 1.250944900113254654e+01
8.623251804637999385e+02 1.251099153909045292e+01
8.637393674357000464e+02 1.251178951386369143e+01
8.670344319357000131e+02 1.251363539595545227e+01
8.696247284638000110e+02 1.251507332510368364e+01
8.715664236841000729e+02 1.251614369882941347e+01
8.743339799356999720e+02 1.251765836720090164e+01
8.769616149637998888e+02 1.251908458766364163e+01
8.795940606840998726e+02 1.252050195987681214e+01
8.816708664356999634e+02 1.252161211460759560e+01
8.843358389638000290e+02 1.252302639145759500e+01
8.876590346841001065e+02 1.252477396638614238e+01
8.917195251841000072e+02 1.252688540876319401e+01
8.951171414638000670e+02 1.252863218540532664e+01
8.964566524357001072e+02 1.252931587778468803e+01
8.998405061841000361e+02 1.253103074695773778e+01
9.039009966841000505e+02 1.253306545364247171e+01
9.073126304357001572e+02 1.253475574436052753e+01
9.100896164638000982e+02 1.253611875310207502e+01
9.120779841840999325e+02 1.253708767763103538e+01
9.148175369356999909e+02 1.253841318095522617e+01
9.176318609638000225e+02 1.253976349344102736e+01
9.202923101840999607e+02 1.254102949436189185e+01
9.223597814356999152e+02 1.254200632627936862e+01
9.252114429637999820e+02 1.254334374701447175e+01
9.285439731841000821e+02 1.254489226421229731e+01
9.299393634357001019e+02 1.254553604440779857e+01
9.328283629637999184e+02 1.254686042714757477e+01
9.363101169638000556e+02 1.254844141539629376e+01
9.375562834357000384e+02 1.254900325807652628e+01
9.410054781841000704e+02 1.255054757602221649e+01
9.439830439638001280e+02 1.255186801974155131e+01
9.452105419356998937e+02 1.255240895683319735e+01
9.487296334357000660e+02 1.255394894393348082e+01
9.516933084638000082e+02 1.255523345004114866e+01
9.535229906840997955e+02 1.255602084774976390e+01
9.564398984356998881e+02 1.255726739556547678e+01
9.594409114637999210e+02 1.255853874371387491e+01
9.619240051840999968e+02 1.255958223785654226e+01
9.641875004357000307e+02 1.256052684522750340e+01
9.672258514637998132e+02 1.256178503081936704e+01
9.703623576841000613e+02 1.256307223718146027e+01
9.719724409356999786e+02 1.256372843757004176e+01
9.750481299638000792e+02 1.256497349445140799e+01
9.786418974637999781e+02 1.256641432175887196e+01
9.797947194356999034e+02 1.256687333330903122e+01
9.831038971840998784e+02 1.256818256667270717e+01
9.865201824637999835e+02 1.256952121642083497e+01
9.876543354356998634e+02 1.256996272329000064e+01
9.912854404357001386e+02 1.257136677803888070e+01
9.944358049637999102e+02 1.257257326061876590e+01
9.959014426841000613e+02 1.257313087945653152e+01
9.992010634357000072e+02 1.257437790590475757e+01
1.002388765963799983e+03 1.257557169071849579e+01
1.004489146684100092e+03 1.257635247024629521e+01
1.007154023935700138e+03 1.257733654741802098e+01
1.010379064463799978e+03 1.257851777376324343e+01
1.013114188684099986e+03 1.257951133267091315e+01
1.015144322435700019e+03 1.258024395171757881e+01
1.018406698963799954e+03 1.258141273521294679e+01
1.021776566684100089e+03 1.258260913218564703e+01
1.023171958935699990e+03 1.258310130304795216e+01
1.026471674963800069e+03 1.258425778757776214e+01
1.030196124963800230e+03 1.258555079208728777e+01
1.031236933435699939e+03 1.258590978752886436e+01
1.034854146184099818e+03 1.258714970745054629e+01
1.038317103463800095e+03 1.258832552580955877e+01
1.039339246935699975e+03 1.258867049270977745e+01
1.043101034935700000e+03 1.258993208195866664e+01
1.046475422824400084e+03 1.259105306560628712e+01
1.047987732544700066e+03 1.259155220722086987e+01
1.051259351435699955e+03 1.259262526413482775e+01
1.054671079324399898e+03 1.259373447922081368e+01
1.056799462544699963e+03 1.259442144091271132e+01
1.059455006935700112e+03 1.259527321653892251e+01
1.062904073463799932e+03 1.259637074542124147e+01
1.065648531184099966e+03 1.259723704974115854e+01
1.067688001435700016e+03 1.259787682417059962e+01
1.071174407963800149e+03 1.259896271581870764e+01
1.074534941184100035e+03 1.260000020057992920e+01
1.075958334935700123e+03 1.260043692459785802e+01
1.079482076463800013e+03 1.260151124875997297e+01
1.083337208963799867e+03 1.260267552726127427e+01
1.084266007435699976e+03 1.260295429982159909e+01
1.087948561184099844e+03 1.260405314727313453e+01
1.091700884963799808e+03 1.260516223753013954e+01
1.092611013435699988e+03 1.260542964014335610e+01
1.096503483935700160e+03 1.260656637735761620e+01
1.100101900463799893e+03 1.260760728906371142e+01
1.101418186184100023e+03 1.260798567134349035e+01
1.104904497935699965e+03 1.260898180841704175e+01
1.108540254463800238e+03 1.261001131290549715e+01
1.110453946184100005e+03 1.261054939335044267e+01
1.113342850935699971e+03 1.261135677191538917e+01
1.117015943824399983e+03 1.261237484034571565e+01
1.119527042544699952e+03 1.261306543098758048e+01
1.121818542935699952e+03 1.261369182908433650e+01
1.125528972081699976e+03 1.261469848591103471e+01
1.128637473801999931e+03 1.261553464263224278e+01
1.130331568435699864e+03 1.261598758654618990e+01
1.134079339963800066e+03 1.261698281832490132e+01
1.137785246184099833e+03 1.261795778220920816e+01
1.138881933435699921e+03 1.261824455896896779e+01
1.142667042581699889e+03 1.261922835035589330e+01
1.146671526081699994e+03 1.262025907391883628e+01
1.147469641935699883e+03 1.262046326244442618e+01
1.151492794935699976e+03 1.262148641966372153e+01
1.155315236463800147e+03 1.262244906683412005e+01
1.156192801184099835e+03 1.262266877312112712e+01
1.160136501435699984e+03 1.262365026389356437e+01
1.163996285581700022e+03 1.262460159994533804e+01
1.165452588802000037e+03 1.262495816946600868e+01
1.168817551935699839e+03 1.262577718147310613e+01
1.172714673463799954e+03 1.262671722483301728e+01
1.174749711184100306e+03 1.262720451205566263e+01
1.177535936435700023e+03 1.262786772251969758e+01
1.181470397963799769e+03 1.262879653252935164e+01
1.184084176184100215e+03 1.262940861502345058e+01
1.186291664435699886e+03 1.262992249884929841e+01
1.190263458581699979e+03 1.263084013279099160e+01
1.193455973801999789e+03 1.263157128713745969e+01
1.195084726935699791e+03 1.263194210606442169e+01
1.199093858463799961e+03 1.263284864289017229e+01
1.202865106184099886e+03 1.263369336511675023e+01
1.203915122935700083e+03 1.263392717534169485e+01
1.207961595824400092e+03 1.263482271055521622e+01
1.212115430824400164e+03 1.263573294225431276e+01
1.212782862935699995e+03 1.263587833982798436e+01
1.216955366935699885e+03 1.263678208096904498e+01
1.221039176081699907e+03 1.263765788598089657e+01
1.221795393801999808e+03 1.263781911674094083e+01
1.225879109935699944e+03 1.263868483632484896e+01
1.230000257824400251e+03 1.263955001007893486e+01
1.231316542544700269e+03 1.263982455908297986e+01
1.234840191935699977e+03 1.264055535620376070e+01
1.238998678463799934e+03 1.264141004543617086e+01
1.240875031184099953e+03 1.264179295643793033e+01
1.243838612435700043e+03 1.264239433091973197e+01
1.248034436581700220e+03 1.264323866714274835e+01
1.250470858802000066e+03 1.264372518023852088e+01
1.252874372435700025e+03 1.264420243650769571e+01
1.257107533963800051e+03 1.264503658740293446e+01
1.260104021184100020e+03 1.264562215208201401e+01
1.261947465935699938e+03 1.264598038934919444e+01
1.266217967463799823e+03 1.264680451449472187e+01
1.269774526184099841e+03 1.264748476878598638e+01
1.271057903435699927e+03 1.264772888188287148e+01
1.275365739963800024e+03 1.264854314906888355e+01
1.279482366184099874e+03 1.264931392529395993e+01
1.280205674935700017e+03 1.264944861207727378e+01
1.284550847824399852e+03 1.265025319246224100e+01
1.288872703324399936e+03 1.265104575609671400e+01
1.289390785435700082e+03 1.265114024871392218e+01
1.293731311435700036e+03 1.265192772484760297e+01
1.298113822963799976e+03 1.265271521614511663e+01
1.299010056184099994e+03 1.265287532091478973e+01
1.302972421435700198e+03 1.265357944222603770e+01
1.307392272963799996e+03 1.265435770484745603e+01
1.308829911184099956e+03 1.265460923403813176e+01
1.312250881435699966e+03 1.265520465176465770e+01
1.316708067963799976e+03 1.265597386733403162e+01
1.318687101184100129e+03 1.265631304634474930e+01
1.321566671435700073e+03 1.265680401044267001e+01
1.326061195581700076e+03 1.265756432152684319e+01
1.328581628802000068e+03 1.265798751625415974e+01
1.330919801435700037e+03 1.265837809322767882e+01
1.335451662963799890e+03 1.265912965359861886e+01
1.338513491184100076e+03 1.265963338175859931e+01
1.340310266435699987e+03 1.265992747665687368e+01
1.344879469324400134e+03 1.266067041751294120e+01
1.348482697544699931e+03 1.266125132373278817e+01
1.349738071435699794e+03 1.266145268659168721e+01
1.354344610581699953e+03 1.266218713317924482e+01
1.358489238802000045e+03 1.266284199026301849e+01
1.359203216435700142e+03 1.266295423111134966e+01
1.363847094324399905e+03 1.266368029724922195e+01
1.368336969324399888e+03 1.266437573606211764e+01
1.368705696435700020e+03 1.266443256172144416e+01
1.373214241435699932e+03 1.266512398131021833e+01
1.377895457963800027e+03 1.266583520572206290e+01
1.378614336184100011e+03 1.266594382372566407e+01
1.382772726435699951e+03 1.266656906331525789e+01
1.387491280581699812e+03 1.266727219067527876e+01
1.388732893801999808e+03 1.266745609182003918e+01
1.392368556435699929e+03 1.266799196561781216e+01
1.397124447963800094e+03 1.266868706884558016e+01
1.398888786184100127e+03 1.266894325034846780e+01
1.402001716435700018e+03 1.266939305240653013e+01
1.406794947963800041e+03 1.267008019996183954e+01
1.409082021184100086e+03 1.267040575608736042e+01
1.411672221435700067e+03 1.267077267572818400e+01
1.416502785581699982e+03 1.267145193096116351e+01
1.419312588801999937e+03 1.267184403967875994e+01
1.421380061435699872e+03 1.267213115790546496e+01
1.426247962963800092e+03 1.267280255305526993e+01
1.429580491184100083e+03 1.267325845516023541e+01
1.431125236435700117e+03 1.267346875720049582e+01
1.436030480581699976e+03 1.267413232767080444e+01
1.439885738802000105e+03 1.267464936283499632e+01
1.440907751435699993e+03 1.267478576410610280e+01
1.445850332963799929e+03 1.267544157580634412e+01
1.450228321184100196e+03 1.267601716420174895e+01
1.450727601435700080e+03 1.267608248886545397e+01
1.455684073215400076e+03 1.267672754526511802e+01
1.460584796435700127e+03 1.267735920052909115e+01
1.465280031435700039e+03 1.267795869069359860e+01
1.470297284324399925e+03 1.267859321661620520e+01
1.471025497544700102e+03 1.267868479099288770e+01
1.475193226435700126e+03 1.267920640529618481e+01
1.480247822963799990e+03 1.267983333465199536e+01
1.481480096184100148e+03 1.267998523401242750e+01
1.485143761435700071e+03 1.268043470717492838e+01
1.490235692963800147e+03 1.268105410556409218e+01
1.491972031184099933e+03 1.268126391664621089e+01
1.495131636435700102e+03 1.268164390660799157e+01
1.500260902963800163e+03 1.268225584801740879e+01
1.502501301184100157e+03 1.268252123113579088e+01
1.505156846435699890e+03 1.268283430491216635e+01
1.510323452963799809e+03 1.268343883853390608e+01
1.513067911184100012e+03 1.268375751451167410e+01
1.515219396435699991e+03 1.268400615806899978e+01
1.520423342963799996e+03 1.268460333509540661e+01
1.523671861184100180e+03 1.268497309623900549e+01
1.525319281435700077e+03 1.268515972971685635e+01
1.530560562963800066e+03 1.268574962116279714e+01
1.534313146184100106e+03 1.268616835338057136e+01
1.535456506435700021e+03 1.268629533816422672e+01
1.540735124324400203e+03 1.268687804255736040e+01
1.544991767544699997e+03 1.268734368443026739e+01
1.545631066435700177e+03 1.268741329072757829e+01
1.550947024324400218e+03 1.268798886845613794e+01
1.555810279324399971e+03 1.268851040135382924e+01
1.560827443215399853e+03 1.268904346472191413e+01
1.566078187963800019e+03 1.268959599634433033e+01
1.570978777963799985e+03 1.269010680512647582e+01
1.576378781435699921e+03 1.269066429792413864e+01
1.581298041435700043e+03 1.269116731477183357e+01
1.586702696435699863e+03 1.269171472260928546e+01
1.591640626435699915e+03 1.269221011811332644e+01
1.597063946435700018e+03 1.269274907158497001e+01
1.602020546435699998e+03 1.269323698714676496e+01
1.607462536435700258e+03 1.269376763475578507e+01
1.609847601184100085e+03 1.269399855147121237e+01
1.612498462963800193e+03 1.269425403636692451e+01
1.617898466435699902e+03 1.269477071637819776e+01
1.620787591184099938e+03 1.269504509263431480e+01
1.622971727963800049e+03 1.269525157177285557e+01
1.628371731435699985e+03 1.269575861577470732e+01
1.631764917544699983e+03 1.269607472808353243e+01
1.633482329324399871e+03 1.269623399292505894e+01
1.638882331435700053e+03 1.269673161734012012e+01
1.642779578802000060e+03 1.269708780823251715e+01
1.644030270581700279e+03 1.269720159293083483e+01
1.649430271435700206e+03 1.269769000975617779e+01
1.653831581184099832e+03 1.269808467137626629e+01
1.654615552963800155e+03 1.269815464663872184e+01
1.660015556435699864e+03 1.269863404991084543e+01
1.664920923802000061e+03 1.269906562823239859e+01
1.665238165581699832e+03 1.269909341097261013e+01
1.670488688215400089e+03 1.269955102895861998e+01
1.675725446435700178e+03 1.270000330434544900e+01
1.676047596184100030e+03 1.270003099164419069e+01
1.681004067963800026e+03 1.270045505713283873e+01
1.686404071435700189e+03 1.270091295668729003e+01
1.687211613802000102e+03 1.270098106482790890e+01
1.691720030581699802e+03 1.270135958693826694e+01
1.697120031435699957e+03 1.270180912936959317e+01
1.698412966184100014e+03 1.270191614562270210e+01
1.702473332963800203e+03 1.270225069639116278e+01
1.707873336435699912e+03 1.270269204609150115e+01
1.709651661184099794e+03 1.270283650080305904e+01
1.713263967963799814e+03 1.270312859444898557e+01
1.718663971435699978e+03 1.270356191522762579e+01
1.720927688802000148e+03 1.270374238672828859e+01
1.724091940581699873e+03 1.270399349818895729e+01
1.729491941435699800e+03 1.270441895015637712e+01
1.732241051184099888e+03 1.270463405999120887e+01
1.734957252963800101e+03 1.270484561979534988e+01
1.740357256435699810e+03 1.270526336145140078e+01
1.743591757544700158e+03 1.270551177222832528e+01
1.745859904324400077e+03 1.270568516326965280e+01
1.751259906435700259e+03 1.270609534021866871e+01
1.754979798802000005e+03 1.270637575493938165e+01
1.756799890581699856e+03 1.270651232361430161e+01
1.762199891435699783e+03 1.270691508832424077e+01
1.766405178801999909e+03 1.270722624936796663e+01
1.767777220581699794e+03 1.270732729881025946e+01
1.773177221435699948e+03 1.270772278918030196e+01
1.777867896184099891e+03 1.270806347288048954e+01
1.778791882963799935e+03 1.270813026896334641e+01
1.784191886435700098e+03 1.270851862424413525e+01
1.789367953801999647e+03 1.270888764410234906e+01
1.789843885581700079e+03 1.270892141590435820e+01
1.795243886435700006e+03 1.270930276947625082e+01
1.800905346184099926e+03 1.270969897877091270e+01
1.806263202963800268e+03 1.271007057623435088e+01
1.811663206435699976e+03 1.271044182668790867e+01
1.812480081184100072e+03 1.271049770109332400e+01
1.817408547963799947e+03 1.271083325135605158e+01
1.822808551435700110e+03 1.271119783512731871e+01
1.824092151184099976e+03 1.271128402706529492e+01
1.828591232963800167e+03 1.271158473447219350e+01
1.833991236435699875e+03 1.271194278428466617e+01
1.835741557544699845e+03 1.271205817055841258e+01
1.839811254324399897e+03 1.271232520969882174e+01
1.845211256435699852e+03 1.271267685389274504e+01
1.847428301184100064e+03 1.271282034456904242e+01
1.851068612963799978e+03 1.271305485239856203e+01
1.856468616435700142e+03 1.271340021578184043e+01
1.859152386184100124e+03 1.271357075423740035e+01
1.862363312963799899e+03 1.271377383652939130e+01
1.867763316435700062e+03 1.271411304595623548e+01
1.870913806184099940e+03 1.271430961096586465e+01
1.873695347963800259e+03 1.271448234367711727e+01
1.879095351435699968e+03 1.271481552674003979e+01
1.882712563802000204e+03 1.271503713116005585e+01
1.885064720581700158e+03 1.271518055758978605e+01
1.890464721435700085e+03 1.271550784168039705e+01
1.894548656184100309e+03 1.271575353261345498e+01
1.896471427963800124e+03 1.271586866388644665e+01
1.901871431435699833e+03 1.271619017185410527e+01
1.906422093802000063e+03 1.271645902442358533e+01
1.907915480581699967e+03 1.271654683830248800e+01
1.913315481435699894e+03 1.271686268950663745e+01
1.918332863802000020e+03 1.271715381392088418e+01
1.919396865581700013e+03 1.271721526017060988e+01
1.924796866435700167e+03 1.271752558004795297e+01
1.930280973801999608e+03 1.271783812090948018e+01
1.930915590581699917e+03 1.271787411770305809e+01
1.936315591435699844e+03 1.271817902609597795e+01
1.941869596435699805e+03 1.271849003139745093e+01
1.942471652963800125e+03 1.271852358595516108e+01
1.948044327963800015e+03 1.271883273976806095e+01
1.953444331435699723e+03 1.271912984890740894e+01
1.954289208802000076e+03 1.271917611480799337e+01
1.959656395581700053e+03 1.271946867269746484e+01
1.965056396435699980e+03 1.271976065906487285e+01
1.966349331184100265e+03 1.271983021975790606e+01
1.971305802963800033e+03 1.272009565226526817e+01
1.976705806435699969e+03 1.272038261951570526e+01
1.978446796184100322e+03 1.272047464873252132e+01
1.982992547963800234e+03 1.272071383112163545e+01
1.988392551435700170e+03 1.272099588489012767e+01
1.990581593802000043e+03 1.272110958486806531e+01
1.994716630581700429e+03 1.272132337030380356e+01
2.000116631435700356e+03 1.272160061299974210e+01
2.002753726184099833e+03 1.272173521065973034e+01
2.006478052963799882e+03 1.272192442396448264e+01
2.011878056435700046e+03 1.272219695685305219e+01
2.014963203802000180e+03 1.272235170509726387e+01
2.018276810581700374e+03 1.272251714544294465e+01
2.023676811435700074e+03 1.272278506475724669e+01
2.027210016184099914e+03 1.272295923807114448e+01
2.030112907963799898e+03 1.272310167752539911e+01
2.035512911435700062e+03 1.272336507335780276e+01
2.039494171184099969e+03 1.272355796728721167e+01
2.041986342963800098e+03 1.272367815560699356e+01
2.047386346435700034e+03 1.272393711929572468e+01
2.051815657544699661e+03 1.272414805113486125e+01
2.053897114324400263e+03 1.272424671427888754e+01
2.059297116435699991e+03 1.272450132860001126e+01
2.064174481184099932e+03 1.272472963176974758e+01
2.065845222963799642e+03 1.272480747335560380e+01
2.071245226435700260e+03 1.272505781689778459e+01
2.076570646184100042e+03 1.272530284274781032e+01
2.077830667963800352e+03 1.272536054690483986e+01
2.083230671435700060e+03 1.272560669787931076e+01
2.089004147544700118e+03 1.272586781719762783e+01
2.095230232544700357e+03 1.272614704908593986e+01
2.101068826435700430e+03 1.272640669987287332e+01
2.101913577963799980e+03 1.272644409063390647e+01
2.107719741184099803e+03 1.272669990497887049e+01
2.113983166184099900e+03 1.272697355460776869e+01
2.119863747963800051e+03 1.272722831588129999e+01
2.125263751435700215e+03 1.272746043238157121e+01
2.126528681184100151e+03 1.272751455263708920e+01
2.132017212963800375e+03 1.272774829236955618e+01
2.137417216435700084e+03 1.272797653441515386e+01
2.139111533801999940e+03 1.272804779581631074e+01
2.144208020581700112e+03 1.272826114878529324e+01
2.149608021435699811e+03 1.272848557117614554e+01
2.151731723802000033e+03 1.272857337293180358e+01
2.156436165581700152e+03 1.272876696416808429e+01
2.161836166435699852e+03 1.272898763944714950e+01
2.164389251184100431e+03 1.272909140402584960e+01
2.168701647963800042e+03 1.272926585173770064e+01
2.174101651435700205e+03 1.272948284769440797e+01
2.177084121184099786e+03 1.272960201005031600e+01
2.181004467963799925e+03 1.272975790787644534e+01
2.186404471435700088e+03 1.272997128306098169e+01
2.189816326184100035e+03 1.273010528998385738e+01
2.193344622963799793e+03 1.273024321665639391e+01
2.198744626435699956e+03 1.273045303264900951e+01
2.202585867544700250e+03 1.273060134802707033e+01
2.205722119324399955e+03 1.273072186963918639e+01
2.211122121435699682e+03 1.273092818825598016e+01
2.215392746184099906e+03 1.273109029356437816e+01
2.218136952963800013e+03 1.273119396559482119e+01
2.223536956435700176e+03 1.273139685556776612e+01
2.228236966184099856e+03 1.273157225086401922e+01
2.230589122963800037e+03 1.273165961259265977e+01
2.235989126435699745e+03 1.273185913428064886e+01
2.241118523802000254e+03 1.273204732005552842e+01
2.243078630581700054e+03 1.273211888807041525e+01
2.248478631435700208e+03 1.273231509058815014e+01
2.254037416184099584e+03 1.273251559474727657e+01
2.255605477963800240e+03 1.273257188538551077e+01
2.261005481435699949e+03 1.273276484628214433e+01
2.266993651184100145e+03 1.273297721710101449e+01
2.268169662963799965e+03 1.273301872566183235e+01
2.273569666435700128e+03 1.273320850296993534e+01
2.279665071435699701e+03 1.273342110027574847e+01
2.280771185581700138e+03 1.273345949537354116e+01
2.286493333802000507e+03 1.273365723800074711e+01
2.292285256435700376e+03 1.273385588525236933e+01
2.293410042963800151e+03 1.273389428663798739e+01
2.299542782963800164e+03 1.273410268358134978e+01
2.306086242963800032e+03 1.273432321019720348e+01
2.312237652963849996e+03 1.273452882066466074e+01
2.317637656435750159e+03 1.273470796818439865e+01
2.319191956184099581e+03 1.273475930019961311e+01
2.324969857963799768e+03 1.273494922704767340e+01
2.330369861435700386e+03 1.273512545905283311e+01
2.332334876184100267e+03 1.273518928457063026e+01
2.337739397963800002e+03 1.273536400649944866e+01
2.343139401435700165e+03 1.273553738040600791e+01
2.345515133801999582e+03 1.273561327848983993e+01
2.350546280581700103e+03 1.273577325862741283e+01
2.355946281435700257e+03 1.273594383337519709e+01
2.358732726184100102e+03 1.273603139475025614e+01
2.363390497963800044e+03 1.273617707509855457e+01
2.368790501435699753e+03 1.273634490086848992e+01
2.371987663802000043e+03 1.273644372801861557e+01
2.376272055581699988e+03 1.273657554184320340e+01
2.381672056435700142e+03 1.273674067061855197e+01
2.385279933801999960e+03 1.273685037631605965e+01
2.389190945581699907e+03 1.273696874283644576e+01
2.394590946435700062e+03 1.273713122975682843e+01
2.398609543801999735e+03 1.273725144667744225e+01
2.402147180581700013e+03 1.273735678273400929e+01
2.407547181435700168e+03 1.273751668710902152e+01
2.411976491184100269e+03 1.273764705248780160e+01
2.415140747963800095e+03 1.273773974670659470e+01
2.420540751435699804e+03 1.273789710358648009e+01
2.425380781184099760e+03 1.273803726104673117e+01
2.428171657963800499e+03 1.273811770214357431e+01
2.433571661435700207e+03 1.273827256960677978e+01
2.438822406184099691e+03 1.273842217989030168e+01
2.441239902963799977e+03 1.273849073872021442e+01
2.446639906435700141e+03 1.273864315456692964e+01
2.452301366184100061e+03 1.273880188192186580e+01
2.454345482963799441e+03 1.273885892347023585e+01
2.459745486435700059e+03 1.273900893707624427e+01
2.465817666184100290e+03 1.273917645949894784e+01
2.467488407963800000e+03 1.273922233650280411e+01
2.472888411435700164e+03 1.273936999062736497e+01
2.479282516435700018e+03 1.273954359794026381e+01
2.480668665581699770e+03 1.273958105757583148e+01
2.486157453801999964e+03 1.273972878043452184e+01
2.492481441435700162e+03 1.273989777888165875e+01
2.493886262963800164e+03 1.273993514563444940e+01
2.499767101184099829e+03 1.274009089539177353e+01
2.505717706435700165e+03 1.274024738588619421e+01
2.507141192963800222e+03 1.274028465613297811e+01
2.513414081184099814e+03 1.274044815262531394e+01
2.518991311435700027e+03 1.274059250050894043e+01
2.520433467963799558e+03 1.274062967032282145e+01
2.526902247963799709e+03 1.274079562266155108e+01
2.532302251435699873e+03 1.274093318729853763e+01
2.533959231184099735e+03 1.274097522239175184e+01
2.540250527963800323e+03 1.274113408186357965e+01
2.545650531435700032e+03 1.274126949905106976e+01
2.547699556184099947e+03 1.274132065762411870e+01
2.553636142963800012e+03 1.274146818976893769e+01
2.559036146435699720e+03 1.274160149827858213e+01
2.561477218801999697e+03 1.274166148377392460e+01
2.567059100581700022e+03 1.274179801001049306e+01
2.572459101435699722e+03 1.274192924146663941e+01
2.575292221184100072e+03 1.274199776152287278e+01
2.580519392963799874e+03 1.274212359200784839e+01
2.585919396435700037e+03 1.274225278071387635e+01
2.589144563801999993e+03 1.274232955335047279e+01
2.594017020581699853e+03 1.274244499750578896e+01
2.599417021435700008e+03 1.274257218193613994e+01
2.603034236184100337e+03 1.274265693281670586e+01
2.607551987963800002e+03 1.274276228564320945e+01
2.612951991435699711e+03 1.274288749140320220e+01
2.616961256184099966e+03 1.274297994801946210e+01
2.621124297963800018e+03 1.274307550055176819e+01
2.626524301435699726e+03 1.274319876433340859e+01
2.630925611184100035e+03 1.274329866672527523e+01
2.634733942963800018e+03 1.274338470219214514e+01
2.640133946435700182e+03 1.274350605363908073e+01
2.644927301184099633e+03 1.274361314745648777e+01
2.648380922963800003e+03 1.274368994660251353e+01
2.653780926435699712e+03 1.274380942495337266e+01
2.658966331184100000e+03 1.274392346722648028e+01
2.662065242963799847e+03 1.274399130034812622e+01
2.667465246435700010e+03 1.274410893451555182e+01
2.673042697544699877e+03 1.274422968135504064e+01
2.675786899324399656e+03 1.274428881066008756e+01
2.681186901435699838e+03 1.274440463160848580e+01
2.687156401184100105e+03 1.274453185047040371e+01
2.689545897963800144e+03 1.274458253412456621e+01
2.694945901435699852e+03 1.274469657636815612e+01
2.701307446184100172e+03 1.274483004613136750e+01
2.703342227963799814e+03 1.274487253648267071e+01
2.708742231435699523e+03 1.274498483282461692e+01
2.715472376435699516e+03 1.274512384418772903e+01
2.722575901435699961e+03 1.274526943883935459e+01
2.729324721435700212e+03 1.274540669997290898e+01
2.731046910581700104e+03 1.274544156112956550e+01
2.736843733801999861e+03 1.274555841753393359e+01
2.743214391435699781e+03 1.274568598118905527e+01
2.744955252963799921e+03 1.274572068291276850e+01
2.751125461184100004e+03 1.274584314875449031e+01
2.757141411435699865e+03 1.274596175961302968e+01
2.758900939324400497e+03 1.274599630267511330e+01
2.765444522544700249e+03 1.274612418860787422e+01
2.771105761435700515e+03 1.274623409509582928e+01
2.772883960581700194e+03 1.274626847631360071e+01
2.779707455581699833e+03 1.274639979515537114e+01
2.785107456435699987e+03 1.274650302954610126e+01
2.786997792544700133e+03 1.274653902479435352e+01
2.793746484324400171e+03 1.274666693817512453e+01
2.799146486435700353e+03 1.274676862085533102e+01
2.801410201184100515e+03 1.274681107102916044e+01
2.807822847963800086e+03 1.274693076720210883e+01
2.813222851435699795e+03 1.274703092343417943e+01
2.815859947544699935e+03 1.274707962401165240e+01
2.821936554324400277e+03 1.274719132366696961e+01
2.827336556435699549e+03 1.274728997737118164e+01
2.830347028801999841e+03 1.274734472931488405e+01
2.836087595581699588e+03 1.274744865127992632e+01
2.841487596435699743e+03 1.274754583235274197e+01
2.844871448802000486e+03 1.274760644760572958e+01
2.850275975581700095e+03 1.274770281174813213e+01
2.855675976435699795e+03 1.274779854640572019e+01
2.859433208801999626e+03 1.274786483634632717e+01
2.864501695581700005e+03 1.274795384859244507e+01
2.869901696435700160e+03 1.274804816332147439e+01
2.874032306184099980e+03 1.274811994768431056e+01
2.878764752963800220e+03 1.274820181027859967e+01
2.884164756435700383e+03 1.274829472654083240e+01
2.888668742544700308e+03 1.274837182659574886e+01
2.893065144324400080e+03 1.274844673775419857e+01
2.898465146435700262e+03 1.274853828172989445e+01
2.903342513802000212e+03 1.274862052418744440e+01
2.907402875581700300e+03 1.274868867124601657e+01
2.912802876435700000e+03 1.274877885717270409e+01
2.918053623801999947e+03 1.274886606861474370e+01
2.921777945581700351e+03 1.274892764054700578e+01
2.927177946435700051e+03 1.274901649624210087e+01
2.932802071184099987e+03 1.274910851607029372e+01
2.936190352963800251e+03 1.274916369654625825e+01
2.941590356435699960e+03 1.274925124300155588e+01
2.947587858802000028e+03 1.274934790932517359e+01
2.950640100581700153e+03 1.274939687599898974e+01
2.956040101435699853e+03 1.274948313454343385e+01
2.962410981184099910e+03 1.274958429342605370e+01
2.965127182963800351e+03 1.274962722207527932e+01
2.970527186435700060e+03 1.274971221677169630e+01
2.977271446184100114e+03 1.274981771892597671e+01
2.979651602963800087e+03 1.274985477976875714e+01
2.985051606435700251e+03 1.274993853185549675e+01
2.992155131435699786e+03 1.275004800958481965e+01
2.999613366435700300e+03 1.275016210923369542e+01
3.006735561435699765e+03 1.275027026650638007e+01
3.008812460581700179e+03 1.275030165892716028e+01
3.014581283802000144e+03 1.275038850970489079e+01
3.021353326435700183e+03 1.275048981696207129e+01
3.023448897963799936e+03 1.275052102454331582e+01
3.029572431184099969e+03 1.275061184487112698e+01
3.036008431435699549e+03 1.275070670424371677e+01
3.038122667963799813e+03 1.275073773266023558e+01
3.044600911184099914e+03 1.275083240170713594e+01
3.050700871435700265e+03 1.275092098359526283e+01
3.052833777963800003e+03 1.275095182925055326e+01
3.059666731184099717e+03 1.275105020750324236e+01
3.065430651435699929e+03 1.275113267465511768e+01
3.067582227963800051e+03 1.275116333680871783e+01
3.074769891184099833e+03 1.275126529929849362e+01
3.082340137544699701e+03 1.275137191112427004e+01
3.089602219324399812e+03 1.275147343788917453e+01
3.095002221435700449e+03 1.275154846064127767e+01
3.097499301184100204e+03 1.275158301734403921e+01
3.104444012963800105e+03 1.275167868005515359e+01
3.109844016435699814e+03 1.275175261331595244e+01
3.112695806184100093e+03 1.275179150002493600e+01
3.119323142963799910e+03 1.275188145410945317e+01
3.124723146435700073e+03 1.275195432018204755e+01
3.127929646184099965e+03 1.275199740656018932e+01
3.134239612963800028e+03 1.275208180427425830e+01
3.139639616435699736e+03 1.275215362015407017e+01
3.143200823801999832e+03 1.275220077603242252e+01
3.149193420581699684e+03 1.275227976353082759e+01
3.154593421435700293e+03 1.275235055013746255e+01
3.158509336184100448e+03 1.275240165237876688e+01
3.164184562963800090e+03 1.275247537180033319e+01
3.169584566435700253e+03 1.275254514133007255e+01
3.173855191184100022e+03 1.275260006201070695e+01
3.179213042963800035e+03 1.275266864585880633e+01
3.184613046435700198e+03 1.275273741215230849e+01
3.189238381184100035e+03 1.275279603131242467e+01
3.194278862963799838e+03 1.275285961750144459e+01
3.199678866435700002e+03 1.275292740036405625e+01
3.204658911184099907e+03 1.275298960455769048e+01
3.209382022963799955e+03 1.275304832865256799e+01
3.214782026435699663e+03 1.275311514644083388e+01
3.220116781184100091e+03 1.275318082114791629e+01
3.224522517963800055e+03 1.275323480857086089e+01
3.229922521435700219e+03 1.275330067368255449e+01
3.235611986184100260e+03 1.275336970846288409e+01
3.239700347963800141e+03 1.275341908781572187e+01
3.245100351435700304e+03 1.275348401933879572e+01
3.251144526184099959e+03 1.275355630866305212e+01
3.254915522963799958e+03 1.275360120325240132e+01
3.260315526435700122e+03 1.275366521652625096e+01
3.266714406184099971e+03 1.275374065490654552e+01
3.270168027963799886e+03 1.275378118386860749e+01
3.275568031435700050e+03 1.275384429466717684e+01
3.282321626184099841e+03 1.275392278319671213e+01
3.285457877963800001e+03 1.275395906504255983e+01
3.290857881435700165e+03 1.275402129020684505e+01
3.297966183802000160e+03 1.275410273132109573e+01
3.300785060581700236e+03 1.275413488008164720e+01
3.306185061435699936e+03 1.275419623267853275e+01
3.313648076184099864e+03 1.275428052001388934e+01
3.316149587963800059e+03 1.275430864111234008e+01
3.321549591435699767e+03 1.275436912786097565e+01
3.329082501435700124e+03 1.275445301280909050e+01
3.331551447963800001e+03 1.275448038142783069e+01
3.337236261184100385e+03 1.275454316695626034e+01
3.344503026435700122e+03 1.275462295604298291e+01
3.346990642963800383e+03 1.275465014924685114e+01
3.353011501184099870e+03 1.275471571152991146e+01
3.359960896435700306e+03 1.275479093688456800e+01
3.362467180581699722e+03 1.275481794911389066e+01
3.368824073801999475e+03 1.275488618788518913e+01
3.375456096435700147e+03 1.275495696144939117e+01
3.377981052963799812e+03 1.275498379448820252e+01
3.384673991184100032e+03 1.275505462878886576e+01
3.390988641435700629e+03 1.275512107093488190e+01
3.393532262963799894e+03 1.275514772809243702e+01
3.400561241184099799e+03 1.275522107601273980e+01
3.406558521435700186e+03 1.275528329130083272e+01
3.409120812963800290e+03 1.275530976989468890e+01
3.416485831184100334e+03 1.275538554596810314e+01
3.422165741435700056e+03 1.275544364667437236e+01
3.424746702963800089e+03 1.275546995092159364e+01
3.432410292963800202e+03 1.275554770434461282e+01
3.440409925581700008e+03 1.275562830664853742e+01
3.448092190581699924e+03 1.275570517127670911e+01
3.453492191435700079e+03 1.275575888335687580e+01
3.456465326184099922e+03 1.275578834524368155e+01
3.463811422963799941e+03 1.275586080988971993e+01
3.469211426435700105e+03 1.275591377794775383e+01
3.472520601184100087e+03 1.275594611273013257e+01
3.479567992963799952e+03 1.275601466250958715e+01
3.484967996435700115e+03 1.275606690084972605e+01
3.488613211184100237e+03 1.275610202333454701e+01
3.495361897963800402e+03 1.275616675098740416e+01
3.500761901435700111e+03 1.275621826530362846e+01
3.504743161184100245e+03 1.275625608891448692e+01
3.511193147963800584e+03 1.275631708864781366e+01
3.516593151435700292e+03 1.275636789433332119e+01
3.520910447544699764e+03 1.275640834106951260e+01
3.527061729324399948e+03 1.275646570572895833e+01
3.532461731435700585e+03 1.275651580898816739e+01
3.537115068801999769e+03 1.275655879500590828e+01
3.542967650581699672e+03 1.275661261271719304e+01
3.548367651435700282e+03 1.275666202549189876e+01
3.553357031184099924e+03 1.275670747414349293e+01
3.558910907963799673e+03 1.275675783232133931e+01
3.564310911435700291e+03 1.275680656223823028e+01
3.569636333802000536e+03 1.275685439667978294e+01
3.574891505581699676e+03 1.275690138484694991e+01
3.580291506435699830e+03 1.275694944657140617e+01
3.585952966184100205e+03 1.275699959677684170e+01
3.590909437963800428e+03 1.275704330210038151e+01
3.596309441435699682e+03 1.275709070657639721e+01
3.602306946184100070e+03 1.275714309968044269e+01
3.606964712963800139e+03 1.275718360355744174e+01
3.612364716435699847e+03 1.275723036029856416e+01
3.618698261184099920e+03 1.275728492670370073e+01
3.623057322963800289e+03 1.275732231106817949e+01
3.628457326435699997e+03 1.275736843054220593e+01
3.635126911184100209e+03 1.275742510030754318e+01
3.639187272963800297e+03 1.275745944182166625e+01
3.644587276435700005e+03 1.275750493093710247e+01
3.651592901184099446e+03 1.275756363933269988e+01
3.655354557963799380e+03 1.275759502019949920e+01
3.660754561435699998e+03 1.275763989495157347e+01
3.668096226184100487e+03 1.275770057754759179e+01
3.671559182963799685e+03 1.275772906967085696e+01
3.676959186435699849e+03 1.275777333391035917e+01
3.684636888802000158e+03 1.275783592456524396e+01
3.687801145581699984e+03 1.275786160280365600e+01
3.693201146435700139e+03 1.275790526751733900e+01
3.701182111435699426e+03 1.275796944223873197e+01
3.709480451435700616e+03 1.275803571544288495e+01
3.717480081435700413e+03 1.275809916744124095e+01
3.720397082963800131e+03 1.275812219861064811e+01
3.726147241184100494e+03 1.275816743896958805e+01
3.733815391435700349e+03 1.275822744401753184e+01
3.736751059324400103e+03 1.275825031760578376e+01
3.742818582544699893e+03 1.275829741825561392e+01
3.750188031435699941e+03 1.275835430626569966e+01
3.753142372963799971e+03 1.275837701421692039e+01
3.759527271184100300e+03 1.275842590588959169e+01
3.766598016435749742e+03 1.275847975773065812e+01
3.769571022963849828e+03 1.275850230895232684e+01
3.776273291184099435e+03 1.275855294915795923e+01
3.783045331435750086e+03 1.275860383670222298e+01
3.786037007963850101e+03 1.275862622776824651e+01
3.793056651184100247e+03 1.275867855315368438e+01
3.799529991435700140e+03 1.275872654206474799e+01
3.802540337963799630e+03 1.275874877263214380e+01
3.809877351184099098e+03 1.275880272927693149e+01
3.816051986435700201e+03 1.275884789066385672e+01
3.819081002963799619e+03 1.275886996260736517e+01
3.826735391184099626e+03 1.275892550022886418e+01
3.832611321435750142e+03 1.275896790199280417e+01
3.835659002963850526e+03 1.275898981586249015e+01
3.843630761184099811e+03 1.275904688725812974e+01
3.849207991435700023e+03 1.275908660261500494e+01
3.852274344324399863e+03 1.275910836325265940e+01
3.860441999324450080e+03 1.275916606641690088e+01
3.865842001435750262e+03 1.275920400923260267e+01
3.869048497544700695e+03 1.275922646258183057e+01
3.877113344324400259e+03 1.275928269003784976e+01
3.882513346435700441e+03 1.275932014124717284e+01
3.886037216184100089e+03 1.275934449545010985e+01
3.893822027963799883e+03 1.275939806003292887e+01
3.899222031435700501e+03 1.275943502353664272e+01
3.903063276184099777e+03 1.275946122240181957e+01
3.910568052963800255e+03 1.275951218288562039e+01
3.915968056435700419e+03 1.275954866659668419e+01
3.920126671184100815e+03 1.275957665871662350e+01
3.927351412963799703e+03 1.275962507556515391e+01
3.932751416435700321e+03 1.275966108668986898e+01
3.937227401184099563e+03 1.275969082054325909e+01
3.944172112963799918e+03 1.275973674674002289e+01
3.949572116435700082e+03 1.275977228399923646e+01
3.954365471184099988e+03 1.275980370388864138e+01
3.961030147963799664e+03 1.275984719720048588e+01
3.966430151435699827e+03 1.275988227269542996e+01
3.971540881184100272e+03 1.275991533386019405e+01
3.977925522963800177e+03 1.275995645169365034e+01
3.983325526435700340e+03 1.275999106958951401e+01
3.988753626184100540e+03 1.276002572287647396e+01
3.994858232963800219e+03 1.276006452259013280e+01
4.000258236435699928e+03 1.276009869197964974e+01
4.006003708801999892e+03 1.276013489209978324e+01
4.011828285581700129e+03 1.276017142846514751e+01
4.017228286435699374e+03 1.276020515652251142e+01
4.023291128802000003e+03 1.276024285941365832e+01
4.028835670581750037e+03 1.276027718620711582e+01
4.034235671435750191e+03 1.276031047815059516e+01
4.040615887544699945e+03 1.276034963710312553e+01
4.045880399324399605e+03 1.276038180541467781e+01
4.051280401435699787e+03 1.276041466773991573e+01
4.057977986184100246e+03 1.276045523854599750e+01
4.062962462963800135e+03 1.276048529696118194e+01
4.068362466435699389e+03 1.276051773301358949e+01
4.075377422544700039e+03 1.276055967477595665e+01
4.080081864324399703e+03 1.276058767945689887e+01
4.085481866435699885e+03 1.276061970290006009e+01
4.092814193801999409e+03 1.276066297685140327e+01
4.097238600581700666e+03 1.276068897262232937e+01
4.102638601435700366e+03 1.276072058356893990e+01
4.110288303801999064e+03 1.276076514639594350e+01
4.114432680581749082e+03 1.276078918266953544e+01
4.119832681435750601e+03 1.276082038756199033e+01
4.127799751184099478e+03 1.276086618952220952e+01
4.131664092963800613e+03 1.276088830329588042e+01
4.137064096435700776e+03 1.276091909708857308e+01
4.145348541184100213e+03 1.276096610193755687e+01
4.148932847963849781e+03 1.276098634985805447e+01
4.154332851435749944e+03 1.276101675299331006e+01
4.162836546435749369e+03 1.276106438160159584e+01
4.166238937963849821e+03 1.276108335278079053e+01
4.171737061184100639e+03 1.276111390790289768e+01
4.180161301435699897e+03 1.276116048337852327e+01
4.183582362963799824e+03 1.276117931420538909e+01
4.189379191184099909e+03 1.276121111233286598e+01
4.197523401435750202e+03 1.276125555311152304e+01
4.200963132963849603e+03 1.276127424084524087e+01
4.207058661184099037e+03 1.276130724092223900e+01
4.214922836435700447e+03 1.276134959907636990e+01
4.218381237963800231e+03 1.276136814928989338e+01
4.224775471184099843e+03 1.276140232152560117e+01
4.232359611435699662e+03 1.276144264149949237e+01
4.235836677963799957e+03 1.276146105053887325e+01
4.242529611184099849e+03 1.276149635522110515e+01
4.249833716435699898e+03 1.276153468942521307e+01
4.253329455581700131e+03 1.276155296413683438e+01
4.260321093801999268e+03 1.276158937387020309e+01
4.267345166435699866e+03 1.276162576358590606e+01
4.270859575581700483e+03 1.276164390004106330e+01
4.278149913801999901e+03 1.276168137542261860e+01
4.284893951435750751e+03 1.276171586655733847e+01
4.288427029324450814e+03 1.276173386850585167e+01
4.296016072544700364e+03 1.276177238108717304e+01
4.302480076435699630e+03 1.276180501647184684e+01
4.306031822963799641e+03 1.276182288286698530e+01
4.313919571184099368e+03 1.276186239591111971e+01
4.320103541435700208e+03 1.276189321486602424e+01
4.323673954324399347e+03 1.276191094505642987e+01
4.331860402544700264e+03 1.276195142407760841e+01
4.337764336435750010e+03 1.276198046707842160e+01
4.341353420581749560e+03 1.276199806192304109e+01
4.349838573802000610e+03 1.276203947966556562e+01
4.355462476435700410e+03 1.276206679264946331e+01
4.359070230581700343e+03 1.276208425643526212e+01
4.367797950581700206e+03 1.276212631948339471e+01
4.373197951435699906e+03 1.276215221330665095e+01
4.376880506184099431e+03 1.276216981419730168e+01
4.385570762963800917e+03 1.276221116633881536e+01
4.390970766435699261e+03 1.276223673248455448e+01
4.394952026184099850e+03 1.276225551904717292e+01
4.403380917963850152e+03 1.276229512048201187e+01
4.408780921435750315e+03 1.276232036790155178e+01
4.413060881184100253e+03 1.276234031057425966e+01
4.421228402963800363e+03 1.276237820229121134e+01
4.426628406435700526e+03 1.276240313541077676e+01
4.431207071184099732e+03 1.276242420135188738e+01
4.439113232963800328e+03 1.276246041412930232e+01
4.444513236435700492e+03 1.276248502992697986e+01
4.449390601184099978e+03 1.276250718248735083e+01
4.457035397963800278e+03 1.276254175259821544e+01
4.462435401435699532e+03 1.276256606024144702e+01
4.467611468801999763e+03 1.276258927439164914e+01
4.474994900581700676e+03 1.276262224452892724e+01
4.480394901435699467e+03 1.276264625051362422e+01
4.485869671184099388e+03 1.276267049677506016e+01
4.492991737963850028e+03 1.276270190047240938e+01
4.498391741435750191e+03 1.276272560738030748e+01
4.504165216184100245e+03 1.276275085592961567e+01
4.511025917963799657e+03 1.276278072810969810e+01
4.516425921435699820e+03 1.276280414033256605e+01
4.522498096184100177e+03 1.276283036232684687e+01
4.529097432963800202e+03 1.276285873588531317e+01
4.534497436435699456e+03 1.276288185671251441e+01
4.540868316184099967e+03 1.276290902448913300e+01
4.547206287963800605e+03 1.276293593428613349e+01
4.552606291435699859e+03 1.276295876921510875e+01
4.559275873802000206e+03 1.276298685626785989e+01
4.565352480581699638e+03 1.276301233454172213e+01
4.570752481435699337e+03 1.276303488679685039e+01
4.577720766184100285e+03 1.276306386509724788e+01
4.583536007963849443e+03 1.276308794167734817e+01
4.588936011435750515e+03 1.276311021289838621e+01
4.596203001184100685e+03 1.276314005543025765e+01
4.601756877963800434e+03 1.276316276380505244e+01
4.607156881435700598e+03 1.276318476057346629e+01
4.614722571184100161e+03 1.276321544237229944e+01
4.620015082963800523e+03 1.276323681070755534e+01
4.625415086435699777e+03 1.276325853379574227e+01
4.633279481184099495e+03 1.276329003001912099e+01
4.638310627963849583e+03 1.276331009206028710e+01
4.643710631435750656e+03 1.276333154961801952e+01
4.651873726184099723e+03 1.276336383992819812e+01
4.656643507963849515e+03 1.276338262593405481e+01
4.662043511435749679e+03 1.276340382147721186e+01
4.670505308801999490e+03 1.276343687916316405e+01
4.675013725581749895e+03 1.276345441440403583e+01
4.680413726435750505e+03 1.276347534844259712e+01
4.689174228801999561e+03 1.276350915502433736e+01
4.693421285581749544e+03 1.276352547540381011e+01
4.698821286435751063e+03 1.276354616041624368e+01
4.707880488802000400e+03 1.276358069458495237e+01
4.717242953801999647e+03 1.276361616544211586e+01
4.726367276435749773e+03 1.276365052276149115e+01
4.730348407963850150e+03 1.276366544881999943e+01
4.736005221184100265e+03 1.276368658932891798e+01
4.744868181435699626e+03 1.276371954986553625e+01
4.748867980581700067e+03 1.276373435991870053e+01
4.754804823802001010e+03 1.276375626970666843e+01
4.763406421435750417e+03 1.276378786234846885e+01
4.767424892963849743e+03 1.276380256042399530e+01
4.773641771184099525e+03 1.276382522403438280e+01
4.781982001435699203e+03 1.276385548573588125e+01
4.786019137963799949e+03 1.276387007548245300e+01
4.792516051184099524e+03 1.276389347535809904e+01
4.800594916435699815e+03 1.276392243737353560e+01
4.804650720581700625e+03 1.276393692050287498e+01
4.811427663802000097e+03 1.276396103665052806e+01
4.819245166435699502e+03 1.276398872475460067e+01
4.823319642963800106e+03 1.276400310005887029e+01
4.830376621184101168e+03 1.276402790819410882e+01
4.837932756435750889e+03 1.276405434516110127e+01
4.842025899324449711e+03 1.276406861187509101e+01
4.849362912544700521e+03 1.276409409197056277e+01
4.856657686435750293e+03 1.276411930764532343e+01
4.860769500581750435e+03 1.276413346912553060e+01
4.868386543801999323e+03 1.276415960473350175e+01
4.875419951435750590e+03 1.276418362465320122e+01
4.879550435581750207e+03 1.276419768051868964e+01
4.887447513801999776e+03 1.276422445226308966e+01
4.894219556435699815e+03 1.276424730368107774e+01
4.898368707963800261e+03 1.276426125631988029e+01
4.906545821184099623e+03 1.276428864915673955e+01
4.913056496435749068e+03 1.276431036005049968e+01
4.917224315581750488e+03 1.276432421158747843e+01
4.925681463801999598e+03 1.276435220517987190e+01
4.931930776435699954e+03 1.276437279325480034e+01
4.936117267963799350e+03 1.276438653992270922e+01
4.944854451184099162e+03 1.276441511529025163e+01
4.950842396435749833e+03 1.276443461057522022e+01
4.955047552963849739e+03 1.276444825813656436e+01
4.964064771184100209e+03 1.276447740030988243e+01
4.969791351435700562e+03 1.276449582051454890e+01
4.974015177963800852e+03 1.276450936441166029e+01
4.983312431184100205e+03 1.276453905421017687e+01
4.988777646435701172e+03 1.276455642871672858e+01
4.993020139324400589e+03 1.276456987629694773e+01
5.002401274324400219e+03 1.276459948810487255e+01
5.007801276435699947e+03 1.276461645565721170e+01
5.012258591184099714e+03 1.276463041851882529e+01
5.021462242963799326e+03 1.276465912830757610e+01
5.026862246435700399e+03 1.276467589683802473e+01
5.031599596184100847e+03 1.276469056213474040e+01
5.040560547963799763e+03 1.276471818888249388e+01
5.045960551435699927e+03 1.276473476550460440e+01
5.050977936184099235e+03 1.276475011843717589e+01
5.059696192963800058e+03 1.276477668128581300e+01
5.065096196435699312e+03 1.276479306127698088e+01
5.070393616184100210e+03 1.276480907717945357e+01
5.078869177963800212e+03 1.276483459443448254e+01
5.084269181435699466e+03 1.276485078315013233e+01
5.089846631184100261e+03 1.276486744764545378e+01
5.098079497963850372e+03 1.276489194220271095e+01
5.103479501435749626e+03 1.276490794115149718e+01
5.109336983801999850e+03 1.276492523561114290e+01
5.117327155581750048e+03 1.276494872699234229e+01
5.122727156435749748e+03 1.276496453829141053e+01
5.128864676184099153e+03 1.276498244676537119e+01
5.136612152963800327e+03 1.276500495907894184e+01
5.142012156435700490e+03 1.276502058830102548e+01
5.148429708802000278e+03 1.276503909705451001e+01
5.155934485581699846e+03 1.276506065141373725e+01
5.161334486435699546e+03 1.276507610053812591e+01
5.168032071184099550e+03 1.276509519229535705e+01
5.175294157963799989e+03 1.276511580634815601e+01
5.180694161435699243e+03 1.276513107610993636e+01
5.187671781184100837e+03 1.276515073240786968e+01
5.194691167963800581e+03 1.276517042130673829e+01
5.200091171435699835e+03 1.276518551035634275e+01
5.207348826184099380e+03 1.276520571299031204e+01
5.214125512963850269e+03 1.276522449743008103e+01
5.219525516435750433e+03 1.276523941133886275e+01
5.227063206184100636e+03 1.276526014996495384e+01
5.233597197963849794e+03 1.276527805276362137e+01
5.238997201435749957e+03 1.276529279575668596e+01
5.246814926184099932e+03 1.276531405342310244e+01
5.253106222963799155e+03 1.276533108624879631e+01
5.258506226435699318e+03 1.276534565414101507e+01
5.266603982544700557e+03 1.276536741275773679e+01
5.272652584324400777e+03 1.276538359756211705e+01
5.278052586435700505e+03 1.276539799800999475e+01
5.286430376184100169e+03 1.276542024860809121e+01
5.292236282963850499e+03 1.276543560372008912e+01
5.297636286435749753e+03 1.276544983778823728e+01
5.306294111184100075e+03 1.276547256392112040e+01
5.311857317963799687e+03 1.276548710485172045e+01
5.317257321435699851e+03 1.276550117213848701e+01
5.326195181184099965e+03 1.276552435253082862e+01
5.331515692963799665e+03 1.276553809019041985e+01
5.336915696435699829e+03 1.276555198727971785e+01
5.346133588801999394e+03 1.276557560532391200e+01
5.351211405581700092e+03 1.276558855947713411e+01
5.356611406435700701e+03 1.276560229224638299e+01
5.366109331184099574e+03 1.276562633934956281e+01
5.370944457963849345e+03 1.276563852859405124e+01
5.376344461435749508e+03 1.276565210040326015e+01
5.386098971435750173e+03 1.276567650628135020e+01
5.396114846435750223e+03 1.276570142005138919e+01
5.405888026435750362e+03 1.276572559014516628e+01
5.410522570581750188e+03 1.276573700396162359e+01
5.416207383801999640e+03 1.276575096166329715e+01
5.425714421435699478e+03 1.276577419739522234e+01
5.430367634324399660e+03 1.276578552151697110e+01
5.436313812544700340e+03 1.276579994712810517e+01
5.445578156435699384e+03 1.276582232408623518e+01
5.450250037963800423e+03 1.276583356292353955e+01
5.456457581184100491e+03 1.276584844882855130e+01
5.465479226435700184e+03 1.276586998714480181e+01
5.470169775581699469e+03 1.276588114045944877e+01
5.476638683802000742e+03 1.276589647187633858e+01
5.485417631435750991e+03 1.276591718418144517e+01
5.490126852963850070e+03 1.276592825003847054e+01
5.496857131184100581e+03 1.276594401061584527e+01
5.505393381435750598e+03 1.276596390799621261e+01
5.510121267963850187e+03 1.276597488414626369e+01
5.517112911184100085e+03 1.276599105957490110e+01
5.525406466435750190e+03 1.276601016118140564e+01
5.530153020581749843e+03 1.276602105181428648e+01
5.537406023801999254e+03 1.276603763651860746e+01
5.545456886435748856e+03 1.276605596580912483e+01
5.550222112963850122e+03 1.276606677505980691e+01
5.557736481184099830e+03 1.276608376007168921e+01
5.565544646435750110e+03 1.276610133073891440e+01
5.570328540581749621e+03 1.276611205636745972e+01
5.578104273802000534e+03 1.276612942566540809e+01
5.585669741435700416e+03 1.276614624905563744e+01
5.590472305581700311e+03 1.276615688994048980e+01
5.598509403801999724e+03 1.276617463263719898e+01
5.605832176435699694e+03 1.276619072847135072e+01
5.610653410581699973e+03 1.276620128944108679e+01
5.618951873801999682e+03 1.276621939985751020e+01
5.626031951435749761e+03 1.276623478379579524e+01
5.630871852963849960e+03 1.276624526441469420e+01
5.639431681184099943e+03 1.276626372946968679e+01
5.646269066435749664e+03 1.276627841384234330e+01
5.651127637963850248e+03 1.276628881349840938e+01
5.659948831184100527e+03 1.276630762176353606e+01
5.666543516435700440e+03 1.276632162098715817e+01
5.671420752963800624e+03 1.276633194103467517e+01
5.680503311184100312e+03 1.276635108626393489e+01
5.686855301435699403e+03 1.276636441920588361e+01
5.691751207963799970e+03 1.276637466398404719e+01
5.701095131184099955e+03 1.276639413998779560e+01
5.707204426435700043e+03 1.276640682004851080e+01
5.712119002963800085e+03 1.276641698922202828e+01
5.721724291184099457e+03 1.276643678227404344e+01
5.727590891435749654e+03 1.276644881763239425e+01
5.732524135581749761e+03 1.276645890727826860e+01
5.742390783801999532e+03 1.276647900434873151e+01
5.748014686435750264e+03 1.276649041035188148e+01
5.752966602963850164e+03 1.276650042435117527e+01
5.763075822963799510e+03 1.276652078428304371e+01
5.773446407963800084e+03 1.276654155510281718e+01
5.783574297963800745e+03 1.276656172892408136e+01
5.788974301435699999e+03 1.276657244088225696e+01
5.794225046184099483e+03 1.276658282706829972e+01
5.804110112963800020e+03 1.276660230053805734e+01
5.809510116435699274e+03 1.276661289462242621e+01
5.815022226184099054e+03 1.276662367666451203e+01
5.824683267963800063e+03 1.276664249636547410e+01
5.830083271435699316e+03 1.276665297255101272e+01
5.835856743801999983e+03 1.276666414026392893e+01
5.845293755581699770e+03 1.276668232253275193e+01
5.850693756435700379e+03 1.276669268643499500e+01
5.856728596184099843e+03 1.276670423404014443e+01
5.865941582963851033e+03 1.276672179257925421e+01
5.871341586435750287e+03 1.276673204461809341e+01
5.877637791184100024e+03 1.276674396094958119e+01
5.886626747963799971e+03 1.276676090344292192e+01
5.892026751435700135e+03 1.276677104148464714e+01
5.898584321184101100e+03 1.276678331281012468e+01
5.907349252963800609e+03 1.276679964732505113e+01
5.912749256435699863e+03 1.276680967278592327e+01
5.919568188801999895e+03 1.276682229182114625e+01
5.928109090581700002e+03 1.276683803370266901e+01
5.933509091435699702e+03 1.276684795001804495e+01
5.940589391184100350e+03 1.276686090965982956e+01
5.948906272963850824e+03 1.276687607197083274e+01
5.954306276435750078e+03 1.276688588178245354e+01
5.961647937544700653e+03 1.276689917587545331e+01
5.969740789324449906e+03 1.276691377337947841e+01
5.975140791435749634e+03 1.276692348078003647e+01
5.982743817544700505e+03 1.276693710458314612e+01
5.990612639324400334e+03 1.276695115056242003e+01
5.996012641435700061e+03 1.276696075753420168e+01
6.003877036184100689e+03 1.276697470196214823e+01
6.011521832963850102e+03 1.276698820382684829e+01
6.016921836435750265e+03 1.276699770923407229e+01
6.025047596184100257e+03 1.276701196231581292e+01
6.032468367963800119e+03 1.276702492578351134e+01
6.037868371435699373e+03 1.276703432742483280e+01
6.046255491184099810e+03 1.276704887679956890e+01
6.053452232963850292e+03 1.276706130969962949e+01
6.058852236435750456e+03 1.276707060791180837e+01
6.067500723801999811e+03 1.276708544704479742e+01
6.074473440581749855e+03 1.276709736417461016e+01
6.079873441435750465e+03 1.276710656471768246e+01
6.088783293802000117e+03 1.276712169071032044e+01
6.095531985581699701e+03 1.276713310245539112e+01
6.100102252963799401e+03 1.276714080829557219e+01
6.104004181184099252e+03 1.276714737287558599e+01
6.109404184656000325e+03 1.276715643576323345e+01
6.114616873801999645e+03 1.276716515990721135e+01
6.116571265581699663e+03 1.276716842467816981e+01
6.121971266435699363e+03 1.276717742862428295e+01
6.129385217544700026e+03 1.276718975194738981e+01
6.135742449324400695e+03 1.276720028353634007e+01
6.141142451435701332e+03 1.276720920358224021e+01
6.150712336184100423e+03 1.276722495181561357e+01
6.158807577963850235e+03 1.276723821289310834e+01
6.164207581435749489e+03 1.276724702783042176e+01
6.174690176435699868e+03 1.276726406843997275e+01
6.187487677963799797e+03 1.276728474796128587e+01
6.197988947963799546e+03 1.276730161887777903e+01
6.203388951435699710e+03 1.276731026052352647e+01
6.213908891435749865e+03 1.276732702763107774e+01
6.233247843215499415e+03 1.276735761577707429e+01
6.245326689324449944e+03 1.276737656804762011e+01
6.252266932544699557e+03 1.276738740605945566e+01
6.261283966435750699e+03 1.276740143284359874e+01
6.275476943215450774e+03 1.276742338218651440e+01
6.296647498215450469e+03 1.276745582462896600e+01
6.315004565581749375e+03 1.276748367205811974e+01
6.325617850581700623e+03 1.276749965329646663e+01
6.331017851435700322e+03 1.276750775111739600e+01
6.341649801435750305e+03 1.276752363221622488e+01
6.360383198215449738e+03 1.276755141193839904e+01
6.375604083215399442e+03 1.276757379179164431e+01
6.386216773215400281e+03 1.276758929627693817e+01
6.400985123215449676e+03 1.276761073515673850e+01
6.421043070581750726e+03 1.276763960107473395e+01
6.433644260581750132e+03 1.276765759059267502e+01
6.439044261435748922e+03 1.276766526548617975e+01
6.457241766435749923e+03 1.276769097783931706e+01
6.497587638215449260e+03 1.276774715826880424e+01
6.557264007963800395e+03 1.276782821793443645e+01
6.595214052963850008e+03 1.276787853108302961e+01
6.600614056435750172e+03 1.276788561332671712e+01
6.655418091435700262e+03 1.276795646992894007e+01
6.764309337963799408e+03 1.276809188295523967e+01
6.824643681184099478e+03 1.276816390189137174e+01
6.848852386435749395e+03 1.276819221277312444e+01
6.981952333215449471e+03 1.276834254510047195e+01
7.122792737963800391e+03 1.276849206558568106e+01
7.154741901184099333e+03 1.276852466030885935e+01
7.293241856435699447e+03 1.276866113964510419e+01
7.526190897963799216e+03 1.276887361255197639e+01
7.631439991184100109e+03 1.276896288665020407e+01
7.769939941435701257e+03 1.276907452941046550e+01
8.108742132963799122e+03 1.276932318362897512e+01
8.319844381184098893e+03 1.276946204710775312e+01
8.458344331435700951e+03 1.276954703448859263e+01
8.950010097963800945e+03 1.276981795311651346e+01
9.313975921184099207e+03 1.276998979334442197e+01
9.452475871435701265e+03 1.277004902086476434e+01
1.016489341558170054e+04 1.277031804913316293e+01
1.074961101380199943e+04 1.277049778599178254e+01
1.088811096643570090e+04 1.277053503073354968e+01
1.191931834796380099e+04 1.277077696269765994e+01
1.282282579618409909e+04 1.277094076246999421e+01
1.296132576643570064e+04 1.277096183141325980e+01
1.445290064796380102e+04 1.277115753517175811e+01
1.581677559618410123e+04 1.277128779517648027e+01
1.595527556643574826e+04 1.277129828145139712e+01
1.811167171558174960e+04 1.277143802166748010e+01
2.014036791380199793e+04 1.277152917542778710e+01
2.027886786643575033e+04 1.277153385521287632e+01
2.339533894796384993e+04 1.277162356790326037e+01
2.638411009618410026e+04 1.277168033377515677e+01
2.652261001643574855e+04 1.277168218905209329e+01
3.102553464796385379e+04 1.277173354093208779e+01
3.540075939618410484e+04 1.277176541438703694e+01
3.553925936643575551e+04 1.277176609220609294e+01
4.204437524796384969e+04 1.277179345638673524e+01
4.842179119618410186e+04 1.277181069353436982e+01
4.856029116643570160e+04 1.277181094446090626e+01
5.795679109796379635e+04 1.277182549529623756e+01
6.722559109618410002e+04 1.277183423883975344e+01
6.736409106643569248e+04 1.277183431937397451e+01
8.093606709796383802e+04 1.277184156995433462e+01
9.438034319618415611e+04 1.277184718283177922e+01
9.451884316643574857e+04 1.277184723050776149e+01
1.141206650655817502e+05 1.277185484594025944e+01
1.335947870138020371e+05 1.277186422011632594e+01
1.337332869164358126e+05 1.277186429336464180e+01
1.620428689155817265e+05 1.277187656159948048e+01
1.902247510138019570e+05 1.277188198659554175e+01
1.903632509164357616e+05 1.277188199302662319e+01
2.312477944155817386e+05 1.277188433865152284e+01
2.720046380138020613e+05 1.277188765226087419e+01
2.721431379164357204e+05 1.277188766531505770e+01
3.311873066479638801e+05 1.277189218935195925e+01
3.901037757461841102e+05 1.277189405460511118e+01
3.902422759164356976e+05 1.277189405519716203e+01
4.755109381479638978e+05 1.277189443062074048e+01
5.606519007461841684e+05 1.277189472998621689e+01
5.607904009164357558e+05 1.277189473018888854e+01
