1.500001740000000139e-01 2.274565811274071336e+02 4.132994709206531070e+01 5.776366457760734363e+01 9.421081981445935227e+00
2.999992800999999876e-01 1.775628946117627152e+02 1.143826688979528257e+02 4.663468001484017122e+01 2.625306182741207905e+01
4.499982122000000251e-01 1.051110645823390399e+02 1.399928749007548561e+02 3.033531868362712913e+01 3.246967851107433489e+01
5.499982122000000029e-01 7.437274587050795560e+01 1.273254546277915153e+02 2.327404198443424121e+01 2.993194195657721579e+01
6.499988728000000160e-01 5.534610331625085422e+01 1.149143320970178905e+02 1.881212370604441375e+01 2.737223460859075885e+01
7.499996907000000546e-01 4.255709283798723419e+01 1.039681679661472344e+02 1.574770417154630486e+01 2.508839985811302498e+01
8.499999240000000178e-01 3.352754032997648181e+01 9.456172194438885015e+01 1.353453284399187950e+01 2.311235580621152508e+01
9.500001739999999195e-01 2.691541049504120764e+01 8.651430438359957975e+01 1.187399390283517597e+01 2.141413524355533937e+01
1.050000347999999972e+00 2.193263423793770883e+01 7.960547971297991410e+01 1.058995592465550040e+01 1.995123666834266274e+01
1.150000348000000061e+00 1.810541179248690824e+01 7.363764696601164417e+01 9.575357077244312620e+00 1.868426516735840082e+01
1.299999280100000210e+00 1.371211449955004902e+01 6.632148379173494845e+01 8.375283211648195447e+00 1.712625283451972535e+01
1.449998872800000171e+00 1.051607108236519394e+01 5.989588875223027031e+01 7.462732715923502624e+00 1.575538621332296252e+01
1.549999690699999988e+00 8.915241363134887465e+00 5.634245553197834511e+01 6.981355006267039087e+00 1.499538323921227168e+01
1.649999848000000213e+00 7.568955960255445703e+00 5.317261351338777331e+01 6.563903027235022947e+00 1.431636053723670088e+01
1.749999924000000151e+00 6.432417303236496409e+00 5.033006418967285356e+01 6.199583219774202014e+00 1.370661187222386346e+01
1.850000000000000311e+00 5.465669796033743921e+00 4.776827275431534048e+01 5.878713144708625826e+00 1.315636855579954911e+01
1.950000174000000142e+00 4.636846185619669214e+00 4.544903349774950385e+01 5.593682882595795824e+00 1.265751487576327960e+01
2.050000347999999750e+00 3.920893238410314119e+00 4.334041745107566612e+01 5.338504836158558753e+00 1.220334202143286184e+01
2.150000348000000283e+00 3.298599398731766996e+00 4.141557135115850485e+01 5.108461365086799155e+00 1.178824357806794865e+01
2.250000347999999928e+00 2.756859577372928083e+00 3.965188877778377474e+01 4.900156361903325042e+00 1.140741786863247320e+01
2.399999280099999854e+00 2.038467358002171714e+00 3.731159983853596174e+01 4.615498130731564785e+00 1.090103958783913995e+01
2.549998212200000225e+00 1.433552247282357861e+00 3.514937016237780654e+01 4.363260225987271035e+00 1.043256630211498504e+01
2.649998212200000314e+00 1.095382268655532565e+00 3.386403794423535629e+01 4.212952961624543136e+00 1.015353368893179287e+01
2.749998872799999994e+00 7.874278964263611291e-01 3.266753915231009131e+01 4.071957227963693526e+00 9.893384364555721788e+00
2.849999533400000118e+00 5.077901061285816642e-01 3.155091129326197930e+01 3.939705021220795800e+00 9.650209223949890003e+00
2.949999533400000207e+00 2.531731790357844014e-01 3.050616932442154905e+01 3.815306525589587938e+00 9.422369230811570517e+00
3.049999533399999851e+00 2.095306002939911760e-02 2.952641052054010018e+01 3.697940220907771636e+00 9.208401167456690573e+00
3.149999533400000384e+00 -1.915118228241063925e-01 2.860568893773998056e+01 3.586881564475846051e+00 9.006987975909995114e+00
3.249999690700000610e+00 -3.862681217294756664e-01 2.773871040235998819e+01 3.481580470366272717e+00 8.816980730828133161e+00
3.349999847999999947e+00 -5.651690168696466010e-01 2.692092041458080587e+01 3.381545151891522938e+00 8.637425445776118593e+00
3.449999924000000551e+00 -7.298485215331709242e-01 2.614824894393712995e+01 3.286302040404393221e+00 8.467489105564329321e+00
3.549999999999999822e+00 -8.816409742339967881e-01 2.541712092006299883e+01 3.195414477555670985e+00 8.306404576940913387e+00
3.650000000000000355e+00 -1.021787631741425173e+00 2.472441070783796135e+01 3.108525470672918178e+00 8.153473392843935130e+00
3.750000000000000444e+00 -1.151370085554559441e+00 2.406732195562966226e+01 3.025340341426284940e+00 8.008088373956471884e+00
3.850000000000000089e+00 -1.271295168562093902e+00 2.344334114285326010e+01 2.945610722346438060e+00 7.869730049243384151e+00
3.950000174000000364e+00 -1.381876846394026082e+00 2.285025996455157937e+01 2.869192025673313218e+00 7.737961682429934207e+00
4.099999280100000476e+00 -1.538874795889125124e+00 2.202404459079752286e+01 2.758707341962222337e+00 7.553824820908928928e+00
4.249998212200000403e+00 -1.681425492465186355e+00 2.123715308149314396e+01 2.653822168452965258e+00 7.378044023282128272e+00
4.349998872799999639e+00 -1.766499337518703250e+00 2.074918069101357077e+01 2.587352667892226066e+00 7.268633380654049958e+00
4.449999690699999455e+00 -1.847846097342543015e+00 2.028358622138387801e+01 2.522706967394334754e+00 7.164010982065249777e+00
4.549999847999999680e+00 -1.925612626520060378e+00 1.983903321964910305e+01 2.459760197158038064e+00 7.063911544213227423e+00
4.649999924000000284e+00 -2.000276122396218881e+00 1.941421126523096063e+01 2.398358065120915761e+00 6.968041530244780013e+00
4.750000000000000000e+00 -2.072322415135237961e+00 1.900789186617416959e+01 2.338363030330695480e+00 6.876131425575080058e+00
4.850000174000000719e+00 -2.142088944602674960e+00 1.861892449578182962e+01 2.279698966954375017e+00 6.787928081325183882e+00
4.950000347999999661e+00 -2.209336796324389063e+00 1.824610819536033191e+01 2.222544552128091766e+00 6.703185518526453279e+00
5.056825680100001108e+00 -2.276730890954134612e+00 1.787364740141818231e+01 2.163841200592940162e+00 6.619838306527708660e+00
5.206824612200000146e+00 -2.398857490309359353e+00 1.736741021479970470e+01 2.071826606341922616e+00 6.504164956432697764e+00
5.349998872799999639e+00 -2.494329360104897031e+00 1.689441480857496458e+01 1.993682838566019466e+00 6.394330367539749815e+00
5.449999690700000343e+00 -2.561617934136101837e+00 1.658602346365572089e+01 1.939428420301297251e+00 6.323446874354861968e+00
5.549999848000000569e+00 -2.630755874964605834e+00 1.628730631190238043e+01 1.885102125373592230e+00 6.254619090202786502e+00
5.649999924000000284e+00 -2.701285159027508431e+00 1.599736038822344497e+01 1.830889231023627550e+00 6.187657781381191491e+00
5.750000000000000000e+00 -2.772863154043514911e+00 1.571508013200960718e+01 1.776856560164550736e+00 6.122320855073311918e+00
5.850000174000000719e+00 -2.844981462716082543e+00 1.543970041711968122e+01 1.723134886323069992e+00 6.058419139712443169e+00
5.950000347999999661e+00 -2.916794848507578752e+00 1.517016314809717414e+01 1.670094511112459212e+00 5.995701327714838769e+00
6.064887030100000409e+00 -2.995923247122961985e+00 1.488024423597508594e+01 1.611038709706301919e+00 5.930262457937340415e+00
6.214885962200000336e+00 -3.138895865843728927e+00 1.449225037977560682e+01 1.518780325804559794e+00 5.839257250842413427e+00
6.349998872800000527e+00 -3.236331205156103508e+00 1.413435912292576191e+01 1.448771953664491630e+00 5.752745006051259047e+00
6.449999690699999455e+00 -3.309958606022921579e+00 1.388253473532622273e+01 1.396496037534249002e+00 5.693143039575063291e+00
6.549999847999999680e+00 -3.383928792952596076e+00 1.363234956951099264e+01 1.344071836046395241e+00 5.633681149779490305e+00
6.649999924000000284e+00 -3.456984397460279190e+00 1.338353235236053784e+01 1.291951832836597980e+00 5.574266689597698665e+00
6.750000000000000000e+00 -3.528140879071795410e+00 1.313560092243027988e+01 1.240419319240818607e+00 5.514763699000366337e+00
6.850000174000000719e+00 -3.596243950514105059e+00 1.288843192338284815e+01 1.189814212143185834e+00 5.455115936562037859e+00
6.950000348000000550e+00 -3.659639129721522721e+00 1.264183209642175498e+01 1.140757618456918587e+00 5.395259502243676231e+00
7.076948880099999784e+00 -3.729786561934267830e+00 1.234476330485099993e+01 1.081958237086858565e+00 5.324978056628350664e+00
7.214285662200000893e+00 -3.829789915548814427e+00 1.202791567127866479e+01 1.007580192367008687e+00 5.249881855836123989e+00
7.337336062200000342e+00 -3.927968057456863171e+00 1.171183477531741524e+01 9.367872855836016921e-01 5.168838728600770871e+00
7.449998212200000580e+00 -3.967652939655274658e+00 1.141724051412540852e+01 8.908750204736384237e-01 5.091910978794559561e+00
7.549998872800000704e+00 -4.004536878774525022e+00 1.117482735360886004e+01 8.486780470696730916e-01 5.030397346409976933e+00
7.649999690699999633e+00 -4.038984027574617386e+00 1.093373802070880529e+01 8.067155158673381399e-01 4.968654926009172357e+00
7.749999923999999929e+00 -4.068864515986598818e+00 1.069421050693213360e+01 7.658084086645220445e-01 4.906719086921244255e+00
7.850000173999999831e+00 -4.093501716475392627e+00 1.045651204778622478e+01 7.262235010431110638e-01 4.844633429447596562e+00
7.950000347999999661e+00 -4.112549774508159395e+00 1.022093218001743331e+01 6.880897936812504501e-01 4.782442960465530746e+00
8.050000951999999543e+00 -4.125806906501112259e+00 9.987744094936861217e+00 6.515120182369884549e-01 4.720188764229480860e+00
8.150001806000000570e+00 -4.132938900730316334e+00 9.757213968403469551e+00 6.166196282296114717e-01 4.657923657177939880e+00
8.297405634100000427e+00 -4.133031809350289798e+00 9.426228755517742641e+00 5.682963705744839000e-01 4.567144629146626222e+00
8.447403712199999859e+00 -4.125652438072849648e+00 9.092373403960554157e+00 5.207471786034263417e-01 4.474104148879262333e+00
8.549998872799999816e+00 -4.108007115791152408e+00 8.867353740494968051e+00 4.923482272332494469e-01 4.409924415049306212e+00
8.649999690700001409e+00 -4.085915889956274860e+00 8.654252086872959993e+00 4.661256048532831375e-01 4.348514489273951789e+00
8.749999847999999858e+00 -4.058404598109546235e+00 8.445463513701760405e+00 4.415953013634998925e-01 4.287487204429300647e+00
8.849999924000000462e+00 -4.025430375940049821e+00 8.241196344078108638e+00 4.188439075970382675e-01 4.226903729118414610e+00
8.950000173999999475e+00 -3.986853357661436448e+00 8.041712866399993942e+00 3.979407998979795913e-01 4.166842012244956095e+00
9.050000952000001320e+00 -3.942857749098861220e+00 7.847277073310342743e+00 3.788916476806840627e-01 4.107379761193429069e+00
9.150001806000002347e+00 -3.893315425018416320e+00 7.658067320040313319e+00 3.617766028619353591e-01 4.048584893864184409e+00
9.256429505999999918e+00 -3.834175416291560445e+00 7.463117427022294414e+00 3.458623779374362384e-01 3.986954319849063122e+00
9.385897374099998913e+00 -3.753538263593923396e+00 7.240332477580203374e+00 3.296984858989586709e-01 3.915272131231067654e+00
9.529468027200000080e+00 -3.667887045257525180e+00 6.998853933034123287e+00 3.103369995041131979e-01 3.835372607291676061e+00
9.649998907799998804e+00 -3.576324380349777954e+00 6.800788638197952096e+00 3.015575449742331493e-01 3.768029753125496928e+00
9.749999705699998742e+00 -3.495660860556365712e+00 6.649261591419188377e+00 2.960085812195214494e-01 3.715312198319568715e+00
9.849999928999999099e+00 -3.410973945757289627e+00 6.505375837235124692e+00 2.921053525620614932e-01 3.664027950384698418e+00
9.950000183999998526e+00 -3.321256688250619149e+00 6.369806819898254702e+00 2.901566555370379552e-01 3.614365420418274244e+00
1.005000096200000037e+01 -3.226873279162472130e+00 6.243437660968668368e+00 2.901457569375749390e-01 3.566562202268667825e+00
1.015000180600000057e+01 -3.127143546522541229e+00 6.126872608743508586e+00 2.923201404080240096e-01 3.520805503581720508e+00
1.027752404410000153e+01 -2.992840930420002987e+00 6.003446197409382457e+00 2.982261657816103195e-01 3.468864694395631165e+00
1.042752214719999948e+01 -2.845838937216858433e+00 5.875842966110618626e+00 3.022380717078076984e-01 3.410637093790050756e+00
1.054999890779999916e+01 -2.708814768923240468e+00 5.788824900586292621e+00 3.128869497463977467e-01 3.366125262779688043e+00
1.064999970569999910e+01 -2.597436366661729501e+00 5.743765249455490718e+00 3.223460792009031906e-01 3.336495050111341509e+00
1.074999992899999945e+01 -2.486584391242562031e+00 5.723231191307572630e+00 3.325591034145848335e-01 3.312562546992695367e+00
1.085000018400000066e+01 -2.389924607538375767e+00 5.733717163891744129e+00 3.406391241446405926e-01 3.295896510717855943e+00
1.095000096200000073e+01 -2.325529727628045773e+00 5.766921270061970084e+00 3.426083644710605780e-01 3.284916638431909064e+00
1.105000180600000093e+01 -2.297992040402915492e+00 5.806289249866549262e+00 3.372321458596616583e-01 3.276200716060141183e+00
1.115000205599999994e+01 -2.304309913047805747e+00 5.836751549916300519e+00 3.248988762736721991e-01 3.266498503080811577e+00
1.130000015909999966e+01 -2.347540466319383068e+00 5.842668300651386204e+00 2.991808218578009271e-01 3.245148080399343549e+00
1.144999890779999951e+01 -2.411664081615290556e+00 5.822075707562469837e+00 2.688636419062347960e-01 3.219066214002727300e+00
1.154999970569999945e+01 -2.459879562303850076e+00 5.784150785955914031e+00 2.474051664219956148e-01 3.197258307946301059e+00
1.164999992899999981e+01 -2.505473063123689226e+00 5.732387716845874337e+00 2.263322436811877614e-01 3.172857661063046120e+00
1.175000018399999924e+01 -2.543933414196907439e+00 5.671505486897057580e+00 2.066365365133370213e-01 3.146795039866072674e+00
1.185000036799999990e+01 -2.577428455421039821e+00 5.606196690325196741e+00 1.878592038788715612e-01 3.120029122448229941e+00
1.195000096200000073e+01 -2.606824437175065068e+00 5.538481312734870876e+00 1.697913879466084186e-01 3.092940071563295312e+00
1.205000180599999915e+01 -2.634407211508298374e+00 5.469532659813384434e+00 1.519371859947067360e-01 3.065710002392135980e+00
1.215000205599999816e+01 -2.661720278589637889e+00 5.399294910953178039e+00 1.339763508040814344e-01 3.038275542707322252e+00
1.230000015909999966e+01 -2.703984450553454710e+00 5.285491055224360579e+00 1.064434086088835718e-01 2.995230340617885290e+00
1.244999890779999951e+01 -2.743902176720130814e+00 5.163923485895706378e+00 7.917577173597367679e-02 2.950347422919026297e+00
1.254999970569999945e+01 -2.767198329886952468e+00 5.075211366654308165e+00 6.164726638107531631e-02 2.918537957686282436e+00
1.264999992900000159e+01 -2.785711905198533511e+00 4.982315042527003079e+00 4.517502928611882851e-02 2.885625037906488277e+00
1.275000018399999924e+01 -2.798293646567017401e+00 4.886723247154255212e+00 3.007671994058858100e-02 2.851922908273284651e+00
1.285000036799999990e+01 -2.805392698828251596e+00 4.789810042660874068e+00 1.629247321367421897e-02 2.817735291268308906e+00
1.295000096199999895e+01 -2.806779769306699812e+00 4.692528469226259880e+00 3.916472541385940254e-03 2.783270247472127146e+00
1.305000180599999915e+01 -2.802933285418167220e+00 4.595926533105826550e+00 -7.112939072563717602e-03 2.748767630119723915e+00
1.315000205599999994e+01 -2.794301360156832725e+00 4.500596748258936408e+00 -1.686474548690752862e-02 2.714366817204892257e+00
1.330000015909999966e+01 -2.773761434993797348e+00 4.362079667926537674e+00 -2.927043090757375232e-02 2.663414752175504940e+00
1.344999890779999951e+01 -2.745270924495430087e+00 4.227116716677319808e+00 -3.921723762452811179e-02 2.613061257473305421e+00
1.354999970570000123e+01 -2.722236603533283450e+00 4.141014026193969855e+00 -4.452492107279404365e-02 2.580206095839755687e+00
1.364999992899999981e+01 -2.696769433340776789e+00 4.057666145713846539e+00 -4.891266319620468650e-02 2.547903347824615583e+00
1.375000018399999924e+01 -2.669097692971455604e+00 3.977160982338461270e+00 -5.237799289572997452e-02 2.516220298982780434e+00
1.385000036800000167e+01 -2.639601335899157242e+00 3.899541790931186025e+00 -5.501181182857162177e-02 2.485221515990849284e+00
1.395000096200000073e+01 -2.608510850967077577e+00 3.824789073526643435e+00 -5.683111903587012570e-02 2.454948585311797604e+00
1.405000180600000270e+01 -2.576068202865728018e+00 3.752914124396729889e+00 -5.786761801175099862e-02 2.425490512407971977e+00
1.415000205600000172e+01 -2.542459895949982229e+00 3.683878478569613701e+00 -5.818633874967482633e-02 2.396893783997013028e+00
1.430000015910000144e+01 -2.490926015889681100e+00 3.586690451209727737e+00 -5.758018250112351133e-02 2.356318010393252393e+00
1.444999890780000129e+01 -2.438072195496153061e+00 3.493718884461604279e+00 -5.586195697185858400e-02 2.317495011953761175e+00
1.454999970569999945e+01 -2.402045161117362770e+00 3.435917973444178930e+00 -5.413795919742869778e-02 2.293582277863084773e+00
1.464999992900000159e+01 -2.366053454496403141e+00 3.380869992075159480e+00 -5.250171206724285611e-02 2.271154512174511808e+00
1.475000018400000101e+01 -2.330247540513870508e+00 3.328487235108329223e+00 -5.125283996331275738e-02 2.250138365500946591e+00
1.485000036799999990e+01 -2.294841993879823683e+00 3.278669183207258975e+00 -5.066030273588140176e-02 2.230429127147977919e+00
1.495000096200000250e+01 -2.260064933141399557e+00 3.231252691255077636e+00 -5.109903078199673487e-02 2.211805963950951526e+00
1.505000180599999737e+01 -2.226093675161935792e+00 3.185970720781327259e+00 -5.283254082407173868e-02 2.193764122808422368e+00
1.515000205599999994e+01 -2.192863659809219268e+00 3.142604848141669738e+00 -5.560739084103993868e-02 2.175913031360894312e+00
1.530000015910000322e+01 -2.144920378936477245e+00 3.081520366188993165e+00 -6.151671666559277440e-02 2.149082277833546772e+00
1.544999890780000307e+01 -2.099095759895213131e+00 3.022873225460889657e+00 -6.931976721873600589e-02 2.121980880928974855e+00
1.554999970570000123e+01 -2.069695474189102935e+00 2.985910589609995558e+00 -7.560850028877541540e-02 2.103312283347178901e+00
1.564999992900000159e+01 -2.041382791454620094e+00 2.950087773208958986e+00 -8.247381455720192989e-02 2.083947742122235436e+00
1.575000018400000279e+01 -2.014151692062222665e+00 2.915206246997632977e+00 -8.985349587399649174e-02 2.063706797347442112e+00
1.585000036799999812e+01 -1.987837946510976561e+00 2.881066492084776165e+00 -9.738446281369839141e-02 2.042378628391277484e+00
1.595000096200000073e+01 -1.962301811794159079e+00 2.847573148486693739e+00 -1.046662941656346657e-01 2.019972728070247303e+00
1.605000180600000093e+01 -1.937394649230503862e+00 2.814680786390272083e+00 -1.113722360365922981e-01 1.996679119003546443e+00
1.616787921909999781e+01 -1.908729361279966064e+00 2.776819947004757871e+00 -1.183541524723326077e-01 1.968334174054376495e+00
1.631787732219999754e+01 -1.873470838057679444e+00 2.729682451313726776e+00 -1.256052661635784773e-01 1.931413742504432207e+00
1.644999890779999774e+01 -1.842819909452851235e+00 2.689063029339241684e+00 -1.303207053207753319e-01 1.898538621941722848e+00
1.654999955339999929e+01 -1.820020740687398941e+00 2.659335912495548904e+00 -1.329242349062822459e-01 1.873658436783508741e+00
1.664999955340000071e+01 -1.797650225123657908e+00 2.630327145740475103e+00 -1.347721822350076426e-01 1.848904400113593471e+00
1.674999970570000229e+01 -1.775698749223601602e+00 2.602032570650242960e+00 -1.358959636597762977e-01 1.824347917209845571e+00
1.684999985800000033e+01 -1.754194555723656457e+00 2.574448211778108231e+00 -1.363616051191458567e-01 1.800060955920329997e+00
1.694999992900000052e+01 -1.733163886777733698e+00 2.547555466494118015e+00 -1.362284232848660626e-01 1.776083732028993278e+00
1.705000000000000071e+01 -1.712640315382959688e+00 2.521330155464598377e+00 -1.355370358627951966e-01 1.752455174939962168e+00
1.715000018400000315e+01 -1.692671656822233306e+00 2.495713751533406910e+00 -1.343497471063974658e-01 1.729203867355510793e+00
1.725000096200000144e+01 -1.673250118969405786e+00 2.470625743882717273e+00 -1.327051578407276722e-01 1.706344486988330411e+00
1.735000180600000164e+01 -1.654328606097155596e+00 2.446017090754423862e+00 -1.306401215376320479e-01 1.683890885766348378e+00
1.750000102800000334e+01 -1.626946363376183591e+00 2.410104531038307130e+00 -1.269418023952637586e-01 1.651138767656546102e+00
1.765000077799999900e+01 -1.600624225132882827e+00 2.374817277457229814e+00 -1.225248687810516213e-01 1.619010220368621633e+00
1.775000155600000085e+01 -1.583590693901587354e+00 2.351876927404082718e+00 -1.191782851677232191e-01 1.598216049446287146e+00
1.785000180600000164e+01 -1.567000650565158804e+00 2.329292778153612353e+00 -1.155886564672370387e-01 1.577834364118239074e+00
1.798733965599999962e+01 -1.544945009888651022e+00 2.298965263580956542e+00 -1.103519965635995081e-01 1.550656361172887188e+00
1.813733862799999841e+01 -1.521943652861100560e+00 2.266262142355306430e+00 -1.043621557052023530e-01 1.521591212567153573e+00
1.825000000000000000e+01 -1.505052929929378891e+00 2.242052535299706495e+00 -9.948689284301082125e-02 1.500317536607504332e+00
1.835000000000000142e+01 -1.490469545401305940e+00 2.220927436976448011e+00 -9.502301416244596233e-02 1.481910524200734880e+00
1.845000077799999971e+01 -1.476259479897524152e+00 2.200053843881599303e+00 -9.044529401289991277e-02 1.463877287696646601e+00
1.855000180600000093e+01 -1.462402165135312959e+00 2.179413473147572056e+00 -8.575307175029101003e-02 1.446209840702311400e+00
1.870000102800000263e+01 -1.442298821614646620e+00 2.148920998314114872e+00 -7.861404067210453483e-02 1.420504013800693910e+00
1.885000000000000142e+01 -1.422927929785297696e+00 2.118711331249993002e+00 -7.130510702545800328e-02 1.395312568739008885e+00
1.895000077800000327e+01 -1.410373205339049196e+00 2.098826648457215338e+00 -6.630936875158788268e-02 1.379017452348879624e+00
1.905000180600000093e+01 -1.398109306869275592e+00 2.079090802114309078e+00 -6.126291760993107793e-02 1.363043773787641744e+00
1.920000102799999908e+01 -1.380242111492281598e+00 2.049778387178377237e+00 -5.367819765647663388e-02 1.339782370115317089e+00
1.935000000000000142e+01 -1.362913427606449623e+00 2.020639158165212113e+00 -4.602214951908223384e-02 1.316973587277436408e+00
1.945000077800000327e+01 -1.351593479969852130e+00 2.001380543249907440e+00 -4.085000415852202416e-02 1.302206990402934750e+00
1.955000180600000093e+01 -1.340446189827131818e+00 1.982257921014404456e+00 -3.566402745743979530e-02 1.287722132306992728e+00
1.970000102799999908e+01 -1.324111767268687512e+00 1.953893871394583259e+00 -2.792346585255089941e-02 1.266605465725086255e+00
1.985000000000000142e+01 -1.308206804064871331e+00 1.925724984931898032e+00 -2.017782926949296396e-02 1.245883336504558514e+00
1.995000077800000327e+01 -1.297816299428812048e+00 1.907123810857142887e+00 -1.498347716577352884e-02 1.232450784054720527e+00
2.005000180600000093e+01 -1.287602860455324016e+00 1.888628562446349024e+00 -9.799943581331849174e-03 1.219263359119821422e+00
2.017947155600000286e+01 -1.274632538974536988e+00 1.864839358577968786e+00 -3.124545778516729655e-03 1.202597158757009455e+00
2.032947052800000520e+01 -1.259912243373155327e+00 1.837438000684715966e+00 4.543400232268179906e-03 1.183688906780765882e+00
2.045000078300000368e+01 -1.248306674610891065e+00 1.815546089006465413e+00 1.070941899928157248e-02 1.168830435246935640e+00
2.055000182100000217e+01 -1.238800368463357060e+00 1.797463938166411035e+00 1.580788345915129511e-02 1.156769374164026365e+00
2.065000207599999982e+01 -1.229381764977111935e+00 1.779453040349422643e+00 2.088145543830133288e-02 1.144916123739244895e+00
2.075482214410000026e+01 -1.219579768626845695e+00 1.760678814838530171e+00 2.617487168198362468e-02 1.132715389579865617e+00
2.088247351720000111e+01 -1.207773901329665556e+00 1.738023267261931348e+00 3.257180242337553988e-02 1.118173361831951818e+00
2.102765241110000005e+01 -1.194660403892500167e+00 1.712368075255479072e+00 3.976253613226965467e-02 1.101972999705926437e+00
2.115000000000000213e+01 -1.183632294524329165e+00 1.690828879951271402e+00 4.579921710350598474e-02 1.088588481188059953e+00
2.125000078300000084e+01 -1.174718189116318534e+00 1.673361380662686804e+00 5.070235737799144715e-02 1.077873530520541800e+00
2.135000156599999954e+01 -1.165883670635103897e+00 1.655963112406477755e+00 5.556955657063256115e-02 1.067329728292404134e+00
2.145000156600000452e+01 -1.157113145698585921e+00 1.638629366279060973e+00 6.040344620729576341e-02 1.056952647154902669e+00
2.155000182099999861e+01 -1.148392694513606038e+00 1.621357105196860493e+00 6.520507258846175436e-02 1.046738233992280387e+00
2.165000207599999982e+01 -1.139706727212252524e+00 1.604146401832375446e+00 6.997596759168711600e-02 1.036682952066436458e+00
2.176821749409999640e+01 -1.129466107342427250e+00 1.583915187345349640e+00 7.556945003441595254e-02 1.025017184830590011e+00
2.191195449219999603e+01 -1.117106226935752566e+00 1.559433772131191276e+00 8.228919861235850508e-02 1.011105013920907236e+00
2.204373803610000238e+01 -1.105770983570769417e+00 1.537080570257174150e+00 8.838502810235937535e-02 9.985811707972040985e-01
2.215000000000000213e+01 -1.096602129027151928e+00 1.519175764866137923e+00 9.327231199114305316e-02 9.886698128995874413e-01
2.225000078300000084e+01 -1.087990920759986935e+00 1.502435280722020483e+00 9.783240244829272125e-02 9.794929489637931308e-01
2.235000156599999954e+01 -1.079386981821282898e+00 1.485779664354533347e+00 1.023555284393271592e-01 9.704497058974748125e-01
2.245000156600000096e+01 -1.070781760769287771e+00 1.469208463965474110e+00 1.068431278533237272e-01 9.615371291706392709e-01
2.255000182100000217e+01 -1.062166414693388461e+00 1.452723238657123828e+00 1.112961561861405269e-01 9.527522538353121462e-01
2.265000207599999626e+01 -1.053532156584501500e+00 1.436328666989183711e+00 1.157171919571079455e-01 9.440921869364844454e-01
2.280000103800000133e+01 -1.040563898394224474e+00 1.411955969371262887e+00 1.222595127819999794e-01 9.313736576124840294e-01
2.295000078300000368e+01 -1.027546744169519410e+00 1.387734241706958027e+00 1.287231149805032615e-01 9.188311048098120049e-01
2.305000182099999861e+01 -1.018823703734831110e+00 1.371740592319615981e+00 1.330047896312144262e-01 9.106408484987015273e-01
2.315000207599999982e+01 -1.010070392986664789e+00 1.355852796451974873e+00 1.372516126050439267e-01 9.025618750387597311e-01
2.329766101600000283e+01 -9.971026267884945948e-01 1.332643235238569535e+00 1.434392508835217184e-01 8.908685746782147863e-01
2.344765997800000079e+01 -9.838515150158311240e-01 1.309252712942719166e+00 1.496466871427726275e-01 8.791505519001454605e-01
2.355000000000000071e+01 -9.747515711689029860e-01 1.293485603870298206e+00 1.538526814720134750e-01 8.713103999404766542e-01
2.365000000000000213e+01 -9.658281709831295636e-01 1.278215015887213868e+00 1.579257602267395422e-01 8.637530281521803577e-01
2.375000078300000084e+01 -9.568730646452416888e-01 1.263081697444340845e+00 1.619643097782661467e-01 8.562936918909976880e-01
2.385000156599999599e+01 -9.478878077116394962e-01 1.248089778420418794e+00 1.659690672833173952e-01 8.489301615609514684e-01
2.395000156600000096e+01 -9.388747646836137495e-01 1.233242687707249319e+00 1.699405476197064502e-01 8.416601557076985873e-01
2.405000182099999861e+01 -9.298361285915843766e-01 1.218542694092351386e+00 1.738797417728805694e-01 8.344812701052544135e-01
2.415000207599999982e+01 -9.207713240184656200e-01 1.203991618800300145e+00 1.777891773287132438e-01 8.273912846274511512e-01
2.430000103800000488e+01 -9.071689370875728464e-01 1.182504163035336120e+00 1.835785190470048400e-01 8.169505432379186027e-01
2.445000078300000368e+01 -8.935319132313426227e-01 1.161243823474548575e+00 1.893012823871887962e-01 8.066373407319322730e-01
2.455000182100000217e+01 -8.844030297215204062e-01 1.147299152970478131e+00 1.930909321554610258e-01 7.998879606438586976e-01
2.465000207599999982e+01 -8.752623647888919667e-01 1.133511235944549167e+00 1.968502428693630346e-01 7.932210007673780039e-01
2.480000103800000488e+01 -8.615737066580346770e-01 1.113189070728167085e+00 2.024160944570000398e-01 7.834005445864260508e-01
2.495000078300000368e+01 -8.478852284403342043e-01 1.093108731207713014e+00 2.079136577736361291e-01 7.736968543839770618e-01
2.505000182100000217e+01 -8.387473234412798906e-01 1.079965559785145190e+00 2.115514705349040847e-01 7.673413977571664768e-01
2.515000207599999982e+01 -8.296277329137986545e-01 1.066985301277440845e+00 2.151580909794931218e-01 7.610594290923561323e-01
2.525400947910000227e+01 -8.201652067731775020e-01 1.053658837529432901e+00 2.188791213394115642e-01 7.546034772591231343e-01
2.538779357409999804e+01 -8.080493216486557273e-01 1.036795452980210142e+00 2.236164013745828294e-01 7.464241420604675881e-01
2.553378513299999852e+01 -7.949211425422060273e-01 1.018652851739171972e+00 2.287223294279857599e-01 7.376167750446455118e-01
2.565000000000000213e+01 -7.845222740882935586e-01 1.004416268668224976e+00 2.327560116072979746e-01 7.307058198189918530e-01
2.575000078300000084e+01 -7.756172189941616946e-01 9.923165102192295084e-01 2.361989705824731889e-01 7.248394328183338509e-01
2.585000156599999954e+01 -7.667489822122102172e-01 9.803382654009938912e-01 2.396144072788390922e-01 7.190389917920542162e-01
2.595000156600000452e+01 -7.579116347560272970e-01 9.684827106440797584e-01 2.430029266809821120e-01 7.133032651846312744e-01
2.605000182099999861e+01 -7.491053085723047289e-01 9.567528644887727252e-01 2.463650109376626096e-01 7.076307483228173600e-01
2.615000207599999982e+01 -7.403338558458072427e-01 9.451498272560497904e-01 2.497014180267677075e-01 7.020200858742793315e-01
2.625848810409999956e+01 -7.308643366127276497e-01 9.327115276591262383e-01 2.532921618001159336e-01 6.960046964333650443e-01
2.640325681719999906e+01 -7.183361806017802831e-01 9.163509580774962249e-01 2.580320043604985569e-01 6.880953868905135273e-01
2.654476975109999870e+01 -7.062207375978235557e-01 9.005265330598156703e-01 2.626129246435371378e-01 6.804562345350252395e-01
2.665000000000000213e+01 -6.972823451585161703e-01 8.888853969054200110e-01 2.659957740494450773e-01 6.748570444672159496e-01
2.675000078300000084e+01 -6.888546188448627650e-01 8.778930542363476697e-01 2.691846132493231902e-01 6.695971466018283413e-01
2.685000156599999954e+01 -6.804700158170522428e-01 8.669473289904886526e-01 2.723485546443256133e-01 6.643928881425904542e-01
2.695000156600000096e+01 -6.721058985304764199e-01 8.560450163747004293e-01 2.754880888777572201e-01 6.592431154989855102e-01
2.705000182100000217e+01 -6.637437271946315942e-01 8.451920386627371773e-01 2.786038793438716521e-01 6.541466326642458862e-01
2.715000207599999626e+01 -6.553719969323503758e-01 8.343986156745181182e-01 2.816974248882518905e-01 6.491025566569700311e-01
2.730000103800000133e+01 -6.428093808842683110e-01 8.183730058543176034e-01 2.862835824377126803e-01 6.416520593994580191e-01
2.745000078300000013e+01 -6.302288233148674035e-01 8.024704936493105567e-01 2.908161228048030678e-01 6.342772091087378605e-01
2.755000182099999861e+01 -6.218355329394331665e-01 7.920002739045095552e-01 2.938138430645920174e-01 6.294351026275952776e-01
2.765000207599999982e+01 -6.134683729485144177e-01 7.816152720010470789e-01 2.967835781014335206e-01 6.246421361766749669e-01
2.778793162599999533e+01 -6.020021554314807233e-01 7.673348687396760459e-01 3.008219509836330685e-01 6.180985555429849843e-01
2.793793058800000040e+01 -5.894451658854134024e-01 7.518259671160272273e-01 3.051859490919883733e-01 6.110402797213055903e-01
2.805000000000000071e+01 -5.799697596903361507e-01 7.402953902588174095e-01 3.084332155202993420e-01 6.058317058429112389e-01
2.815000000000000568e+01 -5.714239251754007487e-01 7.300722164792270430e-01 3.113176195425767512e-01 6.012352039962488570e-01
2.830000000000000071e+01 -5.584644499988113964e-01 7.149328917171798858e-01 3.156064638919473531e-01 5.944414370630901612e-01
2.850000000000000000e+01 -5.409025049836249099e-01 6.950763462356065459e-01 3.212657296230414516e-01 5.855143747664902643e-01
2.865000000000000568e+01 -5.275215105870358911e-01 6.804635976344752812e-01 3.254722571444311763e-01 5.789164510997896196e-01
2.879141072299999848e+01 -5.147719452037202714e-01 6.670769217003911233e-01 3.294062351869507799e-01 5.728131818154844623e-01
2.894141072300000062e+01 -5.011408972185753541e-01 6.531245985578735258e-01 3.335400121280530650e-01 5.664078929312341693e-01
2.905000000000000426e+01 -4.911911351949964644e-01 6.432661495338172220e-01 3.365139817475462092e-01 5.618347653734813152e-01
2.914999999999999858e+01 -4.819883201191113020e-01 6.343670760681654475e-01 3.392356025731617652e-01 5.576682948707111231e-01
2.929999999999999716e+01 -4.681645226746293798e-01 6.213907434084285919e-01 3.432782158690055319e-01 5.515077143656985648e-01
2.950000000000000355e+01 -4.496775187964465736e-01 6.045922748118465195e-01 3.486066176275471884e-01 5.434087324138098252e-01
2.965000000000000213e+01 -4.357745199036269224e-01 5.923744499662471075e-01 3.525621708416409872e-01 5.374191206169962598e-01
2.975148958200000138e+01 -4.263383130457092385e-01 5.843723481727818303e-01 3.552237033187295445e-01 5.334231461964930032e-01
2.990148958199999996e+01 -4.124394897068384136e-01 5.729326060131356702e-01 3.591198722758344175e-01 5.275976690043144846e-01
3.004999999999999716e+01 -3.986936553446476239e-01 5.618752251237617568e-01 3.629442673986683632e-01 5.218843261743343342e-01
3.015000000000000213e+01 -3.894312077567025909e-01 5.547060175600478926e-01 3.655062118559815332e-01 5.180907176651102786e-01
3.030000000000000071e+01 -3.756484294057722551e-01 5.443821282500135306e-01 3.693121551539940706e-01 5.124795042157100911e-01
3.050000000000000355e+01 -3.574940630191119073e-01 5.311584032767731056e-01 3.743294975092995580e-01 5.051001071197179781e-01
3.065000000000000213e+01 -3.440655314158671541e-01 5.216202196821357884e-01 3.780550508373378138e-01 4.996405075980297483e-01
3.080000000000000071e+01 -3.308218489550003305e-01 5.125217279585078112e-01 3.817470222995864582e-01 4.942774764652247410e-01
3.100000000000000355e+01 -3.134686279972749290e-01 5.007793855301944097e-01 3.866151494535771116e-01 4.872210030816265247e-01
3.115000000000000213e+01 -3.006484033071765705e-01 4.922507696376863251e-01 3.902318638198947198e-01 4.819986883891821394e-01
3.129746040610000080e+01 -2.882105470803706382e-01 4.842162997130537438e-01 3.937565772062437963e-01 4.769541614451374145e-01
3.144746040609999937e+01 -2.757372953140444505e-01 4.762309079488787344e-01 3.973097918895137637e-01 4.718694934749937397e-01
3.155000000000000071e+01 -2.673126572287241043e-01 4.709529597964202674e-01 3.997237248857645753e-01 4.684387610797983159e-01
3.165000000000000213e+01 -2.591945295116424575e-01 4.659168358128678022e-01 4.020640207066943361e-01 4.651226125476197737e-01
3.180000000000000071e+01 -2.472197420156805325e-01 4.585741769011786872e-01 4.055432540190785362e-01 4.602122500956264961e-01
3.200000000000000711e+01 -2.315929725939620543e-01 4.490222815124872979e-01 4.101330379131669090e-01 4.537480478908640924e-01
3.215000000000000568e+01 -2.200989023257602373e-01 4.420184307237324250e-01 4.135426206514351000e-01 4.489611307772764515e-01
3.225000000000000000e+01 -2.125256424180868020e-01 4.374436190134471381e-01 4.158037251162403081e-01 4.458099634897121910e-01
3.240000000000000568e+01 -2.013141509074549695e-01 4.307150842278010261e-01 4.191655701070250428e-01 4.411427883759151403e-01
3.255000000000000426e+01 -1.902470097917063896e-01 4.240772942488443276e-01 4.224991283765067163e-01 4.365151042801350134e-01
3.265000000000000568e+01 -1.829364619689224369e-01 4.197469873119520911e-01 4.247092026411363186e-01 4.334690576136543960e-01
3.275000000000000000e+01 -1.756884665066817952e-01 4.154827731881686748e-01 4.269061194127424796e-01 4.304484966881546026e-01
3.287861015610000237e+01 -1.664663164055735223e-01 4.101024124966775042e-01 4.297108264323413751e-01 4.266040177292980684e-01
3.302861015610000095e+01 -1.558381432331923389e-01 4.039425789398933264e-01 4.329579094504067971e-01 4.221653324849320987e-01
3.314999999999999858e+01 -1.473466899225570614e-01 3.990507580344275218e-01 4.355654367600582111e-01 4.186114528692124193e-01
3.325000000000000000e+01 -1.404147761927292404e-01 3.950830664280912674e-01 4.377022746347845050e-01 4.157117603913789150e-01
3.340000000000000568e+01 -1.301347129643843914e-01 3.892448723820540191e-01 4.408812614900345928e-01 4.114141938750158767e-01
3.354999999999999716e+01 -1.199739158196566624e-01 3.834805159035162836e-01 4.440352732963468441e-01 4.071508512036952632e-01
3.364999999999999858e+01 -1.132539166060686497e-01 3.797114631859487832e-01 4.461275941394577949e-01 4.043426458342507801e-01
3.375000000000000000e+01 -1.065787910296851493e-01 3.759934304500529012e-01 4.482092274328198789e-01 4.015570876988568405e-01
3.390000000000000568e+01 -9.665888006366252228e-02 3.705399115005186816e-01 4.513069189220394462e-01 3.974292283501036360e-01
3.404999999999999716e+01 -8.683930667898254185e-02 3.651727789075888686e-01 4.543801191808902740e-01 3.933345095847310957e-01
3.414999999999999858e+01 -8.034464646168881785e-02 3.616827334845084674e-01 4.564183421963926568e-01 3.906372224683735683e-01
3.425000000000000000e+01 -7.390019129957559052e-02 3.582502693964961793e-01 4.584457889371537087e-01 3.879611029110646703e-01
3.439999999999999858e+01 -6.434046525369008229e-02 3.532252602937689945e-01 4.614630262290554397e-01 3.839935025031933069e-01
3.454999999999999716e+01 -5.489597360139142346e-02 3.482795987276111616e-01 4.644572158708920595e-01 3.800564516707755081e-01
3.464999999999999858e+01 -4.865582970528170570e-02 3.450590295306418254e-01 4.664437411444620762e-01 3.774619198768902062e-01
3.475000000000000711e+01 -4.246554635876842454e-02 3.418875870031353736e-01 4.684205058278764211e-01 3.748873866926870635e-01
3.488191770299999916e+01 -3.437722546794041989e-02 3.377898825131252503e-01 4.710118169888118933e-01 3.715262211333238418e-01
3.503191770300000485e+01 -2.528413104385407451e-02 3.332143905860449062e-01 4.739370080634252025e-01 3.677389340256473349e-01
3.514999999999999858e+01 -1.819146955129125054e-02 3.296870612610908191e-01 4.762270719850819622e-01 3.647877709933847190e-01
3.525000000000000711e+01 -1.223284606498298288e-02 3.267603257465862554e-01 4.781570916721136211e-01 3.623118759522529486e-01
3.540000000000000568e+01 -3.395070910787501006e-03 3.224828788571186822e-01 4.810302786532150154e-01 3.586408491642656959e-01
3.554999999999999716e+01 5.330821461389301241e-03 3.182788096749978868e-01 4.838822253160186548e-01 3.549978314602161844e-01
3.565000000000000568e+01 1.109095737688869932e-02 3.155467621597258243e-01 4.857744091093337824e-01 3.525966465406407124e-01
3.575000000000000711e+01 1.679929704601201834e-02 3.128592673008680491e-01 4.876572392590825533e-01 3.502133969548351655e-01
3.587041768800000341e+01 2.360425925803455449e-02 3.096861943934614558e-01 4.899120593261614420e-01 3.473695306130705207e-01
3.602041768800000199e+01 3.197373911638579091e-02 3.058114588379177157e-01 4.927014633761713780e-01 3.438604479716481643e-01
3.615000000000000568e+01 3.911928143585363671e-02 3.025246695559999921e-01 4.950977163719998408e-01 3.408556475287487508e-01
3.625000000000000711e+01 4.458168348517643764e-02 3.000389916617416941e-01 4.969394071719547279e-01 3.385594664403351883e-01
3.640000000000000568e+01 5.267856772262169418e-02 2.963944625750226658e-01 4.996836210239902210e-01 3.351544919105495790e-01
3.655000000000000426e+01 6.067155508692723132e-02 2.928055224582107874e-01 5.024099008246869502e-01 3.317757695768073223e-01
3.665000000000000568e+01 6.594795116292540005e-02 2.904685453805170847e-01 5.042195248091437820e-01 3.295492431319658189e-01
3.675000000000000711e+01 7.117776307877499153e-02 2.881684077848385428e-01 5.060208712211076154e-01 3.273395972345243266e-01
3.689999999999999858e+01 7.892716998768245507e-02 2.847977942071106550e-01 5.087042277046647243e-01 3.240622373755364660e-01
3.705000000000000426e+01 8.657049217055434731e-02 2.814781049661968515e-01 5.113695288947976980e-01 3.208091798174746989e-01
3.715000000000000568e+01 9.161209559732330643e-02 2.793138057535171637e-01 5.131388086384129910e-01 3.186643821519884456e-01
3.725000000000000711e+01 9.660724436569689821e-02 2.771804561342131601e-01 5.149004537588069974e-01 3.165352491991382800e-01
3.739999999999999858e+01 1.040085128107698376e-01 2.740468030463106275e-01 5.175259219625225615e-01 3.133764071486439540e-01
3.755000000000000426e+01 1.113092624789623342e-01 2.709558914265103868e-01 5.201352986731415662e-01 3.102406622542813186e-01
3.765000000000000568e+01 1.161256656966446199e-01 2.689367552527051064e-01 5.218682982545671534e-01 3.081731617727402894e-01
3.775000000000000000e+01 1.208991854903642693e-01 2.669444424910017988e-01 5.235945110313935391e-01 3.061209618560545853e-01
3.789999999999999858e+01 1.279753093958396759e-01 2.640152783364037026e-01 5.261681403617208819e-01 3.030771082494287394e-01
3.805000000000000426e+01 1.349580800706633443e-01 2.611252138446933935e-01 5.287268668505646918e-01 3.000563630209076571e-01
3.814999999999999858e+01 1.395651220860153474e-01 2.592370219520799823e-01 5.304261019421733225e-01 2.980656916749491736e-01
3.825000000000000000e+01 1.441304290585546655e-01 2.573737937690557254e-01 5.321178649539644034e-01 2.960901736164754938e-01
3.835000000000000142e+01 1.486548852418687616e-01 2.555348605481296276e-01 5.338026219028860764e-01 2.941295146242314806e-01
3.845420163800000779e+01 1.533266543840430263e-01 2.536443142010936236e-01 5.355510731705271921e-01 2.921024217460641559e-01
3.860420163799999926e+01 1.599715144463322858e-01 2.509717175945443968e-01 5.380527039159238578e-01 2.892157763148345273e-01
3.875000000000000000e+01 1.663458497624368260e-01 2.484066958062945418e-01 5.404704176406509575e-01 2.864315790575463483e-01
3.885000000000000853e+01 1.706734957338406078e-01 2.466778541117234380e-01 5.421228876224237769e-01 2.845426239665050372e-01
3.900000000000000000e+01 1.770896931053366208e-01 2.441292746902221367e-01 5.445865954785651386e-01 2.817407640408590708e-01
3.914999999999999858e+01 1.834231703382960266e-01 2.416098562253155557e-01 5.470365159893471052e-01 2.789599086753171697e-01
3.925000000000000711e+01 1.876032824449737069e-01 2.399589280211230913e-01 5.486641943038782498e-01 2.771270230162661830e-01
3.935000000000000853e+01 1.917481150343891549e-01 2.383268705057043357e-01 5.502857870335431389e-01 2.753081525217458414e-01
3.949063755800001019e+01 1.975159265005040909e-01 2.360687806602225769e-01 5.525541628622070434e-01 2.727777760855686351e-01
3.964063755800000166e+01 2.035922991020852058e-01 2.336901368560390935e-01 5.549600496834473651e-01 2.701012189476671987e-01
3.975000000000000711e+01 2.079771010053288460e-01 2.319831146583993253e-01 5.567077796804307255e-01 2.681705879749560206e-01
3.985000000000000853e+01 2.119530381016916376e-01 2.304412820044699772e-01 5.583001544134819083e-01 2.664203315712045939e-01
4.001598810610000356e+01 2.184775123143427589e-01 2.279344044161912830e-01 5.609268370621434130e-01 2.635485651977057531e-01
4.024516166220000457e+01 2.273316279665806849e-01 2.245315824100630742e-01 5.645415894952834357e-01 2.596327331721617337e-01
4.061388893409999667e+01 2.412230562318886662e-01 2.193005674567243823e-01 5.702890696019385919e-01 2.535778922379639533e-01
4.096378425599999673e+01 2.539496499386887374e-01 2.144447656557299242e-01 5.755699816759549670e-01 2.479327923181634252e-01
4.138848618409999602e+01 2.689102773711840033e-01 2.087635134100919998e-01 5.818709718360077776e-01 2.412479047701001356e-01
4.183471031220000214e+01 2.842081288244431292e-01 2.029091213854849474e-01 5.885136102434711525e-01 2.343385091856797220e-01
4.207275508409999532e+01 2.921986289924036750e-01 1.999711986154078247e-01 5.920526770520044835e-01 2.308530590288452311e-01
4.229196795600000058e+01 2.993833897759194951e-01 1.973372136520169517e-01 5.952179365333460925e-01 2.277150506422101484e-01
4.286602128410000034e+01 3.175235595393954835e-01 1.906615447616252790e-01 6.032603826990102780e-01 2.196984628457495370e-01
4.345039313409999693e+01 3.353194720191283729e-01 1.839692579496341185e-01 6.113903939382467900e-01 2.116527417959761237e-01
4.365748950599999745e+01 3.415096675847393293e-01 1.817474528658178656e-01 6.142869910880690565e-01 2.089712756084915468e-01
4.435757405599999714e+01 3.614854756144937342e-01 1.746145169983673306e-01 6.235752451599385626e-01 2.003102278168528705e-01
4.506034890600000153e+01 3.806408439567251500e-01 1.675499069337039459e-01 6.327018067960137326e-01 1.917228688794813118e-01
4.577910240599999980e+01 3.993271232451880426e-01 1.610669708246336429e-01 6.417806350280467198e-01 1.837907340044842019e-01
4.650054615599999863e+01 4.171067243973554106e-01 1.546576548730806411e-01 6.505010026621571573e-01 1.759413243268037885e-01
4.677849528410000346e+01 4.238102141188342387e-01 1.523121361602217949e-01 6.538771138141010741e-01 1.730582614589444013e-01
4.741080308410000299e+01 4.385554011033703237e-01 1.473053805254291859e-01 6.613406820312472956e-01 1.668907487300126391e-01
4.797808125600000295e+01 4.511790132027934108e-01 1.429205713308142056e-01 6.677360737920734479e-01 1.614847432065999455e-01
4.826276628409999603e+01 4.573658829097941858e-01 1.407792508845933099e-01 6.709132476810168999e-01 1.588383109497552015e-01
4.856628326219999536e+01 4.638857343962430324e-01 1.385480534513389428e-01 6.743186165393784126e-01 1.560795487469892329e-01
4.903768958410000067e+01 4.737283167890758984e-01 1.352856183895123077e-01 6.794723974992693538e-01 1.520589006106793650e-01
4.949295420600000028e+01 4.828996692919665934e-01 1.321893212700701314e-01 6.842563138232508058e-01 1.482462403857777999e-01
4.990832168409999525e+01 4.910451430431806985e-01 1.294395767951840026e-01 6.885367735423988389e-01 1.448532389502530104e-01
5.034252111220000359e+01 4.993866911167426093e-01 1.266140982021071726e-01 6.929968466153286766e-01 1.413711671932463554e-01
5.070191388410000144e+01 5.061327002275866072e-01 1.243984346175159295e-01 6.966288887597185120e-01 1.386611026181273076e-01
5.104516500599999773e+01 5.124073354396108115e-01 1.223206139361542877e-01 6.999859279373603638e-01 1.361236315210976877e-01
5.159121493410000170e+01 5.221064694632437941e-01 1.191037986727796621e-01 7.051865942250591379e-01 1.321858887313272779e-01
5.215609676220000068e+01 5.318611997933266888e-01 1.158246178079117839e-01 7.104982969514377356e-01 1.281757469116562853e-01
5.240347598409999819e+01 5.360528738654775083e-01 1.144551179309830496e-01 7.128066548013222148e-01 1.265126158074499629e-01
5.263471360599999826e+01 5.399028121764173349e-01 1.132019082195466625e-01 7.149146317038983511e-01 1.249937002791110530e-01
5.331144598409999702e+01 5.508290870163119468e-01 1.096385916967989732e-01 7.208850817574588010e-01 1.206631275315560303e-01
5.400701026219999790e+01 5.616699399581746022e-01 1.060254355293236139e-01 7.268886641144469696e-01 1.162749943635690147e-01
5.426094198410000757e+01 5.655524167056544815e-01 1.047721010540432762e-01 7.290673960705715828e-01 1.147619032791746957e-01
5.506901488409999956e+01 5.774405019045286691e-01 1.009599594260594396e-01 7.356810906236381786e-01 1.101548972236740670e-01
5.589526166220000647e+01 5.890974560912115576e-01 9.711378134890856495e-02 7.422414531226192436e-01 1.055072078675693414e-01
5.676804978410000047e+01 6.008693630908823469e-01 9.338836256442174799e-02 7.489152966722717464e-01 1.010249072595896386e-01
5.759210133410000054e+01 6.114807696491787459e-01 8.991326200402545432e-02 7.549547042221752546e-01 9.684295647648602512e-02
5.782085091220000805e+01 6.143764143505883180e-01 8.899337211522556634e-02 7.566334398125784677e-01 9.573399139272575908e-02
5.860029443410000027e+01 6.239192736341951928e-01 8.599708047164864033e-02 7.621401983879242392e-01 9.214730775277565900e-02
5.936628655600000570e+01 6.329247798419723736e-01 8.309038136787849638e-02 7.673431297354850189e-01 8.866917237909111016e-02
5.956696138409999719e+01 6.352420969898433523e-01 8.235281751033585174e-02 7.686965857624413756e-01 8.778043639305192769e-02
5.978377791220000148e+01 6.377223757319716579e-01 8.157321978539333607e-02 7.701585215514556992e-01 8.684336248063694030e-02
6.046987683409999192e+01 6.453609128106223558e-01 7.918995235480982831e-02 7.746454643809270735e-01 8.401145497399245543e-02
6.114252435600000979e+01 6.525987044335348486e-01 7.688325548650415397e-02 7.788909142168254363e-01 8.127333982822590452e-02
6.145521278409999866e+01 6.558960980316377309e-01 7.584629818351737440e-02 7.808398473039260823e-01 8.003132357630532434e-02
6.178404286220001040e+01 6.593141400677560160e-01 7.477406035780963245e-02 7.828840653620432466e-01 7.875016208568261233e-02
6.237679713410000204e+01 6.653286877383206566e-01 7.290764494669579876e-02 7.864801386048714260e-01 7.655506038580366102e-02
6.295610005600001102e+01 6.710436614552567347e-01 7.110749203244963457e-02 7.898846734580760032e-01 7.444126069065309936e-02
6.338080198410000321e+01 6.751434580043996769e-01 6.983121587812990416e-02 7.923402635214086276e-01 7.292841865678485747e-02
6.382164556219998985e+01 6.793198145254868425e-01 6.852561541011371882e-02 7.948739422304591518e-01 7.138462815700442887e-02
6.432105528409999806e+01 6.839495586340056388e-01 6.709775868161765855e-02 7.976899789765075077e-01 6.972691409957521014e-02
6.480701360599999816e+01 6.883522946138895815e-01 6.572750737790154785e-02 8.003534799058230620e-01 6.813978950042506866e-02
6.534372908409999070e+01 6.931043678045298861e-01 6.426208899025502574e-02 8.032379213635518767e-01 6.642788188923311188e-02
6.589658621220000612e+01 6.978895603210706344e-01 6.277236997580963596e-02 8.061793376367958341e-01 6.469182927272638939e-02
6.630265128410000841e+01 7.013366206029527650e-01 6.171614634149505396e-02 8.083092588426026293e-01 6.348404145714497959e-02
6.669526500599999963e+01 7.046089317345567427e-01 6.071003965170210931e-02 8.103184982995664809e-01 6.233734197588693127e-02
6.734399398409999549e+01 7.098875302679494848e-01 5.909707710509213424e-02 8.135635810368110343e-01 6.048672846566428146e-02
6.800886461219998580e+01 7.151581615449726925e-01 5.746425768130553058e-02 8.168412273266608681e-01 5.861764553857327226e-02
6.832158508409999342e+01 7.175950565066380182e-01 5.672299832637250905e-02 8.183680681170382165e-01 5.778384931333172686e-02
6.862085415600000715e+01 7.198943030034203883e-01 5.602554214996779275e-02 8.197997798487262067e-01 5.700291866720916950e-02
6.938159668410000336e+01 7.255942966836228525e-01 5.430118018098922805e-02 8.233449594140176409e-01 5.506401450804270653e-02
7.015848091220001947e+01 7.312479342094317936e-01 5.256089701516477447e-02 8.268959785950301677e-01 5.311130876543700835e-02
7.037785678410000401e+01 7.328209012440940473e-01 5.208612163479910129e-02 8.278931567804623803e-01 5.258601216719323984e-02
7.058378125600000885e+01 7.342826117551615184e-01 5.164968596744345941e-02 8.288155123118863266e-01 5.210637728042880751e-02
7.145653733410000541e+01 7.403163949944222555e-01 4.984578683140710592e-02 8.326071090688317300e-01 5.012053694419982969e-02
7.231254613410000331e+01 7.460500443097127787e-01 4.809423954151271358e-02 8.362374259644849150e-01 4.819518766511920321e-02
7.258404615599999943e+01 7.478406876572039064e-01 4.756320351041626315e-02 8.373812785900979216e-01 4.761946308251199106e-02
7.356881573409999930e+01 7.541363065291915024e-01 4.570751343544768308e-02 8.413732317302077268e-01 4.561824339588374522e-02
7.456972696219999364e+01 7.603133792634471089e-01 4.384371214744701289e-02 8.453114487825033052e-01 4.361222236762379856e-02
7.563853878410000675e+01 7.666636151460591853e-01 4.200279123156514666e-02 8.493706651306784927e-01 4.166371876936878632e-02
7.660639813410000443e+01 7.721968247736162860e-01 4.035055620582887054e-02 8.529077735468166832e-01 3.991767816817539533e-02
7.675724748409999165e+01 7.730514810788393643e-01 4.010267127912461177e-02 8.534610776537636667e-01 3.965728292345627182e-02
7.692154818410000416e+01 7.739752268497169796e-01 3.983573823679294884e-02 8.540577480309473613e-01 3.937802750635067267e-02
7.782549293409999791e+01 7.789281769432803149e-01 3.842809344898826668e-02 8.572378136979228458e-01 3.791592825004887202e-02
7.880886795600000028e+01 7.841339893013641316e-01 3.690828313868172589e-02 8.605793357367350627e-01 3.633865235828851598e-02
7.912986148410000453e+01 7.858091337985353420e-01 3.642993157807612042e-02 8.616644734197090871e-01 3.584509901953341487e-02
8.004978488410000637e+01 7.904838022481467386e-01 3.512705439264583729e-02 8.646780422302456914e-01 3.451230224994213114e-02
8.095848420600000850e+01 7.949469990715873902e-01 3.385570547601823854e-02 8.675508397563599372e-01 3.321356598625303802e-02
8.120583138410000856e+01 7.961443639151981611e-01 3.351674147843618917e-02 8.683255022914331267e-01 3.286823541160992235e-02
8.146662996220000252e+01 7.974010494346399636e-01 3.316728522862531781e-02 8.691410505048088320e-01 3.251392644516375857e-02
8.231141468410000073e+01 8.013775720523537149e-01 3.208596492289540747e-02 8.717110787442829967e-01 3.142291552482157080e-02
8.314543830599998842e+01 8.051820264751122780e-01 3.103203878400688162e-02 8.741653763624468443e-01 3.036092980140717504e-02
8.348613008409999736e+01 8.067115745135702287e-01 3.061005480914071389e-02 8.751552867339679187e-01 2.993725146756233760e-02
8.384027326220000020e+01 8.082911155650576163e-01 3.017986109462347452e-02 8.761806055668728277e-01 2.950661874937218765e-02
8.461038233409999521e+01 8.116521261391658193e-01 2.929085141602494682e-02 8.783567495485178345e-01 2.862001025824835454e-02
8.536973030600000811e+01 8.148717261606678308e-01 2.842613023730227589e-02 8.804374146585463023e-01 2.775865871213578639e-02
8.580376668410001173e+01 8.166810051947666071e-01 2.794141003273153609e-02 8.816088516702988986e-01 2.727787327452387695e-02
8.625125441219999800e+01 8.185298056267975575e-01 2.745042293469724184e-02 8.828089540962027471e-01 2.679180699652734116e-02
8.694668778409999277e+01 8.213458751818030201e-01 2.672784840035745402e-02 8.846345588731980847e-01 2.607800959565961460e-02
8.763136005599999123e+01 8.240459619167261884e-01 2.602675023597770046e-02 8.863818719441685090e-01 2.538617937159355631e-02
8.815874108410000076e+01 8.260887732115260729e-01 2.549692745824662723e-02 8.877049636260809784e-01 2.486580443924136380e-02
8.869957351219998998e+01 8.281598786842192528e-01 2.496245944315260423e-02 8.890492183876337329e-01 2.434151847991552001e-02
8.932033118410001293e+01 8.304934194717605855e-01 2.438289860072605578e-02 8.905633295821366868e-01 2.377331564106729966e-02
8.993032775600001116e+01 8.327320989672504226e-01 2.382226602148550601e-02 8.920135871723952059e-01 2.322420144698833164e-02
9.055105338410000115e+01 8.349677277300273648e-01 2.326239773935918215e-02 8.934619326722793575e-01 2.267854625360798959e-02
9.118523036220000222e+01 8.372199272985443308e-01 2.269921744188115736e-02 8.949234873798652679e-01 2.213009607420941480e-02
9.173131233409998231e+01 8.391264874273173247e-01 2.224166958282957490e-02 8.961613247869559817e-01 2.168412307299283012e-02
9.226663320599999452e+01 8.409556769685456734e-01 2.180077844074213705e-02 8.973473148077175665e-01 2.125474767533884826e-02
9.298070343410000760e+01 8.433482125229889714e-01 2.122355888618842126e-02 8.988975905718342707e-01 2.069544251096543455e-02
9.370822506220000037e+01 8.457453188821106860e-01 2.064410420242505928e-02 9.004529029579285693e-01 2.013423710911520573e-02
9.417963138410000568e+01 8.472744319765233012e-01 2.028994995600363546e-02 9.014461458477927014e-01 1.979052663383915056e-02
9.464027660600000047e+01 8.487405343591636342e-01 1.995041722123827230e-02 9.023973812412146023e-01 1.946124183941146460e-02
9.544769143409999401e+01 8.512582326248570030e-01 1.936628321439962455e-02 9.040289503242361357e-01 1.889756655712827166e-02
9.626855761219999863e+01 8.537683916424735342e-01 1.878077063710981848e-02 9.056573122537672216e-01 1.833270353670627545e-02
9.666528823410001792e+01 8.549642062539596354e-01 1.851356509785553189e-02 9.064343177095236515e-01 1.807416725449530887e-02
9.705125775599999827e+01 8.561085579109216637e-01 1.825914843666546356e-02 9.071771491740876492e-01 1.782814947307857084e-02
9.736850188569999887e+01 8.570383286658387334e-01 1.805145549527920057e-02 9.077803942419081507e-01 1.762803903604262534e-02
9.809419951380000668e+01 8.591315184646906022e-01 1.758365762676246044e-02 9.091365961750107472e-01 1.717811822971083979e-02
9.886622801219999701e+01 8.613207970195557728e-01 1.709295250679242900e-02 9.105571003272163733e-01 1.670586882644510204e-02
9.918828298409999888e+01 8.622231511553954952e-01 1.689836327108673597e-02 9.111436345494416944e-01 1.651798317781578290e-02
9.949957680599999321e+01 8.630837707507337253e-01 1.671496223237979584e-02 9.117026808548193140e-01 1.634098120847057162e-02
1.004936808341000045e+02 8.657717249392445913e-01 1.614021590702172798e-02 9.134449541807228012e-01 1.578865934261939469e-02
1.015012362622000097e+02 8.684289677476096925e-01 1.556526269432637749e-02 9.151684930840892074e-01 1.523613804275518631e-02
1.017486154840999859e+02 8.690735169919540093e-01 1.543091325384581165e-02 9.155876600284620359e-01 1.510660153436306323e-02
1.019852336560000055e+02 8.696838835735491990e-01 1.530633873107154451e-02 9.159844308215679964e-01 1.498653097283143484e-02
1.030726823340999800e+02 8.724239843241196057e-01 1.474462496987871338e-02 9.177608732467146258e-01 1.444699051664877047e-02
1.041523921840999805e+02 8.750735604702770676e-01 1.419559555513451657e-02 9.194800508130922534e-01 1.391938789586927294e-02
1.045082284060000006e+02 8.759301571064881387e-01 1.402679868879755896e-02 9.200366655807025174e-01 1.375659680033739299e-02
1.056890216341000013e+02 8.787001452207485741e-01 1.347937647806684951e-02 9.218321564573510596e-01 1.323090210680869308e-02
1.067847101340999956e+02 8.812013814573912418e-01 1.297679685235414611e-02 9.234549524358638406e-01 1.274819908953587176e-02
1.070685609559999989e+02 8.818395158320043725e-01 1.285639929565900869e-02 9.238699624718690329e-01 1.263207024243945091e-02
1.083426987841000084e+02 8.846263373121304729e-01 1.232829910679487419e-02 9.256767368598135537e-01 1.212449724605711363e-02
1.096428791341000135e+02 8.873834505364115444e-01 1.179848061663259055e-02 9.274662068523665814e-01 1.161515101883701592e-02
1.109823903560000105e+02 8.901193332883353682e-01 1.130116622441063728e-02 9.292405700569887905e-01 1.113649155285469268e-02
1.121613596340999948e+02 8.924505921437334566e-01 1.086567769367003528e-02 9.307527101994707008e-01 1.071758493704840810e-02
1.123525630840999980e+02 8.928263013298924911e-01 1.079959824098086080e-02 9.309975302443496137e-01 1.065388735830133903e-02
1.136360675059999892e+02 8.952718500370622223e-01 1.037307532182472035e-02 9.325839036779370872e-01 1.024277032876731719e-02
1.149056911341000102e+02 8.976131123145000279e-01 9.953410098690251492e-03 9.341029208506452797e-01 9.838528759317545502e-03
1.162591879340999981e+02 9.000309526199309351e-01 9.547140499208860848e-03 9.356721092950288643e-01 9.446446506485437627e-03
1.176873604340999862e+02 9.024895404794450737e-01 9.123543879173384719e-03 9.372672057322971595e-01 9.037598571326908511e-03
1.190595261840999939e+02 9.047758829461138852e-01 8.752537779399745602e-03 9.387514949663464670e-01 8.678965996506748937e-03
1.205063673840999883e+02 9.070990558958410555e-01 8.368208471932991194e-03 9.402589923122490756e-01 8.307334102471015599e-03
1.218972020840999875e+02 9.092613524226657029e-01 8.029242162382146594e-03 9.416630827678951210e-01 7.979090743243684794e-03
1.233627125840999952e+02 9.114574754422870573e-01 7.680260316076289659e-03 9.430883704230483833e-01 7.640966057795637104e-03
1.247722161341000060e+02 9.135031188074402841e-01 7.370411306607842737e-03 9.444170421645236013e-01 7.340338521634045058e-03
1.262563956341000164e+02 9.155801350963495011e-01 7.053301283854111758e-03 9.457652858372098681e-01 7.032438279669038159e-03
1.276845681840999873e+02 9.175161611561163388e-01 6.770024581940687833e-03 9.470230926693691265e-01 6.757020646896409570e-03
1.291874161840999875e+02 9.194814006604390411e-01 6.481751159880427479e-03 9.482990179689121391e-01 6.476479331321229396e-03
1.306342576840999925e+02 9.213144007527755974e-01 6.222689640260895515e-03 9.494902060381434916e-01 6.224027178355642786e-03
1.321557746841000096e+02 9.231747663885921940e-01 5.960510115637297074e-03 9.506982963890654448e-01 5.968241144611586592e-03
1.336212851841000031e+02 9.249109590300668149e-01 5.723590973530339431e-03 9.518268868773904767e-01 5.736785133613056704e-03
1.351614711840999803e+02 9.266728323002876300e-01 5.485091408515085573e-03 9.529712702149242265e-01 5.503465681498610068e-03
1.366456501840999920e+02 9.283180223182891933e-01 5.268415329061490113e-03 9.540410055744417139e-01 5.291198250120862819e-03
1.382045051840999861e+02 9.299873670180630603e-01 5.051425156440410118e-03 9.551255472414490466e-01 5.078281364124278933e-03
1.397073536841000134e+02 9.315469802998928017e-01 4.853283486410257461e-03 9.561399251895126294e-01 4.883572474752268834e-03
1.412848776840999676e+02 9.331293348291040957e-01 4.655856110433493830e-03 9.571682170787099153e-01 4.689203228025446910e-03
1.428063946840999847e+02 9.346084255704234511e-01 4.474690315305391089e-03 9.581304970542102728e-01 4.510567533084117696e-03
1.444025876841000127e+02 9.361089293828952496e-01 4.295062062274664257e-03 9.591058712908500095e-01 4.333067555625299584e-03
1.459427736841000183e+02 9.375121617716546396e-01 4.129435240551341743e-03 9.600190460260377145e-01 4.169139150350901525e-03
1.468253404357000136e+02 9.382963054311944662e-01 4.038557330492279288e-03 9.605289682607655033e-01 4.079160119087718930e-03
1.477727719638000110e+02 9.391218011920314801e-01 3.944355483195817642e-03 9.610657615318349833e-01 3.985453846122467142e-03
1.491164901841000017e+02 9.402677015907973113e-01 3.814503673375329359e-03 9.618118490435677570e-01 3.856426670679369284e-03
1.507500211841000066e+02 9.416185984778586704e-01 3.665693261957643327e-03 9.626905622841670507e-01 3.708135319446562508e-03
1.523275451840999892e+02 9.428832420797863545e-01 3.527196531792882537e-03 9.635140937420231255e-01 3.569894374203145138e-03
1.539797446841000124e+02 9.441658186888547410e-01 3.391653081445560047e-03 9.643487183119999751e-01 3.434196881844745700e-03
1.555759371840999847e+02 9.453671345666180281e-01 3.264917008745283136e-03 9.651313159355745519e-01 3.307113569751226213e-03
1.572468056840999679e+02 9.465853742375548441e-01 3.141379515154445710e-03 9.659244705368706940e-01 3.182842419928227570e-03
1.588616676841000128e+02 9.477270254040149888e-01 3.025366611312270155e-03 9.666685301001373132e-01 3.065965344059921101e-03
1.605512051841000130e+02 9.488846240745100191e-01 2.912663563324680103e-03 9.674226270070822586e-01 2.952047595202343319e-03
1.621847356840999907e+02 9.499700641601795947e-01 2.806360852452371643e-03 9.681304114632237612e-01 2.844453639621477136e-03
1.638929416841000091e+02 9.510705515574444657e-01 2.703398838521460686e-03 9.688477688278246402e-01 2.739894596830201676e-03
1.655451411840999754e+02 9.521030719745275928e-01 2.605870468497669193e-03 9.695214499904960537e-01 2.640737275153141363e-03
1.672720166841000093e+02 9.531498138510193785e-01 2.511686804201126652e-03 9.702042905251202498e-01 2.544675201808510156e-03
1.689428851840999926e+02 9.541325060310159589e-01 2.422116456691671658e-03 9.708459021914539466e-01 2.453230687377756097e-03
1.706884291840999879e+02 9.551286327934079834e-01 2.335799895700266943e-03 9.714962691228163916e-01 2.364851824615263939e-03
1.723779666840999880e+02 9.560644517152289135e-01 2.253385033068858526e-03 9.721077645507592013e-01 2.280405077943545387e-03
1.741421796841000003e+02 9.570130012271911291e-01 2.174151265128422723e-03 9.727276639510440415e-01 2.199016158861319750e-03
1.758503861840999889e+02 9.579047377570399924e-01 2.098219458768088748e-03 9.733108851274397955e-01 2.120977223852077084e-03
1.776332681840999896e+02 9.588085487714549382e-01 2.025370024110613541e-03 9.739021737068586093e-01 2.045962770767721043e-03
1.793601431840999965e+02 9.596588306161656368e-01 1.955308785753312028e-03 9.744588464604394540e-01 1.973793986041800889e-03
1.811616941841000141e+02 9.605205895891689716e-01 1.888205538641261807e-03 9.750232754018595127e-01 1.904583837703411470e-03
1.829072381841000094e+02 9.613319154459893934e-01 1.823450302103547804e-03 9.755550462711019000e-01 1.837781679871787694e-03
1.847228071559999876e+02 9.621521151111653847e-01 1.761704047347021056e-03 9.760929362054570069e-01 1.774050821266823534e-03
1.877186609357000009e+02 9.634555835804107238e-01 1.663240373524804477e-03 9.769486434882355130e-01 1.672423319124713122e-03
1.895015429356999732e+02 9.642026462764701211e-01 1.607784415306904224e-03 9.774393601763761152e-01 1.615194753203182034e-03
1.901134426840999936e+02 9.644549018410597530e-01 1.589056826356051661e-03 9.776053333301089054e-01 1.595867464136164343e-03
1.919149936841000113e+02 9.651829785578364129e-01 1.537633554414775212e-03 9.780841586342109428e-01 1.542854523699374852e-03
1.937725511841000241e+02 9.659134501386019700e-01 1.484825257211944399e-03 9.785649347820472022e-01 1.488419418908789758e-03
1.955927706841000031e+02 9.666102456183374159e-01 1.437094970823551629e-03 9.790239718531760227e-01 1.439302185044708015e-03
1.974689971841000045e+02 9.673093640688317230e-01 1.388216612571084412e-03 9.794849012731584592e-01 1.389016074646604298e-03
1.993078861840999707e+02 9.679767505302465658e-01 1.343884789691496707e-03 9.799253411427630844e-01 1.343509987092252013e-03
2.012027816840999890e+02 9.686465096172142131e-01 1.298610488722909320e-03 9.803677407765963858e-01 1.297055709994372839e-03
2.030603391841000018e+02 9.692863794628905350e-01 1.257414244968870810e-03 9.807908398869593647e-01 1.254899937065090528e-03
2.049739036841000370e+02 9.699286997697280643e-01 1.215453409458911458e-03 9.812159918471177189e-01 1.211986934485603448e-03
2.068501306841000371e+02 9.705428750766597057e-01 1.177147776155776284e-03 9.816229745350141256e-01 1.172930941762607765e-03
2.087823641840999755e+02 9.711596182164147217e-01 1.138231682280849621e-03 9.820321392318164255e-01 1.133282450864765006e-03
2.106772596840999938e+02 9.717498707111936751e-01 1.102593932917674121e-03 9.824242161818211860e-01 1.097092009386968882e-03
2.126281621841000060e+02 9.723428520803683028e-01 1.066477986479047891e-03 9.828186432879643109e-01 1.060449247170905905e-03
2.145417266841000128e+02 9.729109219540535980e-01 1.033300366266244781e-03 9.831970274801183907e-01 1.026900516227226192e-03
2.165112976841000147e+02 9.734819371812868383e-01 9.997581933008691316e-04 9.835779804473165910e-01 9.930182890906327515e-04
2.184435311840999816e+02 9.740295577582019915e-01 9.688492224260916849e-04 9.839439095283595282e-01 9.619002853478532183e-04
2.204317716840999708e+02 9.745804037395067176e-01 9.376717834433495298e-04 9.843126844111532714e-01 9.305474739923734473e-04
2.220903205138000089e+02 9.750308565064254029e-01 9.130759898522987144e-04 9.846147900968421629e-01 9.058955242382733287e-04
2.235325104857000156e+02 9.754158047307354140e-01 8.920423517000902833e-04 9.848733434750405191e-01 8.847999700458512862e-04
2.243895826840999916e+02 9.756419664677604686e-01 8.798943555445654574e-04 9.850255321985427193e-01 8.726668211901603828e-04
2.263591541841000208e+02 9.761539946931110379e-01 8.530794749627664594e-04 9.853704841891771649e-01 8.459011804564858317e-04
2.283847321841000166e+02 9.766700679907809324e-01 8.261460128877667420e-04 9.857190818152254952e-01 8.190491627990346404e-04
2.303729721840999787e+02 9.771671058276635291e-01 8.011022062587675949e-04 9.860557161745026056e-01 7.941499225206458817e-04
2.324172191841000199e+02 9.776687904319938394e-01 7.759969697264693057e-04 9.863965815109683177e-01 7.692182466123852506e-04
2.344241281840999989e+02 9.781529351535969141e-01 7.525881840488367162e-04 9.867266032267624221e-01 7.460277550191260140e-04
2.364870436840999730e+02 9.786425091549304511e-01 7.291654099245785912e-04 9.870616194460218873e-01 7.228479943230921648e-04
2.385126216840999689e+02 9.791161290213513668e-01 7.072673185171475833e-04 9.873870273632856520e-01 7.012220625191117841e-04
2.405942066841000155e+02 9.795962105410616072e-01 6.853958662564938300e-04 9.877184422769140770e-01 6.796424139543666030e-04
2.426384536840999999e+02 9.800620895132549082e-01 6.648981265939756750e-04 9.880416763452241069e-01 6.594524281792136979e-04
2.447387071841000079e+02 9.805358247098809876e-01 6.444618470487510544e-04 9.883722969682224857e-01 6.393382236249925844e-04
2.468016231841000092e+02 9.809974039756373942e-01 6.252660913163997271e-04 9.886964896376405632e-01 6.204701599827108088e-04
2.489205461841000044e+02 9.814688148921972832e-01 6.061627382452480697e-04 9.890300447216722191e-01 6.017036803832144856e-04
2.510021306840999671e+02 9.819307107771426679e-01 5.884131900667849890e-04 9.893595623738771216e-01 5.842888657797122185e-04
2.531397221841000089e+02 9.824048612997930974e-01 5.709735150400920738e-04 9.897009067915222280e-01 5.671882614260585808e-04
2.552399761841000156e+02 9.828725069493284838e-01 5.545472934038295134e-04 9.900410503530762130e-01 5.510932111538586163e-04
2.573962366840999607e+02 9.833566951289979263e-01 5.382711509367677470e-04 9.903974524994971773e-01 5.351482161827778895e-04
2.595151591841000140e+02 9.838392330222841542e-01 5.229085033596982037e-04 9.907574985586855565e-01 5.201048616199779135e-04
2.616900881841000341e+02 9.843449441137889222e-01 5.077185295796903149e-04 9.911408383104430841e-01 5.052303475866082175e-04
2.638276796841000191e+02 9.848566957023253687e-01 4.933587370773628508e-04 9.915359046457445924e-01 4.911715946561218604e-04
2.660212781840999696e+02 9.854031426514175962e-01 4.791898254084048020e-04 9.919669019233616769e-01 4.772966856358783054e-04
2.680530152137999949e+02 9.859359780827168240e-01 4.665283568128521761e-04 9.923975840351475508e-01 4.648980182694426467e-04
2.690844891857000221e+02 9.862195155321170636e-01 4.602901059464428886e-04 9.926314756738795486e-01 4.587881907180216831e-04
2.696085524856999882e+02 9.863675841446494230e-01 4.573904499223230952e-04 9.927550088139408535e-01 4.559516126140659878e-04
2.705134867154000062e+02 9.866303511529554982e-01 4.524934278952240743e-04 9.929766800123388526e-01 4.511621773466562013e-04
2.712947399138000719e+02 9.868655352997113273e-01 4.483639125181915598e-04 9.931778828209003596e-01 4.471250813884083681e-04
2.717814653638000095e+02 9.870165121579616008e-01 4.458757328398860339e-04 9.933085058830105618e-01 4.446933211486443186e-04
2.724603885653999669e+02 9.872334953198651508e-01 4.425532564389218445e-04 9.934983147898708289e-01 4.414475570022371705e-04
2.732436583856999732e+02 9.874943338392808689e-01 4.388423023946321183e-04 9.937298566472350103e-01 4.378247645765982830e-04
2.736930459856999960e+02 9.876497988771902881e-01 4.367966275394611340e-04 9.938696476734509844e-01 4.358284775862968194e-04
2.740135610653999834e+02 9.877636295496571295e-01 4.356052946880778552e-04 9.939728264391751722e-01 4.344866310112060017e-04
2.742499018153999941e+02 9.878488735698243151e-01 4.347910959840320475e-04 9.940508595118651147e-01 4.335245007755288106e-04
2.743499018154000169e+02 9.878853876110113008e-01 4.343528290952436226e-04 9.940844087251416994e-01 4.331181077322067505e-04
2.744499020654000105e+02 9.879221921739639312e-01 4.339176004998829728e-04 9.941182875517063922e-01 4.327120098253964373e-04
2.745499023154000042e+02 9.879592819883843413e-01 4.334854931893499289e-04 9.941525065917919957e-01 4.323062077467353190e-04
2.746999020654000105e+02 9.880154560467615532e-01 4.328446274820270498e-04 9.942044956877108541e-01 4.317165897873142676e-04
2.748499018154000169e+02 9.880722931471545012e-01 4.322087747828485616e-04 9.942572845332542375e-01 4.311439580677731078e-04
2.749499020654000105e+02 9.881105634334981236e-01 4.317900421232366863e-04 9.942929302614613718e-01 4.307724115454735370e-04
2.750499023154000042e+02 9.881491440561158690e-01 4.313748952494848897e-04 9.943289520150661032e-01 4.304011351898283681e-04
2.751999020654000105e+02 9.882076113498243775e-01 4.307605797300811902e-04 9.943837164115186811e-01 4.298448299291568377e-04
2.753499018154000169e+02 9.882668180119702495e-01 4.301520536866254010e-04 9.944393961453577013e-01 4.292889288134944326e-04
2.754499020654000105e+02 9.883067137701594396e-01 4.297523541072153261e-04 9.944770486752999572e-01 4.289187301830764128e-04
2.755499023154000042e+02 9.883469585189866846e-01 4.293568183043857734e-04 9.945151530848295174e-01 4.285671765193439873e-04
2.756999020654000105e+02 9.884079979537672145e-01 4.287733046386031036e-04 9.945731159999986470e-01 4.280733939202944474e-04
2.758499018154000169e+02 9.884698736369916805e-01 4.281965525140060008e-04 9.946321024733653093e-01 4.275826791824042464e-04
2.759499020654000105e+02 9.885116065623679171e-01 4.278190590621821924e-04 9.946720251103713384e-01 4.272558903386630669e-04
2.760499023154000042e+02 9.885537394572946335e-01 4.274505481624341812e-04 9.947124478021475147e-01 4.269333628619846545e-04
2.761997106153999653e+02 9.886176131288755276e-01 4.269200646231960210e-04 9.947739635567910410e-01 4.264606199676454512e-04
2.763497103654000284e+02 9.886825094306771478e-01 4.263988740004351005e-04 9.948367850765521547e-01 4.260168184823237276e-04
2.764499020654000105e+02 9.887264030769625789e-01 4.260590456803422209e-04 9.948794138819619937e-01 4.257569078429646568e-04
2.765499023154000042e+02 9.887706631590197359e-01 4.257256958874201238e-04 9.949225188618640026e-01 4.254976818848030121e-04
2.766999020654000674e+02 9.888379232938276919e-01 4.252394406077501538e-04 9.949882725135410499e-01 4.251092660464015011e-04
2.768499018154000169e+02 9.889062695393274760e-01 4.247627541730210408e-04 9.950554081491556069e-01 4.247211308554547557e-04
2.769499020654000105e+02 9.889524616388541967e-01 4.244549429840284265e-04 9.951009741656713370e-01 4.244626532941125625e-04
2.770499023154000042e+02 9.889991725433187053e-01 4.241541525204330153e-04 9.951472272137410480e-01 4.242224004997996434e-04
2.771999020654000105e+02 9.890702437769632871e-01 4.237196670352557249e-04 9.952178814395800099e-01 4.239241532251675280e-04
2.773499018154000169e+02 9.891425723707386597e-01 4.232968286952033137e-04 9.952901089690534553e-01 4.236434738441366399e-04
2.774499020654000105e+02 9.891915202111924987e-01 4.230271279406143479e-04 9.953391917932071786e-01 4.234565558181101305e-04
2.775499023154000042e+02 9.892410714947810213e-01 4.227660430890024020e-04 9.953890553844649824e-01 4.232697724835698841e-04
2.776804655653999703e+02 9.893067069588474816e-01 4.224412370448918700e-04 9.954553912127210857e-01 4.230261319982181944e-04
2.778304653154000334e+02 9.893834821748541675e-01 4.220846248456902507e-04 9.955334464084100166e-01 4.228113742592697760e-04
2.779499020654000105e+02 9.894457140332418854e-01 4.218191557276698895e-04 9.955969710427747810e-01 4.227035901843269956e-04
2.780499023154000042e+02 9.894985944205020312e-01 4.216168866713576298e-04 9.956511543366607375e-01 4.226196425572082880e-04
2.781999020654000105e+02 9.895792854020414309e-01 4.213436441425102942e-04 9.957342255792172026e-01 4.224978146202551261e-04
2.783499018154000169e+02 9.896617074670555070e-01 4.210885946054371710e-04 9.958195966942027244e-01 4.223760742348732630e-04
2.784499020654000105e+02 9.897176661860762614e-01 4.209377740638095490e-04 9.958778944728939875e-01 4.223351936293171980e-04
2.785499023154000042e+02 9.897744666682977144e-01 4.208006847957331768e-04 9.959372852860539638e-01 4.223570126413852210e-04
2.786999020654000105e+02 9.898613111923382224e-01 4.206282687533030714e-04 9.960284892835405968e-01 4.224234106184374224e-04
2.788499018154000169e+02 9.899502338164996029e-01 4.204793475679632583e-04 9.961224422289135516e-01 4.224897609642001947e-04
2.789499020654000105e+02 9.900107327879555941e-01 4.204050140925669004e-04 9.961867150390671943e-01 4.225339471377889894e-04
2.790499023154000042e+02 9.900722489865800835e-01 4.203486360540503253e-04 9.962523954756012934e-01 4.226009243050297308e-04
2.791999020654000105e+02 9.901665168417069784e-01 4.203078358923122626e-04 9.963536270132270500e-01 4.228606300651962515e-04
2.793499018153999600e+02 9.902633169642079958e-01 4.202981880870559602e-04 9.964581624553238148e-01 4.231827357277545727e-04
2.794499020654000105e+02 9.903293409984547102e-01 4.203250489105541938e-04 9.965298596430802736e-01 4.233972431877524320e-04
2.795499023154000042e+02 9.903966161685319181e-01 4.203760725265040911e-04 9.966032800948843029e-01 4.236115971814253026e-04
2.796999020654000105e+02 9.904999921510205807e-01 4.205120436969429841e-04 9.967168650785832584e-01 4.240829206875058313e-04
2.798499018154000169e+02 9.906065154792175198e-01 4.206906431508691899e-04 9.968347027258195325e-01 4.246724723941079508e-04
2.799499020654000105e+02 9.906793951974790513e-01 4.208556236711011810e-04 9.969157718556379555e-01 4.251230457102135162e-04
2.800499023154000042e+02 9.907538478202325694e-01 4.210542672797883872e-04 9.969990045361094566e-01 4.255732972455535286e-04
2.801679483654000364e+02 9.908438678676556588e-01 4.213420919219434783e-04 9.971002569024854933e-01 4.261043522222707843e-04
2.803179481154000428e+02 9.909617897006454124e-01 4.217844156466299334e-04 9.972340567543732659e-01 4.270539274328574459e-04
2.804499020654000105e+02 9.910690474154243423e-01 4.222391047975146135e-04 9.973564453007242037e-01 4.280897646754175910e-04
2.805499023153999474e+02 9.911526851564210761e-01 4.226526839546550425e-04 9.974524560398472239e-01 4.288778305599298397e-04
2.806806467654000130e+02 9.912652870123476179e-01 4.232976679656487722e-04 9.975826273480190576e-01 4.299150512229290080e-04
2.808306465153999625e+02 9.913993480908362965e-01 4.241430516312365935e-04 9.977392209511354304e-01 4.314439145218874135e-04
2.809499020654000105e+02 9.915099796429632795e-01 4.249144095597231900e-04 9.978691890444674195e-01 4.329715098612745504e-04
2.810499023154000042e+02 9.916057240936280159e-01 4.256528076465007269e-04 9.979823638125162599e-01 4.342513692444396846e-04
2.811746762653999667e+02 9.917292742913631498e-01 4.267115845411925505e-04 9.981295249716171103e-01 4.358468792275088199e-04
2.813246760154000299e+02 9.918843145444450338e-01 4.281562336135374893e-04 9.983163342157340692e-01 4.383107571143403749e-04
2.814499020654000105e+02 9.920197568909931984e-01 4.295223636686716726e-04 9.984805450974372221e-01 4.408203001269043650e-04
2.815499023154000042e+02 9.921322040441064027e-01 4.307706298524976020e-04 9.986178716263380828e-01 4.428225333477548461e-04
2.816500368154000284e+02 9.922489396709330833e-01 4.321598853359420842e-04 9.987615888480528836e-01 4.448260289456866675e-04
2.818000365654000348e+02 9.924322574411692521e-01 4.346086867891405425e-04 9.989899262647252698e-01 4.489434369271627862e-04
2.819499020654000105e+02 9.926267622349733699e-01 4.373369648970019540e-04 9.992340723746288011e-01 4.536158954103874236e-04
2.820499023154000042e+02 9.927636647956509242e-01 4.394817322034870531e-04 9.994076983462280017e-01 4.567303584605929409e-04
2.821999020654000105e+02 9.929809656189939604e-01 4.433198956176332946e-04 9.996869767640174098e-01 4.630677501672896186e-04
2.823499018154000169e+02 9.932147126794308445e-01 4.476479585512935342e-04 9.999900511920322144e-01 4.702990247619822099e-04
2.824499020654000105e+02 9.933810900293541524e-01 4.511187008115837590e-04 1.000208448647532666e+00 4.753568557384119553e-04
2.825499023154000042e+02 9.935570300203372396e-01 4.550768264548837004e-04 1.000442555396988675e+00 4.819158861706848707e-04
2.826999020654000105e+02 9.938414023208498316e-01 4.624180773967134718e-04 1.000823382168814613e+00 4.937627555272727092e-04
2.828499018154000169e+02 9.941551820431947517e-01 4.709248290987959177e-04 1.001252008508496383e+00 5.075026432790916229e-04
2.829499020654000105e+02 9.943841727567909183e-01 4.780622906289806978e-04 1.001568009091877709e+00 5.199422392239438397e-04
2.830499023154000611e+02 9.946320282674043778e-01 4.865308137284811820e-04 1.001913272821434830e+00 5.331271868265036965e-04
2.831999020654000105e+02 9.950463837211139806e-01 5.035724002552209849e-04 1.002503022450407233e+00 5.614537374262884963e-04
2.833499018154000169e+02 9.955274181742206352e-01 5.246343678010648376e-04 1.003197641501934578e+00 5.954431023918786920e-04
2.834499020654000105e+02 9.958978446503011783e-01 5.444049645896568068e-04 1.003748778833206901e+00 6.297372960900580758e-04
2.835499023154000042e+02 9.963212400607560637e-01 5.704532499095313911e-04 1.004378887608308180e+00 6.738041450467409637e-04
2.836999020654000105e+02 9.970918494891328754e-01 6.375572055039710126e-04 1.005568314908709349e+00 7.836255992328045776e-04
2.838499018154000169e+02 9.981355164522890400e-01 7.416338921329854389e-04 1.007250960975137666e+00 9.784004295928464684e-04
2.839499020654000105e+02 9.991180849039775769e-01 8.955120418315623033e-04 1.008866168341149061e+00 1.287946255478436466e-03
2.840499023154000042e+02 1.000577615618649441e+00 1.282210306710771354e-03 1.011330276840052278e+00 2.078189709555082476e-03
2.841872399154000277e+02 1.003089737789748748e+00 4.517234785454763910e-03 1.015357168559569701e+00 8.126882925060285520e-03
2.843372396653999772e+02 1.001100853516804445e+00 8.197033229478747907e-03 1.010485113807642499e+00 1.424412209208858124e-02
2.844499020654000105e+02 9.993720278946288671e-01 9.047213208222947695e-03 1.007535934366191821e+00 1.501679263186622530e-02
2.845499023154000042e+02 9.983697461203216994e-01 9.240611388026415823e-03 1.005677837424497234e+00 1.511758170961686153e-02
2.846999020654000674e+02 9.973289365321524880e-01 9.411370569082160367e-03 1.003735505857026533e+00 1.501665590630532447e-02
2.848499018154000169e+02 9.965566528967373383e-01 9.548509513760220294e-03 1.002285721417203623e+00 1.487162482007421856e-02
2.849499020654000105e+02 9.961254665599679203e-01 9.623293303227279868e-03 1.001484821937063563e+00 1.474267216508858176e-02
2.850499023154000042e+02 9.957403380395993819e-01 9.691949779447987107e-03 1.000792102483652135e+00 1.460434574146890485e-02
2.851999020653999537e+02 9.952247819509668636e-01 9.784485397110690569e-03 9.998945699163001022e-01 1.439121976277784806e-02
2.853499018154000169e+02 9.947592431799558987e-01 9.870316521324758174e-03 9.991313720897296857e-01 1.417514240127419958e-02
2.854499020654000105e+02 9.944681210721543207e-01 9.920329790391178154e-03 9.986811660258889667e-01 1.403216523329254770e-02
2.855499023154000042e+02 9.941887711329254751e-01 9.965028305806275175e-03 9.982679643576182205e-01 1.389043957911331381e-02
2.856559934154000189e+02 9.939024468222519282e-01 1.000541031067079568e-02 9.978660042670292052e-01 1.374019333053045668e-02
2.858059931654000252e+02 9.935135247437621997e-01 1.004744089662150397e-02 9.973551745342952302e-01 1.353412244222966000e-02
2.859499018354000555e+02 9.931531341232475718e-01 1.007617139404104988e-02 9.969117825396416332e-01 1.334008862584374483e-02
2.860499020703999804e+02 9.929081201506967380e-01 1.008386621432817709e-02 9.966306246531062563e-01 1.320677399937908621e-02
2.861499022854000032e+02 9.926682630724519285e-01 1.008214201083612246e-02 9.963689924470391368e-01 1.307772350283048154e-02
2.862999020703999804e+02 9.923207549895263213e-01 1.005716498738221457e-02 9.960021454816636588e-01 1.288853432913844230e-02
2.864499018554000145e+02 9.919869774352835234e-01 1.001689133357874621e-02 9.956701136713650424e-01 1.270139432692015541e-02
2.865499020703999804e+02 9.917716338929335462e-01 9.974678099137884377e-03 9.954661786283450775e-01 1.258207146168870832e-02
2.866499022854000032e+02 9.915639666021422993e-01 9.922281655041293585e-03 9.952704876409188550e-01 1.246558271887826010e-02
2.867661884707000013e+02 9.913332454250050052e-01 9.847616064209292405e-03 9.950558231425440381e-01 1.233023254652941721e-02
2.869161882556999785e+02 9.910558881678060983e-01 9.733446129404512911e-03 9.948020691800479876e-01 1.216109718519446485e-02
2.870499020704000372e+02 9.908265722391941255e-01 9.618858008349259747e-03 9.945903790943043665e-01 1.201575951842694112e-02
2.871499022854000032e+02 9.906668931423960878e-01 9.522526137413686240e-03 9.944396330911489112e-01 1.190913977618362520e-02
2.872774259554000196e+02 9.904805797585142235e-01 9.388984214266512043e-03 9.942585137535769890e-01 1.177329535535903866e-02
2.874274257403999968e+02 9.902867446915400995e-01 9.222783084469816581e-03 9.940656635064757385e-01 1.162038791885147519e-02
2.875499020704000372e+02 9.901475301134484708e-01 9.080743906972332802e-03 9.939131949106158048e-01 1.150153872168721732e-02
2.876499022854000032e+02 9.900474014791432742e-01 8.960963879237990315e-03 9.937940093098258654e-01 1.140458265550955107e-02
2.877794564003999653e+02 9.899354274534923892e-01 8.803265110522578291e-03 9.936484112548775727e-01 1.127908543205485836e-02
2.879294561853999994e+02 9.898302123686204546e-01 8.619951994346009005e-03 9.934963416526194635e-01 1.114017660974981304e-02
2.880499020704000372e+02 9.897636268752122435e-01 8.473460868411534022e-03 9.933767236049291238e-01 1.103442530538012098e-02
2.881499022854000032e+02 9.897201843095972951e-01 8.353363773889380464e-03 9.932809412682590544e-01 1.094669867860592616e-02
2.882999020703999804e+02 9.896733932484554908e-01 8.178422811247173033e-03 9.931453092532533944e-01 1.081524610810713841e-02
2.884499018553999576e+02 9.896478243992540280e-01 8.007952577715903367e-03 9.930241802082959701e-01 1.068803369812768023e-02
2.885499020703999804e+02 9.896419838926718837e-01 7.899618226200343790e-03 9.929446895968569997e-01 1.060886647001010180e-02
2.886499022854000032e+02 9.896440891684238350e-01 7.795219237639434105e-03 9.928668807639546845e-01 1.052977525600857014e-02
2.887999020703999804e+02 9.896603319060949255e-01 7.648490069053444362e-03 9.927554601700577797e-01 1.041126206898751981e-02
2.889499018554000145e+02 9.896914703910647537e-01 7.508704022257351070e-03 9.926531221641050617e-01 1.029362692141870886e-02
2.890499020704000372e+02 9.897204647151442991e-01 7.422684502046897684e-03 9.925910530550956512e-01 1.021938394785682803e-02
2.891499022854000032e+02 9.897549257830028369e-01 7.341723546379681602e-03 9.925280907911251393e-01 1.014823032573850155e-02
2.892999020704000372e+02 9.898146222558523721e-01 7.231467836915315799e-03 9.924361081642815163e-01 1.004161092711149637e-02
2.894499018554000145e+02 9.898843967196440108e-01 7.128672994042558296e-03 9.923492930090228592e-01 9.935065211594472714e-03
2.895499020703999804e+02 9.899366091515340305e-01 7.067888822759463459e-03 9.922956099687073594e-01 9.864271979112536684e-03
2.896499022854000032e+02 9.899919172866306072e-01 7.012076622317934063e-03 9.922471721909384978e-01 9.797029934413965108e-03
2.897999020703999804e+02 9.900800239877894926e-01 6.939127135337154473e-03 9.921722956861446230e-01 9.701281419922776206e-03
2.899499018554000145e+02 9.901744249284230026e-01 6.873365146528732927e-03 9.920995826400138551e-01 9.605600920640994592e-03
2.900499020703999804e+02 9.902413316603123628e-01 6.836715089845058629e-03 9.920533331679007860e-01 9.541879671782460895e-03
2.901499022854000032e+02 9.903102348782495401e-01 6.804782052469510178e-03 9.920096215218027202e-01 9.478202345912721885e-03
2.902999020703999804e+02 9.904165751148054087e-01 6.766997840599429763e-03 9.919498338445693619e-01 9.387584650395191729e-03
2.904499018554000145e+02 9.905270261751518701e-01 6.735933424013037726e-03 9.918907713727108666e-01 9.300202592113174932e-03
2.905499020703999804e+02 9.906033655707775498e-01 6.721901720068079560e-03 9.918520339528097418e-01 9.243038182888140691e-03
2.906499022853999463e+02 9.906810330650469565e-01 6.712211710139456833e-03 9.918143092267167615e-01 9.185913109244433356e-03
2.907999020703999804e+02 9.907992526789062282e-01 6.707182719237174059e-03 9.917606437846722134e-01 9.100314183784692298e-03
2.909499018554000713e+02 9.909201691597574468e-01 6.708481251829546445e-03 9.917130989005433772e-01 9.016521725149342914e-03
2.910499020704000372e+02 9.910026314037257977e-01 6.715519006521539908e-03 9.916828391721705938e-01 8.964187336685339527e-03
2.911499022854000032e+02 9.910861432232785928e-01 6.726568479416247630e-03 9.916517950566351436e-01 8.913028603570558039e-03
2.912657934707000322e+02 9.911842199859784985e-01 6.745164176162251994e-03 9.916162572219205940e-01 8.853787445499434333e-03
2.914157932556999526e+02 9.913118499055952881e-01 6.777185362655036016e-03 9.915720273949484298e-01 8.777188893983342219e-03
2.915499020704000372e+02 9.914281233141122307e-01 6.811750844306133784e-03 9.915350833530313102e-01 8.708765000280708005e-03
2.916499022854000032e+02 9.915164779504026527e-01 6.843181179463154670e-03 9.915102855604384091e-01 8.658624867442539855e-03
2.917999020704000372e+02 9.916492714623027505e-01 6.899856589819666416e-03 9.914752025484968589e-01 8.588216865237198808e-03
2.919499018554000145e+02 9.917836584271827460e-01 6.962776474856257128e-03 9.914386853463270644e-01 8.519594557052230857e-03
2.920499020704000372e+02 9.918747864609802622e-01 7.011222398038781736e-03 9.914148394449476820e-01 8.473893184069354947e-03
2.921499022854000032e+02 9.919662819983570134e-01 7.063993828016691852e-03 9.913917364699017520e-01 8.428223097338304395e-03
2.922999020703999804e+02 9.921040228311935882e-01 7.153111860530043248e-03 9.913590877644601340e-01 8.359788506211569131e-03
2.924499018554000145e+02 9.922430135773672166e-01 7.249267212495319294e-03 9.913309203314148998e-01 8.292918820793986415e-03
2.925499020703999804e+02 9.923367227726080930e-01 7.320348422639149331e-03 9.913127202414078187e-01 8.251156008798790631e-03
2.926499022854000032e+02 9.924312571511171299e-01 7.396301402395060939e-03 9.912937724841136555e-01 8.210169022818071885e-03
2.927999020704000372e+02 9.925725156435273311e-01 7.521953761156545404e-03 9.912655671208633335e-01 8.148751741908370760e-03
2.929499018554000145e+02 9.927143768837600746e-01 7.655447361345566436e-03 9.912385090050150893e-01 8.087376398394210270e-03
2.930499020704000372e+02 9.928101201456722702e-01 7.752598828054711906e-03 9.912214886034508288e-01 8.046501245934221946e-03
2.931499022854000600e+02 9.929062062675837463e-01 7.855744968393432726e-03 9.912057418785379381e-01 8.005653980337397793e-03
2.932999020704000372e+02 9.930486754892796641e-01 8.024249537769791163e-03 9.911851387359906784e-01 7.947819206513896326e-03
2.934499018554000145e+02 9.931909194059097556e-01 8.202046885686958833e-03 9.911635583459851295e-01 7.892078139518010280e-03
2.935499020703999804e+02 9.932867423154597697e-01 8.330609948431450668e-03 9.911490590984809446e-01 7.855444714567474257e-03
2.936499022854000032e+02 9.933820532765105238e-01 8.466326357575612929e-03 9.911347603478551926e-01 7.818836240027512638e-03
2.937999020703999804e+02 9.935231626193958832e-01 8.686807134137164432e-03 9.911141467591052523e-01 7.763979783614255795e-03
2.939499018554000145e+02 9.936641903063923031e-01 8.919508467887003050e-03 9.910951637457648955e-01 7.709160657236638868e-03
2.940499020703999804e+02 9.937603218912098857e-01 9.088029094222906459e-03 9.910841722870777915e-01 7.673083146992521267e-03
2.941499022854000032e+02 9.938597520262582030e-01 9.268506807687147339e-03 9.910745513831921150e-01 7.638816806796708964e-03
2.945765515319000087e+02 9.941470332904306373e-01 1.023180530884146115e-02 9.910279611176487924e-01 7.498841308720062548e-03
2.950179612519000329e+02 9.942877809615802143e-01 1.125039632816633196e-02 9.909895267147339482e-01 7.356214558545018205e-03
2.954753498345500020e+02 9.943242254358106713e-01 1.269704195442707302e-02 9.909525441891061659e-01 7.221668590014208161e-03
2.959354286938499854e+02 9.938970512314353467e-01 1.421685849261356514e-02 9.909237356484119630e-01 7.088332222153859684e-03
2.964114861986999472e+02 9.930659698254992174e-01 1.594051654607333418e-02 9.908961852009466886e-01 6.962407098317654683e-03
2.968902339794000227e+02 9.914896148867715642e-01 1.769884729311972313e-02 9.908760340757719609e-01 6.837675368966819427e-03
2.973849604053999656e+02 9.891682836912815135e-01 1.854480220706042695e-02 9.908567667078777008e-01 6.720237001604541585e-03
2.978823771104000571e+02 9.867081975054877718e-01 1.923456022306015492e-02 9.908437184179520463e-01 6.603876380423654227e-03
2.983957724603999964e+02 9.837722128846670966e-01 1.820314374093894016e-02 9.908313732437936672e-01 6.494094245641000331e-03
2.989118580854000129e+02 9.818978302319861795e-01 1.687762579164971480e-02 9.908245053463528018e-01 6.385309612079933216e-03
2.994439223553999909e+02 9.803814958236977128e-01 1.498161685369171769e-02 9.908182116078976254e-01 6.282619644130977427e-03
2.999786769003999893e+02 9.797388417948540429e-01 1.298836291258903021e-02 9.908166870420964667e-01 6.180846705976879643e-03
3.002495037056999649e+02 9.797320048327780029e-01 1.217584598292144500e-02 9.908163551298823091e-01 6.133449265743952036e-03
3.007220250406999753e+02 9.796697810621755043e-01 1.089799062784418265e-02 9.908158320945321673e-01 6.050971844819219396e-03
3.010828335553999864e+02 9.798008124252002293e-01 9.924032240553064613e-03 9.908192262447490517e-01 5.989387860102780327e-03
3.016522356704000458e+02 9.802546649492249742e-01 8.915562079190579581e-03 9.908228917977861538e-01 5.899600830786817449e-03
3.022243280604000120e+02 9.806301796567370443e-01 7.990313865495471055e-03 9.908301682937948884e-01 5.810606793487130446e-03
3.028123990953999964e+02 9.811371583669079577e-01 7.378448686122208652e-03 9.908376873580068134e-01 5.726428790933822330e-03
3.034031604104000053e+02 9.815331478816331501e-01 6.820057109501234498e-03 9.908484775627558472e-01 5.642997686081064647e-03
3.040099003653999716e+02 9.819711412296827646e-01 6.441895033798698648e-03 9.908594363414841011e-01 5.564127502262109816e-03
3.046193305953999584e+02 9.823193856551588610e-01 6.094468350416129727e-03 9.908731860948426506e-01 5.485948254438690642e-03
3.048808231057000171e+02 9.824892263836022543e-01 5.981389780277894530e-03 9.908792063285747354e-01 5.454924696296571500e-03
3.054172590256999911e+02 9.827562586767119024e-01 5.787450690872009314e-03 9.908910195083793226e-01 5.391496553982608013e-03
3.058728386553999599e+02 9.829659218897988104e-01 5.623041202080061515e-03 9.909034929236794076e-01 5.338597897481069977e-03
3.065169164653999587e+02 9.832516238663301378e-01 5.455923763276505911e-03 9.909198716073100988e-01 5.269100807125242161e-03
3.071636845154000071e+02 9.834907469455750340e-01 5.298996039946266175e-03 9.909384317579821300e-01 5.200195460591919977e-03
3.077845373637999842e+02 9.837084979309593802e-01 5.184622486138897209e-03 9.909558538777756276e-01 5.138982946897701146e-03
3.084499743637999813e+02 9.839066485722920419e-01 5.069008907746785572e-03 9.909759319169306746e-01 5.074203961894635344e-03
3.091454078356999844e+02 9.841007388206839401e-01 4.970764490071047891e-03 9.909969875001723993e-01 5.011105763369404220e-03
3.098295137356999476e+02 9.842659939378847200e-01 4.879642993095303916e-03 9.910188352831669212e-01 4.950124886738105877e-03
3.105574743153999293e+02 9.844296512130006338e-01 4.797080965987590706e-03 9.910418194054329000e-01 4.889720180961268717e-03
3.112602491654000119e+02 9.845694066672252553e-01 4.720299907813813554e-03 9.910651659795342017e-01 4.832277309985256487e-03
3.119790026654000030e+02 9.847026804605173433e-01 4.650283216508547049e-03 9.910884186560230402e-01 4.777604237414459151e-03
3.127004464654000344e+02 9.848236280367492768e-01 4.581419759117023351e-03 9.911128823083754646e-01 4.723355886459893599e-03
3.129385864138000102e+02 9.848627112096995928e-01 4.559734064054186617e-03 9.911209576144731637e-01 4.706611612359932161e-03
3.135708941638000624e+02 9.849593988504705688e-01 4.504358441230514772e-03 9.911416946244793191e-01 4.662347737661615664e-03
3.141779815154000062e+02 9.850469409134832155e-01 4.451278893927947643e-03 9.911628427818521825e-01 4.620437140776690460e-03
3.143367950356999927e+02 9.850695770795018236e-01 4.437630485713810885e-03 9.911683573085233734e-01 4.610137505722592538e-03
3.149850814857000501e+02 9.851574461806859029e-01 4.383830218937486214e-03 9.911900746446782318e-01 4.568318304126132295e-03
3.156928544653999893e+02 9.852487592688867757e-01 4.325157490996389860e-03 9.912153768974207857e-01 4.523396339560966858e-03
3.164676147154000319e+02 9.853446177859693789e-01 4.264019599277953619e-03 9.912416951893249228e-01 4.478649407298955325e-03
3.172450652654000010e+02 9.854353945894054334e-01 4.203187688028423886e-03 9.912685171063438938e-01 4.434444971036127434e-03
3.176138877138000112e+02 9.854774278537010712e-01 4.175023083351307555e-03 9.912807156351208793e-01 4.415360659710231873e-03
3.182941314138000166e+02 9.855517925964862869e-01 4.123699100702383699e-03 9.913017263441968874e-01 4.380299315710899088e-03
3.188346138654000015e+02 9.856085216957123363e-01 4.082970294793286138e-03 9.913183577613640107e-01 4.352865520414187471e-03
3.190307651357000509e+02 9.856285607862593778e-01 4.068047639967787080e-03 9.913241247620667718e-01 4.343406549323287555e-03
3.197269874857000218e+02 9.856988386999210316e-01 4.014762533757223160e-03 9.913430330290027293e-01 4.310020982123389903e-03
3.204615003154000306e+02 9.857697461173128284e-01 3.958437059906600060e-03 9.913603545674459783e-01 4.274397750419488794e-03
3.212922673654000505e+02 9.858480666172357854e-01 3.888247673673577483e-03 9.913798696404020339e-01 4.231803786995430756e-03
3.221257246654000141e+02 9.859302305422569246e-01 3.816824328144897884e-03 9.913982514569815718e-01 4.188519358230648193e-03
3.224758783138000240e+02 9.859652016718845058e-01 3.786266462565326257e-03 9.914064351787157392e-01 4.168921036548038812e-03
3.232040580137999655e+02 9.860407144859769657e-01 3.722502761203466508e-03 9.914252325748963424e-01 4.128340062032657097e-03
3.237874779856999794e+02 9.861041274089084041e-01 3.671600787941868126e-03 9.914416874617296704e-01 4.095988195523684976e-03
3.246555828356999882e+02 9.862014769492356558e-01 3.601143799599409480e-03 9.914673241999698572e-01 4.049076364106842310e-03
3.255661868154000445e+02 9.863071976951716113e-01 3.528219552578223169e-03 9.914968911887094283e-01 4.000395188710707990e-03
3.264529605654000193e+02 9.864135655364928423e-01 3.466308161920577183e-03 9.915261365669693072e-01 3.956190804738974297e-03
3.273424246654000171e+02 9.865215225938507304e-01 3.405910980034424114e-03 9.915568028944931056e-01 3.912343270762363469e-03
3.275245582638000315e+02 9.865448755771963896e-01 3.394780232052801473e-03 9.915631597129362929e-01 3.903916821993233359e-03
3.281234466841000312e+02 9.866179595642824429e-01 3.361698475572134394e-03 9.915835988910985943e-01 3.876342579077663494e-03
3.288467558357000371e+02 9.867054063602174185e-01 3.321812042962104736e-03 9.916084683681133383e-01 3.843097309914924632e-03
3.291560003654000184e+02 9.867444103392235544e-01 3.305609496840226664e-03 9.916196385723218265e-01 3.829285668298634294e-03
3.300801119654000217e+02 9.868574139583944360e-01 3.266418706535733664e-03 9.916515347156771298e-01 3.789581005145899965e-03
3.310069138654000653e+02 9.869689721388013037e-01 3.228978836750743750e-03 9.916840020480863771e-01 3.750114562217213461e-03
3.318144561138000199e+02 9.870649262914370503e-01 3.205201577894583286e-03 9.917119533077936033e-01 3.717508251515947403e-03
3.326225290137999764e+02 9.871569516096359020e-01 3.182335093232547228e-03 9.917398850234635521e-01 3.684938155422185120e-03
3.328951652654000100e+02 9.871888466033489351e-01 3.175431440850156554e-03 9.917496686093476566e-01 3.674277347538785609e-03
3.332686709356999586e+02 9.872316967845260471e-01 3.168239019371713646e-03 9.917626497895459803e-01 3.660064387730469892e-03
3.340927224356999545e+02 9.873206406747637720e-01 3.154021605109528798e-03 9.917908630215110932e-01 3.628869233123608370e-03
3.348207544653999435e+02 9.873980550108386600e-01 3.142129479745046656e-03 9.918161857346045052e-01 3.601620685874691499e-03
3.358008728653999810e+02 9.874975899504261356e-01 3.132674207371802678e-03 9.918495081285707560e-01 3.566600394506621446e-03
3.367836815154000192e+02 9.875922124619795905e-01 3.124112122436662007e-03 9.918829202344171536e-01 3.531730857481085988e-03
3.371805073638000181e+02 9.876293909419233685e-01 3.122119216818090414e-03 9.918963171403599732e-01 3.518188800058430314e-03
3.379059611841000219e+02 9.876942115133130473e-01 3.118959321274847579e-03 9.919204911541719127e-01 3.493537396194238559e-03
3.385079226857000094e+02 9.877461325460645813e-01 3.116355876177715357e-03 9.919405528239247927e-01 3.473141283297231929e-03
3.387839464653999926e+02 9.877696741238056743e-01 3.115392181319602376e-03 9.919499167297803899e-01 3.463990228125058898e-03
3.398014026654000190e+02 9.878525152255553943e-01 3.113011132308972535e-03 9.919834030353633647e-01 3.430978383565860389e-03
3.408215491653999720e+02 9.879308808028385291e-01 3.110730206142145807e-03 9.920169290929190531e-01 3.398076941977238707e-03
3.416944324638000126e+02 9.879947059376885665e-01 3.108795894940860269e-03 9.920452637797526618e-01 3.370893012030735589e-03
3.425823985637999840e+02 9.880568518291358293e-01 3.106806840903714867e-03 9.920738969194684564e-01 3.343294987718990492e-03
3.428964897654000197e+02 9.880780450398259918e-01 3.106004697130654735e-03 9.920841742992325685e-01 3.333720870100014694e-03
3.431673163856999622e+02 9.880961194710170536e-01 3.105166172042792688e-03 9.920929058396107392e-01 3.325600211862316923e-03
3.440712611357000128e+02 9.881553025449960614e-01 3.102226538523909088e-03 9.921216645333708062e-01 3.298673289095977856e-03
3.450087682154000390e+02 9.882139736400361585e-01 3.098989770618169014e-03 9.921514855331794447e-01 3.270905338881128620e-03
3.460822312153999860e+02 9.882789100120066283e-01 3.094130104901711940e-03 9.921851452537902016e-01 3.240060286827688672e-03
3.471583844653999336e+02 9.883411128624641773e-01 3.089041630651141387e-03 9.922187436243882219e-01 3.209286244602112866e-03
3.473778555137999433e+02 9.883535148181552543e-01 3.087746318587881490e-03 9.922255797031923619e-01 3.203157473090584382e-03
3.478378276840999774e+02 9.883793426435599772e-01 3.085052139804324387e-03 9.922397966463386565e-01 3.190366013666290357e-03
3.487104885356999944e+02 9.884272744048026027e-01 3.079978769594000215e-03 9.922665912645631803e-01 3.166194120489980619e-03
3.493453385654000272e+02 9.884607099757519721e-01 3.076040647761370088e-03 9.922861280119606997e-01 3.148756304985176387e-03
3.504561394153999458e+02 9.885183489727624728e-01 3.067795669492601879e-03 9.923198059113917946e-01 3.118912537491685000e-03
3.515696305653999616e+02 9.885736547338094260e-01 3.059238178762622908e-03 9.923534012498943513e-01 3.089122538123556701e-03
3.521158078638000006e+02 9.886002748434959964e-01 3.054184806499308895e-03 9.923697809023762639e-01 3.074827102547797973e-03
3.528597676841000066e+02 9.886361669636373195e-01 3.047332524188846228e-03 9.923919324780350326e-01 3.055423568342048157e-03
3.534430601857000056e+02 9.886636521631475549e-01 3.041995507654584631e-03 9.924092513653214320e-01 3.040279821801500446e-03
3.538312604154000383e+02 9.886812664730336708e-01 3.038135918533328792e-03 9.924208163956070861e-01 3.030295678842456330e-03
3.549793990654000027e+02 9.887337646176834749e-01 3.025487907695255645e-03 9.924545248183170854e-01 3.001193833040740645e-03
3.561302280154000073e+02 9.887844788916337890e-01 3.012499335606674041e-03 9.924881445256493739e-01 2.972132743756472802e-03
3.569471048638000639e+02 9.888200419818536924e-01 3.001968776625829876e-03 9.925118329132363026e-01 2.951920823732192070e-03
3.579190456841000127e+02 9.888618116845493411e-01 2.989482892133129427e-03 9.925398332149926173e-01 2.927947526853534512e-03
3.584386577357000192e+02 9.888833061362921617e-01 2.982513743852607552e-03 9.925548124798128091e-01 2.915248707031881017e-03
3.596520100654000203e+02 9.889338154195161934e-01 2.964801051997558150e-03 9.925893824842600965e-01 2.886025887721084104e-03
3.608401768653999966e+02 9.889818881283350960e-01 2.947095350916059502e-03 9.926230066222980764e-01 2.857501416775427242e-03
3.618717460637999466e+02 9.890234637689671038e-01 2.930142425164435072e-03 9.926520038376180910e-01 2.833127528861101568e-03
3.629035199638000222e+02 9.890646108213165810e-01 2.913223279542840206e-03 9.926808732927344670e-01 2.808800146120242393e-03
3.631882374356999890e+02 9.890755298287924324e-01 2.908382817395994361e-03 9.926888655959278385e-01 2.802148088351343134e-03
3.633632992356999694e+02 9.890823619515130005e-01 2.905219906412695018e-03 9.926937682173102573e-01 2.798082612906281630e-03
3.644739724153999987e+02 9.891260977864980708e-01 2.885301060174321527e-03 9.927245796973427350e-01 2.772474453261008619e-03
3.656994770654000035e+02 9.891734183648992484e-01 2.863053945020027028e-03 9.927584341715637306e-01 2.744278152942999146e-03
3.668897324138000045e+02 9.892195000598213994e-01 2.839991495562941420e-03 9.927911299958842584e-01 2.717326443840670756e-03
3.679534636637999938e+02 9.892603941017861224e-01 2.819407701460632971e-03 9.928202742488870802e-01 2.693271164478570640e-03
3.681851339653999844e+02 9.892690818890182980e-01 2.814710295507366188e-03 9.928266657720421495e-01 2.688112241913242790e-03
3.694452861654000344e+02 9.893174555701195194e-01 2.788960257104611089e-03 9.928609911740738925e-01 2.660314186162223218e-03
3.707081286653999541e+02 9.893654220108347719e-01 2.762988829836260981e-03 9.928952487405772187e-01 2.632553540640145216e-03
3.719869498154000098e+02 9.894142245187920182e-01 2.735677167352203436e-03 9.929297025616893313e-01 2.604988791794873512e-03
3.732684612154000092e+02 9.894628180981399623e-01 2.708183161355894649e-03 9.929641485173588134e-01 2.577470070773946707e-03
3.745659512654000309e+02 9.895122434087360030e-01 2.679637559156383859e-03 9.929987505792431390e-01 2.550259338666920061e-03
3.758661316154000360e+02 9.895614648238640898e-01 2.650931290776857921e-03 9.930332278622205910e-01 2.523086975197607901e-03
3.771822906153999497e+02 9.896115248600828584e-01 2.621246365429894930e-03 9.930678463692100832e-01 2.496115300013271310e-03
3.785011398653999777e+02 9.896615049491825911e-01 2.591422671935530130e-03 9.931023654050455951e-01 2.469174253040424746e-03
3.798359677653999711e+02 9.897123355286555624e-01 2.560806881614515872e-03 9.931370309141305253e-01 2.442450455047236960e-03
3.823098644637999541e+02 9.898064145414514625e-01 2.503680970002958913e-03 9.932006274540595703e-01 2.393447918688920879e-03
3.837755021840999916e+02 9.898623283563928732e-01 2.469579464620606703e-03 9.932379794248740179e-01 2.364686858644172215e-03
3.851708924856999943e+02 9.899157363503792162e-01 2.436980393739646405e-03 9.932733071508326184e-01 2.337836199772264523e-03
3.876958480138000027e+02 9.900125613097400246e-01 2.377901427100659066e-03 9.933366185367453749e-01 2.289659779152929554e-03
3.890588066840999772e+02 9.900651151941001205e-01 2.345965766584519590e-03 9.933705507969856630e-01 2.263865752847713745e-03
3.905942142856999340e+02 9.901244121592843728e-01 2.310186102558083650e-03 9.934085595872200747e-01 2.235337443621632485e-03
3.931751768138000216e+02 9.902245469358541552e-01 2.250239441686673145e-03 9.934719568987128158e-01 2.187756178105967810e-03
3.943794496840999955e+02 9.902714903183750250e-01 2.222397932898044926e-03 9.935013574146235316e-01 2.165760330502828745e-03
3.946640392856999711e+02 9.902826306768970355e-01 2.215871966300141799e-03 9.935083195295062453e-01 2.160606887976439152e-03
3.963347805654000240e+02 9.903479295902395396e-01 2.177863585807582499e-03 9.935488846303202060e-01 2.130681317059336839e-03
3.987478499637999789e+02 9.904426467198548245e-01 2.123423657137352063e-03 9.936070980229708693e-01 2.087798127399982575e-03
4.002133599637999737e+02 9.905003558452475376e-01 2.090813262092261482e-03 9.936422886895053264e-01 2.062078570423293410e-03
4.021968217154000058e+02 9.905786723101386304e-01 2.047628785049767936e-03 9.936896698673554074e-01 2.027864113243473074e-03
4.043998819357000230e+02 9.906658885695478478e-01 2.000361646320643685e-03 9.937420124773117536e-01 1.990221142249346768e-03
4.059027299356999947e+02 9.907253541735404623e-01 1.968874821821392420e-03 9.937775466891057841e-01 1.964966011608044235e-03
4.082082142154000053e+02 9.908167607384393838e-01 1.921811799881762870e-03 9.938317581373703469e-01 1.926845823292230343e-03
4.101219064356999979e+02 9.908926574014694788e-01 1.883477123573427253e-03 9.938765242205138684e-01 1.895510127791001729e-03
4.105654051840999728e+02 9.909102377515400795e-01 1.874852794222212939e-03 9.938868900721526956e-01 1.888351747206035896e-03
4.117134164638000016e+02 9.909555435969999992e-01 1.852714738890808444e-03 9.939135784150326947e-01 1.869983477917736827e-03
4.143689587154000264e+02 9.910604343562678942e-01 1.802833529851534389e-03 9.939750498872335083e-01 1.828045305436403097e-03
4.160259369638000067e+02 9.911256963449064372e-01 1.772366026720763885e-03 9.940132064147847446e-01 1.802143497582959835e-03
4.176034609637999893e+02 9.911874994518979909e-01 1.744783175666789025e-03 9.940493476688505581e-01 1.778119159325440091e-03
4.202497964356999773e+02 9.912907744498609119e-01 1.699569995508971431e-03 9.941096339195434339e-01 1.738246478889165234e-03
4.215427306840999790e+02 9.913407477805804557e-01 1.678134998416743774e-03 9.941388955066685629e-01 1.719031915169344157e-03
4.219719884637999598e+02 9.913573772200248158e-01 1.671075906078540920e-03 9.941486244544729400e-01 1.712705646527777409e-03
4.238901087154000038e+02 9.914313024007175290e-01 1.640906047548136354e-03 9.941918390112365334e-01 1.684959326476936177e-03
4.262145169356999759e+02 9.915201220243441416e-01 1.605258699929163271e-03 9.942438882419704083e-01 1.651692686082622532e-03
4.270874006840999755e+02 9.915531297930673116e-01 1.592401820200007754e-03 9.942633311652401273e-01 1.639419442062510328e-03
4.280113849637999692e+02 9.915879135767202701e-01 1.578901955971412667e-03 9.942838508980189616e-01 1.626534206830220928e-03
4.304242317153999693e+02 9.916783285123709213e-01 1.545040271346025205e-03 9.943372039018780750e-01 1.593487969009899649e-03
4.322725824357000306e+02 9.917468067350178051e-01 1.519729574233760630e-03 9.943778079303826622e-01 1.568438738791838810e-03
4.326694081840999502e+02 9.917614584893520435e-01 1.514572455930421726e-03 9.943865268377365396e-01 1.563183955339523742e-03
4.341441254637999805e+02 9.918152587960715749e-01 1.495556745785304705e-03 9.944186552807217083e-01 1.543808214006948043e-03
4.367344544357000018e+02 9.919089304532496820e-01 1.463145773861315854e-03 9.944747956577002501e-01 1.510266251016563347e-03
4.382887536841000156e+02 9.919642272505513336e-01 1.444276507277894367e-03 9.945082028872544999e-01 1.490429828195885932e-03
4.386620049638000296e+02 9.919775151331815533e-01 1.439780291922386100e-03 9.945162481722564785e-01 1.485703169733533328e-03
4.405054492153999490e+02 9.920424022121435703e-01 1.418707707907988476e-03 9.945556397898932532e-01 1.462946618082951048e-03
4.429418709356999670e+02 9.921268927222124390e-01 1.391403830619900375e-03 9.946073124250763842e-01 1.433174169421055043e-03
4.439454371840999443e+02 9.921611932201895856e-01 1.380591564563214127e-03 9.946284446190838402e-01 1.421167273766875795e-03
4.449440969637999501e+02 9.921950806025809921e-01 1.369917421000196086e-03 9.946493977344771364e-01 1.409312288598479337e-03
4.474129502153999738e+02 9.922780045595392950e-01 1.344498153289067381e-03 9.947009267468726046e-01 1.380652803555668193e-03
4.492426319356999898e+02 9.923384383221877103e-01 1.325982212466683425e-03 9.947387796563826878e-01 1.359624927564187383e-03
4.496394581841000218e+02 9.923514925415440890e-01 1.322140772864726288e-03 9.947469996255784430e-01 1.355190215388132717e-03
4.513195334637999281e+02 9.924060167785675457e-01 1.305997190293454102e-03 9.947814293835434141e-01 1.336550767934310911e-03
4.538538554356999271e+02 9.924871162384535372e-01 1.282140807355861391e-03 9.948330391367750103e-01 1.308861319975472039e-03
4.553708171841000194e+02 9.925348255560917377e-01 1.268207672874144569e-03 9.948636178946751452e-01 1.292585924959727475e-03
4.559867639638000583e+02 9.925540898845786053e-01 1.262593630288793385e-03 9.948760275728009139e-01 1.286026662073429293e-03
4.580542352153999559e+02 9.926180438944623985e-01 1.244372450135948797e-03 9.949173778451596561e-01 1.264620401113292908e-03
4.603039679356999159e+02 9.926864770320148468e-01 1.224757426001379717e-03 9.949619656975889903e-01 1.241555055702528616e-03
4.611395136840999953e+02 9.927116045702844005e-01 1.217666079525825005e-03 9.949784193725333958e-01 1.233211467261334559e-03
4.625115519638000023e+02 9.927524810972279123e-01 1.206109792238617721e-03 9.950052585483853962e-01 1.219611177473475588e-03
4.650085364356999662e+02 9.928258947877202090e-01 1.185466930539800417e-03 9.950538179329654342e-01 1.195381295205003155e-03
4.668474254357000177e+02 9.928790620901321029e-01 1.170456077795044986e-03 9.950891688105470978e-01 1.177792856817447059e-03
4.672721274638000182e+02 9.928912871389162786e-01 1.167027040105413733e-03 9.950973716360306254e-01 1.173782384224376441e-03
4.691296849638000594e+02 9.929441237157714539e-01 1.152317690288112402e-03 9.951327288792009007e-01 1.156698015243445236e-03
4.716080004356999211e+02 9.930135783719111764e-01 1.132817238855336923e-03 9.951795305041724049e-01 1.134132544271266663e-03
4.727889211840999337e+02 9.930462574080126670e-01 1.123682558373111182e-03 9.952016083072406927e-01 1.123658879001589866e-03
4.739462664638000433e+02 9.930780230763648353e-01 1.114795605026057271e-03 9.952231252443773935e-01 1.113466859796353276e-03
4.764059129356999165e+02 9.931447016174482778e-01 1.096153767480667011e-03 9.952685374254437445e-01 1.092335802472518391e-03
4.783008089356999335e+02 9.931953381747097298e-01 1.081862760705618130e-03 9.953031209819468428e-01 1.076212624347309315e-03
4.788001864638000598e+02 9.932086110182468675e-01 1.078148898884723076e-03 9.953122663482721899e-01 1.072077960796039573e-03
4.807137504638000678e+02 9.932589801204000368e-01 1.064043641135052577e-03 9.953467902826661495e-01 1.056450336442784884e-03
4.831547279357000662e+02 9.933223685281348247e-01 1.046165129888320094e-03 9.953904704186865571e-01 1.036785025891503271e-03
4.845876791841000113e+02 9.933591559170394936e-01 1.035783491025688398e-03 9.954158158667548717e-01 1.025509694315711448e-03
4.856236769637999942e+02 9.933855636111671439e-01 1.028329877171334401e-03 9.954340517701089075e-01 1.017412985004649767e-03
4.880459859357000028e+02 9.934466488919765359e-01 1.011115713548285493e-03 9.954763621570638099e-01 9.990157396032525727e-04
4.905430656840999859e+02 9.935087610936197411e-01 9.934730023694407237e-04 9.955194633670354509e-01 9.803235890134282676e-04
4.925405124637999847e+02 9.935578344683870800e-01 9.796015456177188403e-04 9.955535010864327017e-01 9.658555806649257031e-04
4.949441524357000048e+02 9.936162040475892132e-01 9.630507488273037844e-04 9.955941236421121943e-01 9.487348818735832868e-04
4.965357896840999388e+02 9.936544408469576428e-01 9.522189454484881717e-04 9.956206772110282044e-01 9.376611837760984039e-04
4.975437839637999673e+02 9.936784971254184473e-01 9.454039697158031410e-04 9.956374059076791294e-01 9.306932240977431985e-04
4.999287549357000557e+02 9.937348786829902636e-01 9.294888474819886816e-04 9.956766517128132765e-01 9.146720319366067340e-04
5.025658511841000404e+02 9.937964807508414822e-01 9.120084062190377504e-04 9.957195291836987705e-01 8.971999411679502153e-04
5.046099704637999821e+02 9.938436694825710793e-01 8.987291878836187317e-04 9.957523111312204245e-01 8.840959791279285815e-04
5.069762724356999684e+02 9.938977383344975713e-01 8.835080570779597344e-04 9.957899281113913315e-01 8.691709020555089035e-04
5.086332506841000054e+02 9.939352188503282060e-01 8.729929067313622545e-04 9.958159314060792688e-01 8.589533094237384496e-04
5.097065864638000221e+02 9.939593520849819841e-01 8.662238671806245672e-04 9.958326803333984456e-01 8.523754465990837203e-04
5.120542194357000199e+02 9.940116938565572990e-01 8.516886920767976392e-04 9.958690054104751832e-01 8.384027029396381656e-04
5.141171354356999927e+02 9.940572080498455421e-01 8.389616076670595134e-04 9.959005304626229460e-01 8.261947305311233714e-04
5.148405399637999835e+02 9.940731113338127090e-01 8.345977531114651907e-04 9.959115726840750416e-01 8.220473933219633357e-04
5.169221244637999462e+02 9.941184439894480418e-01 8.221428373628899547e-04 9.959429160253594482e-01 8.102295056349226960e-04
5.192510884357001260e+02 9.941687039498969813e-01 8.083622093765622813e-04 9.959776713741645970e-01 7.971952780993351185e-04
5.208800631840999813e+02 9.942035046279249499e-01 7.988970782709893179e-04 9.960016758949093996e-01 7.882914850145893550e-04
5.221120844637999880e+02 9.942296628261968472e-01 7.917807450461692483e-04 9.960197098153092954e-01 7.815971139052541299e-04
5.244223799356999507e+02 9.942783340670201531e-01 7.787327591476405535e-04 9.960532513960936862e-01 7.693849588030788342e-04
5.265413029357000596e+02 9.943224929633077691e-01 7.668399795666338160e-04 9.960836173240291691e-01 7.582687376808194086e-04
5.273393829637999488e+02 9.943390769172124610e-01 7.624601284989889708e-04 9.960950374662056461e-01 7.541861344138154786e-04
5.294769744637999338e+02 9.943830247363434349e-01 7.508955465852151442e-04 9.961252037281758120e-01 7.434234757354066898e-04
5.317686009356999648e+02 9.944297243472436376e-01 7.386220265135174864e-04 9.961572368278479583e-01 7.320079558688940332e-04
5.332762276840999220e+02 9.944601480164828589e-01 7.307340478191134969e-04 9.961780712346484101e-01 7.246821202528764888e-04
5.347602794637999750e+02 9.944898918311342317e-01 7.230133416435267262e-04 9.961984226044312551e-01 7.175117937960104721e-04
5.370332369356999607e+02 9.945351152687705865e-01 7.114848415830782574e-04 9.962293502324337524e-01 7.068076689224474327e-04
5.392081659356999808e+02 9.945778723206235572e-01 7.005769701631368472e-04 9.962585368956133891e-01 6.966806823360834457e-04
5.400809219637999377e+02 9.945949739809587520e-01 6.962695921813022697e-04 9.962702138409554875e-01 6.926792526877914536e-04
5.422745204638000587e+02 9.946374898170308176e-01 6.856916152309391020e-04 9.962991921310910826e-01 6.828425615935752651e-04
5.445288084356999434e+02 9.946808053041489295e-01 6.748977257285180111e-04 9.963286953652419342e-01 6.728000675704572412e-04
5.458217426841000588e+02 9.947054270406345822e-01 6.689082126886231831e-04 9.963454524133094070e-01 6.672132684925540869e-04
5.476511699637999300e+02 9.947399704991060077e-01 6.604789737052588249e-04 9.963689389462633272e-01 6.593510725061952444e-04
5.498867894357000523e+02 9.947818568917357052e-01 6.504055355149973138e-04 9.963973982640070837e-01 6.499291369738011614e-04
5.521177254356999811e+02 9.948231407253701475e-01 6.405229374695788850e-04 9.964254234103638863e-01 6.406671827132605747e-04
5.552819802153999262e+02 9.948810292462968441e-01 6.269738668978901315e-04 9.964646891416748531e-01 6.279170123625076906e-04
5.585164824638000027e+02 9.949392829736789512e-01 6.134476136395625948e-04 9.965041591103525054e-01 6.151391816892159796e-04
5.607847564638000222e+02 9.949795393662048681e-01 6.042651170453393382e-04 9.965314183738034348e-01 6.064214000854355928e-04
5.629830379357000538e+02 9.950182176519274391e-01 5.955286354857728445e-04 9.965575958468486650e-01 5.980997949500869255e-04
5.649200501840999777e+02 9.950518838524672338e-01 5.880211627174803182e-04 9.965803755287161447e-01 5.909148412824800954e-04
5.662920884637999279e+02 9.950755588033881605e-01 5.827309050596188832e-04 9.965963913211870473e-01 5.858520497113328023e-04
5.684717009356999142e+02 9.951128714607795356e-01 5.746123183286700169e-04 9.966216231627498257e-01 5.780251851645909315e-04
5.707773124356999688e+02 9.951518402300119082e-01 5.660912712713707211e-04 9.966479715239348058e-01 5.697984711965237972e-04
5.718367574638000406e+02 9.951696653872406095e-01 5.622705747171822871e-04 9.966600228377381354e-01 5.660910120723760966e-04
5.741610384638000824e+02 9.952082969408062585e-01 5.540613627492387483e-04 9.966861405707322374e-01 5.580909099373894530e-04
5.763219824356999652e+02 9.952438845844810977e-01 5.465004087352733856e-04 9.967102003365044816e-01 5.507091224028597956e-04
5.778389436841000588e+02 9.952686099420802179e-01 5.413746745130559347e-04 9.967269203795896537e-01 5.456658754247111030e-04
5.797617149638000456e+02 9.952996576937852558e-01 5.349094713497411094e-04 9.967479159866640126e-01 5.393048578583863224e-04
5.819039899356999967e+02 9.953339695221862238e-01 5.278925670168700549e-04 9.967711182576711737e-01 5.323590086661834832e-04
5.842656089356999018e+02 9.953712824601551601e-01 5.202962504740832675e-04 9.967963594276990635e-01 5.248102712372334231e-04
5.853997299637999276e+02 9.953890911298717281e-01 5.166755529284009505e-04 9.968084080651721246e-01 5.212097039701561654e-04
5.876121241840999119e+02 9.954234613022918676e-01 5.098636688750703963e-04 9.968316637839047534e-01 5.143737563296928205e-04
5.899036229357000138e+02 9.954586526664210844e-01 5.028150978423866343e-04 9.968554869233259286e-01 5.073003249881601062e-04
5.910750819638000166e+02 9.954765322621103030e-01 4.993338633354169618e-04 9.968675971142625380e-01 5.037785709350315385e-04
5.934740379638000149e+02 9.955127140352004744e-01 4.922720923764852376e-04 9.968921137427432244e-01 4.966245440045388791e-04
5.955789749357001028e+02 9.955441688230037833e-01 4.861706877717273355e-04 9.969134407682910259e-01 4.904249301824974800e-04
5.974973181840999814e+02 9.955724902799583109e-01 4.807655910202044791e-04 9.969326538567679918e-01 4.848998040090320475e-04
5.992053969638000126e+02 9.955974766231592277e-01 4.759749290745387044e-04 9.969496118679926910e-01 4.800028613834475240e-04
6.012916649356999415e+02 9.956277393497090511e-01 4.702834333569176216e-04 9.969701610254071422e-01 4.741489473091283586e-04
6.037279594356999723e+02 9.956626255338516529e-01 4.637072845018598392e-04 9.969938704553762410e-01 4.673718089152661590e-04
6.049740939637999873e+02 9.956803564450488198e-01 4.603963448021436118e-04 9.970059334298653209e-01 4.639520695667093868e-04
6.074290569638000079e+02 9.957148599949466883e-01 4.540567745192065192e-04 9.970294106277018953e-01 4.573710848443906097e-04
6.107801284637999970e+02 9.957612966181764724e-01 4.455193521007838739e-04 9.970610418895854421e-01 4.484890873913180268e-04
6.132537604637999493e+02 9.957950466774661002e-01 4.393646634728638105e-04 9.970840577983928199e-01 4.420628857033821746e-04
6.153026909356999568e+02 9.958227419314186202e-01 4.343561421194966181e-04 9.971029717980337548e-01 4.368229940485473194e-04
6.174917336840999269e+02 9.958519621068917527e-01 4.291281145402734538e-04 9.971229353070492074e-01 4.313385736705813308e-04
6.191158024637999233e+02 9.958734370886982434e-01 4.252659125210784229e-04 9.971376187722470474e-01 4.272870543680660290e-04
6.211460639356999991e+02 9.959000516628820909e-01 4.205546587287744480e-04 9.971558316638733377e-01 4.223326743820815716e-04
6.236570339357000421e+02 9.959325700307042339e-01 4.147649133889517417e-04 9.971781025803198029e-01 4.162416255018868056e-04
6.250151819637999324e+02 9.959500277837822768e-01 4.116844663288658193e-04 9.971900796222304963e-01 4.129990476257423739e-04
6.275448204637999652e+02 9.959821633964615062e-01 4.060639553088263125e-04 9.972121234747368668e-01 4.070774683540339875e-04
6.295564124356999400e+02 9.960074419973710125e-01 4.016054982452967200e-04 9.972294850194446392e-01 4.023802056326698882e-04
6.310080326841000442e+02 9.960255347300068784e-01 3.984679904771590091e-04 9.972419220125623429e-01 3.990763197966537296e-04
6.335002064638000547e+02 9.960562777570236559e-01 3.931019909682491125e-04 9.972630633269760070e-01 3.934256872600561377e-04
6.354931299356999261e+02 9.960806306024945211e-01 3.888750928045332702e-04 9.972798418864925463e-01 3.889781765849654560e-04
6.378221891841000115e+02 9.961087588182824248e-01 3.840235352976142783e-04 9.972992208667983416e-01 3.838789325531466695e-04
6.394929299638000657e+02 9.961287475978994888e-01 3.805571485240889242e-04 9.973130065533121202e-01 3.802356528976317727e-04
6.414671844357000055e+02 9.961521689797805390e-01 3.765500712939608250e-04 9.973291757670961211e-01 3.760371264463020693e-04
6.440528304357000025e+02 9.961824874867765134e-01 3.713299444790036817e-04 9.973501085490864559e-01 3.705701045272057092e-04
6.455229919637999956e+02 9.961995782210886219e-01 3.683973692194474590e-04 9.973619308665335748e-01 3.675055098060815858e-04
6.480994306840999570e+02 9.962292158081818005e-01 3.633324929682080402e-04 9.973824213285001905e-01 3.622281771720851375e-04
6.515625156841000489e+02 9.962685206724609666e-01 3.566040492812379476e-04 9.974096404437829966e-01 3.552359989037265223e-04
6.542133749637999927e+02 9.962981733091084147e-01 3.515381142435768189e-04 9.974301798300420074e-01 3.499902292072080653e-04
6.561502919357000110e+02 9.963196321502141295e-01 3.478792848217418694e-04 9.974450713671580981e-01 3.462128260894508443e-04
6.584886856841000053e+02 9.963452694681137478e-01 3.435273613792329543e-04 9.974628508710782215e-01 3.417394072197418972e-04
6.603367814637999800e+02 9.963653441309665570e-01 3.401007667340616848e-04 9.974767831369445448e-01 3.382171984812049731e-04
6.622550294356998393e+02 9.963860140034500601e-01 3.366085963165856422e-04 9.974911437998880137e-01 3.346511384376450737e-04
6.649153504356999065e+02 9.964143712369341044e-01 3.317944805769084565e-04 9.975108322972336961e-01 3.297414606379414593e-04
6.664975254638000024e+02 9.964310903793891505e-01 3.289582818312317635e-04 9.975224602386293382e-01 3.268571598730236243e-04
6.689339476841000760e+02 9.964565941276481986e-01 3.246511629479790226e-04 9.975401802235925874e-01 3.225012356369124289e-04
6.710760949356999845e+02 9.964788019374497541e-01 3.208739620273222274e-04 9.975556187934803143e-01 3.186812323677213851e-04
6.726956074638000018e+02 9.964954679186194264e-01 3.180718178857333263e-04 9.975672181470347510e-01 3.158675913718054238e-04
6.753932664638001597e+02 9.965229528331321918e-01 3.134339341358389998e-04 9.975863263696167493e-01 3.112166275892460439e-04
6.772741764357001557e+02 9.965419467298513023e-01 3.102293485296036971e-04 9.975995500711971609e-01 3.080107677447946595e-04
6.794912226840999665e+02 9.965641267057846475e-01 3.065145672563428366e-04 9.976149764957569221e-01 3.043161767842058230e-04
6.816473559638000097e+02 9.965854989784225237e-01 3.029144640714532427e-04 9.976298413168529500e-01 3.007356621791852907e-04
6.835095969357000740e+02 9.966038151165431680e-01 2.998523444307921843e-04 9.976425927905957503e-01 2.977072929218430595e-04
6.862445939357000952e+02 9.966304473257138197e-01 2.953917636674678496e-04 9.976611136998315699e-01 2.933051460572707139e-04
6.879387824637999529e+02 9.966468122222187365e-01 2.926497429594838886e-04 9.976725072079509760e-01 2.906026258627925204e-04
6.901045046840999930e+02 9.966675527583676031e-01 2.892120915122661437e-04 9.976869336690619150e-01 2.872338850648871759e-04
6.925360204357000384e+02 9.966906224514952006e-01 2.853639289907328224e-04 9.977029758864086606e-01 2.834628631589813604e-04
6.942675469637999868e+02 9.967069310495436651e-01 2.826725143908589348e-04 9.977143272275930119e-01 2.808359211740964786e-04
6.970398814637999294e+02 9.967327769087176437e-01 2.784110733973093905e-04 9.977322923156575207e-01 2.766853253673801040e-04
6.988647844356999030e+02 9.967496471426648963e-01 2.756207962470501403e-04 9.977440246654823985e-01 2.739690539396766648e-04
7.008298001841000087e+02 9.967676693279667877e-01 2.726789665319721812e-04 9.977565509056619542e-01 2.711177773961091558e-04
7.034246529638000993e+02 9.967912508599862109e-01 2.688064151550956455e-04 9.977729332263045592e-01 2.673644432867360097e-04
7.052308869357001413e+02 9.968075477596333167e-01 2.661555591010542066e-04 9.977842633278913853e-01 2.648004422373810324e-04
7.080173346841000921e+02 9.968324313676063531e-01 2.621289457367441617e-04 9.978015426174414726e-01 2.609125043389330005e-04
7.116111021841001048e+02 9.968641516579377360e-01 2.570227027749478620e-04 9.978235707479641281e-01 2.559880413666731241e-04
7.144626689357000942e+02 9.968889889134529003e-01 2.530414588542118613e-04 9.978408041289779096e-01 2.521533511097991901e-04
7.163062089638000316e+02 9.969049226804657104e-01 2.505064009261746957e-04 9.978518638033140320e-01 2.497127110022115035e-04
7.188546441841000387e+02 9.969267330732290988e-01 2.470647585064934728e-04 9.978669887599397326e-01 2.464014181804408381e-04
7.209221159357001625e+02 9.969442782086965771e-01 2.442816868983821422e-04 9.978791541550015021e-01 2.437237479830766513e-04
7.228029934637999077e+02 9.969601337476091674e-01 2.418164042153249252e-04 9.978901493781193732e-01 2.413513626153189300e-04
7.256686729637999633e+02 9.969840406103890329e-01 2.380888451055461865e-04 9.979067153100925625e-01 2.377641963421611531e-04
7.274189004357000385e+02 9.969985380404668973e-01 2.358379227506725013e-04 9.979167637853497697e-01 2.355972877816866248e-04
7.298039666841000326e+02 9.970181110526277202e-01 2.328468619957896476e-04 9.979303216482551253e-01 2.327147457305526080e-04
7.322214649638000310e+02 9.970377680023885247e-01 2.298238786975180254e-04 9.979439340147788773e-01 2.298014104378088391e-04
7.339530234357000609e+02 9.970517588713999624e-01 2.277115335501081364e-04 9.979536247799647430e-01 2.277620978397084273e-04
7.368560404357000380e+02 9.970749682212262099e-01 2.242161241031783727e-04 9.979696907798550898e-01 2.243848903085344951e-04
7.388115939637999645e+02 9.970904798126059010e-01 2.218801689725694807e-04 9.979804290047902260e-01 2.221267259573148859e-04
7.408092961840999351e+02 9.971061927360008736e-01 2.195630810338700285e-04 9.979913033906704367e-01 2.198801003691656041e-04
7.434461699357000271e+02 9.971267427840683206e-01 2.165157353040762225e-04 9.980055224013939519e-01 2.169253431786918992e-04
7.454390614638000443e+02 9.971421644606573986e-01 2.142615484778437232e-04 9.980161949773059815e-01 2.147345570854290373e-04
7.482021891840998933e+02 9.971633148000600411e-01 2.111943615080727151e-04 9.980308260071852899e-01 2.117476512360364285e-04
7.500736369356999376e+02 9.971775246786344082e-01 2.091242127584886550e-04 9.980406561075655381e-01 2.097316852498529562e-04
7.521038664638000455e+02 9.971928342732158113e-01 2.069524103134641067e-04 9.980512470814998371e-01 2.076069134422492662e-04
7.550628904638000449e+02 9.972149073090443849e-01 2.038050735731958664e-04 9.980665137814042076e-01 2.045263757056975504e-04
7.567384419356999388e+02 9.972273217777186671e-01 2.020499435239661134e-04 9.980751026232385081e-01 2.028054169505862472e-04
7.593755386840999790e+02 9.972466650652099807e-01 1.993598735875283252e-04 9.980884815834369928e-01 2.001580140844875675e-04
7.617837019638000129e+02 9.972641622361902991e-01 1.969098439539658160e-04 9.981005841369371412e-01 1.977468008441215141e-04
7.634405849357000307e+02 9.972761266106134892e-01 1.952742727077268442e-04 9.981088620681739521e-01 1.961299733243209267e-04
7.664369469356998934e+02 9.972975322417404476e-01 1.923500293808345029e-04 9.981236695295925276e-01 1.932356664072502265e-04
7.685418519638000134e+02 9.973124456778672542e-01 1.903168851176938452e-04 9.981339888082927381e-01 1.912209931879493114e-04
7.706048951841000871e+02 9.973269313528763114e-01 1.883835671928718006e-04 9.981440116822405395e-01 1.892964666318431763e-04
7.731950964357000657e+02 9.973449519986935519e-01 1.859659114119651985e-04 9.981564815585128869e-01 1.868897416230832901e-04
7.753373394638000491e+02 9.973597460566701045e-01 1.840115044421075348e-04 9.981667225556912770e-01 1.849381141391632599e-04
7.781471396841000114e+02 9.973789349775624702e-01 1.814961248642141408e-04 9.981800045248260256e-01 1.824199894124146719e-04
7.799905844357000433e+02 9.973914222937644292e-01 1.798522695296863694e-04 9.981886503971748592e-01 1.807743336509441137e-04
7.821701649638000617e+02 9.974060810572064062e-01 1.779735854880316718e-04 9.981988017788332446e-01 1.788845466076837342e-04
7.852225334638000049e+02 9.974263812181564104e-01 1.753591075707192993e-04 9.982128601522969324e-01 1.762531518509558221e-04
7.868234094357000004e+02 9.974369545223314981e-01 1.740078759752532200e-04 9.982201867626476766e-01 1.748911407535260658e-04
7.895445161840999617e+02 9.974547487435119208e-01 1.717729392286240688e-04 9.982325148083380784e-01 1.726306988101238406e-04
7.921113654637999844e+02 9.974713672106262363e-01 1.696697800028789955e-04 9.982440312688042328e-01 1.705035151656566518e-04
7.936935724357000481e+02 9.974815458233059484e-01 1.684103868795155609e-04 9.982510889902048712e-01 1.692254911402513054e-04
7.967832789356999683e+02 9.975012132012524013e-01 1.659801315417963965e-04 9.982647237222105341e-01 1.667568270278505004e-04
7.990375354638000545e+02 9.975154347352751527e-01 1.642227332927374589e-04 9.982745886170149019e-01 1.649705015728819568e-04
8.009978996841000480e+02 9.975276950628477746e-01 1.627395195330413587e-04 9.982830934281349267e-01 1.634582885333435453e-04
8.037094489357000384e+02 9.975444972570272073e-01 1.606969053409638124e-04 9.982947504236913128e-01 1.613757151912761890e-04
8.060010434637999879e+02 9.975585821272389131e-01 1.590035987666016035e-04 9.983045284235736450e-01 1.596467586491011098e-04
8.086894956841000521e+02 9.975749306046475251e-01 1.570547591595376465e-04 9.983158763633648292e-01 1.576538991257321772e-04
8.106729569357000855e+02 9.975868913982312014e-01 1.556231932315967634e-04 9.983241820031809599e-01 1.561899894208060194e-04
8.130018889637999564e+02 9.976008319108229383e-01 1.539895286274481226e-04 9.983338666278592788e-01 1.545164416895083688e-04
8.161476024638000126e+02 9.976194492256634794e-01 1.518024631547164912e-04 9.983467992042868167e-01 1.522750209050702653e-04
8.176738029356999959e+02 9.976284168773131844e-01 1.507515299169357923e-04 9.983530338235574453e-01 1.511976936546469824e-04
8.203108991840999806e+02 9.976437734546521607e-01 1.489870112516577291e-04 9.983637072431493786e-01 1.493867523094714151e-04
8.232044544637999479e+02 9.976604482984651190e-01 1.470550179449230208e-04 9.983752994944280479e-01 1.474039269225915229e-04
8.247119859356999996e+02 9.976690784740193108e-01 1.460715010828253838e-04 9.983813044591153263e-01 1.463940864406800750e-04
8.278950374357000328e+02 9.976871140350294098e-01 1.440263707555386355e-04 9.983938477684615176e-01 1.442937647942836576e-04
8.302986454638000851e+02 9.977006021860913565e-01 1.424895691592541886e-04 9.984032338044366295e-01 1.427155171133029073e-04
8.319883101840999871e+02 9.977100119086828034e-01 1.414394754018008917e-04 9.984097826982025747e-01 1.416371834606445297e-04
8.349892279357000007e+02 9.977265709518513548e-01 1.395831084655515717e-04 9.984213063647852104e-01 1.397309334702693357e-04
8.374301734638000880e+02 9.977399198360978883e-01 1.380941188546670035e-04 9.984306030555215594e-01 1.382024242461132044e-04
8.398292571841000154e+02 9.977529127780693230e-01 1.366597422439905750e-04 9.984396492503352372e-01 1.367306979774909632e-04
8.421207559356998900e+02 9.977652185526629802e-01 1.352960352052761945e-04 9.984482190107829558e-01 1.353315015867864919e-04
8.445990394638000680e+02 9.977784230600371673e-01 1.338520328392781499e-04 9.984574204085342464e-01 1.338514223789772153e-04
8.477075421841000207e+02 9.977948037826777083e-01 1.320625972320441848e-04 9.984688311268601346e-01 1.320181774112847415e-04
8.492896219356999836e+02 9.978030767543408786e-01 1.311559032676675720e-04 9.984745975092498282e-01 1.310892827772810337e-04
8.518052429637999694e+02 9.978161331418017310e-01 1.297545956225080663e-04 9.984836985644979235e-01 1.296565062419434596e-04
8.550629694637999592e+02 9.978328576982019582e-01 1.279461355911541199e-04 9.984953542956883643e-01 1.278076254454621225e-04
8.564958254356999987e+02 9.978401621690470291e-01 1.271619069351556761e-04 9.985004500342533618e-01 1.270066582928745401e-04
8.596089796841000634e+02 9.978558847571307178e-01 1.254916813602701070e-04 9.985114106888545171e-01 1.253036040152723718e-04
8.623251804637999385e+02 9.978694628043666137e-01 1.240371482132531043e-04 9.985208784101416990e-01 1.238205015735073815e-04
8.637393674357000464e+02 9.978764872450376355e-01 1.232978926064949251e-04 9.985257797465088014e-01 1.230687411223940536e-04
8.670344319357000131e+02 9.978927025834773978e-01 1.215885729310251342e-04 9.985370870655260189e-01 1.213312215440697319e-04
8.696247284638000110e+02 9.979053278010301398e-01 1.202559573957950547e-04 9.985458962948042805e-01 1.199776126787001796e-04
8.715664236841000729e+02 9.979147131130707837e-01 1.192791582216635890e-04 9.985524431456360706e-01 1.189880809402720966e-04
8.743339799356999720e+02 9.979279775840569355e-01 1.178936762918154544e-04 9.985616948933008219e-01 1.175845924238911981e-04
8.769616149637998888e+02 9.979404627065835420e-01 1.165967181227447883e-04 9.985704083264695941e-01 1.162731224866176533e-04
8.795940606840998726e+02 9.979528490051737810e-01 1.153164722473050684e-04 9.985790483426120190e-01 1.149810649874645631e-04
8.816708664356999634e+02 9.979625441741539760e-01 1.143113349514323100e-04 9.985858124417200665e-01 1.139666754162393892e-04
8.843358389638000290e+02 9.979748901868592537e-01 1.130477318611299167e-04 9.985944294568891433e-01 1.126951222252478308e-04
8.876590346841001065e+02 9.979901187075003177e-01 1.114864039121930898e-04 9.986050527473319116e-01 1.111255887995071746e-04
8.917195251841000072e+02 9.980085023022049473e-01 1.096193466998985624e-04 9.986178818018727199e-01 1.092536233650938024e-04
8.951171414638000670e+02 9.980236857806745743e-01 1.080730920200214789e-04 9.986284737708085446e-01 1.077054138494439717e-04
8.964566524357001072e+02 9.980296317571207831e-01 1.074729014303736678e-04 9.986326252670449932e-01 1.071055967189888899e-04
8.998405061841000361e+02 9.980445161523399111e-01 1.059820473515604060e-04 9.986430082837285394e-01 1.056188178396983253e-04
9.039009966841000505e+02 9.980621630958644852e-01 1.042101278147879488e-04 9.986553210535610292e-01 1.038538861710558306e-04
9.073126304357001572e+02 9.980768020348746994e-01 1.027536637103443172e-04 9.986655309654075552e-01 1.024069398548798981e-04
9.100896164638000982e+02 9.980886037215810358e-01 1.015786204097953376e-04 9.986737649225674307e-01 1.012406138197439613e-04
9.120779841840999325e+02 9.980969846506233534e-01 1.007541113281245395e-04 9.986796100081170025e-01 1.004244089274284582e-04
9.148175369356999909e+02 9.981084404409603650e-01 9.962405745321303830e-05 9.986875978315669089e-01 9.930576872440701809e-05
9.176318609638000225e+02 9.981201096907099668e-01 9.847907239252398583e-05 9.986957371567306563e-01 9.817411774759472731e-05
9.202923101840999607e+02 9.981310363691375809e-01 9.741178683282920392e-05 9.987033543874083152e-01 9.712098865841269730e-05
9.223597814356999152e+02 9.981394646170947960e-01 9.658671580947263569e-05 9.987092299781012983e-01 9.630687508512450327e-05
9.252114429637999820e+02 9.981510025296763677e-01 9.547113620354861043e-05 9.987172748931655297e-01 9.520831120895496900e-05
9.285439731841000821e+02 9.981643442206342698e-01 9.417941494193815739e-05 9.987265723312117593e-01 9.393726700070628558e-05
9.299393634357001019e+02 9.981698922747996860e-01 9.364129523101108606e-05 9.987304396237527415e-01 9.340776348800355422e-05
9.328283629637999184e+02 9.981812965730416654e-01 9.255479375608010565e-05 9.987383870310660994e-01 9.234092828769420393e-05
9.363101169638000556e+02 9.981948979144472656e-01 9.124884973910777697e-05 9.987478620181826638e-01 9.105875382281633740e-05
9.375562834357000384e+02 9.981997360103633810e-01 9.078831353085287667e-05 9.987512342234886598e-01 9.060689751796122994e-05
9.410054781841000704e+02 9.982130106693248850e-01 8.953768350973701623e-05 9.987604795496125565e-01 8.938100122291710271e-05
9.439830439638001280e+02 9.982243554500198623e-01 8.845955456250776002e-05 9.987683796812014680e-01 8.832419883630099745e-05
9.452105419356998937e+02 9.982290053746792902e-01 8.802613527763687121e-05 9.987716186029501619e-01 8.789972094715380296e-05
9.487296334357000660e+02 9.982422242821776814e-01 8.679150513726279132e-05 9.987808208763083728e-01 8.669061761962776173e-05
9.516933084638000082e+02 9.982532507663490762e-01 8.575996542565179263e-05 9.987884973680012379e-01 8.568045098672564521e-05
9.535229906840997955e+02 9.982600055732453459e-01 8.513725454916143420e-05 9.987931988164121533e-01 8.507074182659571328e-05
9.564398984356998881e+02 9.982706917931735147e-01 8.415008272644324840e-05 9.988006347070197410e-01 8.410418453031819703e-05
9.594409114637999210e+02 9.982815930241022429e-01 8.314820203540631942e-05 9.988082208839925702e-01 8.312301250483092134e-05
9.619240051840999968e+02 9.982905308181436732e-01 8.233316495322444591e-05 9.988144383946913063e-01 8.232459076661903464e-05
9.641875004357000307e+02 9.982986194596505936e-01 8.159436869937886701e-05 9.988200646590391640e-01 8.160085492504401167e-05
9.672258514637998132e+02 9.983093946662281448e-01 8.062208893707934170e-05 9.988275599752779454e-01 8.064764418944121293e-05
9.703623576841000613e+02 9.983204047213679599e-01 7.963017762583303656e-05 9.988352156863603559e-01 7.967476372283692130e-05
9.719724409356999786e+02 9.983260182746276357e-01 7.912375633236752505e-05 9.988391191271676073e-01 7.917805790240893483e-05
9.750481299638000792e+02 9.983366654954395347e-01 7.818019524948685323e-05 9.988465219823898789e-01 7.825107934993794990e-05
9.786418974637999781e+02 9.983489742830398139e-01 7.708396637779319762e-05 9.988550778554345921e-01 7.717382053842077993e-05
9.797947194356999034e+02 9.983528997042460107e-01 7.673564678241719149e-05 9.988578071847954432e-01 7.683139009566289509e-05
9.831038971840998784e+02 9.983640775683477742e-01 7.576197199174180901e-05 9.988655758588744771e-01 7.587218083546084450e-05
9.865201824637999835e+02 9.983754992676296958e-01 7.475788556527162871e-05 9.988735128237503647e-01 7.488301013433673711e-05
9.876543354356998634e+02 9.983792700332649872e-01 7.443225402384832413e-05 9.988761338884459828e-01 7.456151948378143758e-05
9.912854404357001386e+02 9.983912393720320022e-01 7.340282380389981127e-05 9.988844502716268670e-01 7.354431548356413098e-05
9.944358049637999102e+02 9.984015223513480475e-01 7.251402732795915419e-05 9.988915948425446389e-01 7.266574234662904271e-05
9.959014426841000613e+02 9.984062735517279519e-01 7.211128539052521884e-05 9.988948959518829662e-01 7.226643492035458860e-05
9.992010634357000072e+02 9.984168879508132921e-01 7.120984655744102534e-05 9.989022696067901830e-01 7.137264962308847017e-05
1.002388765963799983e+03 9.984270500173351159e-01 7.034888805790619497e-05 9.989093296179121229e-01 7.051802690115819932e-05
1.004489146684100092e+03 9.984336893985275019e-01 6.979382767898242672e-05 9.989139417218775296e-01 6.996567232077365061e-05
1.007154023935700138e+03 9.984420523157365723e-01 6.909368129264116922e-05 9.989197507048769298e-01 6.926891358372668308e-05
1.010379064463799978e+03 9.984520907341806195e-01 6.826015145639157745e-05 9.989267241318799950e-01 6.843781576006679210e-05
1.013114188684099986e+03 9.984605232636604155e-01 6.756403165654531072e-05 9.989325812497040769e-01 6.774244798232878029e-05
1.015144322435700019e+03 9.984667394612957159e-01 6.705026720272187974e-05 9.989368992540151870e-01 6.722922292233531147e-05
1.018406698963799954e+03 9.984766550338448621e-01 6.624306352851711877e-05 9.989437874889636193e-01 6.642071851698105205e-05
1.021776566684100089e+03 9.984867903027740965e-01 6.541790772028782447e-05 9.989508275775880186e-01 6.559331800547590896e-05
1.023171958935699990e+03 9.984909601806706281e-01 6.507811355399939035e-05 9.989537245659840803e-01 6.525259471897468743e-05
1.026471674963800069e+03 9.985007512754283665e-01 6.429630655956504156e-05 9.989605264302490184e-01 6.446611007538506155e-05
1.030196124963800230e+03 9.985116841517152064e-01 6.341767399776296213e-05 9.989681213523474712e-01 6.358189534566147571e-05
1.031236933435699939e+03 9.985147221348624758e-01 6.317500399557484411e-05 9.989702326063351068e-01 6.333747583010634864e-05
1.034854146184099818e+03 9.985251952117948360e-01 6.235120131569939434e-05 9.989775088129475566e-01 6.250569957866268490e-05
1.038317103463800095e+03 9.985351188864106664e-01 6.156321238710310984e-05 9.989844040119271185e-01 6.171007866568002577e-05
1.039339246935699975e+03 9.985380322449952661e-01 6.133668854689390928e-05 9.989864291603354207e-01 6.148080045534235014e-05
1.043101034935700000e+03 9.985486668771530461e-01 6.051055629625908656e-05 9.989938192397209704e-01 6.064427569742385189e-05
1.046475422824400084e+03 9.985581115598060054e-01 5.977392227877785589e-05 9.990003838946105441e-01 5.989810978235204057e-05
1.047987732544700066e+03 9.985623143841468874e-01 5.945193276253708749e-05 9.990033053716624867e-01 5.957132127889930030e-05
1.051259351435699955e+03 9.985713397349090803e-01 5.875957136779083975e-05 9.990095786219825857e-01 5.886860314623930558e-05
1.054671079324399898e+03 9.985806661198851630e-01 5.804529909125052262e-05 9.990160628893940409e-01 5.814323085278232025e-05
1.056799462544699963e+03 9.985864355892378752e-01 5.760815525521580295e-05 9.990200739742146618e-01 5.769879856925595128e-05
1.059455006935700112e+03 9.985935839414129545e-01 5.706601824458542021e-05 9.990250439362883261e-01 5.714759848474365665e-05
1.062904073463799932e+03 9.986027919909180595e-01 5.637212977312857845e-05 9.990314477175437080e-01 5.644173614502422820e-05
1.065648531184099966e+03 9.986100505965245233e-01 5.582753346977262844e-05 9.990364953775747736e-01 5.588747379945409284e-05
1.067688001435700016e+03 9.986154090558078122e-01 5.542525926885346222e-05 9.990402222626592055e-01 5.547804631049381029e-05
1.071174407963800149e+03 9.986245008099982057e-01 5.475130799943002879e-05 9.990465472244270950e-01 5.479192138115768793e-05
1.074534941184100035e+03 9.986331745666461313e-01 5.410809462057626439e-05 9.990525806320049718e-01 5.413701549676940206e-05
1.075958334935700123e+03 9.986368251930848317e-01 5.383725614365493116e-05 9.990551206662554584e-01 5.386124868867472681e-05
1.079482076463800013e+03 9.986457989983473782e-01 5.318125815244407399e-05 9.990613647417050380e-01 5.319348683911948424e-05
1.083337208963799867e+03 9.986555128742820031e-01 5.246688240640497982e-05 9.990681238191033708e-01 5.246633378731068673e-05
1.084266007435699976e+03 9.986578403174466434e-01 5.229621633491711831e-05 9.990697443288134583e-01 5.229263569413129331e-05
1.087948561184099844e+03 9.986669990337926350e-01 5.163584832034829008e-05 9.990761183523759748e-01 5.162106380931763799e-05
1.091700884963799808e+03 9.986762348890675378e-01 5.096338634259886291e-05 9.990825466139363620e-01 5.093719180319735188e-05
1.092611013435699988e+03 9.986784630677280061e-01 5.080382321645139491e-05 9.990840984988265117e-01 5.077511010804633195e-05
1.096503483935700160e+03 9.986879183091628143e-01 5.012860578529107600e-05 9.990906801258518932e-01 5.008944067523583903e-05
1.100101900463799893e+03 9.986965707308779194e-01 4.950690303996411914e-05 9.990967042341346582e-01 4.945825733931769492e-05
1.101418186184100023e+03 9.986997149465334234e-01 4.928420135416883687e-05 9.990988935322611120e-01 4.923255672745807166e-05
1.104904497935699965e+03 9.987079842607773372e-01 4.869801231336420253e-05 9.991046504115674853e-01 4.863847139832874202e-05
1.108540254463800238e+03 9.987165274468030596e-01 4.809154933123319553e-05 9.991105998924753040e-01 4.802424840481302193e-05
1.110453946184100005e+03 9.987209894055688597e-01 4.777775539356425571e-05 9.991137068632055529e-01 4.770697899588410260e-05
1.113342850935699971e+03 9.987276806600356993e-01 4.730701727225825563e-05 9.991183659217027779e-01 4.723103001387453283e-05
1.117015943824399983e+03 9.987361168138809697e-01 4.671598395802402956e-05 9.991242420666931467e-01 4.663415086087567947e-05
1.119527042544699952e+03 9.987418335795956725e-01 4.631787316206490627e-05 9.991282230394554764e-01 4.623268460198754035e-05
1.121818542935699952e+03 9.987470169239643925e-01 4.595683806740994223e-05 9.991318326958805729e-01 4.586861181817933911e-05
1.125528972081699976e+03 9.987553450048585191e-01 4.538103082080887507e-05 9.991376337142249264e-01 4.528895215038752334e-05
1.128637473801999931e+03 9.987622557002039381e-01 4.490343815875568378e-05 9.991424461254569955e-01 4.480869209891962624e-05
1.130331568435699864e+03 9.987659987867943956e-01 4.464473106674951097e-05 9.991450531632050103e-01 4.454854490446721817e-05
1.134079339963800066e+03 9.987742207070263722e-01 4.408307171820123377e-05 9.991507802371469849e-01 4.398500738665492012e-05
1.137785246184099833e+03 9.987822680137304898e-01 4.353131204365115237e-05 9.991563843737233386e-01 4.343177083170091676e-05
1.138881933435699921e+03 9.987846358935387192e-01 4.336899083261471546e-05 9.991580338629407754e-01 4.326901674035256180e-05
1.142667042581699889e+03 9.987927527338886780e-01 4.282136598114288836e-05 9.991636873287597087e-01 4.272138238280461230e-05
1.146671526081699994e+03 9.988012510369634889e-01 4.224347989798141547e-05 9.991696055869584425e-01 4.214360880734013907e-05
1.147469641935699883e+03 9.988029361072874313e-01 4.212976432778754000e-05 9.991707798865422374e-01 4.203002735600290920e-05
1.151492794935699976e+03 9.988113674772811645e-01 4.156693802545550917e-05 9.991766514380163722e-01 4.146885009249606753e-05
1.155315236463800147e+03 9.988192975602263601e-01 4.103281985910625998e-05 9.991821740289943410e-01 4.093633273151829773e-05
1.156192801184099835e+03 9.988211081625258947e-01 4.091312174446382738e-05 9.991834353775025379e-01 4.081728014285943674e-05
1.160136501435699984e+03 9.988291882668910437e-01 4.037857184327051563e-05 9.991890616281905446e-01 4.028564635173332328e-05
1.163996285581700022e+03 9.988370191302600176e-01 3.985829549155783460e-05 9.991945148986999259e-01 3.976841648380662612e-05
1.165452588802000037e+03 9.988399535424388187e-01 3.966587887483013824e-05 9.991965582403861124e-01 3.957747018807350464e-05
1.168817551935699839e+03 9.988466900285188910e-01 3.922406326683698945e-05 9.992012481411783886e-01 3.913905743355062421e-05
1.172714673463799954e+03 9.988544229636135974e-01 3.871726194334939176e-05 9.992066327957563887e-01 3.863647680903647513e-05
1.174749711184100306e+03 9.988584292677101795e-01 3.845728780040044925e-05 9.992094218713903908e-01 3.837899287955312159e-05
1.177535936435700023e+03 9.988638803593642423e-01 3.810356311057396217e-05 9.992132163138157663e-01 3.802867642195700972e-05
1.181470397963799769e+03 9.988715153716972717e-01 3.761048765375570854e-05 9.992185318445990783e-01 3.754071119205549964e-05
1.184084176184100215e+03 9.988765435620994282e-01 3.728740694467747008e-05 9.992220314720329233e-01 3.722123084409741979e-05
1.186291664435699886e+03 9.988807647376932719e-01 3.701623477497323144e-05 9.992249693832728763e-01 3.695309392621702051e-05
1.190263458581699979e+03 9.988883031504603993e-01 3.653650718342738089e-05 9.992302166280057074e-01 3.647907743953072740e-05
1.193455973801999789e+03 9.988943053931316207e-01 3.615493641546675381e-05 9.992343933912569698e-01 3.610220841348259240e-05
1.195084726935699791e+03 9.988973501172224712e-01 3.596146787693161879e-05 9.992365122366242414e-01 3.591113114875975538e-05
1.199093858463799961e+03 9.989047925761165292e-01 3.549517981355153172e-05 9.992416915952527789e-01 3.545087466994724373e-05
1.202865106184099886e+03 9.989117230677598824e-01 3.505965416961293339e-05 9.992465133269731181e-01 3.502105468337353395e-05
1.203915122935700083e+03 9.989136422761144551e-01 3.493912260572314626e-05 9.992478488119382884e-01 3.490210438558711420e-05
1.207961595824400092e+03 9.989209892033860116e-01 3.448573111840380054e-05 9.992529603248297976e-01 3.445479758672603381e-05
1.212115430824400164e+03 9.989284535013502886e-01 3.402172830057503843e-05 9.992581525676742515e-01 3.399703370279346531e-05
1.212782862935699995e+03 9.989296472115021253e-01 3.394806531305892398e-05 9.992589833342541139e-01 3.392435941659623257e-05
1.216955366935699885e+03 9.989370564753565773e-01 3.349729463920497605e-05 9.992641368570346350e-01 3.347964178172098371e-05
1.221039176081699907e+03 9.989442358084212881e-01 3.305658309899662818e-05 9.992691302753455851e-01 3.304484449839344704e-05
1.221795393801999808e+03 9.989455583453992205e-01 3.297724022193209461e-05 9.992700503644931231e-01 3.296653223130900857e-05
1.225879109935699944e+03 9.989526516963442848e-01 3.255153144017180420e-05 9.992749832282197264e-01 3.254636923783987796e-05
1.230000257824400251e+03 9.989597403932023445e-01 3.212432787566474177e-05 9.992799128678069298e-01 3.212467804867415275e-05
1.231316542544700269e+03 9.989619895272834338e-01 3.199106194258600832e-05 9.992814769305131684e-01 3.199304176359947245e-05
1.234840191935699977e+03 9.989679727657270192e-01 3.163663571063343304e-05 9.992856368065865524e-01 3.164295834848716952e-05
1.238998678463799934e+03 9.989749708895072633e-01 3.122209785600179178e-05 9.992905025588750823e-01 3.123336154914564054e-05
1.240875031184099953e+03 9.989781047637762423e-01 3.103861017342924238e-05 9.992926812367511902e-01 3.105191480739206104e-05
1.243838612435700043e+03 9.989830248470402685e-01 3.075072373516726402e-05 9.992961014029140276e-01 3.076723425629951055e-05
1.248034436581700220e+03 9.989899340008049355e-01 3.034858985931116349e-05 9.993009046463288136e-01 3.036933523078059425e-05
1.250470858802000066e+03 9.989939123485017669e-01 3.011899251510132041e-05 9.993036698534943918e-01 3.014197243842811307e-05
1.252874372435700025e+03 9.989978141944194645e-01 2.989398253143603969e-05 9.993063817841147944e-01 2.991915233345896689e-05
1.257107533963800051e+03 9.990046341345394376e-01 2.950421728506767566e-05 9.993111221858715920e-01 2.953281567175475311e-05
1.260104021184100020e+03 9.990094179844022371e-01 2.923178872655037510e-05 9.993144466786035851e-01 2.926258780275368103e-05
1.261947465935699938e+03 9.990123445060873353e-01 2.906530210956553438e-05 9.993164805448697674e-01 2.909744455077922405e-05
1.266217967463799823e+03 9.990190764381730038e-01 2.868747622608823895e-05 9.993211590676382983e-01 2.872217474043407760e-05
1.269774526184099841e+03 9.990246285034335427e-01 2.837570222864229926e-05 9.993250169547637229e-01 2.841233396777386448e-05
1.271057903435699927e+03 9.990266213164858966e-01 2.826393201384031143e-05 9.993264018029085483e-01 2.830125513271447384e-05
1.275365739963800024e+03 9.990332657570841768e-01 2.789788336111662993e-05 9.993310189003553612e-01 2.793685888504522644e-05
1.279482366184099874e+03 9.990395501716939908e-01 2.755006312681699477e-05 9.993353852137969451e-01 2.759048822233568953e-05
1.280205674935700017e+03 9.990406488937924046e-01 2.748933104006583004e-05 9.993361487713595670e-01 2.753000871170112877e-05
1.284550847824399852e+03 9.990472061462087883e-01 2.713426742484664921e-05 9.993407045846283143e-01 2.717569223134399956e-05
1.288872703324399936e+03 9.990536614390892467e-01 2.678161115174273847e-05 9.993451893578289003e-01 2.682374519527733222e-05
1.289390785435700082e+03 9.990544319488285918e-01 2.674026611150381606e-05 9.993457249047630331e-01 2.678242307052010665e-05
1.293731311435700036e+03 9.990608416631702182e-01 2.639881995115212843e-05 9.993501778465586627e-01 2.644091364114940752e-05
1.298113822963799976e+03 9.990672482193940773e-01 2.605507567294271511e-05 9.993546284617315090e-01 2.609703998837487304e-05
1.299010056184099994e+03 9.990685506587545506e-01 2.598645389096303110e-05 9.993555333967940602e-01 2.602826072704602761e-05
1.302972421435700198e+03 9.990742737758485648e-01 2.568512826500469201e-05 9.993595089489953898e-01 2.572622684473944518e-05
1.307392272963799996e+03 9.990805979915721169e-01 2.535143250573135168e-05 9.993639025851226432e-01 2.539159969977149877e-05
1.308829911184099956e+03 9.990826409315129997e-01 2.524547190340816844e-05 9.993653218608291589e-01 2.528517269634968889e-05
1.312250881435699966e+03 9.990874736001373879e-01 2.499505294560801515e-05 9.993686787279058015e-01 2.503363672930987435e-05
1.316708067963799976e+03 9.990937149719354426e-01 2.467190156201593820e-05 9.993730144691654882e-01 2.470883810518688948e-05
1.318687101184100129e+03 9.990964648817316496e-01 2.453095998180477685e-05 9.993749246947657427e-01 2.456700251723151711e-05
1.321566671435700073e+03 9.991004435766193126e-01 2.432726079574526552e-05 9.993776883231939578e-01 2.436199924481792135e-05
1.326061195581700076e+03 9.991066035796893896e-01 2.401363915218895746e-05 9.993819677096498211e-01 2.404612808306473657e-05
1.328581628802000068e+03 9.991100289715427740e-01 2.384052513994401704e-05 9.993843470553057662e-01 2.387161530738078706e-05
1.330919801435700037e+03 9.991131892325781916e-01 2.368100368603207964e-05 9.993865421949521544e-01 2.371079589570498138e-05
1.335451662963799890e+03 9.991192681506405604e-01 2.337669114977776103e-05 9.993907651386971791e-01 2.340375967271446012e-05
1.338513491184100076e+03 9.991233382611570679e-01 2.317346303756055432e-05 9.993935922768328872e-01 2.319859287753119173e-05
1.340310266435699987e+03 9.991257140186712293e-01 2.305501823298628642e-05 9.993952425969666598e-01 2.307901192009719667e-05
1.344879469324400134e+03 9.991317131132612106e-01 2.275947381827250326e-05 9.993994101046513867e-01 2.278040745035130962e-05
1.348482697544699931e+03 9.991363986803233344e-01 2.252838140153316058e-05 9.994026647814394648e-01 2.254684660040164049e-05
1.349738071435699794e+03 9.991380227820750859e-01 2.244840717170693703e-05 9.994037930555000893e-01 2.246601469450123245e-05
1.354344610581699953e+03 9.991439427429620324e-01 2.216131655116185985e-05 9.994079056487401580e-01 2.217567909675756732e-05
1.358489238802000045e+03 9.991492154151089267e-01 2.190440749887808831e-05 9.994115682600223094e-01 2.191583305138717285e-05
1.359203216435700142e+03 9.991501193336149722e-01 2.186044076391150117e-05 9.994121962902564604e-01 2.187136255457373591e-05
1.363847094324399905e+03 9.991559608626643385e-01 2.158095581359206866e-05 9.994162543058302539e-01 2.158859755251954786e-05
1.368336969324399888e+03 9.991615510678408807e-01 2.131126138356839446e-05 9.994201377154691146e-01 2.131573284769095033e-05
1.368705696435700020e+03 9.991620082489706123e-01 2.128948053616296719e-05 9.994204555063240791e-01 2.129369732652777329e-05
1.373214241435699932e+03 9.991675612670213313e-01 2.102745508606120552e-05 9.994243131538045333e-01 2.102860957130703147e-05
1.377895457963800027e+03 9.991732687065151275e-01 2.075597663541929914e-05 9.994282782574508417e-01 2.075396940175637005e-05
1.378614336184100011e+03 9.991741403573984881e-01 2.071519922292936987e-05 9.994288838868334857e-01 2.071273805865254540e-05
1.382772726435699951e+03 9.991791523862393332e-01 2.048098063999480954e-05 9.994323656448000914e-01 2.047590307096263117e-05
1.387491280581699812e+03 9.991847854010291741e-01 2.021654349066349563e-05 9.994362792020589081e-01 2.020855860387228535e-05
1.388732893801999808e+03 9.991862580325665544e-01 2.014829221370804870e-05 9.994373023358474883e-01 2.013960952173805577e-05
1.392368556435699929e+03 9.991905460194945299e-01 1.994984628354019214e-05 9.994402810740077303e-01 1.993912914326673213e-05
1.397124447963800094e+03 9.991961054133897679e-01 1.969221128214529342e-05 9.994441436124722467e-01 1.967895350599112699e-05
1.398888786184100127e+03 9.991981529874902623e-01 1.959820658267443663e-05 9.994455660919259188e-01 1.958410789614204413e-05
1.402001716435700018e+03 9.992017460279025709e-01 1.943347320712452173e-05 9.994480620749182087e-01 1.941789849710496516e-05
1.406794947963800041e+03 9.992072329162143829e-01 1.918235955814590860e-05 9.994518741982755250e-01 1.916470277242968538e-05
1.409082021184100086e+03 9.992098303480839716e-01 1.906421141645581665e-05 9.994536785910642651e-01 1.904568883311463413e-05
1.411672221435700067e+03 9.992127564778171545e-01 1.893136615188657356e-05 9.994557112703551516e-01 1.891186905136996938e-05
1.416502785581699982e+03 9.992181712949349537e-01 1.868639785854523595e-05 9.994594731194539339e-01 1.866534452099815079e-05
1.419312588801999937e+03 9.992212944831651011e-01 1.854536134295561080e-05 9.994616425699793805e-01 1.852354028124529871e-05
1.421380061435699872e+03 9.992235807670527548e-01 1.844230354582353124e-05 9.994632307354621714e-01 1.841992190983150957e-05
1.426247962963800092e+03 9.992289250844333948e-01 1.820291318397842289e-05 9.994669434665818253e-01 1.817953928588530302e-05
1.429580491184100083e+03 9.992325511402215810e-01 1.804034278384996344e-05 9.994694621525350708e-01 1.801642008570727665e-05
1.431125236435700117e+03 9.992342237478236688e-01 1.796551873030148545e-05 9.994706240138691022e-01 1.794134433957960905e-05
1.436030480581699976e+03 9.992394989502844105e-01 1.773210345082015452e-05 9.994742886337517618e-01 1.770751110318030157e-05
1.439885738802000105e+03 9.992436057043720954e-01 1.754985418131622875e-05 9.994771410149301261e-01 1.752503977786581474e-05
1.440907751435699993e+03 9.992446891984896329e-01 1.750188122955555840e-05 9.994778936523008861e-01 1.747700926655281528e-05
1.445850332963799929e+03 9.992498953744279877e-01 1.727407550483088384e-05 9.994815098739807668e-01 1.724934352904778197e-05
1.450228321184100196e+03 9.992544614528775515e-01 1.707303589379307221e-05 9.994846809904137652e-01 1.704849739862874451e-05
1.450727601435700080e+03 9.992549797708452086e-01 1.705026233145460839e-05 9.994850410917539563e-01 1.702574615487497468e-05
1.455684073215400076e+03 9.992600942885491166e-01 1.682885205221768668e-05 9.994885930646661976e-01 1.680498845670984801e-05
1.460584796435700127e+03 9.992650994659885155e-01 1.661039101881011973e-05 9.994920688890994720e-01 1.658721592915023723e-05
1.465280031435700039e+03 9.992698472760801476e-01 1.640633950298727564e-05 9.994953657112007894e-01 1.638418519492214619e-05
1.470297284324399925e+03 9.992748707842263878e-01 1.618889380725072790e-05 9.994988539823075335e-01 1.616786656862555214e-05
1.471025497544700102e+03 9.992755958169269315e-01 1.615796523641472663e-05 9.994993574861971153e-01 1.613714447237089329e-05
1.475193226435700126e+03 9.992797228764702666e-01 1.598216957736367711e-05 9.995022228489670590e-01 1.596253062241552765e-05
1.480247822963799990e+03 9.992846822228621528e-01 1.577004786818837271e-05 9.995056662053281027e-01 1.575189602829468478e-05
1.481480096184100148e+03 9.992858836175959603e-01 1.571927737217069246e-05 9.995065003106169410e-01 1.570153680557137278e-05
1.485143761435700071e+03 9.992894367210182205e-01 1.556941057970112041e-05 9.995089668210939138e-01 1.555289184191194208e-05
1.490235692963800147e+03 9.992943325761267648e-01 1.536268985632909426e-05 9.995123655913932259e-01 1.534792263931420656e-05
1.491972031184099933e+03 9.992959903750979755e-01 1.529335110118844063e-05 9.995135163036006354e-01 1.527922094531370821e-05
1.495131636435700102e+03 9.992989915467963558e-01 1.516807130378384881e-05 9.995155993349686963e-01 1.515509894218220922e-05
1.500260902963800163e+03 9.993038242020546580e-01 1.496650532557532799e-05 9.995189535769449796e-01 1.495544688025504142e-05
1.502501301184100157e+03 9.993059190338905440e-01 1.487957920914221777e-05 9.995204073768920727e-01 1.486937789584566103e-05
1.505156846435699890e+03 9.993083898535157772e-01 1.477727781492181002e-05 9.995221219859610207e-01 1.476809081639769620e-05
1.510323452963799809e+03 9.993131606432892333e-01 1.458047784922058347e-05 9.995254327195477462e-01 1.457326676880497737e-05
1.513067911184100012e+03 9.993156742265022485e-01 1.447707428358113136e-05 9.995271768465837647e-01 1.447091380151329964e-05
1.515219396435699991e+03 9.993176354338889622e-01 1.439659041233063750e-05 9.995285375927671634e-01 1.439125196637922703e-05
1.520423342963799996e+03 9.993223451597341711e-01 1.420458579318591944e-05 9.995318055202514484e-01 1.420119092129675553e-05
1.523671861184100180e+03 9.993252600651921780e-01 1.408580633170506946e-05 9.995338277473430066e-01 1.408360640885117715e-05
1.525319281435700077e+03 9.993267314355157582e-01 1.402600133948003637e-05 9.995348485490868073e-01 1.402440612818746801e-05
1.530560562963800066e+03 9.993313813546357283e-01 1.383922770430203428e-05 9.995380745313822146e-01 1.383945614263904713e-05
1.534313146184100106e+03 9.993346800039053512e-01 1.370656722672046727e-05 9.995403626667602737e-01 1.370807074702621140e-05
1.535456506435700021e+03 9.993356804572736118e-01 1.366642851777341576e-05 9.995410566788105466e-01 1.366831963686248679e-05
1.540735124324400203e+03 9.993402702568117135e-01 1.348414276224074296e-05 9.995442402626338874e-01 1.348766456019326225e-05
1.544991767544699997e+03 9.993439365459172441e-01 1.333777636323403047e-05 9.995467831292461636e-01 1.334258028808301560e-05
1.545631066435700177e+03 9.993444849000555630e-01 1.331594992654847491e-05 9.995471634937518335e-01 1.332094591321277618e-05
1.550947024324400218e+03 9.993490163988134611e-01 1.313886276310411329e-05 9.995503064241104685e-01 1.314523650164154371e-05
1.555810279324399971e+03 9.993531204986282335e-01 1.297738798097762813e-05 9.995531525579944843e-01 1.298499702098551772e-05
1.560827443215399853e+03 9.993573143109023560e-01 1.281537738064040418e-05 9.995560607158540112e-01 1.282400442679425276e-05
1.566078187963800019e+03 9.993616601894592666e-01 1.264621670323148761e-05 9.995590742963166297e-01 1.265588129819106263e-05
1.570978777963799985e+03 9.993656764985550112e-01 1.249295733341862209e-05 9.995618591871898717e-01 1.250333547262903137e-05
1.576378781435699921e+03 9.993700591325451743e-01 1.232485365598319144e-05 9.995648980362982217e-01 1.233596933509813170e-05
1.581298041435700043e+03 9.993740117265197398e-01 1.217584548012875851e-05 9.995676385148339893e-01 1.218740123629351409e-05
1.586702696435699863e+03 9.993783125317308169e-01 1.201338343773610974e-05 9.995706204084219282e-01 1.202534937198374865e-05
1.591640626435699915e+03 9.993822026766394639e-01 1.186856209303453755e-05 9.995733173059313525e-01 1.188070244413498189e-05
1.597063946435700018e+03 9.993864337200047965e-01 1.171101338059534814e-05 9.995762506526084668e-01 1.172325104651156442e-05
1.602020546435699998e+03 9.993902624168981008e-01 1.156981640484993188e-05 9.995789048205995231e-01 1.158197526110868891e-05
1.607462536435700258e+03 9.993944260014175907e-01 1.141693329936284403e-05 9.995817913007581934e-01 1.142889948273722655e-05
1.609847601184100085e+03 9.993962369188128525e-01 1.135094133795978188e-05 9.995830466868789177e-01 1.136276068475957084e-05
1.612498462963800193e+03 9.993982401683977335e-01 1.127811294082616163e-05 9.995844353288262374e-01 1.128976912308214251e-05
1.617898466435699902e+03 9.994022909424514767e-01 1.113157286769876598e-05 9.995872434899819581e-01 1.114278659161548084e-05
1.620787591184099938e+03 9.994044410638364129e-01 1.105407016333089940e-05 9.995887338882485373e-01 1.106499283962528301e-05
1.622971727963800049e+03 9.994060589016581231e-01 1.099588871585207690e-05 9.995898553586215485e-01 1.100659144817214685e-05
1.628371731435699985e+03 9.994100313461918850e-01 1.085417598489682271e-05 9.995926091390923141e-01 1.086422879288249688e-05
1.631764917544699983e+03 9.994125065186184598e-01 1.076599149659763467e-05 9.995943248660401625e-01 1.077559326503917891e-05
1.633482329324399871e+03 9.994137535407370265e-01 1.072167047694825956e-05 9.995951893112533515e-01 1.073104401855989264e-05
1.638882331435700053e+03 9.994176492421121827e-01 1.058472337320328244e-05 9.995978898423314440e-01 1.059328675856147644e-05
1.642779578802000060e+03 9.994204359707820062e-01 1.048664262314099947e-05 9.995998214955772454e-01 1.049459264111191524e-05
1.644030270581700279e+03 9.994213261639455226e-01 1.045537505083569859e-05 9.996004386238633854e-01 1.046312825159915799e-05
1.649430271435700206e+03 9.994251465233747744e-01 1.032283600043057122e-05 9.996030868756144994e-01 1.032966681342210973e-05
1.653831581184099832e+03 9.994282319607974419e-01 1.021535907603958592e-05 9.996052255371228323e-01 1.022142230282427729e-05
1.654615552963800155e+03 9.994287790895797219e-01 1.019634626947498402e-05 9.996056048539500027e-01 1.020227276314521545e-05
1.660015556435699864e+03 9.994325259204750456e-01 1.006813620734570798e-05 9.996082021634876691e-01 1.007307548601403573e-05
1.664920923802000061e+03 9.994358974354982106e-01 9.952032587172508754e-06 9.996105391579001020e-01 9.956069408287224052e-06
1.665238165581699832e+03 9.994361146034954624e-01 9.944574441825472120e-06 9.996106897181656903e-01 9.948552885130770035e-06
1.670488688215400089e+03 9.994396882235878632e-01 9.823917017538231288e-06 9.996131669004721942e-01 9.826917622502367262e-06
1.675725446435700178e+03 9.994432187163749814e-01 9.703741495102323499e-06 9.996156141851531007e-01 9.705767038898596466e-06
1.676047596184100030e+03 9.994434349301066778e-01 9.696515802158914155e-06 9.996157641014744577e-01 9.698482412717973630e-06
1.681004067963800026e+03 9.994467437239632490e-01 9.586068016368971389e-06 9.996180576517867955e-01 9.587130668037838598e-06
1.686404071435700189e+03 9.994503155503465797e-01 9.466086639813920114e-06 9.996205335968396666e-01 9.466170510304518573e-06
1.687211613802000102e+03 9.994508466973638372e-01 9.448527453781767148e-06 9.996209018765357390e-01 9.448471550773858372e-06
1.691720030581699802e+03 9.994537976368473853e-01 9.351136178647482866e-06 9.996229472782922620e-01 9.350300567887004553e-06
1.697120031435699957e+03 9.994573012786733823e-01 9.235012227854751197e-06 9.996253759698732200e-01 9.233258464054457722e-06
1.698412966184100014e+03 9.994581352420389697e-01 9.207696661228679852e-06 9.996259540457529402e-01 9.205737691115088318e-06
1.702473332963800203e+03 9.994607411314598844e-01 9.122467399920013639e-06 9.996277602454519684e-01 9.119864045577172950e-06
1.707873336435699912e+03 9.994641784496877124e-01 9.009871466177429218e-06 9.996301429348521950e-01 9.006439615846567178e-06
1.709651661184099794e+03 9.994653030974479657e-01 8.973399376686376833e-06 9.996309225222169692e-01 8.969717642952684328e-06
1.713263967963799814e+03 9.994675765720211214e-01 8.899806747694583874e-06 9.996324982846450657e-01 8.895617246937878177e-06
1.718663971435699978e+03 9.994709488453822344e-01 8.790722136911136616e-06 9.996348358609080664e-01 8.785816871915629611e-06
1.720927688802000148e+03 9.994723528647596611e-01 8.745642299510529609e-06 9.996358090007655406e-01 8.740467137100160069e-06
1.724091940581699873e+03 9.994743058913631018e-01 8.683038701726381801e-06 9.996371626481546091e-01 8.677486015772791481e-06
1.729491941435699800e+03 9.994776145380437349e-01 8.577333060108109449e-06 9.996394560966300746e-01 8.571193892752383434e-06
1.732241051184099888e+03 9.994792867150011917e-01 8.524197513297595956e-06 9.996406150560154247e-01 8.517794097580237131e-06
1.734957252963800101e+03 9.994809309276047049e-01 8.472039439458517538e-06 9.996417546464492210e-01 8.465374708113834059e-06
1.740357256435699810e+03 9.994841772359366328e-01 8.369548059055550147e-06 9.996440047707971788e-01 8.362436635997505584e-06
1.743591757544700158e+03 9.994861068220317613e-01 8.308763995489013205e-06 9.996453420981901150e-01 8.301421078934877315e-06
1.745859904324400077e+03 9.994874536836665380e-01 8.266418600612121791e-06 9.996462755175115067e-01 8.258913190206998355e-06
1.751259906435700259e+03 9.994906391689765135e-01 8.167084485504028289e-06 9.996484834452727952e-01 8.159278046145838052e-06
1.754979798802000005e+03 9.994928158924623052e-01 8.099262800575544757e-06 9.996499919651515853e-01 8.091283220029777917e-06
1.756799890581699856e+03 9.994938759921896398e-01 8.066279997604947893e-06 9.996507266482844711e-01 8.058215612339995293e-06
1.762199891435699783e+03 9.994970018590719762e-01 7.969926297595929731e-06 9.996528930521616507e-01 7.961705923098603882e-06
1.766405178801999909e+03 9.994994157180333572e-01 7.895370731501227997e-06 9.996545658231659193e-01 7.887057923806922748e-06
1.767777220581699794e+03 9.995001997267700666e-01 7.871197381457706795e-06 9.996551091387729793e-01 7.862854400775759679e-06
1.773177221435699948e+03 9.995032672386713335e-01 7.777744890045397663e-06 9.996572350058515743e-01 7.769386396143132355e-06
1.777867896184099891e+03 9.995059086973843154e-01 7.696951186505423626e-06 9.996590653636285850e-01 7.688600869781393865e-06
1.778791882963799935e+03 9.995064267857187712e-01 7.681135951884634117e-06 9.996594243563107218e-01 7.672787267033797585e-06
1.784191886435700098e+03 9.995094372320325604e-01 7.590463606497663104e-06 9.996615104899205795e-01 7.582230259299612263e-06
1.789367953801999647e+03 9.995122969792363810e-01 7.503790559413631815e-06 9.996634920085524234e-01 7.495680081426891191e-06
1.789843885581700079e+03 9.995125587786395371e-01 7.495870454801369678e-06 9.996636734594629425e-01 7.487771305448163547e-06
1.795243886435700006e+03 9.995155133837940742e-01 7.407940885344051039e-06 9.996657207190053906e-01 7.400076042774182829e-06
1.800905346184099926e+03 9.995185825262482560e-01 7.315933037163649310e-06 9.996678472408478955e-01 7.308322548877234784e-06
1.806263202963800268e+03 9.995214603043055535e-01 7.231228072464013630e-06 9.996698409918403083e-01 7.223945508950252278e-06
1.811663206435699976e+03 9.995243346929196804e-01 7.146039442885998572e-06 9.996718324062446870e-01 7.139093822283745666e-06
1.812480081184100072e+03 9.995247673399236810e-01 7.133409825026409352e-06 9.996721321768458068e-01 7.126526268833871191e-06
1.817408547963799947e+03 9.995273643468528535e-01 7.057651765775852998e-06 9.996739312970308600e-01 7.051141675522182903e-06
1.822808551435700110e+03 9.995301861359722206e-01 6.974978804783743395e-06 9.996758860669064939e-01 6.968887629985360426e-06
1.824092151184099976e+03 9.995308531895342741e-01 6.955709754560397607e-06 9.996763481748079938e-01 6.949730656507725060e-06
1.828591232963800167e+03 9.995331796083418707e-01 6.888561230520320235e-06 9.996779596138152257e-01 6.882974430151409463e-06
1.833991236435699875e+03 9.995359495539497541e-01 6.808425442681020071e-06 9.996798783361671159e-01 6.803319521406149465e-06
1.835741557544699845e+03 9.995368421318557850e-01 6.782895005403237110e-06 9.996804965635607276e-01 6.777955481889797018e-06
1.839811254324399897e+03 9.995389072574755174e-01 6.723877668032964827e-06 9.996819268190659802e-01 6.719324755011726637e-06
1.845211256435699852e+03 9.995416265590689742e-01 6.646151780074082339e-06 9.996838102739052934e-01 6.642119127171228489e-06
1.847428301184100064e+03 9.995427360167404851e-01 6.614724142998668863e-06 9.996845786253465427e-01 6.610911678170503392e-06
1.851068612963799978e+03 9.995445487158683973e-01 6.563426177727692046e-06 9.996858340021670397e-01 6.559975117421562505e-06
1.856468616435700142e+03 9.995472186430421901e-01 6.488051089948898511e-06 9.996876830056063978e-01 6.485137248534536637e-06
1.859152386184100124e+03 9.995485366674469185e-01 6.451101869580818809e-06 9.996885957061886208e-01 6.448456223405880702e-06
1.862363312963799899e+03 9.995501058819566964e-01 6.407162975899216410e-06 9.996896823646975738e-01 6.404838152637058116e-06
1.867763316435700062e+03 9.995527273418001180e-01 6.334120864593721320e-06 9.996914975987792884e-01 6.332328864442764464e-06
1.870913806184099940e+03 9.995542457810234760e-01 6.292021700656468755e-06 9.996925490144911164e-01 6.290536875466725523e-06
1.873695347963800259e+03 9.995555800292443838e-01 6.255060572446601681e-06 9.996934728579544016e-01 6.253846933015331347e-06
1.879095351435699968e+03 9.995581538319635584e-01 6.184280540192385269e-06 9.996952549665449883e-01 6.183575024432207457e-06
1.882712563802000204e+03 9.995598652541429763e-01 6.137363928907366583e-06 9.996964397726223472e-01 6.136990011868398656e-06
1.885064720581700158e+03 9.995609728978627206e-01 6.107040278007022677e-06 9.996972065709355260e-01 6.106881983522263047e-06
1.890464721435700085e+03 9.995634999803425513e-01 6.038476524977649499e-06 9.996989561812125169e-01 6.038781748738111248e-06
1.894548656184100309e+03 9.995653966484910891e-01 5.987052973101093605e-06 9.997002690773012512e-01 5.987696620591465627e-06
1.896471427963800124e+03 9.995662852922754249e-01 5.962983021853614019e-06 9.997008842820337415e-01 5.963785996176660576e-06
1.901871431435699833e+03 9.995687668804563719e-01 5.896514409731062560e-06 9.997026021511213889e-01 5.897721155352803689e-06
1.906422093802000063e+03 9.995708412683642630e-01 5.840858725570865841e-06 9.997040380578289254e-01 5.842393055958549988e-06
1.907915480581699967e+03 9.995715189969851533e-01 5.822705499048175743e-06 9.997045071503496416e-01 5.824347321396382092e-06
1.913315481435699894e+03 9.995739559233000060e-01 5.758349356090705678e-06 9.997061939561384669e-01 5.760321376771796274e-06
1.918332863802000020e+03 9.995762012923349316e-01 5.698838289535913354e-06 9.997077480481957323e-01 5.701105636396860393e-06
1.919396865581700013e+03 9.995766754216041106e-01 5.686293473505082805e-06 9.997080761687378025e-01 5.688623439914993843e-06
1.924796866435700167e+03 9.995790684631273848e-01 5.623981121601804503e-06 9.997097324571404542e-01 5.626558397128309624e-06
1.930280973801999608e+03 9.995814779542728790e-01 5.560876965113962954e-06 9.997113999844833288e-01 5.563698138602389086e-06
1.930915590581699917e+03 9.995817556517262448e-01 5.553616887872828938e-06 9.997115921497874425e-01 5.556466282688057943e-06
1.936315591435699844e+03 9.995841057333972879e-01 5.493221967176530923e-06 9.997132185283641448e-01 5.496230392147434682e-06
1.941869596435699805e+03 9.995865023549880268e-01 5.431133047985998546e-06 9.997148769945095603e-01 5.434304238975775309e-06
1.942471652963800125e+03 9.995867610328520447e-01 5.424526153711642999e-06 9.997150560433287758e-01 5.427709009284285115e-06
1.948044327963800015e+03 9.995891426908907196e-01 5.364107831471733984e-06 9.997167040977504859e-01 5.367369532715711998e-06
1.953444331435699723e+03 9.995914310374369727e-01 5.305641217977433228e-06 9.997182875362332632e-01 5.308975904614302341e-06
1.954289208802000076e+03 9.995917873201786152e-01 5.296699801524143202e-06 9.997185341380574464e-01 5.300033742894228645e-06
1.959656395581700053e+03 9.995940397602317562e-01 5.240198801883077187e-06 9.997200926318551284e-01 5.243528020045384304e-06
1.965056396435699980e+03 9.995962873206929444e-01 5.183537153404188871e-06 9.997216477750513475e-01 5.186852534171764122e-06
1.966349331184100265e+03 9.995968227407568962e-01 5.170242014569474021e-06 9.997220182485496709e-01 5.173538291574428718e-06
1.971305802963800033e+03 9.995988649170616247e-01 5.119530568294932419e-06 9.997234312225892205e-01 5.122753843893290965e-06
1.976705806435699969e+03 9.996010727054082112e-01 5.064562755929453770e-06 9.997249587469682064e-01 5.067693024559141578e-06
1.978446796184100322e+03 9.996017806301115138e-01 5.047177009349205073e-06 9.997254485348350261e-01 5.050259881194484064e-06
1.982992547963800234e+03 9.996036198319206978e-01 5.002034753779858041e-06 9.997267209696343304e-01 5.004994151500853125e-06
1.988392551435700170e+03 9.996057885043547753e-01 4.948772503252367375e-06 9.997282213708765797e-01 4.951569344392525997e-06
1.990581593802000043e+03 9.996066625434034680e-01 4.927541693293640261e-06 9.997288260409133986e-01 4.930255932258093332e-06
1.994716630581700429e+03 9.996083054040834082e-01 4.887655556430194428e-06 9.997299625892176467e-01 4.890214023296437750e-06
2.000116631435700356e+03 9.996104357097163051e-01 4.836010457075754472e-06 9.997314364217476657e-01 4.838349527574411683e-06
2.002753726184099833e+03 9.996114696358492369e-01 4.811167185401340794e-06 9.997321516955681719e-01 4.813385025088615465e-06
2.006478052963799882e+03 9.996129226716566896e-01 4.776290991670432028e-06 9.997331569200530454e-01 4.778337824048332169e-06
2.011878056435700046e+03 9.996150154907099683e-01 4.726229638075091906e-06 9.997346047227533283e-01 4.728014436989213933e-06
2.014963203802000180e+03 9.996162033018143322e-01 4.697994173825577278e-06 9.997354264432397608e-01 4.699618776149388023e-06
2.018276810581700374e+03 9.996174731403987268e-01 4.667847841418833039e-06 9.997363048002072539e-01 4.669300532772267195e-06
2.023676811435700074e+03 9.996195289778586623e-01 4.619275017711695166e-06 9.997377270362707291e-01 4.620438171297880658e-06
2.027210016184099914e+03 9.996208650267913720e-01 4.587833898856723295e-06 9.997386512308867879e-01 4.588801703813982509e-06
2.030112907963799898e+03 9.996219575165393723e-01 4.562143912469860145e-06 9.997394069349405665e-01 4.562951313692945873e-06
2.035512911435700062e+03 9.996239773501676140e-01 4.515010790182236957e-06 9.997408042311568543e-01 4.515517224576267873e-06
2.039494171184099969e+03 9.996254561022649421e-01 4.480598619734157442e-06 9.997418270466533752e-01 4.480881695891305600e-06
2.041986342963800098e+03 9.996263770856229636e-01 4.459174267032354488e-06 9.997424642017722629e-01 4.459317573919457574e-06
2.047386346435700034e+03 9.996283616648331538e-01 4.413415189999508091e-06 9.997438369835190963e-01 4.413261262429411862e-06
2.051815657544699661e+03 9.996299774515927661e-01 4.376160495304604140e-06 9.997449546005073850e-01 4.375764792436880821e-06
2.053897114324400263e+03 9.996307332872784723e-01 4.358755166982053264e-06 9.997454773636690328e-01 4.358245843742473090e-06
2.059297116435699991e+03 9.996326830399622221e-01 4.314295638298712084e-06 9.997468260830504327e-01 4.313506275075269331e-06
2.064174481184099932e+03 9.996344306952489323e-01 4.274363654249694064e-06 9.997480348933788230e-01 4.273325487356994786e-06
2.065845222963799642e+03 9.996350266067580703e-01 4.260759388859029046e-06 9.997484470676017976e-01 4.259635956598068193e-06
2.071245226435700260e+03 9.996369425901078243e-01 4.217554951366679534e-06 9.997497723186880014e-01 4.216180553013280252e-06
2.076570646184100042e+03 9.996388170264899342e-01 4.175125688545073391e-06 9.997510688193305128e-01 4.173508426690933042e-06
2.077830667963800352e+03 9.996392585526266972e-01 4.165143104605946853e-06 9.997513742016816973e-01 4.163468329521181727e-06
2.083230671435700060e+03 9.996411411101474576e-01 4.123158479133971408e-06 9.997526763435141683e-01 4.121271987197657639e-06
2.089004147544700118e+03 9.996431375478475045e-01 4.078382438566983339e-06 9.997540571551677413e-01 4.076272909476650138e-06
2.095230232544700357e+03 9.996452720118934598e-01 4.031172383086893643e-06 9.997555334309311537e-01 4.028865268306228971e-06
2.101068826435700430e+03 9.996472561940887847e-01 3.987040022208976395e-06 9.997569056842829927e-01 3.984553808400900778e-06
2.101913577963799980e+03 9.996475420174422144e-01 3.980735747271107327e-06 9.997571033831673670e-01 3.978227095064440585e-06
2.107719741184099803e+03 9.996494961658386469e-01 3.937964595534652098e-06 9.997584549136087073e-01 3.935328487180240921e-06
2.113983166184099900e+03 9.996515864851249766e-01 3.891974552788885172e-06 9.997599004865721506e-01 3.889208379132290425e-06
2.119863747963800051e+03 9.996535317752456296e-01 3.849800357842294957e-06 9.997612457611155801e-01 3.846957190583390239e-06
2.125263751435700215e+03 9.996553038468203312e-01 3.811161682194494172e-06 9.997624712327983776e-01 3.808251519608513580e-06
2.126528681184100151e+03 9.996557169409673316e-01 3.802276327494888524e-06 9.997627569566778227e-01 3.799360809496950444e-06
2.132017212963800375e+03 9.996575007942034574e-01 3.763912111024506007e-06 9.997639904988144810e-01 3.760973174581196699e-06
2.137417216435700084e+03 9.996592425309314134e-01 3.726286110513543815e-06 9.997651949035819552e-01 3.723330864055022135e-06
2.139111533801999940e+03 9.996597863248729565e-01 3.714653086787906293e-06 9.997655709266988211e-01 3.711704817173980965e-06
2.144208020581700112e+03 9.996614138131505456e-01 3.679850651029088745e-06 9.997666963525974060e-01 3.676922946988802458e-06
2.149608021435699811e+03 9.996631260695395538e-01 3.643181565304446143e-06 9.997678803071851084e-01 3.640284911924232070e-06
2.151731723802000033e+03 9.996637958072075447e-01 3.629013297740951134e-06 9.997683434282488291e-01 3.626141462903077041e-06
2.156436165581700152e+03 9.996652721183799661e-01 3.597791301133390099e-06 9.997693642467159192e-01 3.594973933074675784e-06
2.161836166435699852e+03 9.996669551403924991e-01 3.562188820176537824e-06 9.997705279430491032e-01 3.559444712295143709e-06
2.164389251184100431e+03 9.996677465013115160e-01 3.545601983775522699e-06 9.997710750361912257e-01 3.542904390084944736e-06
2.168701647963800042e+03 9.996690764411156893e-01 3.517732257449781082e-06 9.997719945463481306e-01 3.515112722148084450e-06
2.174101651435700205e+03 9.996707308725698571e-01 3.483095666337144421e-06 9.997731383746970568e-01 3.480584984959488777e-06
2.177084121184099786e+03 9.996716391122097978e-01 3.464195573919350654e-06 9.997737663293474464e-01 3.461755253858808223e-06
2.181004467963799925e+03 9.996728274308442908e-01 3.439477339937166061e-06 9.997745878122751284e-01 3.437129061895553061e-06
2.186404471435700088e+03 9.996744537971395950e-01 3.405751090358764931e-06 9.997757122158509313e-01 3.403539727522398158e-06
2.189816326184100035e+03 9.996754751382819215e-01 3.384687302241151831e-06 9.997764182300638014e-01 3.382570281576043074e-06
2.193344622963799793e+03 9.996765262147983000e-01 3.363018558027196968e-06 9.997771448159478158e-01 3.360998734059929222e-06
2.198744626435699956e+03 9.996781252035017440e-01 3.330204489935773605e-06 9.997782501812262357e-01 3.328341303873479406e-06
2.202585867544700250e+03 9.996792553342366272e-01 3.307092363983997749e-06 9.997790313688998953e-01 3.305345694054878720e-06
2.205722119324399955e+03 9.996801737062671611e-01 3.288324487372253535e-06 9.997796661561807463e-01 3.286672680544287506e-06
2.211122121435699682e+03 9.996817456546711611e-01 3.256443839667243598e-06 9.997807528521145404e-01 3.254960340612943839e-06
2.215392746184099906e+03 9.996829807294305148e-01 3.231465879436008407e-06 9.997816064766329447e-01 3.230118151829558325e-06
2.218136952963800013e+03 9.996837705450664080e-01 3.215496012045989548e-06 9.997821523853406278e-01 3.214235353127315291e-06
2.223536956435700176e+03 9.996853163219745486e-01 3.184529667073969169e-06 9.997832207747976430e-01 3.183440827065965085e-06
2.228236966184099856e+03 9.996866522084315587e-01 3.157777974500207690e-06 9.997841440702088800e-01 3.156838964781659253e-06
2.230589122963800037e+03 9.996873177210696682e-01 3.144451201475932605e-06 9.997846039836830734e-01 3.143587084057594439e-06
2.235989126435699745e+03 9.996888372761285613e-01 3.114231687403355435e-06 9.997856542579857120e-01 3.113535801609875668e-06
2.241118523802000254e+03 9.996902707322007364e-01 3.085665541559502313e-06 9.997866448343322165e-01 3.085128407180729868e-06
2.243078630581700054e+03 9.996908158953342616e-01 3.074808954019512522e-06 9.997870216126246712e-01 3.074332464241254855e-06
2.248478631435700208e+03 9.996923104741660682e-01 3.045531656552243836e-06 9.997880545052016954e-01 3.045213476305375970e-06
2.254037416184099584e+03 9.996938374524089177e-01 3.015550894500940725e-06 9.997891097267439520e-01 3.015393938639793838e-06
2.255605477963800240e+03 9.996942661315905143e-01 3.007136883812462610e-06 9.997894060021353946e-01 3.007025433497175310e-06
2.261005481435699949e+03 9.996957357510847242e-01 2.978692593810968067e-06 9.997904215123090133e-01 2.978723939013353556e-06
2.266993651184100145e+03 9.996973530623445292e-01 2.947240446420071904e-06 9.997915389763474270e-01 2.947428656052908766e-06
2.268169662963799965e+03 9.996976691416439298e-01 2.941094124221149250e-06 9.997917574228842863e-01 2.941313193088125315e-06
2.273569666435700128e+03 9.996991141486815113e-01 2.913405311421977651e-06 9.997927559115477036e-01 2.913747657029851267e-06
2.279665071435699701e+03 9.997007328455723707e-01 2.882183547198478712e-06 9.997938743689752661e-01 2.882664763185625284e-06
2.280771185581700138e+03 9.997010254373658311e-01 2.876574500405379752e-06 9.997940764860665519e-01 2.877079697699569479e-06
2.286493333802000507e+03 9.997025308831409829e-01 2.848050338614773493e-06 9.997951167146070794e-01 2.848662708401142703e-06
2.292285256435700376e+03 9.997040433870582055e-01 2.819198078652664358e-06 9.997961616861954504e-01 2.819918930811396734e-06
2.293410042963800151e+03 9.997043358795391077e-01 2.813688243032090767e-06 9.997963637798844561e-01 2.814427181808050719e-06
2.299542782963800164e+03 9.997059224350256512e-01 2.783980216015356881e-06 9.997974598947866331e-01 2.784808266865158734e-06
2.306086242963800032e+03 9.997076012881184193e-01 2.752419182178298341e-06 9.997986197660508889e-01 2.753337284034310450e-06
2.312237652963849996e+03 9.997091662780167587e-01 2.723392605834349274e-06 9.997997009701440341e-01 2.724373018111106872e-06
2.317637656435750159e+03 9.997105300830712027e-01 2.697978393037218327e-06 9.998006430840129521e-01 2.699011658831727543e-06
2.319191956184099581e+03 9.997109207556306165e-01 2.690819323470085534e-06 9.998009130240796960e-01 2.691861456120230774e-06
2.324969857963799768e+03 9.997123663641704905e-01 2.664320616750422363e-06 9.998019115900605991e-01 2.665395740766182524e-06
2.330369861435700386e+03 9.997137075280905227e-01 2.639648613651981324e-06 9.998028381191658154e-01 2.640751073399112244e-06
2.332334876184100267e+03 9.997141933441301420e-01 2.630831894268353321e-06 9.998031736957810889e-01 2.631937072937889051e-06
2.337739397963800002e+03 9.997155228635877799e-01 2.606715408246316284e-06 9.998040920882559357e-01 2.607828281134006367e-06
2.343139401435700165e+03 9.997168422787092723e-01 2.582765276562536922e-06 9.998050034674749176e-01 2.583880954203470542e-06
2.345515133801999582e+03 9.997174196269793534e-01 2.572426092266763628e-06 9.998054023450072547e-01 2.573535467876141257e-06
2.350546280581700103e+03 9.997186367140574736e-01 2.550600148268305617e-06 9.998062429913553428e-01 2.551696469765151399e-06
2.355946281435700257e+03 9.997199344304075197e-01 2.527311096753517488e-06 9.998071393545703289e-01 2.528387557429069069e-06
2.358732726184100102e+03 9.997206005364839276e-01 2.515467466601431328e-06 9.998075994344416406e-01 2.516526420549524992e-06
2.363390497963800044e+03 9.997217085417227089e-01 2.495786582655170375e-06 9.998083647648504657e-01 2.496816571677261752e-06
2.368790501435699753e+03 9.997229852018822971e-01 2.473165465795914797e-06 9.998092465156622755e-01 2.474155356560352750e-06
2.371987663802000043e+03 9.997237367858756718e-01 2.459958369041095735e-06 9.998097656268623012e-01 2.460917815799067541e-06
2.376272055581699988e+03 9.997247391450845289e-01 2.442320533941071971e-06 9.998104579214942556e-01 2.443239452039987291e-06
2.381672056435700142e+03 9.997259948988849176e-01 2.420308223963811061e-06 9.998113252828455533e-01 2.421169546036555045e-06
2.385279933801999960e+03 9.997268291434167065e-01 2.405798413292901422e-06 9.998119014289807982e-01 2.406615646267316155e-06
2.389190945581699907e+03 9.997277290240007552e-01 2.390155004437238241e-06 9.998125229703822558e-01 2.390924665904779266e-06
2.394590946435700062e+03 9.997289646060183443e-01 2.368833904517057118e-06 9.998133762827102755e-01 2.369531757644737588e-06
2.398609543801999735e+03 9.997298784015350437e-01 2.353166335008725432e-06 9.998140073776856651e-01 2.353806336259917912e-06
2.402147180581700013e+03 9.997306789098380220e-01 2.339442350938092474e-06 9.998145602550042588e-01 2.340031583868954949e-06
2.407547181435700168e+03 9.997318941869587361e-01 2.318675798624158262e-06 9.998153995288313611e-01 2.319182686700535894e-06
2.411976491184100269e+03 9.997328849163579223e-01 2.301759041355177539e-06 9.998160836718790190e-01 2.302195485782598504e-06
2.415140747963800095e+03 9.997335893149258412e-01 2.289725393097730629e-06 9.998165701148913342e-01 2.290111608123798597e-06
2.420540751435699804e+03 9.997347850249963530e-01 2.269545977974562077e-06 9.998173959408717115e-01 2.269843097263865811e-06
2.425380781184099760e+03 9.997358498074194744e-01 2.251644621285113135e-06 9.998181312459946124e-01 2.251860232186047124e-06
2.428171657963800499e+03 9.997364608015090193e-01 2.241366093173426582e-06 9.998185532123889940e-01 2.241534748951917543e-06
2.433571661435700207e+03 9.997376372763044916e-01 2.221722730771677000e-06 9.998193656049576550e-01 2.221799159843714771e-06
2.438822406184099691e+03 9.997387735965665989e-01 2.202728684704461178e-06 9.998201502484481695e-01 2.202714869918427808e-06
2.441239902963799977e+03 9.997392941915497211e-01 2.194021994542124838e-06 9.998205097982243439e-01 2.193966629677708148e-06
2.446639906435700141e+03 9.997404517814925118e-01 2.174926758748589931e-06 9.998213091619045922e-01 2.174779685654030367e-06
2.452301366184100061e+03 9.997416569943755604e-01 2.155021602251943516e-06 9.998221413742145458e-01 2.154778602063334970e-06
2.454345482963799441e+03 9.997420899984206244e-01 2.147869843749548549e-06 9.998224404294188128e-01 2.147592177823387901e-06
2.459745486435700059e+03 9.997432290385969145e-01 2.129283112797142103e-06 9.998232269099137648e-01 2.128917872040526388e-06
2.465817666184100290e+03 9.997445005357329384e-01 2.108457331893943460e-06 9.998241049401699332e-01 2.107994206738123491e-06
2.467488407963800000e+03 9.997448488039698544e-01 2.102755007684409779e-06 9.998243454364074134e-01 2.102264903214304872e-06
2.472888411435700164e+03 9.997459694655226325e-01 2.084725517934188241e-06 9.998251192815101884e-01 2.084155077327440364e-06
2.479282516435700018e+03 9.997472870349503049e-01 2.063427725607713636e-06 9.998260289166545078e-01 2.062762572009497505e-06
2.480668665581699770e+03 9.997475712626990862e-01 2.058834429524304017e-06 9.998262251938753176e-01 2.058148847307995251e-06
2.486157453801999964e+03 9.997486919974892805e-01 2.040880527986245354e-06 9.998269990269545993e-01 2.040123528332703920e-06
2.492481441435700162e+03 9.997499740713686744e-01 2.020214663215326452e-06 9.998278842639736208e-01 2.019375331081704452e-06
2.493886262963800164e+03 9.997502577741547158e-01 2.015675415162746262e-06 9.998280801001621088e-01 2.014818735703679876e-06
2.499767101184099829e+03 9.997514389823550784e-01 1.996975922666199257e-06 9.998288958010282945e-01 1.996055051644370933e-06
2.505717706435700165e+03 9.997526261967366601e-01 1.978072440721753109e-06 9.998297153952037108e-01 1.977086605279198256e-06
2.507141192963800222e+03 9.997529089513454981e-01 1.973617428057797029e-06 9.998299106356867139e-01 1.972618100811455427e-06
2.513414081184099814e+03 9.997541488801264808e-01 1.954198335078985251e-06 9.998307667105059693e-01 1.953145726428075678e-06
2.518991311435700027e+03 9.997552433903458269e-01 1.936948762874921189e-06 9.998315224107761079e-01 1.935848803117360927e-06
2.520433467963799558e+03 9.997555253533202402e-01 1.932565463770008118e-06 9.998317170628640005e-01 1.931456516747648745e-06
2.526902247963799709e+03 9.997567835470330122e-01 1.913006320019184231e-06 9.998325857123536720e-01 1.911859330935360616e-06
2.532302251435699873e+03 9.997578266676211411e-01 1.896702685138805495e-06 9.998333057921889866e-01 1.895524522690057534e-06
2.533959231184099735e+03 9.997581454146746704e-01 1.891792024527441392e-06 9.998335258405680603e-01 1.890608647806033670e-06
2.540250527963800323e+03 9.997593496338373908e-01 1.873220880833485559e-06 9.998343571851878719e-01 1.872017716860354370e-06
2.545650531435700032e+03 9.997603761970199621e-01 1.857331095271022615e-06 9.998350658815722269e-01 1.856112567296341316e-06
2.547699556184099947e+03 9.997607639984030792e-01 1.851416320808856626e-06 9.998353336121906798e-01 1.850196998218135336e-06
2.553636142963800012e+03 9.997618821069589323e-01 1.834347987509163007e-06 9.998361054956436123e-01 1.833126242589071582e-06
2.559036146435699720e+03 9.997628924904174985e-01 1.818882786378092095e-06 9.998368029847279903e-01 1.817661319470230717e-06
2.561477218801999697e+03 9.997633471746630862e-01 1.811996174582467570e-06 9.998371168331936509e-01 1.810780038743506355e-06
2.567059100581700022e+03 9.997643817256153254e-01 1.796310085554528449e-06 9.998378309891942095e-01 1.795105964092803480e-06
2.572459101435699722e+03 9.997653763344963584e-01 1.781216943925497142e-06 9.998385175371387046e-01 1.780027690685460112e-06
2.575292221184100072e+03 9.997658956052183354e-01 1.773418218887684654e-06 9.998388759709291307e-01 1.772242001239842619e-06
2.580519392963799874e+03 9.997668489282508508e-01 1.759089595805475682e-06 9.998395340762724626e-01 1.757937237996419714e-06
2.585919396435700037e+03 9.997678280552501073e-01 1.744396613962767160e-06 9.998402098850802666e-01 1.743272626595594726e-06
2.589144563801999993e+03 9.997684098219201676e-01 1.735757183229269556e-06 9.998406114280464774e-01 1.734655007910582907e-06
2.594017020581699853e+03 9.997692845112379212e-01 1.722760725023774506e-06 9.998412151406962378e-01 1.721691317642521415e-06
2.599417021435700008e+03 9.997702481305521527e-01 1.708444323516402294e-06 9.998418802569275510e-01 1.707414870330160841e-06
2.603034236184100337e+03 9.997708902213554572e-01 1.698947177424979597e-06 9.998423234291140549e-01 1.697948445943338639e-06
2.607551987963800002e+03 9.997716885076224358e-01 1.687137700346979291e-06 9.998428743449687683e-01 1.686177183026814073e-06
2.612951991435699711e+03 9.997726371799307010e-01 1.673169585990630042e-06 9.998435291412720582e-01 1.672258290279644497e-06
2.616961256184099966e+03 9.997733376785022941e-01 1.662930598461251183e-06 9.998440125910299514e-01 1.662059084083448582e-06
2.621124297963800018e+03 9.997740616665670155e-01 1.652341925633383477e-06 9.998445122179002720e-01 1.651511594525556529e-06
2.626524301435699726e+03 9.997749956315982178e-01 1.638733522229044407e-06 9.998451567818711361e-01 1.637959199290704398e-06
2.630925611184100035e+03 9.997757525909417575e-01 1.627741336699611646e-06 9.998456791412906330e-01 1.627014656634268287e-06
2.634733942963800018e+03 9.997764044708857822e-01 1.618271031367271453e-06 9.998461289985575151e-01 1.617585486354971449e-06
2.640133946435700182e+03 9.997773238602156720e-01 1.605026885264982078e-06 9.998467635584346036e-01 1.604401133875532245e-06
2.644927301184099633e+03 9.997781353489068046e-01 1.593393344763397824e-06 9.998473235059522901e-01 1.592821633481021156e-06
2.648380922963800003e+03 9.997787172080963014e-01 1.585049927962780021e-06 9.998477250318421605e-01 1.584517099203719168e-06
2.653780926435699712e+03 9.997796226153373711e-01 1.572158792443911309e-06 9.998483497541040821e-01 1.571686759313583941e-06
2.658966331184100000e+03 9.997804865146446840e-01 1.559864621168817452e-06 9.998489459175747829e-01 1.559451028758969554e-06
2.662065242963799847e+03 9.997810005788275722e-01 1.552544199207204260e-06 9.998493005767531416e-01 1.552165508923262914e-06
2.667465246435700010e+03 9.997818918736148808e-01 1.539969057788205833e-06 9.998499156061392279e-01 1.539649448579738422e-06
2.673042697544699877e+03 9.997828065997973468e-01 1.527065226361841062e-06 9.998505468123377593e-01 1.526806030929725171e-06
2.675786899324399656e+03 9.997832546715830215e-01 1.520743587635754700e-06 9.998508559595380429e-01 1.520514118519222578e-06
2.681186901435699838e+03 9.997841323387910428e-01 1.508503656843717623e-06 9.998514615174175502e-01 1.508329110378282752e-06
2.687156401184100105e+03 9.997850961785291757e-01 1.495045462074482399e-06 9.998521265580500028e-01 1.494930685461299758e-06
2.689545897963800144e+03 9.997854803488472886e-01 1.489684964848185749e-06 9.998523915726046374e-01 1.489594132888968695e-06
2.694945901435699852e+03 9.997863446142585264e-01 1.477796578641809503e-06 9.998529878112691893e-01 1.477754316991849476e-06
2.701307446184100172e+03 9.997873558243104419e-01 1.463844547026064674e-06 9.998536854594238799e-01 1.463858553538769043e-06
2.703342227963799814e+03 9.997876777638974310e-01 1.459395433395396047e-06 9.998539075719606872e-01 1.459427468863930897e-06
2.708742231435699523e+03 9.997885285088954355e-01 1.447758493085639294e-06 9.998544945486035340e-01 1.447830879778185925e-06
2.715472376435699516e+03 9.997895818853301808e-01 1.433292931675718823e-06 9.998552212090073832e-01 1.433415019687582453e-06
2.722575901435699961e+03 9.997906851535297568e-01 1.418320921492336858e-06 9.998559823383880163e-01 1.418486567209877962e-06
2.729324721435700212e+03 9.997917254188931624e-01 1.404178013675040376e-06 9.998566999050809700e-01 1.404382421761721616e-06
2.731046910581700104e+03 9.997919895655582589e-01 1.400598134815853865e-06 9.998568821773317072e-01 1.400811771611883075e-06
2.736843733801999861e+03 9.997928752893816551e-01 1.388757471946774611e-06 9.998574931171518854e-01 1.388994053769987767e-06
2.743214391435699781e+03 9.997938419707773638e-01 1.375759020727418578e-06 9.998581599831768418e-01 1.376020847119946600e-06
2.744955252963799921e+03 9.997941050980198030e-01 1.372253809831290015e-06 9.998583414708797079e-01 1.372521171140008005e-06
2.751125461184100004e+03 9.997950332187736100e-01 1.360015609826530387e-06 9.998589816816986220e-01 1.360296159946732816e-06
2.757141411435699865e+03 9.997959320006134520e-01 1.348096350472146490e-06 9.998596016774070616e-01 1.348389774925132184e-06
2.758900939324400497e+03 9.997961937744531680e-01 1.344656852404543982e-06 9.998597822652939282e-01 1.344952086433737070e-06
2.765444522544700249e+03 9.997971628396347121e-01 1.331971303564742380e-06 9.998604507021033871e-01 1.332269176082917041e-06
2.771105761435700515e+03 9.997979956557140335e-01 1.321007152504780855e-06 9.998610251653553549e-01 1.321307311838097283e-06
2.772883960581700194e+03 9.997982564491626478e-01 1.317619276027626122e-06 9.998612049554330694e-01 1.317917627610554060e-06
2.779707455581699833e+03 9.997992514582156875e-01 1.304704814699542564e-06 9.998618913055832280e-01 1.304994521528451497e-06
2.785107456435699987e+03 9.998000339988488694e-01 1.294501709809202560e-06 9.998624309721174663e-01 1.294784436456308668e-06
2.786997792544700133e+03 9.998003068141024796e-01 1.291008866849320764e-06 9.998626191486985615e-01 1.291286420863011484e-06
2.793746484324400171e+03 9.998012760185746028e-01 1.278594462052268870e-06 9.998632876716255780e-01 1.278853606423610916e-06
2.799146486435700353e+03 9.998020466493902081e-01 1.268690109432539742e-06 9.998638191400304187e-01 1.268933946242677628e-06
2.801410201184100515e+03 9.998023684331620586e-01 1.264607106983638269e-06 9.998640410315979832e-01 1.264841855564092015e-06
2.807822847963800086e+03 9.998032754552826917e-01 1.253075755343637827e-06 9.998646665569433933e-01 1.253284868427656651e-06
2.813222851435699795e+03 9.998040341805513043e-01 1.243402151736556661e-06 9.998651899493812278e-01 1.243588880878722509e-06
2.815859947544699935e+03 9.998044033974643474e-01 1.238760201813403672e-06 9.998654445098333898e-01 1.238933756762903474e-06
2.821936554324400277e+03 9.998052496755265306e-01 1.228089079959876187e-06 9.998660281892418622e-01 1.228232402309905809e-06
2.827336556435699549e+03 9.998059972434671927e-01 1.218650712842373431e-06 9.998665437779739040e-01 1.218766313288089848e-06
2.830347028801999841e+03 9.998064121921050873e-01 1.213475007703821888e-06 9.998668299328706821e-01 1.213573381057153352e-06
2.836087595581699588e+03 9.998071996128810035e-01 1.203675902685804514e-06 9.998673729989515646e-01 1.203741548231677442e-06
2.841487596435699743e+03 9.998079361173749513e-01 1.194526477354343920e-06 9.998678808741677804e-01 1.194560663168426884e-06
2.844871448802000486e+03 9.998083952499342564e-01 1.188869149408709664e-06 9.998681975687463419e-01 1.188882503825684663e-06
2.850275975581700095e+03 9.998091254608789669e-01 1.179850560720053748e-06 9.998687010748110726e-01 1.179830749537934069e-06
2.855675976435699795e+03 9.998098508758893610e-01 1.170908402777906874e-06 9.998692013402025180e-01 1.170855173457135215e-06
2.859433208801999626e+03 9.998103531013537992e-01 1.164780944499856762e-06 9.998695476916994451e-01 1.164704055848413014e-06
2.864501695581700005e+03 9.998110273291678229e-01 1.156551850496045474e-06 9.998700127008891547e-01 1.156443127180547096e-06
2.869901696435700160e+03 9.998117419977053943e-01 1.147850366401934076e-06 9.998705054799718051e-01 1.147707953612037193e-06
2.874032306184099980e+03 9.998122858730917883e-01 1.141258408429629602e-06 9.998708805018791113e-01 1.141090429662082963e-06
2.878764752963800220e+03 9.998129060515840161e-01 1.133740432234679972e-06 9.998713081580177242e-01 1.133543215145046121e-06
2.884164756435700383e+03 9.998136100260643921e-01 1.125254210859252211e-06 9.998717936012692098e-01 1.125024601010273887e-06
2.888668742544700308e+03 9.998141939338327511e-01 1.118260684642881969e-06 9.998721963144139302e-01 1.118004894621147998e-06
2.893065144324400080e+03 9.998147614084176293e-01 1.111464472249060242e-06 9.998725876036508309e-01 1.111183152680611858e-06
2.898465146435700262e+03 9.998154547945912185e-01 1.103176401716708594e-06 9.998730657580072734e-01 1.102865286042239973e-06
2.903342513802000212e+03 9.998160777795094267e-01 1.095735385627218664e-06 9.998734953211363408e-01 1.095398492188620219e-06
2.907402875581700300e+03 9.998165941232939335e-01 1.089562687234499778e-06 9.998738513132328087e-01 1.089204333460489495e-06
2.912802876435700000e+03 9.998172773607671981e-01 1.081475160822797679e-06 9.998743224574087041e-01 1.081090824289310746e-06
2.918053623801999947e+03 9.998179381481354655e-01 1.073690662620197730e-06 9.998747780258990803e-01 1.073282602030510923e-06
2.921777945581700351e+03 9.998184044242002244e-01 1.068189969389310456e-06 9.998750996020528969e-01 1.067765055995447036e-06
2.927177946435700051e+03 9.998190777482686142e-01 1.060311066081895962e-06 9.998755637943700370e-01 1.059864828335779642e-06
2.932802071184099987e+03 9.998197746935552077e-01 1.052162257917513131e-06 9.998760443903718098e-01 1.051695313177269880e-06
2.936190352963800251e+03 9.998201926615685187e-01 1.047271831408381588e-06 9.998763326000829066e-01 1.046792369642367377e-06
2.941590356435699960e+03 9.998208559876335944e-01 1.039581400956560493e-06 9.998767899218707900e-01 1.039085756833346939e-06
2.947587858802000028e+03 9.998215881636707270e-01 1.031089967960598138e-06 9.998772947901723995e-01 1.030577754036612483e-06
2.950640100581700153e+03 9.998219591093139291e-01 1.026789223178157113e-06 9.998775505626910087e-01 1.026268523397064356e-06
2.956040101435699853e+03 9.998226127882324787e-01 1.019304763627636533e-06 9.998780011752719243e-01 1.018773556153876338e-06
2.962410981184099910e+03 9.998233790606573246e-01 1.010516815329423831e-06 9.998785295005712115e-01 1.009974421214492598e-06
2.965127182963800351e+03 9.998237040831228217e-01 1.006783197095125793e-06 9.998787536802029585e-01 1.006235973655096068e-06
2.970527186435700060e+03 9.998243480273891759e-01 9.994892458723816516e-07 9.998791976301518725e-01 9.989371647572207794e-07
2.977271446184100114e+03 9.998251472831424236e-01 9.904156288974991901e-07 9.998797486190083017e-01 9.898582818089960946e-07
2.979651602963800087e+03 9.998254280063795241e-01 9.872246743559852725e-07 9.998799421717569080e-01 9.866654101100807255e-07
2.985051606435700251e+03 9.998260626070273327e-01 9.800883744785027966e-07 9.998803796022065482e-01 9.795296451983498837e-07
2.992155131435699786e+03 9.998268917558078561e-01 9.707233455201686079e-07 9.998809512875069805e-01 9.701656751947287907e-07
2.999613366435700300e+03 9.998277560837151023e-01 9.610457559781426888e-07 9.998815471763534690e-01 9.604940211090397901e-07
3.006735561435699765e+03 9.998285755346312254e-01 9.518577824507286801e-07 9.998821120442177302e-01 9.513134585224265329e-07
3.008812460581700179e+03 9.998288134911619274e-01 9.491929161639404554e-07 9.998822760400786214e-01 9.486509985353898672e-07
3.014581283802000144e+03 9.998294715055361381e-01 9.418706433142576466e-07 9.998827296624416272e-01 9.413393354017371989e-07
3.021353326435700183e+03 9.998302391680986556e-01 9.332873506314994683e-07 9.998832588731998428e-01 9.327684430065206422e-07
3.023448897963799936e+03 9.998304758356678645e-01 9.306659359850916211e-07 9.998834219864926043e-01 9.301513321602328673e-07
3.029572431184099969e+03 9.998311639258545824e-01 9.231638184548645761e-07 9.998838964181220312e-01 9.226646633600130426e-07
3.036008431435699549e+03 9.998318829737505853e-01 9.152914167610054624e-07 9.998843919904493172e-01 9.148084553749573232e-07
3.038122667963799813e+03 9.998321181704613592e-01 9.127304193158607887e-07 9.998845541023931860e-01 9.122533995640954360e-07
3.044600911184099914e+03 9.998328355676181500e-01 9.049350045980368502e-07 9.998850486153582073e-01 9.044781219348502759e-07
3.050700871435700265e+03 9.998335068792986169e-01 8.976002668157098833e-07 9.998855113642679537e-01 8.971623100109488900e-07
3.052833777963800003e+03 9.998337407615497385e-01 8.950693798371299718e-07 9.998856725549786217e-01 8.946386550174209405e-07
3.059666731184099717e+03 9.998344864671769860e-01 8.870353603824123840e-07 9.998861865353274592e-01 8.866287633848836765e-07
3.065430651435699929e+03 9.998351116291328555e-01 8.802671219598457904e-07 9.998866174269961382e-01 8.798808489417722263e-07
3.067582227963800051e+03 9.998353439852490920e-01 8.777839338264462769e-07 9.998867776408674191e-01 8.774058076294527916e-07
3.074769891184099833e+03 9.998361169621744482e-01 8.695651661052620133e-07 9.998873104054495364e-01 8.692145655072256447e-07
3.082340137544699701e+03 9.998369250916643303e-01 8.609698573016258090e-07 9.998878674396584065e-01 8.606485967627841483e-07
3.089602219324399812e+03 9.998376947455829278e-01 8.528267040662718601e-07 9.998883978875464651e-01 8.525344192329047457e-07
3.095002221435700449e+03 9.998382637777979420e-01 8.467774013443906376e-07 9.998887899713562177e-01 8.465066488437175987e-07
3.097499301184100204e+03 9.998385257459976305e-01 8.440268673807282191e-07 9.998889705513471782e-01 8.437661779948074733e-07
3.104444012963800105e+03 9.998392510301062908e-01 8.364098339503401954e-07 9.998894704489686980e-01 8.361770345518131145e-07
3.109844016435699814e+03 9.998398118316421668e-01 8.305113522965936928e-07 9.998898568986768209e-01 8.303001590011825221e-07
3.112695806184100093e+03 9.998401066422680783e-01 8.274547865500301731e-07 9.998900601313024383e-01 8.272548276828067446e-07
3.119323142963799910e+03 9.998407888629812224e-01 8.203826005331710293e-07 9.998905302814883322e-01 8.202086714181349627e-07
3.124723146435700073e+03 9.998413415378213376e-01 8.146477331966181988e-07 9.998909111535869698e-01 8.144947893554838900e-07
3.127929646184099965e+03 9.998416684506920005e-01 8.112911344530250814e-07 9.998911363898868032e-01 8.111501593245435343e-07
3.134239612963800028e+03 9.998423085523719944e-01 8.047033749390398459e-07 9.998915775133556672e-01 8.045858977752648772e-07
3.139639616435699736e+03 9.998428532180426709e-01 7.990991243332600317e-07 9.998919529165428699e-01 7.990012790340083483e-07
3.143200823801999832e+03 9.998432111203310324e-01 7.954664869642562987e-07 9.998921994689697890e-01 7.953807082740573445e-07
3.149193420581699684e+03 9.998438101530406907e-01 7.893838374817953453e-07 9.998926123241046460e-01 7.893183363597936842e-07
3.154593421435700293e+03 9.998443471332659760e-01 7.839334778263362456e-07 9.998929823529777439e-01 7.838855561866995476e-07
3.158509336184100448e+03 9.998447348405562485e-01 7.800199759885217357e-07 9.998932494914738456e-01 7.799837512355581436e-07
3.164184562963800090e+03 9.998452939536354167e-01 7.743602002390909224e-07 9.998936348162241750e-01 7.743409230211602037e-07
3.169584566435700253e+03 9.998458233342778501e-01 7.690099593701686301e-07 9.998939995920508306e-01 7.690058002211840590e-07
3.173855191184100022e+03 9.998462401754781848e-01 7.648289954004516680e-07 9.998942867612224950e-01 7.648355100405769311e-07
3.179213042963800035e+03 9.998467606964976939e-01 7.596034278557626173e-07 9.998946453800887646e-01 7.596233514027473330e-07
3.184613046435700198e+03 9.998472825682453990e-01 7.543894482780120721e-07 9.998950049881586422e-01 7.544215430723697941e-07
3.189238381184100035e+03 9.998477275569448430e-01 7.499806680303152935e-07 9.998953115490544219e-01 7.500217469003579290e-07
3.194278862963799838e+03 9.998482100491488112e-01 7.451911338985901470e-07 9.998956440391840728e-01 7.452420378088946526e-07
3.199678866435700002e+03 9.998487245402405410e-01 7.401172994711060489e-07 9.998959985505528891e-01 7.401771805064668756e-07
3.204658911184099907e+03 9.998491967625021681e-01 7.354959139987296519e-07 9.998963238753030280e-01 7.355626806053230274e-07
3.209382022963799955e+03 9.998496425594307624e-01 7.311207737863020049e-07 9.998966309885297665e-01 7.311941171992929065e-07
3.214782026435699663e+03 9.998501497118872372e-01 7.261557404670780983e-07 9.998969804443306186e-01 7.262346941239636882e-07
3.220116781184100091e+03 9.998506481232972698e-01 7.212905647637833231e-07 9.998973239098527532e-01 7.213736211096992500e-07
3.224522517963800055e+03 9.998510581334953962e-01 7.172945017097779896e-07 9.998976063377059686e-01 7.173809999790288506e-07
3.229922521435700219e+03 9.998515583316327504e-01 7.124650336459015409e-07 9.998979509173816504e-01 7.125536764105430574e-07
3.235611986184100260e+03 9.998520825453010019e-01 7.074185841255716447e-07 9.998983120463417196e-01 7.075081988793758301e-07
3.239700347963800141e+03 9.998524573068381383e-01 7.038034319142294416e-07 9.998985703196201502e-01 7.038938013162519361e-07
3.245100351435700304e+03 9.998529504971715998e-01 6.990923841987656125e-07 9.998989100479734882e-01 6.991815255722782408e-07
3.251144526184099959e+03 9.998534993218065603e-01 6.938577574567429395e-07 9.998992881935545585e-01 6.939444116067936431e-07
3.254915522963799958e+03 9.998538403746813907e-01 6.905998264450926336e-07 9.998995230923769517e-01 6.906849831801225736e-07
3.260315526435700122e+03 9.998543264605748160e-01 6.859967010804736083e-07 9.998998580015858728e-01 6.860775909698806825e-07
3.266714406184099971e+03 9.998548993482930802e-01 6.805792627963826467e-07 9.999002526835685245e-01 6.806542754329568078e-07
3.270168027963799886e+03 9.998552071092072779e-01 6.776710447784461298e-07 9.999004647333469276e-01 6.777429337102087287e-07
3.275568031435700050e+03 9.998556865788912340e-01 6.731929379097262709e-07 9.999007949833133013e-01 6.732577404429804329e-07
3.282321626184099841e+03 9.998562826379047142e-01 6.676201402345612872e-07 9.999012056307230445e-01 6.676754563440236901e-07
3.285457877963800001e+03 9.998565581930675128e-01 6.650405215911273685e-07 9.999013954669753179e-01 6.650914734154412634e-07
3.290857881435700165e+03 9.998570309361887176e-01 6.606734028456337069e-07 9.999017210891557594e-01 6.607148953647657526e-07
3.297966183802000160e+03 9.998576495120879981e-01 6.549489057390759743e-07 9.999021471920462867e-01 6.549775924540027835e-07
3.300785060581700236e+03 9.998578938073677813e-01 6.526844612759651088e-07 9.999023154251797108e-01 6.527081028577797538e-07
3.306185061435699936e+03 9.998583598605603751e-01 6.483752899085106484e-07 9.999026364535417155e-01 6.483876965427695586e-07
3.313648076184099864e+03 9.998590001868480348e-01 6.424353090829011835e-07 9.999030775523802816e-01 6.424320550254506991e-07
3.316149587963800059e+03 9.998592137406489000e-01 6.404534363491503865e-07 9.999032247315375876e-01 6.404449570239683504e-07
3.321549591435699767e+03 9.998596735063025598e-01 6.363059828776134252e-07 9.999035413780235082e-01 6.362849396924238646e-07
3.329082501435700124e+03 9.998603107263543954e-01 6.305284789449474214e-07 9.999039803712277408e-01 6.304899154203996959e-07
3.331551447963800001e+03 9.998605185755188307e-01 6.286438103981865885e-07 9.999041235985149934e-01 6.285994894902417619e-07
3.337236261184100385e+03 9.998609956990739400e-01 6.243733266280516568e-07 9.999044522054540973e-01 6.243151925807257330e-07
3.344503026435700122e+03 9.998616019049236803e-01 6.189216990714856185e-07 9.999048697502607164e-01 6.188459221912251421e-07
3.346990642963800383e+03 9.998618084665464867e-01 6.170638810884443655e-07 9.999050120484327397e-01 6.169820626851483532e-07
3.353011501184099870e+03 9.998623066316664199e-01 6.125858958111145614e-07 9.999053551631548187e-01 6.124893996262954640e-07
3.359960896435700306e+03 9.998628783621825722e-01 6.074245779810421378e-07 9.999057489236824470e-01 6.073111490597403757e-07
3.362467180581699722e+03 9.998630835243218495e-01 6.055829338633294365e-07 9.999058903139957932e-01 6.054634787475432500e-07
3.368824073801999475e+03 9.998636022745552854e-01 6.009765931297586197e-07 9.999062475739576294e-01 6.008422110894278846e-07
3.375456096435700147e+03 9.998641402564453218e-01 5.961786275569404463e-07 9.999066181181680557e-01 5.960286775465139585e-07
3.377981052963799812e+03 9.998643443391467267e-01 5.943795549010898780e-07 9.999067586573231470e-01 5.942239083767898728e-07
3.384673991184100032e+03 9.998648828688927459e-01 5.896718459092247347e-07 9.999071295472549137e-01 5.895017367519649095e-07
3.390988641435700629e+03 9.998653879272657585e-01 5.852348863282391860e-07 9.999074774149339095e-01 5.850511357537661517e-07
3.393532262963799894e+03 9.998655904697321128e-01 5.834614882054749027e-07 9.999076169708502881e-01 5.832726413880806973e-07
3.400561241184099799e+03 9.998661482603817818e-01 5.785896989251878943e-07 9.999080010705052590e-01 5.783874485591335822e-07
3.406558521435700186e+03 9.998666212128797248e-01 5.744388125019949555e-07 9.999083268679100911e-01 5.742251302946815350e-07
3.409120812963800290e+03 9.998668224987077302e-01 5.727020842614345774e-07 9.999084655482153305e-01 5.724841573132442652e-07
3.416485831184100334e+03 9.998673988680115698e-01 5.677533954119545983e-07 9.999088624370187084e-01 5.675238787614913821e-07
3.422165741435700056e+03 9.998678405757015497e-01 5.639430801513382204e-07 9.999091667031712038e-01 5.637046314365253801e-07
3.424746702963800089e+03 9.998680406526820885e-01 5.622402838329774991e-07 9.999093044870008828e-01 5.619986512235015611e-07
3.432410292963800202e+03 9.998686319503050646e-01 5.572095382091014282e-07 9.999097116905829585e-01 5.569588045986743986e-07
3.440409925581700008e+03 9.998692446949069002e-01 5.519757551606066618e-07 9.999101337589306748e-01 5.517166065415298054e-07
3.448092190581699924e+03 9.998698292913732466e-01 5.469641576142957298e-07 9.999105363443998584e-01 5.466990375608388241e-07
3.453492191435700079e+03 9.998702379478450197e-01 5.434455911709987532e-07 9.999108177683768695e-01 5.431764375616299766e-07
3.456465326184099922e+03 9.998704622849236001e-01 5.415555621035258308e-07 9.999109721880528046e-01 5.412853881625323320e-07
3.463811422963799941e+03 9.998710136886878042e-01 5.369126268449323633e-07 9.999113519052160726e-01 5.366399220760614954e-07
3.469211426435700105e+03 9.998714164792507075e-01 5.335160645648334305e-07 9.999116294159388074e-01 5.332418073164719101e-07
3.472520601184100087e+03 9.998716626282093678e-01 5.314654819214022804e-07 9.999117988874609564e-01 5.311915464514931550e-07
3.479567992963799952e+03 9.998721843562791145e-01 5.271139366365435100e-07 9.999121581340411069e-01 5.268406579073861349e-07
3.484967996435700115e+03 9.998725819289712158e-01 5.237911529806781800e-07 9.999124319133136929e-01 5.235187840965258645e-07
3.488613211184100237e+03 9.998728491077654157e-01 5.215691944013643045e-07 9.999126159667186542e-01 5.212986233471889290e-07
3.495361897963800402e+03 9.998733418824072849e-01 5.174626316993795314e-07 9.999129552624879125e-01 5.171953480993278067e-07
3.500761901435700111e+03 9.998737340856496125e-01 5.141977746728349675e-07 9.999132253547303728e-01 5.139336243378031590e-07
3.504743161184100245e+03 9.998740221198686440e-01 5.118388837397170829e-07 9.999134236800907294e-01 5.115781762829653651e-07
3.511193147963800584e+03 9.998744865605869725e-01 5.080297920307402188e-07 9.999137435007414698e-01 5.077746166661508240e-07
3.516593151435700292e+03 9.998748733523183940e-01 5.048550297691126421e-07 9.999140098840580970e-01 5.046050524081450634e-07
3.520910447544699764e+03 9.998751814910635805e-01 5.023385978962618435e-07 9.999142220060558417e-01 5.020938059646566043e-07
3.527061729324399948e+03 9.998756183020419686e-01 4.987563302017301894e-07 9.999145228202022118e-01 4.985188769921427595e-07
3.532461731435700585e+03 9.998760000431290429e-01 4.956342301025127351e-07 9.999147856601069417e-01 4.954037097166672282e-07
3.537115068801999769e+03 9.998763274474706808e-01 4.929855841403046462e-07 9.999150111383889872e-01 4.927617749468301603e-07
3.542967650581699672e+03 9.998767374919810269e-01 4.896667771751105341e-07 9.999152934743965604e-01 4.894513619250084635e-07
3.548367651435700282e+03 9.998771141204267909e-01 4.866206853868155907e-07 9.999155527570582347e-01 4.864134678017523156e-07
3.553357031184099924e+03 9.998774604149214262e-01 4.838239827190256153e-07 9.999157912282785610e-01 4.836249093753056399e-07
3.558910907963799673e+03 9.998778441579887488e-01 4.807288788810362879e-07 9.999160555010743190e-01 4.805388278507084551e-07
3.564310911435700291e+03 9.998782156639987040e-01 4.777564546645185353e-07 9.999163113000862912e-01 4.775754861035755091e-07
3.569636333802000536e+03 9.998785804802658994e-01 4.748577015770227493e-07 9.999165624292264409e-01 4.746860169072925368e-07
3.574891505581699676e+03 9.998789386610977825e-01 4.720078245470337269e-07 9.999168090874905879e-01 4.718452635087688065e-07
3.580291506435699830e+03 9.998793050713604691e-01 4.691123221389594100e-07 9.999170614190054929e-01 4.689592494550516300e-07
3.585952966184100205e+03 9.998796876542620504e-01 4.661061221069316072e-07 9.999173247667400011e-01 4.659630975858078103e-07
3.590909437963800428e+03 9.998800212265193110e-01 4.634748352945988760e-07 9.999175543147132972e-01 4.633405789945591379e-07
3.596309441435699682e+03 9.998803826600980438e-01 4.606374206255925272e-07 9.999178032461065735e-01 4.605126701497089273e-07
3.602306946184100070e+03 9.998807823926835203e-01 4.575154914272324455e-07 9.999180784306976877e-01 4.574012638785089383e-07
3.606964712963800139e+03 9.998810914117376436e-01 4.550992849138713532e-07 9.999182911873220059e-01 4.549932084995771372e-07
3.612364716435699847e+03 9.998814481342422900e-01 4.523317188625396981e-07 9.999185368090980353e-01 4.522347254469960228e-07
3.618698261184099920e+03 9.998818645086378076e-01 4.491086515937277506e-07 9.999188234758713545e-01 4.490220879739107869e-07
3.623057322963800289e+03 9.998821496808467657e-01 4.469017406341807379e-07 9.999190198680799613e-01 4.468223425008660390e-07
3.628457326435699997e+03 9.998825017355787992e-01 4.441888347508451708e-07 9.999192622174104539e-01 4.441177640738399625e-07
3.635126911184100209e+03 9.998829345277228109e-01 4.408502158291948761e-07 9.999195600813233220e-01 4.407891656974562001e-07
3.639187272963800297e+03 9.998831966401535709e-01 4.388252899502968281e-07 9.999197405759994162e-01 4.387703355591545611e-07
3.644587276435700005e+03 9.998835439161104510e-01 4.361931678045854170e-07 9.999199797030902115e-01 4.361454312797658179e-07
3.651592901184099446e+03 9.998839922917517331e-01 4.328046875423721032e-07 9.999202883380150508e-01 4.327659868991583235e-07
3.655354557963799380e+03 9.998842318971370435e-01 4.309880367785505379e-07 9.999204532994323547e-01 4.309541910357508125e-07
3.660754561435699998e+03 9.998845746035963655e-01 4.283976236030265825e-07 9.999206892265484203e-01 4.283696749703671373e-07
3.668096226184100487e+03 9.998850383950994569e-01 4.248887296620748694e-07 9.999210083724490161e-01 4.248685184420189450e-07
3.671559182963799685e+03 9.998852559738444779e-01 4.232399687270405789e-07 9.999211582003266763e-01 4.232234162821290501e-07
3.676959186435699849e+03 9.998855942255787665e-01 4.207152953491062740e-07 9.999213910310901232e-01 4.207031591918742174e-07
3.684636888802000158e+03 9.998860723210234447e-01 4.171369949828127420e-07 9.999217202228989354e-01 4.171309298913203944e-07
3.687801145581699984e+03 9.998862684897935615e-01 4.156654540893722355e-07 9.999218552973063723e-01 4.156619038362273733e-07
3.693201146435700139e+03 9.998866023458201635e-01 4.131955024519363974e-07 9.999220850608975253e-01 4.131947832640872396e-07
3.701182111435699426e+03 9.998870930687546732e-01 4.095546871105383486e-07 9.999224227747723903e-01 4.095580584793535926e-07
3.709480451435700616e+03 9.998875996262939214e-01 4.058087390525422318e-07 9.999227715377817516e-01 4.058148568479897156e-07
3.717480081435700413e+03 9.998880847470538180e-01 4.022178546305546808e-07 9.999231055403213775e-01 4.022258579270009328e-07
3.720397082963800131e+03 9.998882610035196850e-01 4.009196271566767327e-07 9.999232268474327334e-01 4.009282468921293727e-07
3.726147241184100494e+03 9.998886072288266647e-01 3.984576314856042716e-07 9.999234651036390531e-01 3.984661197803641992e-07
3.733815391435700349e+03 9.998890659213557353e-01 3.951789049371956509e-07 9.999237809454708525e-01 3.951872443917143456e-07
3.736751059324400103e+03 9.998892410897596283e-01 3.939235651439034708e-07 9.999239014017324845e-01 3.939316834047681387e-07
3.742818582544699893e+03 9.998896013510236713e-01 3.913108069707120265e-07 9.999241493690030902e-01 3.913171426146278538e-07
3.750188031435699941e+03 9.998900365643949018e-01 3.881434600741103913e-07 9.999244489521336154e-01 3.881476554391177172e-07
3.753142372963799971e+03 9.998902105131330931e-01 3.868940931533166328e-07 9.999245686219279117e-01 3.868972302702450287e-07
3.759527271184100300e+03 9.998905844121254161e-01 3.842706543179407279e-07 9.999248260965343249e-01 3.842705252786396253e-07
3.766598016435749742e+03 9.998909967731017812e-01 3.813695929868765337e-07 9.999251097845720526e-01 3.813658691317724687e-07
3.769571022963849828e+03 9.998911692673071450e-01 3.801536112187991410e-07 9.999252285412006946e-01 3.801481446452897269e-07
3.776273291184099435e+03 9.998915568846106217e-01 3.774228883296257780e-07 9.999254952778398042e-01 3.774127488585037372e-07
3.783045331435750086e+03 9.998919462837778660e-01 3.746674757568139378e-07 9.999257633162019765e-01 3.746526342785814161e-07
3.786037007963850101e+03 9.998921174470029039e-01 3.734614923712824096e-07 9.999258812273817965e-01 3.734443306768620939e-07
3.793056651184100247e+03 9.998925181590867517e-01 3.706549958250211164e-07 9.999261569432872365e-01 3.706318587572900125e-07
3.799529991435700140e+03 9.998928855713777875e-01 3.680708377785417624e-07 9.999264098086751984e-01 3.680422063688635394e-07
3.802540337963799630e+03 9.998930559469015877e-01 3.668858367347534969e-07 9.999265270038991682e-01 3.668544194436693679e-07
3.809877351184099098e+03 9.998934688923922787e-01 3.640242429582244798e-07 9.999268113109827105e-01 3.639857000767893448e-07
3.816051986435700201e+03 9.998938146265397009e-01 3.616198077883326305e-07 9.999270493147046635e-01 3.615752807943267622e-07
3.819081002963799619e+03 9.998939837598185276e-01 3.604545001078531222e-07 9.999271656843008449e-01 3.604068890389854592e-07
3.826735391184099626e+03 9.998944091883329444e-01 3.575282102911440352e-07 9.999274584584068037e-01 3.574726720010944084e-07
3.832611321435750142e+03 9.998947338701009713e-01 3.552852615104422920e-07 9.999276819850537734e-01 3.552236480156503353e-07
3.835659002963850526e+03 9.998949020834746459e-01 3.541481562683046866e-07 9.999277976126392797e-01 3.540833051550232053e-07
3.843630761184099811e+03 9.998953391725505790e-01 3.512015514200769736e-07 9.999280984940044359e-01 3.511281976882634696e-07
3.849207991435700023e+03 9.998956435231961537e-01 3.491457791584164569e-07 9.999283079090671711e-01 3.490664846740373659e-07
3.852274344324399863e+03 9.998958102185888652e-01 3.480178587884197241e-07 9.999284226384420604e-01 3.479353079895530172e-07
3.860441999324450080e+03 9.998962524320055278e-01 3.450187285532391393e-07 9.999287269337761019e-01 3.449275230695909764e-07
3.865842001435750262e+03 9.998965432716849788e-01 3.430393842249464559e-07 9.999289270771098970e-01 3.429424683617096226e-07
3.869048497544700695e+03 9.998967153297252386e-01 3.419058209809522973e-07 9.999290455143460266e-01 3.418056322054998268e-07
3.877113344324400259e+03 9.998971461207800671e-01 3.390625221580912979e-07 9.999293420423068790e-01 3.389541205386222334e-07
3.882513346435700441e+03 9.998974333318593199e-01 3.371624817198033407e-07 9.999295396046122830e-01 3.370486202864364076e-07
3.886037216184100089e+03 9.998976197359401574e-01 3.359284282067335113e-07 9.999296679959660539e-01 3.358112551143221712e-07
3.893822027963799883e+03 9.998980304954621090e-01 3.332145435270012610e-07 9.999299505661329857e-01 3.330900710623481560e-07
3.899222031435700501e+03 9.998983137253378839e-01 3.313422401836787509e-07 9.999301455268302385e-01 3.312127892891009392e-07
3.903063276184099777e+03 9.998985145764133220e-01 3.300336880649097583e-07 9.999302837316852433e-01 3.299010561847309261e-07
3.910568052963800255e+03 9.998989052232443164e-01 3.274784218717825695e-07 9.999305525430820518e-01 3.273395869837425284e-07
3.915968056435700419e+03 9.998991847668445843e-01 3.256453694367432542e-07 9.999307449818154447e-01 3.255022146953907371e-07
3.920126671184100815e+03 9.998993996657186134e-01 3.242556289653627510e-07 9.999308927261503221e-01 3.241095951043884150e-07
3.927351412963799703e+03 9.998997706379638695e-01 3.218519744107292944e-07 9.999311480968146038e-01 3.217009430103899790e-07
3.932751416435700321e+03 9.999000467370562362e-01 3.200586151391908336e-07 9.999313380758689807e-01 3.199040455418793306e-07
3.937227401184099563e+03 9.999002746040711598e-01 3.185707695668297997e-07 9.999314949279596298e-01 3.184137477107713828e-07
3.944172112963799918e+03 9.999006268789724095e-01 3.162682157476995365e-07 9.999317372945210058e-01 3.161073862331530022e-07
3.949572116435700082e+03 9.999008993860590833e-01 3.144958781100956418e-07 9.999319248625486711e-01 3.143323769737098737e-07
3.954365471184099988e+03 9.999011405630133797e-01 3.129575720019823729e-07 9.999320907483770782e-01 3.127922738847875585e-07
3.961030147963799664e+03 9.999014743440540753e-01 3.108222183137907393e-07 9.999323203583446729e-01 3.106544116146155824e-07
3.966430151435699827e+03 9.999017433069335992e-01 3.090980042312402005e-07 9.999325054949486091e-01 3.089285165324503809e-07
3.971540881184100272e+03 9.999019970395962575e-01 3.074767618613206470e-07 9.999326800533213655e-01 3.073062606399403822e-07
3.977925522963800177e+03 9.999023126845025811e-01 3.054606701027259113e-07 9.999328971921956910e-01 3.052888854575282690e-07
3.983325526435700340e+03 9.999025781360499909e-01 3.037751246749255719e-07 9.999330799596826136e-01 3.036026828228188496e-07
3.988753626184100540e+03 9.999028442407179584e-01 3.021027831731957606e-07 9.999332629943258333e-01 3.019302716470506734e-07
3.994858232963800219e+03 9.999031420695158046e-01 3.002233900150943782e-07 9.999334679116133051e-01 3.000507776340731442e-07
4.000258236435699928e+03 9.999034041989712795e-01 2.985720474140861582e-07 9.999336483577986323e-01 2.983997902243657973e-07
4.006003708801999892e+03 9.999036820484730193e-01 2.968359628250231333e-07 9.999338395641685917e-01 2.966645969115110607e-07
4.011828285581700129e+03 9.999039629176547095e-01 2.950857021648402915e-07 9.999340326539004620e-01 2.949152130431055026e-07
4.017228286435699374e+03 9.999042216680406048e-01 2.934774477427616644e-07 9.999342107919422240e-01 2.933082988211954685e-07
4.023291128802000003e+03 9.999045111200458580e-01 2.916824628120678103e-07 9.999344099667548669e-01 2.915153328382772339e-07
4.028835670581750037e+03 9.999047747275680020e-01 2.900416990217850959e-07 9.999345913360144777e-01 2.898763859118637520e-07
4.034235671435750191e+03 9.999050305739514144e-01 2.884603487102600180e-07 9.999347673025533734e-01 2.882973205192367819e-07
4.040615887544699945e+03 9.999053311416576939e-01 2.866107224869693747e-07 9.999349741965627425e-01 2.864508103909949092e-07
4.045880399324399605e+03 9.999055783094485950e-01 2.850914100505203272e-07 9.999351442227898401e-01 2.849340380057614994e-07
4.051280401435699787e+03 9.999058308976090936e-01 2.835410838733103124e-07 9.999353179451883067e-01 2.833868315149573769e-07
4.057977986184100246e+03 9.999061426087504367e-01 2.816232999308814328e-07 9.999355324095667852e-01 2.814732576967936557e-07
4.062962462963800135e+03 9.999063736471962560e-01 2.802005076669538689e-07 9.999356913478286701e-01 2.800535677540225806e-07
4.068362466435699389e+03 9.999066229056008392e-01 2.786976805972329015e-07 9.999358628691118467e-01 2.785545817276617163e-07
4.075377422544700039e+03 9.999069452347849607e-01 2.767695073274528998e-07 9.999360846345337617e-01 2.766316535384282161e-07
4.080081864324399703e+03 9.999071603239182426e-01 2.754782748047706766e-07 9.999362326741665363e-01 2.753439102301257474e-07
4.085481866435699885e+03 9.999074064562548658e-01 2.739967853171895156e-07 9.999364020027610156e-01 2.738668489314327968e-07
4.092814193801999409e+03 9.999077392404042142e-01 2.719905839902846279e-07 9.999366308815111903e-01 2.718668313659565656e-07
4.097238600581700666e+03 9.999079392484870876e-01 2.707855702110520517e-07 9.999367684141161616e-01 2.706655226067789700e-07
4.102638601435700366e+03 9.999081823185429485e-01 2.693420377660820408e-07 9.999369356296535782e-01 2.692268165460935498e-07
4.110288303801999064e+03 9.999085245793879473e-01 2.673078706040732249e-07 9.999371712605418239e-01 2.671995690292789465e-07
4.114432680581749082e+03 9.999087094568802625e-01 2.662069305678900965e-07 9.999372984140498799e-01 2.661023547848149857e-07
4.119832681435750601e+03 9.999089497038997632e-01 2.647558379331141358e-07 9.999374635608275774e-01 2.646563685044737080e-07
4.127799751184099478e+03 9.999093021145650795e-01 2.626162472443416850e-07 9.999377059814618107e-01 2.625243526729729790e-07
4.131664092963800613e+03 9.999094722033344818e-01 2.615815148061103801e-07 9.999378230503407350e-01 2.614932760726877284e-07
4.137064096435700776e+03 9.999097092868570735e-01 2.602021325727386041e-07 9.999379861413697501e-01 2.601190469165510683e-07
4.145348541184100213e+03 9.999100711390096485e-01 2.581005318761284584e-07 9.999382350490141347e-01 2.580253381556097110e-07
4.148932847963849781e+03 9.999102270652103774e-01 2.571946786485692278e-07 9.999383422757359696e-01 2.571228850252564565e-07
4.154332851435749944e+03 9.999104610244071711e-01 2.558266701570501514e-07 9.999385032506983295e-01 2.557599240154430493e-07
4.162836546435749369e+03 9.999108276347657975e-01 2.536752584783077887e-07 9.999387554882734896e-01 2.536164394161630799e-07
4.166238937963849821e+03 9.999109737465863290e-01 2.528170193407839560e-07 9.999388559968408474e-01 2.527613568316609308e-07
4.171737061184100639e+03 9.999112092864489432e-01 2.514597626804264767e-07 9.999390179249643129e-01 2.514089646580648730e-07
4.180161301435699897e+03 9.999115679687005098e-01 2.493842162113398763e-07 9.999392646902266479e-01 2.493408618597808273e-07
4.183582362963799824e+03 9.999117130570935874e-01 2.485447354830583880e-07 9.999393644819486449e-01 2.485043683202523555e-07
4.189379191184099909e+03 9.999119580673749841e-01 2.471247313010080483e-07 9.999395330091102041e-01 2.470890373691403715e-07
4.197523401435750202e+03 9.999123004678956983e-01 2.451324701553756328e-07 9.999397685817797976e-01 2.451033360244968503e-07
4.200963132963849603e+03 9.999124444590595795e-01 2.442976028861472020e-07 9.999398676718377343e-01 2.442711641855294282e-07
4.207058661184099037e+03 9.999126989683421174e-01 2.428605720202820476e-07 9.999400427016740256e-01 2.428383956277123181e-07
4.214922836435700447e+03 9.999130255318360305e-01 2.410113234210037441e-07 9.999402673369099936e-01 2.409946445671210638e-07
4.218381237963800231e+03 9.999131686637392491e-01 2.401994336987149385e-07 9.999403657439810411e-01 2.401850537190412761e-07
4.224775471184099843e+03 9.999134321843001771e-01 2.386956640188773808e-07 9.999405470084483660e-01 2.386849742037192137e-07
4.232359611435699662e+03 9.999137433298492805e-01 2.369147606780704980e-07 9.999407609811670206e-01 2.369084486899068302e-07
4.235836677963799957e+03 9.999138853297617757e-01 2.361131864692057793e-07 9.999408586892327699e-01 2.361087213430743177e-07
4.242529611184099849e+03 9.999141577372668843e-01 2.346083011483517183e-07 9.999410460736027906e-01 2.346068457314850780e-07
4.249833716435699898e+03 9.999144534790238570e-01 2.329668909607899971e-07 9.999412495211256191e-01 2.329687235021632984e-07
4.253329455581700131e+03 9.999145946726846201e-01 2.321805019263832546e-07 9.999413465561632908e-01 2.321836795046268763e-07
4.260321093801999268e+03 9.999148754775044612e-01 2.306087133314872588e-07 9.999415398011053391e-01 2.306140056459628844e-07
4.267345166435699866e+03 9.999151564441945972e-01 2.290335844612501878e-07 9.999417330435776963e-01 2.290410064150022453e-07
4.270859575581700483e+03 9.999152964834152613e-01 2.282578978926482143e-07 9.999418293769294364e-01 2.282661016541248560e-07
4.278149913801999901e+03 9.999155860925017514e-01 2.266706253200561850e-07 9.999420284791106228e-01 2.266799171152853454e-07
4.284893951435750751e+03 9.999158525641020923e-01 2.252058422047339987e-07 9.999422117240781560e-01 2.252161457960033346e-07
4.288427029324450814e+03 9.999159912763584401e-01 2.244464479501325043e-07 9.999423072907563936e-01 2.244569609890005627e-07
4.296016072544700364e+03 9.999162891714343804e-01 2.228177766780377629e-07 9.999425120043566872e-01 2.228282942159048300e-07
4.302480076435699630e+03 9.999165411818158322e-01 2.214296632513588932e-07 9.999426854068887982e-01 2.214401901603240444e-07
4.306031822963799641e+03 9.999166793535400055e-01 2.206764081862677145e-07 9.999427803987993579e-01 2.206866003196921522e-07
4.313919571184099368e+03 9.999169846166814368e-01 2.190103909915886875e-07 9.999429904231148525e-01 2.190194995284865347e-07
4.320103541435700208e+03 9.999172228459727307e-01 2.177040237518491609e-07 9.999431542940456774e-01 2.177122879231493327e-07
4.323673954324399347e+03 9.999173602928920213e-01 2.169572766948923804e-07 9.999432486719702640e-01 2.169646728541611652e-07
4.331860402544700264e+03 9.999176731583542255e-01 2.152593802301541355e-07 9.999434639600986996e-01 2.152645306306816789e-07
4.337764336435750010e+03 9.999178979060336925e-01 2.140395731352618864e-07 9.999436185149981338e-01 2.140431085623880292e-07
4.341353420581749560e+03 9.999180339853653843e-01 2.133124929363768270e-07 9.999437121424921138e-01 2.133146873907633813e-07
4.349838573802000610e+03 9.999183548603330918e-01 2.116086872390052240e-07 9.999439326723978949e-01 2.116075697315125255e-07
4.355462476435700410e+03 9.999185661852562079e-01 2.104837748037808987e-07 9.999440780523252137e-01 2.104804657662803552e-07
4.359070230581700343e+03 9.999187012831584065e-01 2.097751530183327144e-07 9.999441710108177839e-01 2.097701201594395166e-07
4.367797950581700206e+03 9.999190272520133149e-01 2.080577084589730566e-07 9.999443950356718958e-01 2.080484589178370980e-07
4.373197951435699906e+03 9.999192274343569053e-01 2.069932394527117665e-07 9.999445328563221214e-01 2.069813793534282467e-07
4.376880506184099431e+03 9.999193638330038381e-01 2.062760090570871022e-07 9.999446266217050239e-01 2.062620793268596577e-07
4.385570762963800917e+03 9.999196841875304109e-01 2.045905880231519745e-07 9.999448469173087828e-01 2.045717844788463575e-07
4.390970766435699261e+03 9.999198820434345159e-01 2.035481143561982726e-07 9.999449830950593032e-01 2.035262670757213123e-07
4.394952026184099850e+03 9.999200278557536237e-01 2.028007763467668170e-07 9.999450832638654418e-01 2.027764916030279243e-07
4.403380917963850152e+03 9.999203347599295855e-01 2.012174610178156432e-07 9.999452943059167209e-01 2.011880295363710546e-07
4.408780921435750315e+03 9.999205302945568530e-01 2.002038758729870232e-07 9.999454288419058479e-01 2.001711267529820418e-07
4.413060881184100253e+03 9.999206850876888319e-01 1.994132723944095043e-07 9.999455351913404400e-01 1.993777599140730106e-07
4.421228402963800363e+03 9.999209786592699878e-01 1.979092414334408704e-07 9.999457371438632558e-01 1.978684711850250002e-07
4.426628406435700526e+03 9.999211719188024761e-01 1.969155821016976148e-07 9.999458700558581103e-01 1.968713328112642842e-07
4.431207071184099732e+03 9.999213352843355773e-01 1.960677971208819353e-07 9.999459823844009110e-01 1.960205816046808540e-07
4.439113232963800328e+03 9.999216159435235785e-01 1.946089556496469948e-07 9.999461754825783588e-01 1.945566339841151235e-07
4.444513236435700492e+03 9.999218071310506106e-01 1.936214489217835463e-07 9.999463068721574643e-01 1.935656603469711767e-07
4.449390601184099978e+03 9.999219792955380548e-01 1.927509448525129447e-07 9.999464251468795917e-01 1.926920896676810473e-07
4.457035397963800278e+03 9.999222475438345192e-01 1.913912121291082536e-07 9.999466096334800325e-01 1.913275649113137856e-07
4.462435401435699532e+03 9.999224360088188046e-01 1.904384562547521345e-07 9.999467393391897607e-01 1.903714769532830767e-07
4.467611468801999763e+03 9.999226162029685172e-01 1.895400356343951558e-07 9.999468632572908744e-01 1.894699983978547184e-07
4.474994900581700676e+03 9.999228720992007213e-01 1.882572902180565713e-07 9.999470392564167032e-01 1.881829034809445966e-07
4.480394901435699467e+03 9.999230585172474983e-01 1.873215724595147889e-07 9.999471674426811951e-01 1.872441024345082929e-07
4.485869671184099388e+03 9.999232469073131568e-01 1.863820688437616162e-07 9.999472969432968705e-01 1.863016814409464567e-07
4.492991737963850028e+03 9.999234906873726292e-01 1.851650429933974588e-07 9.999474646434826086e-01 1.850808708528883203e-07
4.498391741435750191e+03 9.999236751404460000e-01 1.842497536948130826e-07 9.999475913514727088e-01 1.841628611239415714e-07
4.504165216184100245e+03 9.999238709940713177e-01 1.832806773263394588e-07 9.999477261720965959e-01 1.831911410206474581e-07
4.511025917963799657e+03 9.999241031809461555e-01 1.821321299050322552e-07 9.999478858025306893e-01 1.820394587223727263e-07
4.516425921435699820e+03 9.999242852921284008e-01 1.812330943197283247e-07 9.999480109586753596e-01 1.811381389142783782e-07
4.522498096184100177e+03 9.999244889152306692e-01 1.802307124757671653e-07 9.999481510722512123e-01 1.801334626240843968e-07
4.529097432963800202e+03 9.999247096254698652e-01 1.791449142238641238e-07 9.999483027833956372e-01 1.790451738646108579e-07
4.534497436435699456e+03 9.999248894570008650e-01 1.782667876469674037e-07 9.999484264230866781e-01 1.781652700558336401e-07
4.540868316184099967e+03 9.999251007340933528e-01 1.772423103281749805e-07 9.999485717016728392e-01 1.771390275028123373e-07
4.547206287963800605e+03 9.999253099919389598e-01 1.762243015574861000e-07 9.999487156095553386e-01 1.761192627474772353e-07
4.552606291435699859e+03 9.999254877496620564e-01 1.753629324562046909e-07 9.999488377849111709e-01 1.752566788054825291e-07
4.559275873802000206e+03 9.999257060369424188e-01 1.743081207262959313e-07 9.999489879916070301e-01 1.742006682516456264e-07
4.565352480581699638e+03 9.999259044686702458e-01 1.733511115799798245e-07 9.999491243534581741e-01 1.732425637567253794e-07
4.570752481435699337e+03 9.999260799249743981e-01 1.725046246284975811e-07 9.999492450240353714e-01 1.723954243089940779e-07
4.577720766184100285e+03 9.999263057080368666e-01 1.714164055901152196e-07 9.999494001743612914e-01 1.713066515535078055e-07
4.583536007963849443e+03 9.999264928516727879e-01 1.705094841779443280e-07 9.999495289984777768e-01 1.703992615228066649e-07
4.588936011435750515e+03 9.999266662619817891e-01 1.696820511505545709e-07 9.999496482569890654e-01 1.695717349465633081e-07
4.596203001184100685e+03 9.999268986473558440e-01 1.685819569718888789e-07 9.999498080625859320e-01 1.684717694397367945e-07
4.601756877963800434e+03 9.999270755635534247e-01 1.677423414582703549e-07 9.999499296945526527e-01 1.676322435461179380e-07
4.607156881435700598e+03 9.999272471314105681e-01 1.669273208842138217e-07 9.999500475692926216e-01 1.668176794418435457e-07
4.614722571184100161e+03 9.999274863593407003e-01 1.657884267479793912e-07 9.999502119967890179e-01 1.656796486154751885e-07
4.620015082963800523e+03 9.999276527653961910e-01 1.649953320287231943e-07 9.999503264858061735e-01 1.648871470155874344e-07
4.625415086435699777e+03 9.999278220640263060e-01 1.642050270164761133e-07 9.999504429245668069e-01 1.640978136163243613e-07
4.633279481184099495e+03 9.999280676412677371e-01 1.630633137372724389e-07 9.999506117726613130e-01 1.629576893578148072e-07
4.638310627963849583e+03 9.999282242185834058e-01 1.623338192314238618e-07 9.999507193693248919e-01 1.622291989102084430e-07
4.643710631435750656e+03 9.999283916778241021e-01 1.615606877678201757e-07 9.999508344592923370e-01 1.614574937144942637e-07
4.651873726184099723e+03 9.999286432784046941e-01 1.603988884154735482e-07 9.999510075651281138e-01 1.602979729217226729e-07
4.656643507963849515e+03 9.999287898885670378e-01 1.597228699538721592e-07 9.999511083406217304e-01 1.596232723631620476e-07
4.662043511435749679e+03 9.999289554278261161e-01 1.589577677702443167e-07 9.999512220752037051e-01 1.588599995204270260e-07
4.670505308801999490e+03 9.999292132990722504e-01 1.577584750939588814e-07 9.999513994221740365e-01 1.576636539342047210e-07
4.675013725581749895e+03 9.999293501904449322e-01 1.571207182733318715e-07 9.999514935425144468e-01 1.570274538360372645e-07
4.680413726435750505e+03 9.999295135911935306e-01 1.563921896794835164e-07 9.999516059140401980e-01 1.563010900089748965e-07
4.689174228801999561e+03 9.999297775464599525e-01 1.552186623609605757e-07 9.999517873711567528e-01 1.551311126809314511e-07
4.693421285581749544e+03 9.999299046430933924e-01 1.546508431883270150e-07 9.999518748907333388e-01 1.545650013708539587e-07
4.698821286435751063e+03 9.999300664310289966e-01 1.539183307047012844e-07 9.999519859779061326e-01 1.538349007294793941e-07
4.707880488802000400e+03 9.999303360608829960e-01 1.526890706099137374e-07 9.999521713687458124e-01 1.526096882202175494e-07
4.717242953801999647e+03 9.999306131379707141e-01 1.514382889244804469e-07 9.999523618651348089e-01 1.513632567904378907e-07
4.726367276435749773e+03 9.999308817871958022e-01 1.502382532652855207e-07 9.999525464621892290e-01 1.501675820331135264e-07
4.730348407963850150e+03 9.999309983685580328e-01 1.497179766312574019e-07 9.999526266333489399e-01 1.496492010637581089e-07
4.736005221184100265e+03 9.999311635011678412e-01 1.489721111385566415e-07 9.999527401938367310e-01 1.489061386414007913e-07
4.744868181435699626e+03 9.999314213815415631e-01 1.478033655163898153e-07 9.999529173897266920e-01 1.477417662766575822e-07
4.748867980581700067e+03 9.999315371893916504e-01 1.472773921520272155e-07 9.999529970181531002e-01 1.472177575375998279e-07
4.754804823802001010e+03 9.999317083348943092e-01 1.465221426478380940e-07 9.999531147873089720e-01 1.464654508706585485e-07
4.763406421435750417e+03 9.999319555179025931e-01 1.454303828744971521e-07 9.999532847075616182e-01 1.453779389791711259e-07
4.767424892963849743e+03 9.999320705978167467e-01 1.449240114592499033e-07 9.999533637923991858e-01 1.448735431825746570e-07
4.773641771184099525e+03 9.999322479516891127e-01 1.441571849748331633e-07 9.999534857152445610e-01 1.441097810270884158e-07
4.781982001435699203e+03 9.999324847599054822e-01 1.431304293265718385e-07 9.999536485196545144e-01 1.430871228891666510e-07
4.786019137963799949e+03 9.999325991199187191e-01 1.426369797460410355e-07 9.999537270599840877e-01 1.425956215715849698e-07
4.792516051184099524e+03 9.999327821663513971e-01 1.418533336367931593e-07 9.999538529469937931e-01 1.418149958737916293e-07
4.800594916435699815e+03 9.999330087509489262e-01 1.408816138068076731e-07 9.999540087634242180e-01 1.408470210910862312e-07
4.804650720581700625e+03 9.999331222239784545e-01 1.403969023868424070e-07 9.999540867271987654e-01 1.403641465673476699e-07
4.811427663802000097e+03 9.999333108308119389e-01 1.395890636135463933e-07 9.999542164656265442e-01 1.395592572971665459e-07
4.819245166435699502e+03 9.999335279586976100e-01 1.386569953270919408e-07 9.999543655739830950e-01 1.386305830408992127e-07
4.823319642963800106e+03 9.999336403403707996e-01 1.381724407489368268e-07 9.999544429184158423e-01 1.381477202932826077e-07
4.830376621184101168e+03 9.999338346404404998e-01 1.373404729628831812e-07 9.999545764895737543e-01 1.373184976042765492e-07
4.837932756435750889e+03 9.999340419408948577e-01 1.364521584588805233e-07 9.999547189058217711e-01 1.364331161971802559e-07
4.842025899324449711e+03 9.999341537365040722e-01 1.359767278339492425e-07 9.999547957584857816e-01 1.359591744140620268e-07
4.849362912544700521e+03 9.999343532042956895e-01 1.351398253442702729e-07 9.999549329690771149e-01 1.351247438409701052e-07
4.856657686435750293e+03 9.999345506741399436e-01 1.343099609917883138e-07 9.999550687779023006e-01 1.342973329696473867e-07
4.860769500581750435e+03 9.999346619872691022e-01 1.338435487904676822e-07 9.999551451494114174e-01 1.338321835763421870e-07
4.868386543801999323e+03 9.999348669125779354e-01 1.329844511074465691e-07 9.999552859897881119e-01 1.329752332731379857e-07
4.875419951435750590e+03 9.999350550175057917e-01 1.321934537675445962e-07 9.999554153936522916e-01 1.321862164999384655e-07
4.879550435581750207e+03 9.999351652815212654e-01 1.317374731446892207e-07 9.999554911702386306e-01 1.317312405769149350e-07
4.887447513801999776e+03 9.999353753073634277e-01 1.308715108437021009e-07 9.999556354979830530e-01 1.308669954697210206e-07
4.894219556435699815e+03 9.999355546346666568e-01 1.301286273526738775e-07 9.999557587166306716e-01 1.301255833843804076e-07
4.898368707963800261e+03 9.999356640822555375e-01 1.296833477096046296e-07 9.999558339455586475e-01 1.296810138986982538e-07
4.906545821184099623e+03 9.999358788150294330e-01 1.288125740326871271e-07 9.999559816033711801e-01 1.288114471034848025e-07
4.913056496435749068e+03 9.999360491358747494e-01 1.281192107703626265e-07 9.999560986606832458e-01 1.281190447088235455e-07
4.917224315581750488e+03 9.999361578913505966e-01 1.276703329632526350e-07 9.999561733647526207e-01 1.276705919574700600e-07
4.925681463801999598e+03 9.999363776729843778e-01 1.267618153147466413e-07 9.999563243696876214e-01 1.267627899183602257e-07
4.931930776435699954e+03 9.999365390605124970e-01 1.260933172291234988e-07 9.999564353958217966e-01 1.260948210235458262e-07
4.936117267963799350e+03 9.999366468805432895e-01 1.256602157616707012e-07 9.999565095512482626e-01 1.256618461363596001e-07
4.944854451184099162e+03 9.999368715111306427e-01 1.247669183126282556e-07 9.999566637962136184e-01 1.247686863001158662e-07
4.950842396435749833e+03 9.999370244148581000e-01 1.241562482726385874e-07 9.999567689462371955e-01 1.241581114171363813e-07
4.955047552963849739e+03 9.999371316718607128e-01 1.237223323453717428e-07 9.999568426070017946e-01 1.237240243316561585e-07
4.964064771184100209e+03 9.999373604049094366e-01 1.227892507830466314e-07 9.999569998573814011e-01 1.227904891028768664e-07
4.969791351435700562e+03 9.999375051122934011e-01 1.221966708346246951e-07 9.999570993085193926e-01 1.221976218328210265e-07
4.974015177963800852e+03 9.999376114796829640e-01 1.217778709363887543e-07 9.999571724356057789e-01 1.217783640864808104e-07
4.983312431184100205e+03 9.999378444735026461e-01 1.208667147856359372e-07 9.999573326847909227e-01 1.208661534494631749e-07
4.988777646435701172e+03 9.999379811577221444e-01 1.203341319355741444e-07 9.999574265338765366e-01 1.203329512520636946e-07
4.993020139324400589e+03 9.999380868758253049e-01 1.199216553983579797e-07 9.999574991530978396e-01 1.199197653032314943e-07
5.002401274324400219e+03 9.999383191980758534e-01 1.190075705567317056e-07 9.999576589601549825e-01 1.190041057743725901e-07
5.007801276435699947e+03 9.999384525270158530e-01 1.184807247328974334e-07 9.999577505880455908e-01 1.184763445157361786e-07
5.012258591184099714e+03 9.999385623209813279e-01 1.180515744665951338e-07 9.999578260099222238e-01 1.180462318739791841e-07
5.021462242963799326e+03 9.999387880654017069e-01 1.171653641332817865e-07 9.999579811027569098e-01 1.171580387904364836e-07
5.026862246435700399e+03 9.999389197726213929e-01 1.166468092983373597e-07 9.999580716652430867e-01 1.166383003022509934e-07
5.031599596184100847e+03 9.999390349501336983e-01 1.162070855969904030e-07 9.999581508702084509e-01 1.161973449549764391e-07
5.040560547963799763e+03 9.999392523053617365e-01 1.153796430664583707e-07 9.999583001541312299e-01 1.153675788393878618e-07
5.045960551435699927e+03 9.999393825642892697e-01 1.148813576434692706e-07 9.999583896839396857e-01 1.148678730273707009e-07
5.050977936184099235e+03 9.999395035249677433e-01 1.144080329447094894e-07 9.999584726841836968e-01 1.143931095544049237e-07
5.059696192963800058e+03 9.999397120167715647e-01 1.135870675986695478e-07 9.999586161379290239e-01 1.135696516406916666e-07
5.065096196435699312e+03 9.999398408836517316e-01 1.130825442122398357e-07 9.999587046851405869e-01 1.130635615916606612e-07
5.070393616184100210e+03 9.999399670270860963e-01 1.126021252577211643e-07 9.999587913036329656e-01 1.125815094347417521e-07
5.078869177963800212e+03 9.999401677481749573e-01 1.118333438214642185e-07 9.999589292496675608e-01 1.118101235306768248e-07
5.084269181435699466e+03 9.999402949112327077e-01 1.113441063615867400e-07 9.999590167361880333e-01 1.113192091018273325e-07
5.089846631184100261e+03 9.999404260742578154e-01 1.108434062398556952e-07 9.999591068585588216e-01 1.108167198137112058e-07
5.098079497963850372e+03 9.999406189814720181e-01 1.101061723051099053e-07 9.999592393633006671e-01 1.100768532921270751e-07
5.103479501435749626e+03 9.999407447456355458e-01 1.096244851832996919e-07 9.999593258686593211e-01 1.095934418421551681e-07
5.109336983801999850e+03 9.999408806940337513e-01 1.091065241427788971e-07 9.999594193882980209e-01 1.090736218619361506e-07
5.117327155581750048e+03 9.999410660509703286e-01 1.084032751788172442e-07 9.999595465909433267e-01 1.083678457668858443e-07
5.122727156435749748e+03 9.999411904540607132e-01 1.079339472234340022e-07 9.999596321367700824e-01 1.078968193880036331e-07
5.128864676184099153e+03 9.999413314215305215e-01 1.074108037395727705e-07 9.999597290483815959e-01 1.073717714214892128e-07
5.136612152963800327e+03 9.999415089210841323e-01 1.067505075627505310e-07 9.999598509389450163e-01 1.067090788532152136e-07
5.142012156435700490e+03 9.999416318019200833e-01 1.062929042736422986e-07 9.999599354923737193e-01 1.062498454537351503e-07
5.148429708802000278e+03 9.999417778836167114e-01 1.057548617846940041e-07 9.999600357485638469e-01 1.057099482726966937e-07
5.155934485581699846e+03 9.999419475512644206e-01 1.051256122482665677e-07 9.999601524053448598e-01 1.050785362011379211e-07
5.161334486435699546e+03 9.999420691121897464e-01 1.046741856345482449e-07 9.999602360176809146e-01 1.046256164914196341e-07
5.168032071184099550e+03 9.999422194686002907e-01 1.041179008132457700e-07 9.999603393784181060e-01 1.040675887734854770e-07
5.175294157963799989e+03 9.999423819559221105e-01 1.035177370334656230e-07 9.999604510250967859e-01 1.034655405495425292e-07
5.180694161435699243e+03 9.999425024953819685e-01 1.030709085788710850e-07 9.999605337708614705e-01 1.030173898017555656e-07
5.187671781184100837e+03 9.999426571920010387e-01 1.024917482313126819e-07 9.999606401996306015e-01 1.024366369180436458e-07
5.194691167963800581e+03 9.999428126250992088e-01 1.019107362284219428e-07 9.999607469338960275e-01 1.018540268333478148e-07
5.200091171435699835e+03 9.999429314998924401e-01 1.014711275185780482e-07 9.999608286932969436e-01 1.014133108100719590e-07
5.207348826184099380e+03 9.999430909776342302e-01 1.008903920196694994e-07 9.999609382376386524e-01 1.008312387479783083e-07
5.214125512963850269e+03 9.999432391559792688e-01 1.003484080500716287e-07 9.999610400777573238e-01 1.002880091802557951e-07
5.219525516435750433e+03 9.999433570706601770e-01 9.992389901100927717e-08 9.999611210073513501e-01 9.986263984178841009e-08
5.227063206184100636e+03 9.999435204188420467e-01 9.933945377305486559e-08 9.999612333961529487e-01 9.927713244239825274e-08
5.233597197963849794e+03 9.999436620072371662e-01 9.883297025334639582e-08 9.999613305512494721e-01 9.876972878383563013e-08
5.238997201435749957e+03 9.999437783597399099e-01 9.840799022312386413e-08 9.999614105065468550e-01 9.834415353241985320e-08
5.246814926184099932e+03 9.999439459816107378e-01 9.778950041463785138e-08 9.999615257860205997e-01 9.772494881379508974e-08
5.253106222963799155e+03 9.999440804680730377e-01 9.729395547341582622e-08 9.999616182211288340e-01 9.722882825601398917e-08
5.258506226435699318e+03 9.999441957612541509e-01 9.688094998506610410e-08 9.999616973539727782e-01 9.681549656683734310e-08
5.266603982544700557e+03 9.999443676309714979e-01 9.627152602834506210e-08 9.999618154749350118e-01 9.620570617158587314e-08
5.272652584324400777e+03 9.999444954374915318e-01 9.581741470861841646e-08 9.999619033322736383e-01 9.575131908341106724e-08
5.278052586435700505e+03 9.999446090697736711e-01 9.541448475416715869e-08 9.999619814896530956e-01 9.534833491070664577e-08
5.286430376184100169e+03 9.999447851681936283e-01 9.479159777126491042e-08 9.999621023856307689e-01 9.472547847442884115e-08
5.292236282963850499e+03 9.999449062899066210e-01 9.436079009152820936e-08 9.999621857282799953e-01 9.429468893883111380e-08
5.297636286435749753e+03 9.999450188927556660e-01 9.396249600908427337e-08 9.999622630675655266e-01 9.389660040345440748e-08
5.306294111184100075e+03 9.999451988128567059e-01 9.332568692992159022e-08 9.999623865957900648e-01 9.326020925703897019e-08
5.311857317963799687e+03 9.999453139499259180e-01 9.291641834714847667e-08 9.999624656448831139e-01 9.285120534606252817e-08
5.317257321435699851e+03 9.999454248245632781e-01 9.251314612073936139e-08 9.999625420146268651e-01 9.244837108910621585e-08
5.326195181184099965e+03 9.999456084830069535e-01 9.184627147260995173e-08 9.999626681198010569e-01 9.178228387721013890e-08
5.331515692963799665e+03 9.999457171817360823e-01 9.145064666020654533e-08 9.999627428454361810e-01 9.138712313687363470e-08
5.336915696435699829e+03 9.999458273887608106e-01 9.106033393595216292e-08 9.999628185120088553e-01 9.099748632534357518e-08
5.346133588801999394e+03 9.999460142350274916e-01 9.039833511293327245e-08 9.999629470243377449e-01 9.033669047443917854e-08
5.351211405581700092e+03 9.999461173097152766e-01 9.003455450475161377e-08 9.999630176607881005e-01 8.997356759676891011e-08
5.356611406435700701e+03 9.999462259222610117e-01 8.965501512628312891e-08 9.999630924025170176e-01 8.959488514639353375e-08
5.366109331184099574e+03 9.999464166552408662e-01 8.898953339669504778e-08 9.999632234280181331e-01 8.893092904764446302e-08
5.370944457963849345e+03 9.999465133152993790e-01 8.865156632385971811e-08 9.999632898510978363e-01 8.859373301614368366e-08
5.376344461435749508e+03 9.999466210188149295e-01 8.827967684169504786e-08 9.999633638342353414e-01 8.822284760199617177e-08
5.386098971435750173e+03 9.999468147457890588e-01 8.760940638257267865e-08 9.999634969073821766e-01 8.755439280573347057e-08
5.396114846435750223e+03 9.999470125541528587e-01 8.693400692338580542e-08 9.999636327985926831e-01 8.688095655926366262e-08
5.405888026435750362e+03 9.999472043364238116e-01 8.628634091323365267e-08 9.999637646132368829e-01 8.623528746316289605e-08
5.410522570581750188e+03 9.999472946094843939e-01 8.597995472239853237e-08 9.999638268021803222e-01 8.592984798921062041e-08
5.416207383801999640e+03 9.999474058210576777e-01 8.559749294801230443e-08 9.999639030392206696e-01 8.554865222018781823e-08
5.425714421435699478e+03 9.999475901999573813e-01 8.495795223001240239e-08 9.999640298263454685e-01 8.491121923603378959e-08
5.430367634324399660e+03 9.999476800118688447e-01 8.464684014434020331e-08 9.999640916239141974e-01 8.460113683859145131e-08
5.436313812544700340e+03 9.999477948796064997e-01 8.426464812028245123e-08 9.999641704613196902e-01 8.422029511498078570e-08
5.445578156435699384e+03 9.999479728439391035e-01 8.367087315586132608e-08 9.999642927096761280e-01 8.362861472323953530e-08
5.450250037963800423e+03 9.999480625660324140e-01 8.337237914625271761e-08 9.999643541935350211e-01 8.333117432680646313e-08
5.456457581184100491e+03 9.999481807015457857e-01 8.297719572032384121e-08 9.999644354754594344e-01 8.293740916434520839e-08
5.465479226435700184e+03 9.999483519364141815e-01 8.240428451517210802e-08 9.999645531687023636e-01 8.236655076283286401e-08
5.470169775581699469e+03 9.999484407219912940e-01 8.210686076650141255e-08 9.999646141502023244e-01 8.207018716340983085e-08
5.476638683802000742e+03 9.999485627124998777e-01 8.169684196649155149e-08 9.999646979735916652e-01 8.166162133870055849e-08
5.485417631435750991e+03 9.999487278620500241e-01 8.114065699729086930e-08 9.999648113233153834e-01 8.110740084426010026e-08
5.490126852963850070e+03 9.999488158671222537e-01 8.084236260729248052e-08 9.999648718426673577e-01 8.081014589869797687e-08
5.496857131184100581e+03 9.999489412635266250e-01 8.041539130777137816e-08 9.999649580701444052e-01 8.038462432097555251e-08
5.505393381435750598e+03 9.999490999377472766e-01 7.987506235332938352e-08 9.999650670524661278e-01 7.984612763472159450e-08
5.510121267963850187e+03 9.999491875056124579e-01 7.957982360883842344e-08 9.999651271989208334e-01 7.955187931758013522e-08
5.517112911184100085e+03 9.999493166451648429e-01 7.915417928374495583e-08 9.999652158734138041e-01 7.912763967231900118e-08
5.525406466435750190e+03 9.999494687870311704e-01 7.865102064661894370e-08 9.999653205255392141e-01 7.862614184839125793e-08
5.530153020581749843e+03 9.999495559311148973e-01 7.836847443374737721e-08 9.999653802970606131e-01 7.834451259038403653e-08
5.537406023801999254e+03 9.999496880012536115e-01 7.794559625963749435e-08 9.999654711759757841e-01 7.792296291896774653e-08
5.545456886435748856e+03 9.999498345126770493e-01 7.747605464029722776e-08 9.999655717486640727e-01 7.745489162980219209e-08
5.550222112963850122e+03 9.999499207815850665e-01 7.719810921373834753e-08 9.999656310327525999e-01 7.717777043784275621e-08
5.557736481184099830e+03 9.999500563562631061e-01 7.675882570110464843e-08 9.999657242073453078e-01 7.673969996374198171e-08
5.565544646435750110e+03 9.999501967711250661e-01 7.630287683674129040e-08 9.999658206522409332e-01 7.628500827633301156e-08
5.570328540581749621e+03 9.999502824098052134e-01 7.602400201725040863e-08 9.999658795201208372e-01 7.600684656305276132e-08
5.578104273802000534e+03 9.999504212920948820e-01 7.557183786289956941e-08 9.999659749145691778e-01 7.555574909805971502e-08
5.585669741435700416e+03 9.999505561019107480e-01 7.513288045480552988e-08 9.999660674058777898e-01 7.511782698550372510e-08
5.590472305581700311e+03 9.999506410576842752e-01 7.486056557718392841e-08 9.999661258542186237e-01 7.484610478953527949e-08
5.598509403801999724e+03 9.999507828312858004e-01 7.441544060651487430e-08 9.999662233383459498e-01 7.440188335899575641e-08
5.605832176435699694e+03 9.999509116334844849e-01 7.401113204668557334e-08 9.999663118278240281e-01 7.399839648686079277e-08
5.610653410581699973e+03 9.999509962480851444e-01 7.374598012617471370e-08 9.999663699186228660e-01 7.373370273671788553e-08
5.618951873801999682e+03 9.999511413223843848e-01 7.329099257055190557e-08 9.999664695366469180e-01 7.327940836536289884e-08
5.626031951435749761e+03 9.999512643952707114e-01 7.290339047149313409e-08 9.999665541380735601e-01 7.289239687523596373e-08
5.630871852963849960e+03 9.999513485239700517e-01 7.263952657290057574e-08 9.999666118458713227e-01 7.262885264600284646e-08
5.639431681184099943e+03 9.999514961905792143e-01 7.217438708178870323e-08 9.999667134115933775e-01 7.216419780517495810e-08
5.646269066435749664e+03 9.999516142429867305e-01 7.180382666751123898e-08 9.999667943375447621e-01 7.179402421412670826e-08
5.651127637963850248e+03 9.999516975809338293e-01 7.154416830378026270e-08 9.999668516050234102e-01 7.153456364075903832e-08
5.659948831184100527e+03 9.999518480861953051e-01 7.107498921619607335e-08 9.999669551345362617e-01 7.106568247427058900e-08
5.666543516435700440e+03 9.999519606278300943e-01 7.072439846564101659e-08 9.999670323315764664e-01 7.071531438946297885e-08
5.671420752963800624e+03 9.999520433002480058e-01 7.047485906279033283e-08 9.999670891813540186e-01 7.046583038425017939e-08
5.680503311184100312e+03 9.999521968643273473e-01 7.001446726753985040e-08 9.999671946916933729e-01 7.000547400813446378e-08
5.686855301435699403e+03 9.999523037724150631e-01 6.969198110749539974e-08 9.999672681631369686e-01 6.968301325413339946e-08
5.691751207963799970e+03 9.999523859037808826e-01 6.944416911670732350e-08 9.999673246204886512e-01 6.943512726870662776e-08
5.701095131184099955e+03 9.999525423048599704e-01 6.897582975793601004e-08 9.999674320208957745e-01 6.896668127892919921e-08
5.707204426435700043e+03 9.999526443450509339e-01 6.867191609923360970e-08 9.999675019953265798e-01 6.866273644024388478e-08
5.712119002963800085e+03 9.999527258941567354e-01 6.842219824026808775e-08 9.999675580518523343e-01 6.841289201998170298e-08
5.721724291184099457e+03 9.999528849158433319e-01 6.793269471684087832e-08 9.999676672629306262e-01 6.792382726409746246e-08
5.727590891435749654e+03 9.999529815302632407e-01 6.763393410318190822e-08 9.999677336698356012e-01 6.762567792859865241e-08
5.732524135581749761e+03 9.999530623220926895e-01 6.739099623847116429e-08 9.999677893056581057e-01 6.738315687559303082e-08
5.742390783801999532e+03 9.999532241044865044e-01 6.690846366991055404e-08 9.999679003278888478e-01 6.690128470649335565e-08
5.748014686435750264e+03 9.999533156117665911e-01 6.663420912908386733e-08 9.999679632824196585e-01 6.662733511566372792e-08
5.752966602963850164e+03 9.999533963132481995e-01 6.639866163388674007e-08 9.999680186412630567e-01 6.639197421838726374e-08
5.763075822963799510e+03 9.999535599676537823e-01 6.591847303472243843e-08 9.999681310970056636e-01 6.591253555400058560e-08
5.773446407963800084e+03 9.999537270073105555e-01 6.543338009385219325e-08 9.999682458595983148e-01 6.542847089945723868e-08
5.783574297963800745e+03 9.999538893972684805e-01 6.496852796694302984e-08 9.999683573630387956e-01 6.496451634843984495e-08
5.788974301435699999e+03 9.999539757472586388e-01 6.472117343122608136e-08 9.999684166005627928e-01 6.471762591625365807e-08
5.794225046184099483e+03 9.999540591638559350e-01 6.447995764475275290e-08 9.999684739662392241e-01 6.447679950545318772e-08
5.804110112963800020e+03 9.999542158361943711e-01 6.402759983363478910e-08 9.999685816000102312e-01 6.402437379284407522e-08
5.809510116435699274e+03 9.999543009635895041e-01 6.378140245230880064e-08 9.999686401372256395e-01 6.377768849849636965e-08
5.815022226184099054e+03 9.999543878299902433e-01 6.353002013022556528e-08 9.999686997700121260e-01 6.352576863819925187e-08
5.824683267963800063e+03 9.999545391899175018e-01 6.309143568497473454e-08 9.999688038164287196e-01 6.308534896472873496e-08
5.830083271435699316e+03 9.999546235457877907e-01 6.284901381718893581e-08 9.999688617689567183e-01 6.284135951813440016e-08
5.835856743801999983e+03 9.999547136742203968e-01 6.259996349968827004e-08 9.999689235943781673e-01 6.259061636333453568e-08
5.845293755581699770e+03 9.999548601797151326e-01 6.219250952570624616e-08 9.999690241969088067e-01 6.218113302238228856e-08
5.850693756435700379e+03 9.999549436595400742e-01 6.195906971345432082e-08 9.999690815333641680e-01 6.194700969283234454e-08
5.856728596184099843e+03 9.999550366279320590e-01 6.169962406980103630e-08 9.999691454137344948e-01 6.168679671814535962e-08
5.865941582963851033e+03 9.999551778920823253e-01 6.130509337336002504e-08 9.999692425244929295e-01 6.129096166352660123e-08
5.871341586435750287e+03 9.999552605582340270e-01 6.107429717599392517e-08 9.999692992684300341e-01 6.105930691026753279e-08
5.877637791184100024e+03 9.999553564529154448e-01 6.080316358459756392e-08 9.999693651880214862e-01 6.078718487294330731e-08
5.886626747963799971e+03 9.999554931216242393e-01 6.041385642680703247e-08 9.999694590004848394e-01 6.039824302192746347e-08
5.892026751435700135e+03 9.999555749128662407e-01 6.017968902434510037e-08 9.999695151497395296e-01 6.016567803342873180e-08
5.898584321184101100e+03 9.999556739218010692e-01 5.990070152517517310e-08 9.999695831262713774e-01 5.988866211720879875e-08
5.907349252963800609e+03 9.999558058414490525e-01 5.953045940936851715e-08 9.999696736504449790e-01 5.951981720240350320e-08
5.912749256435699863e+03 9.999558865695102883e-01 5.930577292386321160e-08 9.999697291657477782e-01 5.929495064690278521e-08
5.919568188801999895e+03 9.999559880589827809e-01 5.902558202861001452e-08 9.999697990171118045e-01 5.901456851643180967e-08
5.928109090581700002e+03 9.999561153550015069e-01 5.867535368352836196e-08 9.999698863191730513e-01 5.866346416555795921e-08
5.933509091435699702e+03 9.999561954505509220e-01 5.845574587619113556e-08 9.999699412993438008e-01 5.844273131902856008e-08
5.940589391184100350e+03 9.999562997590869529e-01 5.817166253647518390e-08 9.999700130733447656e-01 5.815723981713498311e-08
5.948906272963850824e+03 9.999564221404487752e-01 5.783998533658157031e-08 9.999700971259312121e-01 5.782326721232986173e-08
5.954306276435750078e+03 9.999565012037404665e-01 5.762813315660186432e-08 9.999701514890231291e-01 5.760928862428906606e-08
5.961647937544700653e+03 9.999566090787075368e-01 5.734477070160962036e-08 9.999702253187858769e-01 5.732310663034387744e-08
5.969740789324449906e+03 9.999567267556971339e-01 5.703418042574436633e-08 9.999703062125359088e-01 5.700893929476533638e-08
5.975140791435749634e+03 9.999568048930458364e-01 5.682991808319497422e-08 9.999703599804223852e-01 5.680178745993544559e-08
5.982743817544700505e+03 9.999569148060497570e-01 5.654513407046079716e-08 9.999704354910874393e-01 5.651301935781004405e-08
5.990612639324400334e+03 9.999570282670325883e-01 5.624898048450474822e-08 9.999705133678989943e-01 5.621391516239067413e-08
5.996012641435700061e+03 9.999571056565254024e-01 5.604469585959109277e-08 9.999705665863890536e-01 5.600917795948904056e-08
6.003877036184100689e+03 9.999572178883610052e-01 5.574922414361906549e-08 9.999706438099197348e-01 5.571311593383478357e-08
6.011521832963850102e+03 9.999573270325566865e-01 5.546225445960364282e-08 9.999707186885123944e-01 5.542566512706947918e-08
6.016921836435750265e+03 9.999574037541494320e-01 5.525795461636321373e-08 9.999707713759968808e-01 5.522122511416442168e-08
6.025047596184100257e+03 9.999575190571908800e-01 5.494859060779052243e-08 9.999708504561855005e-01 5.491172912864243265e-08
6.032468367963800119e+03 9.999576235539927582e-01 5.466748308123154576e-08 9.999709223040763595e-01 5.463050060538555220e-08
6.037868371435699373e+03 9.999576997577200865e-01 5.446396136187014497e-08 9.999709745130200833e-01 5.442695006418272270e-08
6.046255491184099810e+03 9.999578170947105438e-01 5.414770661591708446e-08 9.999710551847520446e-01 5.411071328659102858e-08
6.053452232963850292e+03 9.999579173379219421e-01 5.387662266014851973e-08 9.999711241301230125e-01 5.383964357754907731e-08
6.058852236435750456e+03 9.999579924470424208e-01 5.368027702488516017e-08 9.999711757339042606e-01 5.364337975158016687e-08
6.067500723801999811e+03 9.999581126124802433e-01 5.337260031814554431e-08 9.999712581532269606e-01 5.333589738807953229e-08
6.074473440581749855e+03 9.999582088733556251e-01 5.312509461510085834e-08 9.999713242856863582e-01 5.308854652097456318e-08
6.079873441435750465e+03 9.999582837078000441e-01 5.293393347579472960e-08 9.999713754613518413e-01 5.289757426308854405e-08
6.088783293802000117e+03 9.999584056051207259e-01 5.261916161954727192e-08 9.999714593425685916e-01 5.258316501031735570e-08
6.095531985581699701e+03 9.999584975989258551e-01 5.238129120041337641e-08 9.999715226346536090e-01 5.234556715986607550e-08
6.100102252963799401e+03 9.999585599693507909e-01 5.221915509824843587e-08 9.999715654320076030e-01 5.218367385049593321e-08
6.104004181184099252e+03 9.999586133418173484e-01 5.208008798535636412e-08 9.999716019486892815e-01 5.204483827085406636e-08
6.109404184656000325e+03 9.999586862686556943e-01 5.188686674357616802e-08 9.999716521949943981e-01 5.185193363440357197e-08
6.114616873801999645e+03 9.999587571977852640e-01 5.170043702057682917e-08 9.999717007347985742e-01 5.166580866458701273e-08
6.116571265581699663e+03 9.999587833060058495e-01 5.163083584079546073e-08 9.999717188068739659e-01 5.159632077575582323e-08
6.121971266435699363e+03 9.999588562037007300e-01 5.144787658908831202e-08 9.999717688474428767e-01 5.141373780238709648e-08
6.129385217544700026e+03 9.999589559768607971e-01 5.120091967071922136e-08 9.999718373272701299e-01 5.116732286463279727e-08
6.135742449324400695e+03 9.999590412612826551e-01 5.099028835683168840e-08 9.999718958485570575e-01 5.095715300451635660e-08
6.141142451435701332e+03 9.999591130949367912e-01 5.080896751079021684e-08 9.999719453168247618e-01 5.077626324808208536e-08
6.150712336184100423e+03 9.999592406662866084e-01 5.048138783696469821e-08 9.999720328397687652e-01 5.044952915979090982e-08
6.158807577963850235e+03 9.999593477352493043e-01 5.020434769626300719e-08 9.999721064734077292e-01 5.017320164484781384e-08
6.164207581435749489e+03 9.999594192912881763e-01 5.001875574963375105e-08 9.999721555097385028e-01 4.998813282285104970e-08
6.174690176435699868e+03 9.999595571313827369e-01 4.965953230920481701e-08 9.999722502238869160e-01 4.962993408341734703e-08
6.187487677963799797e+03 9.999597245508797805e-01 4.923710208398348764e-08 9.999723652268095453e-01 4.920880986908892695e-08
6.197988947963799546e+03 9.999598609276967309e-01 4.890258521157524588e-08 9.999724590026263238e-01 4.887540893051395716e-08
6.203388951435699710e+03 9.999599309456743690e-01 4.872939579794418774e-08 9.999725070691429796e-01 4.870280368426642393e-08
6.213908891435749865e+03 9.999600671018038511e-01 4.838383128618093457e-08 9.999726004183716599e-01 4.835840767253034555e-08
6.233247843215499415e+03 9.999603149639103572e-01 4.775829961806218295e-08 9.999727706494995205e-01 4.773504894668292485e-08
6.245326689324449944e+03 9.999604686921855778e-01 4.737483439740272487e-08 9.999728761930819498e-01 4.735295890878059074e-08
6.252266932544699557e+03 9.999605562449664919e-01 4.716358963631876062e-08 9.999729364714481372e-01 4.714250676395409169e-08
6.261283966435750699e+03 9.999606699828120782e-01 4.688971217055981076e-08 9.999730145808279902e-01 4.686964858900424772e-08
6.275476943215450774e+03 9.999608482970857581e-01 4.644094842430612213e-08 9.999731368952792243e-01 4.642244123515224325e-08
6.296647498215450469e+03 9.999611116637122654e-01 4.578160544355201469e-08 9.999733177456253674e-01 4.576535309732083305e-08
6.315004565581749375e+03 9.999613374619360506e-01 4.522501337874474443e-08 9.999734729845545234e-01 4.521060979411124663e-08
6.325617850581700623e+03 9.999614676437170724e-01 4.490153517778291944e-08 9.999735622462401219e-01 4.488815143679624608e-08
6.331017851435700322e+03 9.999615331414765107e-01 4.474131973077147058e-08 9.999736073811650305e-01 4.472842846512671505e-08
6.341649801435750305e+03 9.999616624753019378e-01 4.443716892106679338e-08 9.999736960988858669e-01 4.442518010528163616e-08
6.360383198215449738e+03 9.999618886030356979e-01 4.389143674138845608e-08 9.999738512808654667e-01 4.388089017754529791e-08
6.375604083215399442e+03 9.999620704673235494e-01 4.345528149739145922e-08 9.999739762858766978e-01 4.344577879854573677e-08
6.386216773215400281e+03 9.999621967826974878e-01 4.315705655801594717e-08 9.999740629608446785e-01 4.314816938307536987e-08
6.400985123215449676e+03 9.999623713155386673e-01 4.273566016476765847e-08 9.999741828289290257e-01 4.272749896535933655e-08
6.421043070581750726e+03 9.999626062967326146e-01 4.218353387627420784e-08 9.999743442716766406e-01 4.217609524542036552e-08
6.433644260581750132e+03 9.999627532523752693e-01 4.184126282188416985e-08 9.999744450216462299e-01 4.183418815062055306e-08
6.439044261435748922e+03 9.999628157874715928e-01 4.169381433334762230e-08 9.999744879734165925e-01 4.168679724719174205e-08
6.457241766435749923e+03 9.999630253784448364e-01 4.120116921066521069e-08 9.999746319293937313e-01 4.119427983819000707e-08
6.497587638215449260e+03 9.999634835946807909e-01 4.012520961608558344e-08 9.999749467359906330e-01 4.011774780774807306e-08
6.557264007963800395e+03 9.999641471396758519e-01 3.860259763222849431e-08 9.999754020447608749e-01 3.859229099437608093e-08
6.595214052963850008e+03 9.999645588682630759e-01 3.766434190041836192e-08 9.999756849577772222e-01 3.765157532772264444e-08
6.600614056435750172e+03 9.999646170010638713e-01 3.753253029555228639e-08 9.999757248510712238e-01 3.751939440111554900e-08
6.655418091435700262e+03 9.999651985120723285e-01 3.626542964107500206e-08 9.999761240585082200e-01 3.624781095952663235e-08
6.764309337963799408e+03 9.999663118940576023e-01 3.386455224509569532e-08 9.999768885371743687e-01 3.384068404160925965e-08
6.824643681184099478e+03 9.999669060460586456e-01 3.260030588019963606e-08 9.999772964265618569e-01 3.257445939774213632e-08
6.848852386435749395e+03 9.999671397110906357e-01 3.210909630759193889e-08 9.999774569956974002e-01 3.208258590641504589e-08
6.981952333215449471e+03 9.999683829613255082e-01 2.969955928482338451e-08 9.999783104496872133e-01 2.968162027826710038e-08
7.122792737963800391e+03 9.999696231144471481e-01 2.727124627442346685e-08 9.999791617817532785e-01 2.726271917477278183e-08
7.154741901184099333e+03 9.999698944337560569e-01 2.679204588812341921e-08 9.999793479606156055e-01 2.678381769770973866e-08
7.293241856435699447e+03 9.999710281396170242e-01 2.482910110075180558e-08 9.999801264608579876e-01 2.482049193423007001e-08
7.526190897963799216e+03 9.999727966496778642e-01 2.178490183206796725e-08 9.999813403061990069e-01 2.177582296947577054e-08
7.631439991184100109e+03 9.999735429079663618e-01 2.056205044127159957e-08 9.999818524834734879e-01 2.055288824430633759e-08
7.769939941435701257e+03 9.999744787287491166e-01 1.905021520253334084e-08 9.999824948803975877e-01 1.904153602915777285e-08
8.108742132963799122e+03 9.999765699144803621e-01 1.598509034504855845e-08 9.999839300084095717e-01 1.597694165655230624e-08
8.319844381184098893e+03 9.999777449411512142e-01 1.433001296116326883e-08 9.999847364850475984e-01 1.432192912858636905e-08
8.458344331435700951e+03 9.999784690836303058e-01 1.334871699811928749e-08 9.999852332187291193e-01 1.334060961817109816e-08
8.950010097963800945e+03 9.999807722257157971e-01 1.067486777311466026e-08 9.999868136462541912e-01 1.066763011215626731e-08
9.313975921184099207e+03 9.999822468758187144e-01 8.918295604793800282e-09 9.999878254579976922e-01 8.911959146362777702e-09
9.452475871435701265e+03 9.999827638057139367e-01 8.326618584801404834e-09 9.999881801467537246e-01 8.320525013981405072e-09
1.016489341558170054e+04 9.999850970274520856e-01 6.310632186457373815e-09 9.999897809981093122e-01 6.305639793927029875e-09
1.074961101380199943e+04 9.999866755085855541e-01 4.850145723723575248e-09 9.999908636759680114e-01 4.846026601159171429e-09
1.088811096643570090e+04 9.999870135841768537e-01 4.554673195015679430e-09 9.999910951530034398e-01 4.550690542376746797e-09
1.191931834796380099e+04 9.999891647393212013e-01 3.285412889293936394e-09 9.999925707911461181e-01 3.282289840405212989e-09
1.282282579618409909e+04 9.999906382590558751e-01 2.294519892525050482e-09 9.999935815504530368e-01 2.292127791653490930e-09
1.296132576643570064e+04 9.999908379253329427e-01 2.169895957878232840e-09 9.999937182534015534e-01 2.167566736543659463e-09
1.445290064796380102e+04 9.999926323082509727e-01 1.488264751363769835e-09 9.999949488277377618e-01 1.486484308987995173e-09
1.581677559618410123e+04 9.999938487560156020e-01 9.243401060400307146e-10 9.999957828899889156e-01 9.230490725116558912e-10
1.595527556643574826e+04 9.999939555768850852e-01 8.788162737082687817e-10 9.999958559398808289e-01 8.775526493460057282e-10
1.811167171558174960e+04 9.999953091462195909e-01 5.793332831836524680e-10 9.999967843397751244e-01 5.784018812774244166e-10
2.014036791380199793e+04 9.999962062338716429e-01 3.229770609422815426e-10 9.999973996303787027e-01 3.223519259446467445e-10
2.027886786643575033e+04 9.999962587198057973e-01 3.095499347426224951e-10 9.999974352389197074e-01 3.089350697527990181e-10
2.339533894796384993e+04 9.999971886920958619e-01 1.971538860253243605e-10 9.999980730981850030e-01 1.967124319551172253e-10
2.638411009618410026e+04 9.999977904307375542e-01 9.750077555130322582e-11 9.999984852091029497e-01 9.722298746902549543e-11
2.652261001643574855e+04 9.999978128811882749e-01 9.406946114096757421e-11 9.999985008640055462e-01 9.379511151572487211e-11
3.102553464796385379e+04 9.999984003207778027e-01 5.863363452595013874e-11 9.999989041925555489e-01 5.844054457194997417e-11
3.540075939618410484e+04 9.999987729983791374e-01 2.646061742318396548e-11 9.999991587391388048e-01 2.634551942118327463e-11
3.553925936643575551e+04 9.999987813524638947e-01 2.573617914931827980e-11 9.999991650123720710e-01 2.562213213985305219e-11
4.204437524796384969e+04 9.999991305829566413e-01 1.609423981362391771e-11 9.999994037238937317e-01 1.601522239613525856e-11
4.842179119618410186e+04 9.999993431837247426e-01 7.141335818606168066e-12 9.999995501627662042e-01 7.096348077592674289e-12
4.856029116643570160e+04 9.999993472633961211e-01 6.992863431656035734e-12 9.999995528005162226e-01 6.948175405702736781e-12
5.795679109796379635e+04 9.999995406263592068e-01 4.248455655600541213e-12 9.999996858021533708e-01 4.217858100678278890e-12
6.722559109618410002e+04 9.999996584438591851e-01 1.645643419672540035e-12 9.999997664389639329e-01 1.628850915531942883e-12
6.736409106643569248e+04 9.999996625777169967e-01 1.623104193545008466e-12 9.999997680186715199e-01 1.606391432152041470e-12
8.093606709796383802e+04 9.999997642943466714e-01 1.146060727132046801e-12 9.999998388599367072e-01 1.134700482167684266e-12
9.438034319618415611e+04 9.999998265375915629e-01 6.905781678867488045e-13 9.999998814631908539e-01 6.844944679198897214e-13
9.451884316643574857e+04 9.999998269084572344e-01 6.881534117799169635e-13 9.999998818016456736e-01 6.820902720456097677e-13
1.141206650655817502e+05 9.999998738270156062e-01 7.178901949324210555e-13 9.999999172492494148e-01 7.137973073650695639e-13
1.335947870138020371e+05 9.999999108731225661e-01 7.498167992523714032e-13 9.999999402921523339e-01 7.476745601160409301e-13
1.337332869164358126e+05 9.999999076542319676e-01 7.469815885987437667e-13 9.999999396102529081e-01 7.448444953293937956e-13
1.620428689155817265e+05 9.999999371553863758e-01 3.952105348921502945e-13 9.999999589035216685e-01 3.937806534371900373e-13
1.902247510138019570e+05 9.999999527945914179e-01 4.615751130758049799e-14 9.999999697733679138e-01 4.542993454071128529e-14
1.903632509164357616e+05 9.999999532606130836e-01 4.615033861023143115e-14 9.999999699558228539e-01 4.542398862982834407e-14
2.312477944155817386e+05 9.999999656324924935e-01 5.586266415629892464e-14 9.999999791035485419e-01 5.537559172454092779e-14
2.720046380138020613e+05 9.999999785437595490e-01 6.557938398976883413e-14 9.999999856155914468e-01 6.533042021470025675e-14
2.721431379164357204e+05 9.999999758739165356e-01 6.547232650301049998e-14 9.999999849968460586e-01 6.522365245892740226e-14
3.311873066479638801e+05 9.999999804908197287e-01 3.371958006693416658e-14 9.999999892174888938e-01 3.355307985740188713e-14
3.901037757461841102e+05 9.999999810375371778e-01 2.073846508516517290e-15 9.999999911284443987e-01 1.989244271239215657e-15
3.902422759164356976e+05 9.999999871882768732e-01 2.070726259920310758e-15 9.999999924151737885e-01 1.986209578827318093e-15
4.755109381479638978e+05 9.999999826182754958e-01 1.803279880012266797e-15 9.999999930869668541e-01 1.754200983055700253e-15
5.606519007461841684e+05 1.000000029136588253e+00 8.430287608561595565e-16 1.000000004484453253e+00 8.354132069382245540e-16
5.607904009164357558e+05 1.000000007476471442e+00 1.443049476804026722e-16 9.999999998606479146e-01 1.427924076693258965e-16
